{
  "translation_m": [
    0.06866239036454466,
    0.056644828141179715,
    0.02917775348817869
  ],
  "quaternion_xyzw": [
    -0.6814793572437418,
    0.17864901434057517,
    -0.18532833903517318,
    0.6850721291048567
  ]
}