<?xml version="1.0" encoding="UTF-8"?>
<COLLADA xmlns="http://www.collada.org/2005/11/COLLADASchema" version="1.4.1">
  <asset>
    <contributor>
      <author />
      <authoring_tool>Rhinoceros 8.12.24282.7001</authoring_tool>
      <comments>Output from Rhinoceros COLLADA Exporter</comments>
      <copyright />
      <source_data />
    </contributor>
    <created>2026-05-06T09:54:50Z</created>
    <modified>2026-05-06T09:54:50Z</modified>
    <unit meter="1" name="Meters" />
    <up_axis>Z_UP</up_axis>
  </asset>
  <library_cameras>
    <camera id="Camera-Perspective" name="Camera-Perspective">
      <optics>
        <technique_common>
          <perspective>
            <xfov>40.081791</xfov>
            <aspect_ratio>1.519912</aspect_ratio>
            <znear>1.602644</znear>
            <zfar>2.396011</zfar>
          </perspective>
        </technique_common>
      </optics>
    </camera>
    <camera id="Camera-Top" name="Camera-Top">
      <optics>
        <technique_common>
          <orthographic>
            <xmag>1.0</xmag>
            <aspect_ratio>1.522124</aspect_ratio>
            <znear>3093.495835</znear>
            <zfar>3094.754897</zfar>
          </orthographic>
        </technique_common>
      </optics>
    </camera>
    <camera id="Camera-Front" name="Camera-Front">
      <optics>
        <technique_common>
          <orthographic>
            <xmag>1.0</xmag>
            <aspect_ratio>1.522124</aspect_ratio>
            <znear>5045.380813</znear>
            <zfar>5047.619982</zfar>
          </orthographic>
        </technique_common>
      </optics>
    </camera>
    <camera id="Camera-Right" name="Camera-Right">
      <optics>
        <technique_common>
          <orthographic>
            <xmag>1.0</xmag>
            <aspect_ratio>1.519912</aspect_ratio>
            <znear>5882.126827</znear>
            <zfar>5883.284410</zfar>
          </orthographic>
        </technique_common>
      </optics>
    </camera>
  </library_cameras>
  <library_materials>
    <material id="a0000000-0000-0000-0000-000000000000">
      <instance_effect url="#fx-a0000000-0000-0000-0000-000000000000" />
    </material>
  </library_materials>
  <library_effects>
    <effect id="fx-a0000000-0000-0000-0000-000000000000">
      <profile_COMMON>
        <technique sid="common">
          <phong>
            <emission>
              <color>0.000000 0.000000 0.000000 1.000000</color>
            </emission>
            <ambient>
              <color>0.000000 0.000000 0.000000 1.000000</color>
            </ambient>
            <diffuse>
              <color>0.980392 0.980392 0.980392 1.000000</color>
            </diffuse>
            <specular>
              <color>1.000000 1.000000 1.000000 1.000000</color>
            </specular>
            <reflective>
              <color>1.000000 1.000000 1.000000 1.000000</color>
            </reflective>
            <reflectivity>
              <float>1.000000</float>
            </reflectivity>
            <transparent>
              <color>1.000000 1.000000 1.000000 1.000000</color>
            </transparent>
            <transparency>
              <float>1.000000</float>
            </transparency>
            <index_of_refraction>
              <float>0.000000</float>
            </index_of_refraction>
          </phong>
        </technique>
      </profile_COMMON>
      <extra>
        <technique profile="Rhino">
          <appearance_hash>2282175632</appearance_hash>
        </technique>
      </extra>
    </effect>
  </library_effects>
  <library_geometries>
    <geometry id="mesh-acb62ed7-9364-41ae-b68b-c0cb287c453b">
      <mesh>
        <source id="lib-position-acb62ed7-9364-41ae-b68b-c0cb287c453b" name="position">
          <float_array id="lib-position-array-acb62ed7-9364-41ae-b68b-c0cb287c453b" count="5622" digits="17" magnitude="308">-0.029999999329447746 0.3160845935344696 0 0.029999999329447746 0.3160845935344696 0 -0.029999999329447746 -0.04391541704535484 0 0.029999999329447746 -0.04391541704535484 0 -0.029999999329447746 -0.04391541704535484 0.00800000037997961 0.029999999329447746 -0.04391541704535484 0.00800000037997961 -0.029999999329447746 0.3160845935344696 0.00800000037997961 0.029999999329447746 0.3160845935344696 0.00800000037997961 -0.029999999329447746 -0.04391541704535484 0 0.029999999329447746 -0.04391541704535484 0 -0.029999999329447746 -0.04391541704535484 0.00800000037997961 0.029999999329447746 -0.04391541704535484 0.00800000037997961 0.029999999329447746 -0.04391541704535484 0 0.029999999329447746 0.3160845935344696 0 0.029999999329447746 -0.04391541704535484 0.00800000037997961 0.029999999329447746 0.3160845935344696 0.00800000037997961 0.029999999329447746 0.3160845935344696 0 -0.029999999329447746 0.3160845935344696 0 0.029999999329447746 0.3160845935344696 0.00800000037997961 -0.029999999329447746 0.3160845935344696 0.00800000037997961 -0.029999999329447746 0.3160845935344696 0 -0.029999999329447746 -0.04391541704535484 0 -0.029999999329447746 0.3160845935344696 0.00800000037997961 -0.029999999329447746 -0.04391541704535484 0.00800000037997961 -0.029999999329447746 0.26567143201828003 -0.019999999552965164 -0.029999999329447746 0.26567143201828003 -1.1102230246251565E-16 -0.029999999329447746 0.19279883801937103 -0.019999999552965164 -0.029999999329447746 0.19279883801937103 -1.1102230246251565E-16 0.029999999329447746 0.19279883801937103 -0.019999999552965164 0.029999999329447746 0.19279883801937103 1.1102230246251565E-16 0.029999999329447746 0.26567143201828003 -0.019999999552965164 0.029999999329447746 0.26567143201828003 1.1102230246251565E-16 -0.029999999329447746 0.19279883801937103 -0.019999999552965164 -0.029999999329447746 0.19279883801937103 -1.1102230246251565E-16 0.029999999329447746 0.19279883801937103 -0.019999999552965164 0.029999999329447746 0.19279883801937103 1.1102230246251565E-16 -0.029999999329447746 0.19279883801937103 -1.1102230246251565E-16 -0.029999999329447746 0.26567143201828003 -1.1102230246251565E-16 0.029999999329447746 0.19279883801937103 1.1102230246251565E-16 0.029999999329447746 0.26567143201828003 1.1102230246251565E-16 -0.029999999329447746 0.26567143201828003 -1.1102230246251565E-16 -0.029999999329447746 0.26567143201828003 -0.019999999552965164 0.029999999329447746 0.26567143201828003 1.1102230246251565E-16 0.029999999329447746 0.26567143201828003 -0.019999999552965164 -0.029999999329447746 0.26567143201828003 -0.019999999552965164 -0.029999999329447746 0.19279883801937103 -0.019999999552965164 0.029999999329447746 0.26567143201828003 -0.019999999552965164 0.029999999329447746 0.19279883801937103 -0.019999999552965164 0.05542190745472908 0.19082428514957428 -0.05501054599881172 0.06152037903666496 0.19176620244979858 -0.05432752147316933 -0.0555347204208374 0.19060881435871124 -0.05507076904177666 -0.06140352785587311 0.19063398241996765 -0.053684402257204056 0.055951401591300964 0.26793134212493896 -0.05526919290423393 0.06170134246349335 0.26660406589508057 -0.053965430706739426 -0.057342443615198135 0.26736804842948914 -0.0554860420525074 -0.061759259551763535 0.2669420838356018 -0.053912512958049774 0.055182084441185 0.19382667541503906 -0.054550860077142715 0.05677555501461029 0.1939552128314972 -0.055854059755802155 0.05713753402233124 0.18997861444950104 -0.055564552545547485 0.05484158545732498 0.19070911407470703 -0.05130637437105179 0.05447344854474068 0.19375944137573242 -0.05111321806907654 0.056469790637493134 0.1892716884613037 -0.05134670063853264 0.062043480575084686 0.19116617739200592 -0.051157884299755096 0.060522884130477905 0.18940113484859467 -0.05130396783351898 0.060336727648973465 0.1910388171672821 -0.055118121206760406 0.060288190841674805 0.1940804272890091 -0.05553876981139183 0.06173684820532799 0.1942155659198761 -0.05416819080710411 0.0624234601855278 0.1940750926733017 -0.05073457211256027 -0.05480482801795006 0.19076022505760193 -0.05065946653485298 -0.056222155690193176 0.18921390175819397 -0.05067514255642891 -0.05700251832604408 0.1898677498102188 -0.05536750331521034 -0.05511917173862457 0.19349883496761322 -0.05463811010122299 -0.05447814241051674 0.19369488954544067 -0.05061354860663414 -0.056745514273643494 0.19343483448028564 -0.05616869032382965 -0.059999678283929825 0.19010025262832642 -0.054550155997276306 -0.06002068147063255 0.18922048807144165 -0.05052931234240532 -0.0619022399187088 0.19055670499801636 -0.05041786655783653 -0.06190963834524155 0.19333137571811676 -0.05386490002274513 -0.06041731685400009 0.19341422617435455 -0.05562348663806915 -0.062438253313302994 0.19344410300254822 -0.05020558461546898 0.05736279487609863 0.26845717430114746 -0.05537562072277069 0.05690795183181763 0.2644238770008087 -0.0561249665915966 0.05556148663163185 0.264452189207077 -0.05444924160838127 0.05572740361094475 0.2673409879207611 -0.050848525017499924 0.057026226073503494 0.2688978314399719 -0.0508795864880085 0.06177077442407608 0.26421207189559937 -0.054056789726018906 0.0604817159473896 0.26431459188461304 -0.055496733635663986 0.06066149100661278 0.26734980940818787 -0.05496460199356079 0.06212707608938217 0.2669018805027008 -0.050832007080316544 0.06234883517026901 0.26426124572753906 -0.050560493022203445 0.060770872980356216 0.2686595618724823 -0.05092062056064606 -0.056047335267066956 0.2667158246040344 -0.05222780257463455 -0.05563568323850632 0.26506146788597107 -0.05267952010035515 -0.057267073541879654 0.26805824041366577 -0.053187597543001175 -0.058595187962055206 0.2651348412036896 -0.056180600076913834 -0.058720823377370834 0.268341600894928 -0.053656019270420074 -0.061857327818870544 0.26447898149490356 -0.0539981871843338 -0.0623769648373127 0.2643037736415863 -0.04958823695778847 -0.06224580481648445 0.2668682336807251 -0.04965830594301224 -0.060224488377571106 0.2681914269924164 -0.05409794673323631 -0.060365863144397736 0.26468828320503235 -0.05567816644906998 -0.060932181775569916 0.2686381936073303 -0.049738187342882156 -0.06213104724884033 0.2665976881980896 -0.04436613619327545 -0.061013974249362946 0.26853564381599426 -0.0445849634706974 -0.0588645413517952 0.26919206976890564 -0.044893763959407806 -0.05901089310646057 0.26892077922821045 -0.049752600491046906 -0.056753892451524734 0.2684306800365448 -0.04520618915557861 -0.05718117579817772 0.2682277262210846 -0.049728237092494965 -0.05543716624379158 0.2666180729866028 -0.045348942279815674 -0.055981721729040146 0.2666240632534027 -0.049659568816423416 -0.05510368198156357 0.26411545276641846 -0.045338716357946396 -0.05546535179018974 0.2643565535545349 -0.049520742148160934 -0.05492553114891052 0.2608092129230499 -0.045352380722761154 -0.05513983592391014 0.260891318321228 -0.04933517053723335 -0.055309079587459564 0.2608036398887634 -0.052745189517736435 -0.054974738508462906 0.25575026869773865 -0.04902518913149834 -0.05514811724424362 0.25564396381378174 -0.05245035141706467 -0.055615462362766266 0.25557881593704224 -0.05541353300213814 -0.055736903101205826 0.2606258988380432 -0.055538374930620193 -0.05825167894363403 0.2555451989173889 -0.056320756673812866 -0.0581727996468544 0.260566383600235 -0.05627433955669403 -0.061174485832452774 0.25554147362709045 -0.055335741490125656 -0.060682300478219986 0.26056408882141113 -0.05555344745516777 -0.06246757507324219 0.2556161880493164 -0.05228438600897789 -0.062182921916246414 0.26058512926101685 -0.05303508788347244 -0.06254402548074722 0.25577419996261597 -0.048606984317302704 -0.06245845928788185 0.26062721014022827 -0.04927533119916916 -0.0623435378074646 0.25597038865089417 -0.043924443423748016 -0.06233299896121025 0.26054808497428894 -0.04413227736949921 -0.06229032203555107 0.2639217972755432 -0.04426558315753937 -0.06167317554354668 0.26055848598480225 -0.03766896575689316 -0.06169595569372177 0.26382601261138916 -0.037820298224687576 -0.061477888375520706 0.2667531669139862 -0.038069844245910645 -0.05896693840622902 0.26397842168807983 -0.030409330502152443 -0.05884558707475662 0.2670520842075348 -0.03069058619439602 -0.05734945461153984 0.2691571116447449 -0.03176872432231903 -0.06028243526816368 0.26904693245887756 -0.038623370230197906 -0.05494772270321846 0.2695389986038208 -0.03354634717106819 -0.057827968150377274 0.2694545090198517 -0.039534829556941986 -0.052645228803157806 0.2689313590526581 -0.03543095290660858 -0.05550452694296837 0.26883894205093384 -0.040398985147476196 -0.05110308155417442 0.26670151948928833 -0.03690756857395172 -0.054141514003276825 0.2667487859725952 -0.040960460901260376 -0.050399087369441986 0.2637920677661896 -0.03761627897620201 -0.053659647703170776 0.26396244764328003 -0.04124670848250389 -0.04968544840812683 0.2602779269218445 -0.03837521746754646 -0.053234320133924484 0.26057037711143494 -0.04155630245804787 -0.04946940019726753 0.2556251883506775 -0.03871513903141022 -0.05304655432701111 0.2558034658432007 -0.041686590760946274 -0.0548148974776268 0.2558515965938568 -0.045227546244859695 -0.05297388881444931 0.24939903616905212 -0.041656143963336945 -0.05473059043288231 0.2493884265422821 -0.04510620981454849 -0.054915644228458405 0.24934299290180206 -0.048778291791677475 -0.05462859198451042 0.24030624330043793 -0.0449715293943882 -0.054826520383358 0.24013566970825195 -0.04864669591188431 -0.05501891300082207 0.23999270796775818 -0.052209753543138504 -0.05508466064929962 0.24919776618480682 -0.05222158133983612 -0.055581286549568176 0.2399028241634369 -0.05540890991687775 -0.05560153350234032 0.24904745817184448 -0.055349141359329224 -0.05850747972726822 0.23987793922424316 -0.05617646500468254 -0.05837804079055786 0.2489539235830307 -0.056300804018974304 -0.06149373576045036 0.23991844058036804 -0.054737407714128494 -0.0613672137260437 0.248992457985878 -0.054909683763980865 -0.06249161809682846 0.24002838134765625 -0.05149759724736214 -0.06248785927891731 0.24912424385547638 -0.0516989603638649 -0.06253208220005035 0.24019470810890198 -0.04763784259557724 -0.06253527104854584 0.24931173026561737 -0.047959212213754654 -0.062288761138916016 0.24041564762592316 -0.04297065734863281 -0.062323976308107376 0.24950331449508667 -0.04345656931400299 -0.06157435104250908 0.24060960114002228 -0.03714651241898537 -0.0616157241165638 0.24968555569648743 -0.037383198738098145 -0.06164095550775528 0.2562307119369507 -0.03759507089853287 -0.05903258174657822 0.24986183643341064 -0.030229758471250534 -0.05898166820406914 0.2564573884010315 -0.030183443799614906 -0.05899149924516678 0.2606320083141327 -0.030248917639255524 -0.052466124296188354 0.2563360929489136 -0.024372238665819168 -0.052247535437345505 0.26049861311912537 -0.024254685267806053 -0.052062470465898514 0.26383522152900696 -0.02426884137094021 -0.04372689872980118 0.26008325815200806 -0.021211320534348488 -0.043434347957372665 0.26349639892578125 -0.021184362471103668 -0.042988408356904984 0.2666299343109131 -0.021360715851187706 -0.05175943672657013 0.26701638102531433 -0.02449469454586506 -0.042269449681043625 0.2689693570137024 -0.022952327504754066 -0.05079536885023117 0.26911094784736633 -0.02584136836230755 -0.04143943637609482 0.26952800154685974 -0.025834865868091583 -0.04917031526565552 0.26961442828178406 -0.028427598997950554 -0.040690016001462936 0.26896539330482483 -0.028496772050857544 -0.04742684215307236 0.26908549666404724 -0.031094683334231377 -0.04007861018180847 0.2666437029838562 -0.030151477083563805 -0.04603002592921257 0.2666361629962921 -0.032841410487890244 -0.039710693061351776 0.2634482681751251 -0.030525874346494675 -0.04538372531533241 0.2635301947593689 -0.03336574509739876 -0.03941042721271515 0.2598321735858917 -0.030621109530329704 -0.04478343576192856 0.259944885969162 -0.03410416468977928 -0.03886660560965538 0.2555498778820038 -0.030867837369441986 -0.04436563700437546 0.2554764449596405 -0.03477347642183304 -0.0383416973054409 0.24977171421051025 -0.03095494955778122 -0.04431363195180893 0.2494877278804779 -0.03496731072664261 -0.049580346792936325 0.2493894398212433 -0.03891393169760704 -0.044365689158439636 0.24082432687282562 -0.03510992228984833 -0.04966229945421219 0.24067674577236176 -0.03905873000621796 -0.05288347601890564 0.24049080908298492 -0.04167218133807182 -0.04961496964097023 0.22928352653980255 -0.03911907225847244 -0.0528121180832386 0.22925257682800293 -0.04171067103743553 -0.05454113706946373 0.22923047840595245 -0.04497275501489639 -0.05273895710706711 0.21803689002990723 -0.04179682582616806 -0.05445574223995209 0.21819235384464264 -0.04517190158367157 -0.054642435163259506 0.2183520346879959 -0.04890934005379677 -0.05474522337317467 0.22921067476272583 -0.04866543039679527 -0.054910749197006226 0.21848297119140625 -0.05248183012008667 -0.0549633614718914 0.22918233275413513 -0.052300479263067245 -0.05564883351325989 0.21857427060604095 -0.05566591024398804 -0.055621907114982605 0.2291553020477295 -0.05552764609456062 -0.05878277122974396 0.21861523389816284 -0.05637842416763306 -0.058669429272413254 0.22914372384548187 -0.056313175708055496 -0.06159122288227081 0.21861036121845245 -0.05466273054480553 -0.06161443516612053 0.22914479672908783 -0.05472070723772049 -0.062495019286870956 0.2185310274362564 -0.051394399255514145 -0.06251201778650284 0.22915318608283997 -0.051383186131715775 -0.06254464387893677 0.21838374435901642 -0.04764677956700325 -0.06253263354301453 0.22918418049812317 -0.047550491988658905 -0.062328092753887177 0.21818508207798004 -0.04311589524149895 -0.062292151153087616 0.2292337715625763 -0.04287901893258095 -0.06162627786397934 0.218009352684021 -0.03734666854143143 -0.06159335374832153 0.2292758822441101 -0.03712265193462372 -0.05929993465542793 0.21792906522750854 -0.030583789572119713 -0.05928429588675499 0.22930440306663513 -0.030554207041859627 -0.059158094227313995 0.24068886041641235 -0.03040827438235283 -0.053325355052948 0.2293364554643631 -0.02486114203929901 -0.0531562902033329 0.24075952172279358 -0.024738144129514694 -0.05278901755809784 0.2499154955148697 -0.024528367444872856 -0.04461423307657242 0.24087442457675934 -0.02143312245607376 -0.04431177303195 0.2499166876077652 -0.021354515105485916 -0.04400528594851494 0.25583115220069885 -0.02128610759973526 -0.03377207741141319 0.24986302852630615 -0.020016424357891083 -0.03371896967291832 0.2555268108844757 -0.02002566307783127 -0.03356074541807175 0.259743332862854 -0.020008375868201256 -0.02235908806324005 0.2552499771118164 -0.019792668521404266 -0.02236880175769329 0.2594928443431854 -0.01984819583594799 -0.022387033328413963 0.2631150782108307 -0.019905779510736465 -0.03338254243135452 0.26322296261787415 -0.020009534433484077 -0.022441890090703964 0.26652491092681885 -0.019968736916780472 -0.0332036018371582 0.2663182020187378 -0.02029448188841343 -0.022452419623732567 0.26895415782928467 -0.021440569311380386 -0.03289899230003357 0.2685171663761139 -0.02207748219370842 -0.02243422530591488 0.26956185698509216 -0.024575700983405113 -0.03262089192867279 0.26946455240249634 -0.024927111342549324 -0.022482100874185562 0.2692188620567322 -0.027804004028439522 -0.0324271023273468 0.2691706418991089 -0.0279085673391819 -0.022652896121144295 0.26682767271995544 -0.02962607704102993 -0.032384566962718964 0.2668183743953705 -0.02959424816071987 -0.022880183532834053 0.2634437382221222 -0.029808619990944862 -0.032352618873119354 0.2634231746196747 -0.029819544404745102 -0.023124106228351593 0.2598295211791992 -0.029865194112062454 -0.032350603491067886 0.2598308026790619 -0.029886523261666298 -0.023335052654147148 0.2556834816932678 -0.029909968376159668 -0.03223009407520294 0.2557504177093506 -0.029941005632281303 -0.023440644145011902 0.2502661943435669 -0.029960086569190025 -0.03205782175064087 0.25014448165893555 -0.02998303435742855 -0.023293158039450645 0.24134188890457153 -0.03004366345703602 -0.03185638412833214 0.24106022715568542 -0.03007088601589203 -0.038436438888311386 0.24089914560317993 -0.031156428158283234 -0.03191060200333595 0.2293037623167038 -0.030163602903485298 -0.03861347958445549 0.22930124402046204 -0.03126407042145729 -0.04455398768186569 0.2293066531419754 -0.03534841910004616 -0.03866652771830559 0.21763668954372406 -0.03132566064596176 -0.04443211853504181 0.21776434779167175 -0.035349041223526 -0.04941532388329506 0.21789951622486115 -0.03908483684062958 -0.04433610290288925 0.20895881950855255 -0.03535696491599083 -0.049350444227457047 0.2091679722070694 -0.03910559043288231 -0.052759457379579544 0.20922353863716125 -0.04188830778002739 -0.049330584704875946 0.20279957354068756 -0.03913363441824913 -0.05286867544054985 0.20276418328285217 -0.04214632511138916 -0.054404038935899734 0.20280911028385162 -0.0459141731262207 -0.05442417785525322 0.20925693213939667 -0.04552692919969559 -0.0545707605779171 0.2029436081647873 -0.04975603148341179 -0.05459154024720192 0.20934846997261047 -0.04927685484290123 -0.054928407073020935 0.20304498076438904 -0.05313406139612198 -0.05489601939916611 0.2094269096851349 -0.05271507799625397 -0.05572875589132309 0.20307442545890808 -0.0558658204972744 -0.055659785866737366 0.20951510965824127 -0.05571196600794792 -0.05863485485315323 0.20305947959423065 -0.056319862604141235 -0.058689478784799576 0.20956143736839294 -0.0563107430934906 -0.06132407858967781 0.20301328599452972 -0.054991964250802994 -0.06156182289123535 0.2095109224319458 -0.054750632494688034 -0.06244707107543945 0.20293937623500824 -0.05209857597947121 -0.062503382563591 0.20938430726528168 -0.05156167224049568 -0.0625433474779129 0.20275571942329407 -0.04866977035999298 -0.06254500895738602 0.20923596620559692 -0.047949306666851044 -0.06238977983593941 0.2024562805891037 -0.04422697052359581 -0.0623633898794651 0.20905348658561707 -0.04364655911922455 -0.06177423149347305 0.20208925008773804 -0.03806134685873985 -0.061723049730062485 0.20882700383663177 -0.03775731846690178 -0.05922825634479523 0.20177151262760162 -0.030483484268188477 -0.05926879867911339 0.20856431126594543 -0.030518122017383575 -0.05268389359116554 0.20179714262485504 -0.02445496991276741 -0.05292759835720062 0.20836995542049408 -0.024622546508908272 -0.05320143327116966 0.21787205338478088 -0.024813199415802956 -0.044253163039684296 0.20826642215251923 -0.02132147178053856 -0.044593434780836105 0.21770404279232025 -0.02139562927186489 -0.044703904539346695 0.22934982180595398 -0.021444259211421013 -0.03378068283200264 0.2174702137708664 -0.019975339993834496 -0.03375425189733505 0.2293052077293396 -0.019985396414995193 -0.03374088928103447 0.24099083244800568 -0.01998358592391014 -0.022212792187929153 0.22923880815505981 -0.019596412777900696 -0.022255318239331245 0.2411177158355713 -0.019643934443593025 -0.022338226437568665 0.24981020390987396 -0.019735081121325493 -0.010856542736291885 0.2413080334663391 -0.019565092399716377 -0.010958791710436344 0.24973224103450775 -0.01969360187649727 -0.010984577238559723 0.2550486922264099 -0.01977374218404293 0.0005464737769216299 0.2496950775384903 -0.019673213362693787 0.0005439837113954127 0.254932701587677 -0.01976308412849903 0.0005383259849622846 0.2591805160045624 -0.01983897015452385 -0.011011814698576927 0.2592464089393616 -0.019843723624944687 0.0005233926931396127 0.26290857791900635 -0.019906235858798027 -0.011047013103961945 0.262957900762558 -0.019908923655748367 0.0004997943178750575 0.266426682472229 -0.019969195127487183 -0.011084398254752159 0.2664285898208618 -0.01996997557580471 0.00047653442015871406 0.2689327001571655 -0.021367710083723068 -0.011131400242447853 0.2689197361469269 -0.021353743970394135 0.0004537456843536347 0.26955360174179077 -0.024532372131943703 -0.011191236786544323 0.26955100893974304 -0.024505464360117912 0.00043054178240709007 0.2692561745643616 -0.027794145047664642 -0.011267334222793579 0.2692323327064514 -0.027765480801463127 0.0004086366971023381 0.266854465007782 -0.029621507972478867 -0.011358343064785004 0.26685255765914917 -0.029597705230116844 0.0003876004193443805 0.2634272277355194 -0.02984001114964485 -0.011460423469543457 0.26349204778671265 -0.029829205945134163 0.00036505554453469813 0.25966617465019226 -0.02989388443529606 -0.01157110184431076 0.2598085403442383 -0.029882725328207016 0.00033297500340268016 0.25533875823020935 -0.02993675507605076 -0.011677761562168598 0.2555215656757355 -0.029923822730779648 0.00029130373150110245 0.25000646710395813 -0.029984820634126663 -0.011754168197512627 0.2501538097858429 -0.02997290901839733 0.0002487623132765293 0.24148188531398773 -0.030061466619372368 -0.011750097386538982 0.24149109423160553 -0.030051905661821365 0.0002340750943403691 0.2293899655342102 -0.030170539394021034 -0.011677036993205547 0.22934474050998688 -0.03016171045601368 -0.023156868293881416 0.22931870818138123 -0.030153652653098106 -0.01166182104498148 0.21726858615875244 -0.030267512425780296 -0.023298567160964012 0.21733897924423218 -0.030258571729063988 -0.03196018189191818 0.21751801669597626 -0.030299287289381027 -0.02338404394686222 0.20837046205997467 -0.030331391841173172 -0.03209371492266655 0.20843897759914398 -0.030382385477423668 -0.03855317085981369 0.2086695283651352 -0.031357526779174805 -0.03215250372886658 0.20262378454208374 -0.030434241518378258 -0.03880293667316437 0.2027270346879959 -0.03146187961101532 -0.04435787722468376 0.20281361043453217 -0.03539063408970833 -0.03904248774051666 0.1983763724565506 -0.03144199028611183 -0.04460104554891586 0.19825734198093414 -0.035225629806518555 -0.049542371183633804 0.19814655184745789 -0.03900224342942238 -0.045316047966480255 0.19460026919841766 -0.034418828785419464 -0.05015304684638977 0.19444438815116882 -0.03815542161464691 -0.053188506513834 0.19427520036697388 -0.04153266176581383 -0.05294455587863922 0.19791433215141296 -0.04199083521962166 -0.05434202775359154 0.19399863481521606 -0.0459010936319828 -0.05437808111310005 0.19768695533275604 -0.04601002112030983 -0.054499439895153046 0.19764581322669983 -0.050275616347789764 -0.05501130595803261 0.1977296769618988 -0.05380050092935562 -0.056324005126953125 0.19780828058719635 -0.05613495036959648 -0.05850294977426529 0.1934303343296051 -0.05617779493331909 -0.05863431468605995 0.19784285128116608 -0.056220270693302155 -0.06086103990674019 0.1978425234556198 -0.05528224632143974 -0.062237128615379333 0.19777067005634308 -0.05294071510434151 -0.06252976506948471 0.19760674238204956 -0.049551479518413544 -0.06233614310622215 0.19391323626041412 -0.04475809633731842 -0.06240230053663254 0.19754667580127716 -0.0445970743894577 -0.061810269951820374 0.19421115517616272 -0.038211509585380554 -0.06183034926652908 0.19760176539421082 -0.038150981068611145 -0.059202518314123154 0.1942291110754013 -0.03072528727352619 -0.05929205194115639 0.19757455587387085 -0.030566178262233734 -0.052332304418087006 0.19427590072155 -0.02437826618552208 -0.052490364760160446 0.19757719337940216 -0.024356374517083168 -0.043355509638786316 0.19451679289340973 -0.021175473928451538 -0.04368377476930618 0.19799138605594635 -0.02121022902429104 -0.04396926611661911 0.20224416255950928 -0.021266892552375793 -0.03340693190693855 0.19833151996135712 -0.019980305805802345 -0.03361762687563896 0.2026253640651703 -0.02003222331404686 -0.033760860562324524 0.20835179090499878 -0.020017046481370926 -0.022293571382761 0.20294909179210663 -0.019942011684179306 -0.02234545536339283 0.2084423303604126 -0.019867202267050743 -0.022320302203297615 0.2173391580581665 -0.019688250496983528 -0.010949664749205112 0.20858335494995117 -0.019855109974741936 -0.010880086570978165 0.21717433631420135 -0.01962091214954853 -0.010811475105583668 0.2291722595691681 -0.0194961316883564 0.0005555878160521388 0.21710409224033356 -0.01959989406168461 0.0005440741661004722 0.22916094958782196 -0.01947157271206379 0.0005385026452131569 0.2414051592350006 -0.019541338086128235 0.011904345825314522 0.22917401790618896 -0.01950225606560707 0.01195038016885519 0.24127955734729767 -0.019553260877728462 0.01203381922096014 0.2498205453157425 -0.01968027651309967 0.023382721468806267 0.24107308685779572 -0.019649498164653778 0.023480039089918137 0.24991747736930847 -0.01973722316324711 0.02349379099905491 0.2553325295448303 -0.0197931919246912 0.01204407773911953 0.2551145553588867 -0.01977047510445118 0.023498237133026123 0.259594202041626 -0.019847171381115913 0.012051350437104702 0.2593473494052887 -0.019845133647322655 0.023508740589022636 0.26321524381637573 -0.019904406741261482 0.012064849957823753 0.2630347013473511 -0.019910398870706558 0.023566415533423424 0.26655763387680054 -0.019968831911683083 0.012080303393304348 0.26652851700782776 -0.01997167058289051 0.02357213944196701 0.26898112893104553 -0.02154030278325081 0.012096289545297623 0.26893889904022217 -0.021397173404693604 0.02349582500755787 0.26956796646118164 -0.024716084823012352 0.012117082253098488 0.2695540487766266 -0.024580230936408043 0.02350248582661152 0.26918333768844604 -0.027920685708522797 0.012142679654061794 0.2692224681377411 -0.0278463177382946 0.02361822873353958 0.26676246523857117 -0.029654011130332947 0.012177463620901108 0.26675596833229065 -0.029645705595612526 0.023750005289912224 0.26333335041999817 -0.02986317127943039 0.012217248789966106 0.2633320391178131 -0.029850520193576813 0.023873288184404373 0.2597027122974396 -0.029914559796452522 0.012249667197465897 0.25963687896728516 -0.029903732240200043 0.024015285074710846 0.255622535943985 -0.029955415055155754 0.012264896184206009 0.2554265260696411 -0.02994663454592228 0.023894010111689568 0.2501794993877411 -0.030004246160387993 0.012233543209731579 0.25012508034706116 -0.029994094744324684 0.023577438667416573 0.24138428270816803 -0.030082181096076965 0.012126780115067959 0.24150227010250092 -0.03007107600569725 0.023380720987915993 0.2294580042362213 -0.030187690630555153 0.012044339440762997 0.22943149507045746 -0.030178744345903397 0.023604456335306168 0.21747881174087524 -0.03028920106589794 0.012129377573728561 0.21730700135231018 -0.030282188206911087 0.00026757162413559854 0.21731530129909515 -0.030278263613581657 0.012241795659065247 0.20846304297447205 -0.03035789355635643 0.0003213741001673043 0.20864295959472656 -0.03035528026521206 -0.011620515026152134 0.20855391025543213 -0.030344227328896523 0.0003681347006931901 0.20323899388313293 -0.030403202399611473 -0.01152900978922844 0.20310045778751373 -0.03039507195353508 -0.023228231817483902 0.20280233025550842 -0.03038226068019867 -0.0114207174628973 0.19881288707256317 -0.030427714809775352 -0.022983059287071228 0.19863632321357727 -0.03041711077094078 -0.03216087445616722 0.19840557873249054 -0.030456192791461945 -0.02271057665348053 0.19495199620723724 -0.030430875718593597 -0.032180603593587875 0.19477346539497375 -0.030463460832834244 -0.03946789354085922 0.19474752247333527 -0.03112189844250679 -0.03216210752725601 0.191332146525383 -0.030402403324842453 -0.03986159712076187 0.1913909912109375 -0.030833784490823746 -0.04613477736711502 0.19150321185588837 -0.03356114774942398 -0.04059299826622009 0.18927453458309174 -0.029031841084361076 -0.04761137813329697 0.1893378347158432 -0.03158048167824745 -0.0525146946310997 0.18946509063243866 -0.03582046926021576 -0.05080779641866684 0.1915016621351242 -0.037393178790807724 -0.05497879534959793 0.18957562744617462 -0.04054701328277588 -0.05359771102666855 0.19153158366680145 -0.041201915591955185 -0.055863793939352036 0.18938760459423065 -0.04548878222703934 -0.05458563193678856 0.19122597575187683 -0.04572112485766411 -0.0574621707201004 0.18908073008060455 -0.039720553904771805 -0.05808271840214729 0.18909019231796265 -0.04527775198221207 -0.05808595195412636 0.188890740275383 -0.05059900879859924 -0.060430701822042465 0.18945975601673126 -0.04510650038719177 -0.05842811241745949 0.1898733377456665 -0.05501633509993553 -0.060003988444805145 0.18942750990390778 -0.038988713175058365 -0.0615013912320137 0.19128939509391785 -0.03848046809434891 -0.06207761541008949 0.1911206990480423 -0.04494760185480118 -0.0573747344315052 0.18930275738239288 -0.032074667513370514 -0.05891998112201691 0.19117531180381775 -0.031047454103827477 -0.051002077758312225 0.18934404850006104 -0.02617197297513485 -0.05202542245388031 0.1912631094455719 -0.024629658088088036 -0.042270101606845856 0.18932895362377167 -0.023116420954465866 -0.04295135661959648 0.19139108061790466 -0.021313661709427834 -0.03260839730501175 0.18934206664562225 -0.02217988483607769 -0.03290873020887375 0.19149278104305267 -0.020204754546284676 -0.03316104784607887 0.1947687864303589 -0.019962450489401817 -0.022229082882404327 0.19153137505054474 -0.02000052109360695 -0.022227270528674126 0.194911390542984 -0.01998933032155037 -0.022252805531024933 0.19860079884529114 -0.019970092922449112 -0.010932966135442257 0.19507063925266266 -0.019994575530290604 -0.01091842632740736 0.19881457090377808 -0.019982848316431046 -0.010925382375717163 0.2031586468219757 -0.019949229434132576 0.0005719682085327804 0.19889535009860992 -0.019983913749456406 0.0005820178193971515 0.20325545966625214 -0.01994965225458145 0.0005760773783549666 0.20860835909843445 -0.019841674715280533 0.012065560556948185 0.20316362380981445 -0.019950877875089645 0.01210684422403574 0.20859010517597198 -0.019859440624713898 0.01200900599360466 0.21725958585739136 -0.019627481698989868 0.023566318675875664 0.20851066708564758 -0.019869806244969368 0.023534979671239853 0.21745312213897705 -0.0196942538022995 0.023386625573039055 0.22923670709133148 -0.019617242738604546 0.035107776522636414 0.2176281064748764 -0.020040199160575867 0.03506864234805107 0.2293451875448227 -0.020063595846295357 0.034961309283971786 0.24092386662960052 -0.020062487572431564 0.046065669506788254 0.22939130663871765 -0.02174247056245804 0.04602258279919624 0.2407783418893814 -0.021732548251748085 0.0458131805062294 0.24976809322834015 -0.02169140614569187 0.03492855653166771 0.24978123605251312 -0.0200636126101017 0.045610349625349045 0.2557690739631653 -0.021639972925186157 0.03489413857460022 0.2555305063724518 -0.020083991810679436 0.04536813497543335 0.26007774472236633 -0.021591074764728546 0.034791819751262665 0.25981730222702026 -0.02005772292613983 0.04509374126791954 0.2635363042354584 -0.0215588491410017 0.03467579931020737 0.2633461356163025 -0.020086035132408142 0.0447501614689827 0.26665380597114563 -0.02171368896961212 0.0345156267285347 0.2663879096508026 -0.02050788141787052 0.04398369416594505 0.2690362334251404 -0.02349148318171501 0.034222766757011414 0.26849988102912903 -0.022275684401392937 0.04287336394190788 0.26951268315315247 -0.026245921850204468 0.033882442861795425 0.269432008266449 -0.025082100182771683 0.04180115461349487 0.26881057024002075 -0.028904220089316368 0.03368089348077774 0.2691594660282135 -0.02799367904663086 0.040895357728004456 0.26648327708244324 -0.030474456027150154 0.03351953625679016 0.26674941182136536 -0.029711442068219185 0.0404091402888298 0.2633615732192993 -0.03095877170562744 0.03336586803197861 0.2633543014526367 -0.02989322319626808 0.04000462219119072 0.25981059670448303 -0.031569212675094604 0.033211056143045425 0.2597818672657013 -0.02996572107076645 0.03994953632354736 0.25554710626602173 -0.03185168281197548 0.03312157467007637 0.2556043863296509 -0.030001964420080185 0.03997811675071716 0.24976298213005066 -0.03194762021303177 0.0330340676009655 0.2499922662973404 -0.030105626210570335 0.04026534780859947 0.2410150021314621 -0.032356973737478256 0.03282646834850311 0.2411486953496933 -0.03019355982542038 0.04044942185282707 0.2294926792383194 -0.03255623206496239 0.032810378819704056 0.22946830093860626 -0.03024628385901451 0.04015425592660904 0.2179597020149231 -0.0324736088514328 0.0328337587416172 0.21775591373443604 -0.030393078923225403 0.03981852903962135 0.20888887345790863 -0.03233050927519798 0.03286627307534218 0.2085120677947998 -0.030466850847005844 0.023926230147480965 0.2083461880683899 -0.03035854548215866 0.0330439954996109 0.20265352725982666 -0.03051263839006424 0.02402672916650772 0.20271115005016327 -0.03040762059390545 0.012257634662091732 0.2030305713415146 -0.03040696308016777 0.023866700008511543 0.1985538899898529 -0.030440082773566246 0.012229024432599545 0.19873511791229248 -0.03043893538415432 0.00040851172525435686 0.19886870682239532 -0.03043842501938343 0.012181960977613926 0.1950332373380661 -0.030444331467151642 0.00043929272214882076 0.19506263732910156 -0.030452845618128777 -0.011311891488730907 0.19510091841220856 -0.03043495863676071 0.0004592994228005409 0.19155879318714142 -0.03032618574798107 -0.011204608716070652 0.1916077584028244 -0.030344925820827484 -0.022453105077147484 0.19154003262519836 -0.030354579910635948 -0.011117200367152691 0.18927469849586487 -0.028417419642210007 -0.0222806204110384 0.18926608562469482 -0.02845796011388302 -0.03217729181051254 0.18918517231941223 -0.028489941731095314 -0.022205142304301262 0.1888842135667801 -0.02518155239522457 -0.03233060613274574 0.18887312710285187 -0.025324897840619087 -0.0414193756878376 0.188898965716362 -0.026051204651594162 -0.04936491325497627 0.18892470002174377 -0.028848828747868538 -0.05489468201994896 0.18890684843063354 -0.03387705609202385 -0.02221023663878441 0.18942126631736755 -0.021892599761486053 -0.011054560542106628 0.18888062238693237 -0.025104662403464317 -0.011003870517015457 0.18941673636436462 -0.0217976626008749 -0.010962559841573238 0.19163082540035248 -0.020000658929347992 0.0005151474615558982 0.18942224979400635 -0.021781692281365395 0.0005344936507754028 0.19167673587799072 -0.020000694319605827 0.0005543511360883713 0.19511768221855164 -0.01999528333544731 0.012042221613228321 0.1916370391845703 -0.020000655204057693 0.012036718428134918 0.19506888091564178 -0.01999436505138874 0.012038946151733398 0.1988019496202469 -0.019981903955340385 0.02345268614590168 0.19495007395744324 -0.01998591050505638 0.02348661608994007 0.19863350689411163 -0.0199669748544693 0.023523949086666107 0.20296096801757812 -0.019941475242376328 0.03479230776429176 0.1983858197927475 -0.020017344504594803 0.03499019145965576 0.20268939435482025 -0.02008221298456192 0.035093095153570175 0.20848461985588074 -0.020083120092749596 0.04529118165373802 0.2023182511329651 -0.0215446799993515 0.045595090836286545 0.20847027003765106 -0.021610137075185776 0.04595007374882698 0.21787311136722565 -0.021704981103539467 0.05404676869511604 0.20861737430095673 -0.02526812255382538 0.05430290475487709 0.21806642413139343 -0.025456886738538742 0.05442456156015396 0.22939951717853546 -0.02552134543657303 0.059945836663246155 0.21817199885845184 -0.03172488510608673 0.06000645086169243 0.2294052094221115 -0.0318484902381897 0.05994383245706558 0.2405667006969452 -0.03177974373102188 0.05435067415237427 0.24061772227287292 -0.0254976786673069 0.05992930755019188 0.24954645335674286 -0.031712453812360764 0.05422249063849449 0.24970746040344238 -0.025406936183571815 0.05991101264953613 0.25624701380729675 -0.03175703436136246 0.05411733314394951 0.2562144994735718 -0.02536887116730213 0.059898845851421356 0.2604137659072876 -0.031788989901542664 0.054055847227573395 0.2605029344558716 -0.02534106746315956 0.059856802225112915 0.26369985938072205 -0.03185529261827469 0.053948063403367996 0.2637718915939331 -0.02535906434059143 0.05946025624871254 0.2667285203933716 -0.03212562948465347 0.053594812750816345 0.2669702172279358 -0.0255496334284544 0.05778033286333084 0.26891276240348816 -0.03338480740785599 0.05221483111381531 0.2691498398780823 -0.027295028790831566 0.05550931394100189 0.26958808302879333 -0.03496003895998001 0.050457488745450974 0.26960527896881104 -0.029491664841771126 0.05318381264805794 0.269127756357193 -0.03670314699411392 0.04854445904493332 0.26888519525527954 -0.03201132267713547 0.05188196524977684 0.26674884557724 -0.03787301853299141 0.047188714146614075 0.26662150025367737 -0.03388812392950058 0.051251016557216644 0.26382875442504883 -0.03870464116334915 0.0465259850025177 0.2636621594429016 -0.03490776568651199 0.05071873590350151 0.2602488398551941 -0.03946131095290184 0.0459120087325573 0.2600862681865692 -0.0359141044318676 0.050694726407527924 0.25567427277565 -0.03970601409673691 0.045945074409246445 0.25555047392845154 -0.036142416298389435 0.05080612003803253 0.24934662878513336 -0.03988923877477646 0.04629069194197655 0.24952048063278198 -0.03648882731795311 0.05088021978735924 0.24065366387367249 -0.040030866861343384 0.04668768495321274 0.24086448550224304 -0.036871861666440964 0.050862494856119156 0.22949768602848053 -0.04011346027255058 0.04679158329963684 0.22950978577136993 -0.03705088794231415 0.0506809800863266 0.21829049289226532 -0.040082499384880066 0.046401068568229675 0.21813656389713287 -0.036867789924144745 0.05045769363641739 0.20937781035900116 -0.03998621180653572 0.045913215726614 0.20919272303581238 -0.03657875582575798 0.050202082842588425 0.20289720594882965 -0.039815809577703476 0.04549733176827431 0.20285576581954956 -0.03628208860754967 0.0397772416472435 0.20274415612220764 -0.032264627516269684 0.045422255992889404 0.19825252890586853 -0.03586732596158981 0.04000682383775711 0.19842277467250824 -0.031944211572408676 0.033196885138750076 0.1983938068151474 -0.030490340664982796 0.04040919244289398 0.19473464787006378 -0.03132706508040428 0.0333620123565197 0.19473955035209656 -0.030490629374980927 0.023658765479922295 0.1948872208595276 -0.030449414625763893 0.03343387693166733 0.19132362306118011 -0.0304146446287632 0.023464109748601913 0.1914893537759781 -0.03036261349916458 0.01212890911847353 0.19157329201698303 -0.03034888580441475 0.02335219457745552 0.1892579197883606 -0.028437532484531403 0.012091144919395447 0.1892719268798828 -0.02839435450732708 0.00047817372251302004 0.18928278982639313 -0.028382426127791405 0.012068855576217175 0.1888914704322815 -0.025087252259254456 0.0004964322433806956 0.18889284133911133 -0.02507142536342144 0.012052818201482296 0.18942123651504517 -0.021792151033878326 0.0233309343457222 0.1888856142759323 -0.025162717327475548 0.023374514654278755 0.18941961228847504 -0.021869655698537827 0.023424264043569565 0.19157759845256805 -0.02000148966908455 0.03392941877245903 0.18936730921268463 -0.02216017246246338 0.03425239026546478 0.1915307492017746 -0.020297201350331306 0.034537289291620255 0.19479426741600037 -0.019996821880340576 0.04430524632334709 0.19143174588680267 -0.021593809127807617 0.044697508215904236 0.19457469880580902 -0.02147095464169979 0.04499892517924309 0.19805830717086792 -0.021482117474079132 0.05338315665721893 0.19431617856025696 -0.0250380951911211 0.05362626910209656 0.1976892054080963 -0.025036245584487915 0.053819309920072556 0.20198360085487366 -0.025142323225736618 0.059881895780563354 0.19772909581661224 -0.03168868646025658 0.05990095064043999 0.20210693776607513 -0.03166865557432175 0.05990440025925636 0.20888759195804596 -0.03161035478115082 0.06191529333591461 0.2026023417711258 -0.03897595405578613 0.06185562536120415 0.20926332473754883 -0.038529131561517715 0.06176738068461418 0.21828442811965942 -0.038148730993270874 0.06232089921832085 0.20960088074207306 -0.04381166771054268 0.06227553263306618 0.21845613420009613 -0.043199680745601654 0.06226281821727753 0.22936488687992096 -0.04305820167064667 0.06176967918872833 0.229390949010849 -0.03811036795377731 0.06227598711848259 0.240225151181221 -0.04325992614030838 0.061785612255334854 0.2404605597257614 -0.038269151002168655 0.06230200454592705 0.2490241527557373 -0.04393336549401283 0.061838023364543915 0.24929200112819672 -0.03865751624107361 0.06232638657093048 0.25558966398239136 -0.044683992862701416 0.06187593936920166 0.25590547919273376 -0.03897480666637421 0.062347132712602615 0.2604369819164276 -0.04510844126343727 0.06191118806600571 0.26039832830429077 -0.03908395394682884 0.06233592703938484 0.2639422118663788 -0.04526380077004433 0.06187953054904938 0.2636870741844177 -0.03911880776286125 0.06221546605229378 0.2667083740234375 -0.04535302147269249 0.06156168505549431 0.26648369431495667 -0.03924721106886864 0.061095405369997025 0.2687365412712097 -0.04555216059088707 0.06008809804916382 0.2684188187122345 -0.03976968303322792 0.05886688455939293 0.26926928758621216 -0.04584285616874695 0.05783577263355255 0.26925647258758545 -0.040557313710451126 0.05664127692580223 0.26884257793426514 -0.04612889885902405 0.05552865192294121 0.2689947187900543 -0.041395287960767746 0.05552573502063751 0.266987144947052 -0.04628344252705574 0.05452532693743706 0.26682284474372864 -0.04184461757540703 0.055203069001436234 0.26421740651130676 -0.04633650556206703 0.05423299968242645 0.2639791965484619 -0.04214474558830261 0.05496678873896599 0.2605307400226593 -0.046345893293619156 0.053914155811071396 0.2603754699230194 -0.04247123375535011 0.05487564206123352 0.2556364834308624 -0.04632646217942238 0.053806670010089874 0.25569596886634827 -0.04255862534046173 0.05481714755296707 0.2491670846939087 -0.04618459194898605 0.053740598261356354 0.2492458075284958 -0.042574211955070496 0.054725777357816696 0.24020305275917053 -0.046120937913656235 0.05370747298002243 0.24043795466423035 -0.042649079114198685 0.05462043359875679 0.2294696569442749 -0.046155840158462524 0.053634826093912125 0.22948022186756134 -0.042728669941425323 0.05452820658683777 0.21864700317382812 -0.04617776349186897 0.05351210758090019 0.21846593916416168 -0.04272233694791794 0.054462943226099014 0.20963209867477417 -0.046334609389305115 0.053422264754772186 0.2094840705394745 -0.04270356148481369 0.05445253103971481 0.2030913233757019 -0.04659901559352875 0.05341711640357971 0.20292764902114868 -0.042789947241544724 0.054405804723501205 0.19795913994312286 -0.04677402228116989 0.05341040715575218 0.19809022545814514 -0.04274088516831398 0.05017034709453583 0.1982450634241104 -0.039452388882637024 0.05349336564540863 0.1943722516298294 -0.04239502549171448 0.05066966265439987 0.19457736611366272 -0.038671575486660004 0.04603053629398346 0.19453856348991394 -0.034884098917245865 0.051331743597984314 0.19157861173152924 -0.03793679550290108 0.04681352525949478 0.19146117568016052 -0.03397155553102493 0.04080833122134209 0.1914060115814209 -0.03095928207039833 0.048383668065071106 0.18936656415462494 -0.03196170926094055 0.041649021208286285 0.18934951722621918 -0.029193872585892677 0.03349630534648895 0.18918240070343018 -0.028475604951381683 0.042580049484968185 0.18894432485103607 -0.02619626186788082 0.03364485502243042 0.1888727843761444 -0.025330299511551857 0.04353100806474686 0.18931925296783447 -0.02332104742527008 0.05026077851653099 0.18889115750789642 -0.02927413396537304 0.05203497037291527 0.1892208755016327 -0.026668371632695198 0.05306941643357277 0.19123755395412445 -0.025251399725675583 0.058105722069740295 0.18933294713497162 -0.03313986957073212 0.059533510357141495 0.1912258118391037 -0.032298121601343155 0.05978570878505707 0.19429461658000946 -0.03191177919507027 0.061663318425416946 0.19149036705493927 -0.0395171195268631 0.061900533735752106 0.19440540671348572 -0.03921132907271385 0.06191180273890495 0.19786328077316284 -0.03912322595715523 0.062422558665275574 0.19429251551628113 -0.04559820890426636 0.06239963695406914 0.19798383116722107 -0.04525764286518097 0.062348585575819016 0.20304395258426666 -0.044553015381097794 0.06248007342219353 0.19818443059921265 -0.04980900138616562 0.0624612532556057 0.20338167250156403 -0.048619963228702545 0.062433063983917236 0.20981426537036896 -0.04775909706950188 0.06235221400856972 0.2035672962665558 -0.052004002034664154 0.06237199530005455 0.2099461704492569 -0.0512702614068985 0.062420446425676346 0.2188265174627304 -0.05087395757436752 0.06243039295077324 0.21865332126617432 -0.04726375266909599 0.06242066249251366 0.22933492064476013 -0.05072610452771187 0.062412552535533905 0.2293446958065033 -0.04712314158678055 0.0624021477997303 0.23974081873893738 -0.05095202475786209 0.06242087855935097 0.2399519830942154 -0.04733336344361305 0.0623784139752388 0.24868428707122803 -0.05145189166069031 0.0624355673789978 0.24882695078849792 -0.047935523092746735 0.06231527030467987 0.25516825914382935 -0.05222317576408386 0.06242915242910385 0.2553173899650574 -0.04888596013188362 0.06213311478495598 0.26018673181533813 -0.05312191694974899 0.06245915964245796 0.26034387946128845 -0.049889422953128815 0.06125709041953087 0.255139023065567 -0.05490609630942345 0.06082761287689209 0.2601161003112793 -0.055304400622844696 0.05868344381451607 0.25509777665138245 -0.056168604642152786 0.058628346771001816 0.26010438799858093 -0.05612386763095856 0.05871172994375229 0.26437145471572876 -0.056122347712516785 0.059009552001953125 0.2682226598262787 -0.05531637370586395 0.05637215077877045 0.2601669430732727 -0.05609279125928879 0.05585108697414398 0.2551589012145996 -0.055927958339452744 0.055090971291065216 0.25524765253067017 -0.053211335092782974 0.05517183244228363 0.2603137493133545 -0.053758006542921066 0.05495772510766983 0.255431592464447 -0.04997028782963753 0.05500360578298569 0.26046809554100037 -0.050317004323005676 0.0553138367831707 0.2644559442996979 -0.050742197781801224 0.055092666298151016 0.24878659844398499 -0.05306166037917137 0.054910991340875626 0.2489856481552124 -0.04972338303923607 0.05499166622757912 0.23976334929466248 -0.05303432047367096 0.05481880530714989 0.23996049165725708 -0.04964333772659302 0.0549304224550724 0.22940313816070557 -0.053097642958164215 0.05473620072007179 0.22943824529647827 -0.049684371799230576 0.05488675832748413 0.21892082691192627 -0.05315215140581131 0.054642416536808014 0.2187986820936203 -0.04972821846604347 0.05483194813132286 0.20989899337291718 -0.053184978663921356 0.05457477644085884 0.20976507663726807 -0.04987291619181633 0.054872430860996246 0.20348741114139557 -0.05337359383702278 0.05453623831272125 0.20333588123321533 -0.05019346997141838 0.054885055869817734 0.19821999967098236 -0.05382954701781273 0.05450621619820595 0.19804587960243225 -0.050617944449186325 0.0543530099093914 0.19400034844875336 -0.046735819429159164 0.05465389043092728 0.19103966653347015 -0.04657487943768501 0.05382305756211281 0.19145797193050385 -0.041983462870121 0.056081824004650116 0.18937668204307556 -0.04639247804880142 0.055242083966732025 0.1894322782754898 -0.041374482214450836 0.05311724171042442 0.18959565460681915 -0.03645293414592743 0.05778578668832779 0.1890498697757721 -0.04065023362636566 0.055565495043992996 0.18898335099220276 -0.03470476344227791 0.06023263931274414 0.18941771984100342 -0.040021419525146484 0.05838708579540253 0.18910706043243408 -0.04619656875729561 0.06068398803472519 0.1895677000284195 -0.04600527510046959 0.06222983077168465 0.19147361814975739 -0.04579342529177666 0.058531418442726135 0.18902263045310974 -0.051320239901542664 0.058795347809791565 0.19063635170459747 -0.055693890899419785 0.0585852712392807 0.19400791823863983 -0.05598999187350273 0.05869729071855545 0.19839949905872345 -0.05597718805074692 0.060877785086631775 0.19842511415481567 -0.05528338998556137 0.05637343227863312 0.19834363460540771 -0.05575351044535637 0.056220971047878265 0.20356978476047516 -0.055736228823661804 0.05888889357447624 0.20360323786735535 -0.05603047087788582 0.05909998342394829 0.21009284257888794 -0.055960725992918015 0.06154635548591614 0.210038959980011 -0.054383255541324615 0.06131266430020332 0.20361146330833435 -0.05477646738290787 0.05623336508870125 0.21003612875938416 -0.05574353039264679 0.056326139718294144 0.2189880758523941 -0.05576908588409424 0.059325821697711945 0.21899914741516113 -0.055981747806072235 0.05944553017616272 0.2293512374162674 -0.05605052411556244 0.061856843531131744 0.22934189438819885 -0.05407010018825531 0.061732348054647446 0.21894612908363342 -0.05413328483700752 0.05634022504091263 0.22937272489070892 -0.055764369666576385 0.05625682324171066 0.23964035511016846 -0.05573679879307747 0.05922771245241165 0.2395859658718109 -0.055972449481487274 0.05899953097105026 0.2485334575176239 -0.056021708995103836 0.061513274908065796 0.24856020510196686 -0.054514918476343155 0.061710551381111145 0.23961585760116577 -0.05422668159008026 0.05613395944237709 0.24859090149402618 -0.0558149591088295 0.06215396150946617 0.19836775958538055 -0.05303756147623062 0.05891801044344902 0.26907092332839966 -0.05091923847794533 0.048748329281806946 0.047042347490787506 0.03634952753782272 0.0808645710349083 0.047042347490787506 0.03634952753782272 0.048748329281806946 0.02160811237990856 0.03634952753782272 0.0808645710349083 0.02160811237990856 0.03634952753782272 0.048748329281806946 0.02160811237990856 0.12283539772033691 0.0808645710349083 0.02160811237990856 0.12283539772033691 0.048748329281806946 0.047042347490787506 0.12283539772033691 0.0808645710349083 0.047042347490787506 0.12283539772033691 0.048748329281806946 0.02160811237990856 0.03634952753782272 0.0808645710349083 0.02160811237990856 0.03634952753782272 0.048748329281806946 0.02160811237990856 0.12283539772033691 0.0808645710349083 0.02160811237990856 0.12283539772033691 0.0808645710349083 0.02160811237990856 0.03634952753782272 0.0808645710349083 0.047042347490787506 0.03634952753782272 0.0808645710349083 0.02160811237990856 0.12283539772033691 0.0808645710349083 0.047042347490787506 0.12283539772033691 0.0808645710349083 0.047042347490787506 0.03634952753782272 0.048748329281806946 0.047042347490787506 0.03634952753782272 0.0808645710349083 0.047042347490787506 0.12283539772033691 0.048748329281806946 0.047042347490787506 0.12283539772033691 0.048748329281806946 0.047042347490787506 0.03634952753782272 0.048748329281806946 0.02160811237990856 0.03634952753782272 0.048748329281806946 0.047042347490787506 0.12283539772033691 0.048748329281806946 0.02160811237990856 0.12283539772033691 0.048748329281806946 0.2421211153268814 0.03634952753782272 0.0808645710349083 0.2421211153268814 0.03634952753782272 0.048748329281806946 0.21668687462806702 0.03634952753782272 0.0808645710349083 0.21668687462806702 0.03634952753782272 0.048748329281806946 0.21668687462806702 0.12283539772033691 0.0808645710349083 0.21668687462806702 0.12283539772033691 0.048748329281806946 0.2421211153268814 0.12283539772033691 0.0808645710349083 0.2421211153268814 0.12283539772033691 0.048748329281806946 0.21668687462806702 0.03634952753782272 0.0808645710349083 0.21668687462806702 0.03634952753782272 0.048748329281806946 0.21668687462806702 0.12283539772033691 0.0808645710349083 0.21668687462806702 0.12283539772033691 0.0808645710349083 0.21668687462806702 0.03634952753782272 0.0808645710349083 0.2421211153268814 0.03634952753782272 0.0808645710349083 0.21668687462806702 0.12283539772033691 0.0808645710349083 0.2421211153268814 0.12283539772033691 0.0808645710349083 0.2421211153268814 0.03634952753782272 0.048748329281806946 0.2421211153268814 0.03634952753782272 0.0808645710349083 0.2421211153268814 0.12283539772033691 0.048748329281806946 0.2421211153268814 0.12283539772033691 0.048748329281806946 0.2421211153268814 0.03634952753782272 0.048748329281806946 0.21668687462806702 0.03634952753782272 0.048748329281806946 0.2421211153268814 0.12283539772033691 0.048748329281806946 0.21668687462806702 0.12283539772033691 -0.03100099228322506 0.015602322295308113 0.14191274344921112 0.03100099228322506 0.015602322295308113 0.14191274344921112 -0.03100099228322506 -0.11055266857147217 0.14191274344921112 0.03100099228322506 -0.11055266857147217 0.14191274344921112 -0.03100099228322506 -0.11055266857147217 0.20028908550739288 0.03100099228322506 -0.11055266857147217 0.20028908550739288 -0.03100099228322506 0.015602322295308113 0.20028908550739288 0.03100099228322506 0.015602322295308113 0.20028908550739288 -0.03100099228322506 -0.11055266857147217 0.14191274344921112 0.03100099228322506 -0.11055266857147217 0.14191274344921112 -0.03100099228322506 -0.11055266857147217 0.20028908550739288 0.03100099228322506 -0.11055266857147217 0.20028908550739288 0.03100099228322506 -0.11055266857147217 0.14191274344921112 0.03100099228322506 0.015602322295308113 0.14191274344921112 0.03100099228322506 -0.11055266857147217 0.20028908550739288 0.03100099228322506 0.015602322295308113 0.20028908550739288 0.03100099228322506 0.015602322295308113 0.14191274344921112 -0.03100099228322506 0.015602322295308113 0.14191274344921112 0.03100099228322506 0.015602322295308113 0.20028908550739288 -0.03100099228322506 0.015602322295308113 0.20028908550739288 -0.03100099228322506 0.015602322295308113 0.14191274344921112 -0.03100099228322506 -0.11055266857147217 0.14191274344921112 -0.03100099228322506 0.015602322295308113 0.20028908550739288 -0.03100099228322506 -0.11055266857147217 0.20028908550739288 0.035439521074295044 -0.08047184348106384 0.1266673058271408 0.02240186557173729 -0.08047184348106384 0.13428227603435516 0.007837558165192604 -0.08047184348106384 0.13826337456703186 -0.0072608646005392075 -0.08047184348106384 0.13833929598331451 -0.021864471957087517 -0.08047184348106384 0.13450486958026886 -0.034978050738573074 -0.08047184348106384 0.1270214170217514 -0.045707933604717255 -0.08047184348106384 0.1163989007472992 -0.05332289636135101 -0.08047184348106384 0.10336124151945114 -0.05730399116873741 -0.08047184348106384 0.0887969359755516 -0.057379916310310364 -0.08047184348106384 0.0736985132098198 -0.05354548990726471 -0.08047184348106384 0.059094905853271484 -0.046062029898166656 -0.08047184348106384 0.04598132520914078 -0.035439521074295044 -0.08047184348106384 0.0352514423429966 -0.02240186370909214 -0.08047184348106384 0.027636481449007988 -0.00783755723387003 -0.08047184348106384 0.02365538664162159 0.007260865997523069 -0.08047184348106384 0.023579463362693787 0.021864473819732666 -0.08047184348106384 0.027413886040449142 0.034978050738573074 -0.08047184348106384 0.034897346049547195 0.045707933604717255 -0.08047184348106384 0.045519858598709106 0.05332289636135101 -0.08047184348106384 0.05855751410126686 0.05730399489402771 -0.08047184348106384 0.0731218233704567 0.057379916310310364 -0.08047184348106384 0.08822024613618851 0.05354549363255501 -0.08047184348106384 0.10282385349273682 0.046062033623456955 -0.08047184348106384 0.11593742668628693 0.035439521074295044 -0.10622766613960266 0.1266673058271408 0.02240186557173729 -0.10622766613960266 0.13428227603435516 0.007837558165192604 -0.10622766613960266 0.13826337456703186 -0.0072608646005392075 -0.10622766613960266 0.13833929598331451 -0.021864471957087517 -0.10622766613960266 0.13450486958026886 -0.034978050738573074 -0.10622766613960266 0.1270214170217514 -0.045707933604717255 -0.10622766613960266 0.1163989007472992 -0.05332289636135101 -0.10622766613960266 0.10336124151945114 -0.05730399116873741 -0.10622766613960266 0.0887969359755516 -0.057379916310310364 -0.10622766613960266 0.0736985132098198 -0.05354548990726471 -0.10622766613960266 0.059094905853271484 -0.046062029898166656 -0.10622766613960266 0.04598132520914078 -0.035439521074295044 -0.10622766613960266 0.0352514423429966 -0.02240186370909214 -0.10622766613960266 0.027636481449007988 -0.00783755723387003 -0.10622766613960266 0.02365538664162159 0.007260865997523069 -0.10622766613960266 0.023579463362693787 0.021864473819732666 -0.10622766613960266 0.027413886040449142 0.034978050738573074 -0.10622766613960266 0.034897346049547195 0.045707933604717255 -0.10622766613960266 0.045519858598709106 0.05332289636135101 -0.10622766613960266 0.05855751410126686 0.05730399489402771 -0.10622766613960266 0.0731218233704567 0.057379916310310364 -0.10622766613960266 0.08822024613618851 0.05354549363255501 -0.10622766613960266 0.10282385349273682 0.046062033623456955 -0.10622766613960266 0.11593742668628693 -4.98245222857463E-10 -0.08047184348106384 0.08095937967300415 0.035439521074295044 -0.08047184348106384 0.1266673058271408 0.02240186557173729 -0.08047184348106384 0.13428227603435516 0.007837558165192604 -0.08047184348106384 0.13826337456703186 -0.0072608646005392075 -0.08047184348106384 0.13833929598331451 -0.021864471957087517 -0.08047184348106384 0.13450486958026886 -0.034978050738573074 -0.08047184348106384 0.1270214170217514 -0.045707933604717255 -0.08047184348106384 0.1163989007472992 -0.05332289636135101 -0.08047184348106384 0.10336124151945114 -0.05730399116873741 -0.08047184348106384 0.0887969359755516 -0.057379916310310364 -0.08047184348106384 0.0736985132098198 -0.05354548990726471 -0.08047184348106384 0.059094905853271484 -0.046062029898166656 -0.08047184348106384 0.04598132520914078 -0.035439521074295044 -0.08047184348106384 0.0352514423429966 -0.02240186370909214 -0.08047184348106384 0.027636481449007988 -0.00783755723387003 -0.08047184348106384 0.02365538664162159 0.007260865997523069 -0.08047184348106384 0.023579463362693787 0.021864473819732666 -0.08047184348106384 0.027413886040449142 0.034978050738573074 -0.08047184348106384 0.034897346049547195 0.045707933604717255 -0.08047184348106384 0.045519858598709106 0.05332289636135101 -0.08047184348106384 0.05855751410126686 0.05730399489402771 -0.08047184348106384 0.0731218233704567 0.057379916310310364 -0.08047184348106384 0.08822024613618851 0.05354549363255501 -0.08047184348106384 0.10282385349273682 0.046062033623456955 -0.08047184348106384 0.11593742668628693 -4.98245222857463E-10 -0.10622766613960266 0.08095937967300415 0.035439521074295044 -0.10622766613960266 0.1266673058271408 0.02240186557173729 -0.10622766613960266 0.13428227603435516 0.007837558165192604 -0.10622766613960266 0.13826337456703186 -0.0072608646005392075 -0.10622766613960266 0.13833929598331451 -0.021864471957087517 -0.10622766613960266 0.13450486958026886 -0.034978050738573074 -0.10622766613960266 0.1270214170217514 -0.045707933604717255 -0.10622766613960266 0.1163989007472992 -0.05332289636135101 -0.10622766613960266 0.10336124151945114 -0.05730399116873741 -0.10622766613960266 0.0887969359755516 -0.057379916310310364 -0.10622766613960266 0.0736985132098198 -0.05354548990726471 -0.10622766613960266 0.059094905853271484 -0.046062029898166656 -0.10622766613960266 0.04598132520914078 -0.035439521074295044 -0.10622766613960266 0.0352514423429966 -0.02240186370909214 -0.10622766613960266 0.027636481449007988 -0.00783755723387003 -0.10622766613960266 0.02365538664162159 0.007260865997523069 -0.10622766613960266 0.023579463362693787 0.021864473819732666 -0.10622766613960266 0.027413886040449142 0.034978050738573074 -0.10622766613960266 0.034897346049547195 0.045707933604717255 -0.10622766613960266 0.045519858598709106 0.05332289636135101 -0.10622766613960266 0.05855751410126686 0.05730399489402771 -0.10622766613960266 0.0731218233704567 0.057379916310310364 -0.10622766613960266 0.08822024613618851 0.05354549363255501 -0.10622766613960266 0.10282385349273682 0.046062033623456955 -0.10622766613960266 0.11593742668628693 0.00595265906304121 -0.17985449731349945 0.08863678574562073 0.003762767417356372 -0.17985449731349945 0.08991584926843643 0.001316449255682528 -0.17985449731349945 0.09058453887701035 -0.001219582511112094 -0.17985449731349945 0.09059729427099228 -0.0036725017707794905 -0.17985449731349945 0.0899532362818718 -0.0058751460164785385 -0.17985449731349945 0.08869626373052597 -0.007677408866584301 -0.17985449731349945 0.08691203594207764 -0.008956468664109707 -0.17985449731349945 0.08472214639186859 -0.00962516013532877 -0.17985449731349945 0.08227583020925522 -0.00963791273534298 -0.17985449731349945 0.07973979413509369 -0.00899385754019022 -0.17985449731349945 0.07728687673807144 -0.007736885454505682 -0.17985449731349945 0.07508423179388046 -0.005952657666057348 -0.17985449731349945 0.07328196614980698 -0.0037627657875418663 -0.17985449731349945 0.07200291007757187 -0.0013164476258680224 -0.17985449731349945 0.07133422046899796 0.0012195841409265995 -0.17985449731349945 0.07132146507501602 0.003672503400593996 -0.17985449731349945 0.0719655230641365 0.005875147879123688 -0.17985449731349945 0.07322249561548233 0.007677410263568163 -0.17985449731349945 0.07500672340393066 0.008956470526754856 -0.17985449731349945 0.07719661295413971 0.009625161997973919 -0.17985449731349945 0.07964292913675308 0.009637914597988129 -0.17985449731349945 0.08217896521091461 0.008993858471512794 -0.17985449731349945 0.08463188260793686 0.007736886851489544 -0.17985449731349945 0.08683452755212784 0.00595265906304121 -0.7638978362083435 0.08863678574562073 0.003762767417356372 -0.7638978362083435 0.08991584926843643 0.001316449255682528 -0.7638978362083435 0.09058453887701035 -0.001219582511112094 -0.7638978362083435 0.09059729427099228 -0.0036725017707794905 -0.7638978362083435 0.0899532362818718 -0.0058751460164785385 -0.7638978362083435 0.08869626373052597 -0.007677408866584301 -0.7638978362083435 0.08691203594207764 -0.008956468664109707 -0.7638978362083435 0.08472214639186859 -0.00962516013532877 -0.7638978362083435 0.08227583020925522 -0.00963791273534298 -0.7638978362083435 0.07973979413509369 -0.00899385754019022 -0.7638978362083435 0.07728687673807144 -0.007736885454505682 -0.7638978362083435 0.07508423179388046 -0.005952657666057348 -0.7638978362083435 0.07328196614980698 -0.0037627657875418663 -0.7638978362083435 0.07200291007757187 -0.0013164476258680224 -0.7638978362083435 0.07133422046899796 0.0012195841409265995 -0.7638978362083435 0.07132146507501602 0.003672503400593996 -0.7638978362083435 0.0719655230641365 0.005875147879123688 -0.7638978362083435 0.07322249561548233 0.007677410263568163 -0.7638978362083435 0.07500672340393066 0.008956470526754856 -0.7638978362083435 0.07719661295413971 0.009625161997973919 -0.7638978362083435 0.07964292913675308 0.009637914597988129 -0.7638978362083435 0.08217896521091461 0.008993858471512794 -0.7638978362083435 0.08463188260793686 0.007736886851489544 -0.7638978362083435 0.08683452755212784 5.92805415866593E-10 -0.17985446751117706 0.08095937967300415 0.00595265906304121 -0.17985449731349945 0.08863678574562073 0.003762767417356372 -0.17985449731349945 0.08991584926843643 0.001316449255682528 -0.17985449731349945 0.09058453887701035 -0.001219582511112094 -0.17985449731349945 0.09059729427099228 -0.0036725017707794905 -0.17985449731349945 0.0899532362818718 -0.0058751460164785385 -0.17985449731349945 0.08869626373052597 -0.007677408866584301 -0.17985449731349945 0.08691203594207764 -0.008956468664109707 -0.17985449731349945 0.08472214639186859 -0.00962516013532877 -0.17985449731349945 0.08227583020925522 -0.00963791273534298 -0.17985449731349945 0.07973979413509369 -0.00899385754019022 -0.17985449731349945 0.07728687673807144 -0.007736885454505682 -0.17985449731349945 0.07508423179388046 -0.005952657666057348 -0.17985449731349945 0.07328196614980698 -0.0037627657875418663 -0.17985449731349945 0.07200291007757187 -0.0013164476258680224 -0.17985449731349945 0.07133422046899796 0.0012195841409265995 -0.17985449731349945 0.07132146507501602 0.003672503400593996 -0.17985449731349945 0.0719655230641365 0.005875147879123688 -0.17985449731349945 0.07322249561548233 0.007677410263568163 -0.17985449731349945 0.07500672340393066 0.008956470526754856 -0.17985449731349945 0.07719661295413971 0.009625161997973919 -0.17985449731349945 0.07964292913675308 0.009637914597988129 -0.17985449731349945 0.08217896521091461 0.008993858471512794 -0.17985449731349945 0.08463188260793686 0.007736886851489544 -0.17985449731349945 0.08683452755212784 5.92805415866593E-10 -0.7638978362083435 0.08095937967300415 0.00595265906304121 -0.7638978362083435 0.08863678574562073 0.003762767417356372 -0.7638978362083435 0.08991584926843643 0.001316449255682528 -0.7638978362083435 0.09058453887701035 -0.001219582511112094 -0.7638978362083435 0.09059729427099228 -0.0036725017707794905 -0.7638978362083435 0.0899532362818718 -0.0058751460164785385 -0.7638978362083435 0.08869626373052597 -0.007677408866584301 -0.7638978362083435 0.08691203594207764 -0.008956468664109707 -0.7638978362083435 0.08472214639186859 -0.00962516013532877 -0.7638978362083435 0.08227583020925522 -0.00963791273534298 -0.7638978362083435 0.07973979413509369 -0.00899385754019022 -0.7638978362083435 0.07728687673807144 -0.007736885454505682 -0.7638978362083435 0.07508423179388046 -0.005952657666057348 -0.7638978362083435 0.07328196614980698 -0.0037627657875418663 -0.7638978362083435 0.07200291007757187 -0.0013164476258680224 -0.7638978362083435 0.07133422046899796 0.0012195841409265995 -0.7638978362083435 0.07132146507501602 0.003672503400593996 -0.7638978362083435 0.0719655230641365 0.005875147879123688 -0.7638978362083435 0.07322249561548233 0.007677410263568163 -0.7638978362083435 0.07500672340393066 0.008956470526754856 -0.7638978362083435 0.07719661295413971 0.009625161997973919 -0.7638978362083435 0.07964292913675308 0.009637914597988129 -0.7638978362083435 0.08217896521091461 0.008993858471512794 -0.7638978362083435 0.08463188260793686 0.007736886851489544 -0.7638978362083435 0.08683452755212784 0.03572062402963638 -0.19702129065990448 0.04253935441374779 -0.03572072833776474 -0.19702129065990448 0.12350845336914062 0.03572062402963638 -0.19702129065990448 0.12350845336914062 -0.03572072833776474 -0.19702129065990448 0.04253935441374779 0.07436398416757584 -0.14156700670719147 0.006604370661079884 0.07436398416757584 -0.10496346652507782 0.006604370661079884 0.07436398416757584 -0.10496346652507782 0.2025812268257141 0.07436398416757584 -0.11728127300739288 0.2025812268257141 0.07436398416757584 -0.14156700670719147 0.17849871516227722 0.07436398416757584 -0.10496346652507782 0.006604370661079884 0.07436398416757584 -0.10496346652507782 0.2025812268257141 -0.0743640586733818 -0.10496346652507782 0.006604370661079884 -0.0743640586733818 -0.10496346652507782 0.2025812268257141 -0.0743640586733818 -0.10496346652507782 0.006604370661079884 -0.0743640586733818 -0.10496346652507782 0.2025812268257141 -0.0743640586733818 -0.11728127300739288 0.2025812268257141 -0.0743640586733818 -0.14156700670719147 0.006604370661079884 -0.0743640586733818 -0.14156700670719147 0.17849871516227722 -0.0743640586733818 -0.10496346652507782 0.006604370661079884 0.07436398416757584 -0.10496346652507782 0.006604370661079884 -0.0743640586733818 -0.14156700670719147 0.006604370661079884 0.07436398416757584 -0.14156700670719147 0.006604370661079884 0.07228095084428787 -0.1445562094449997 0.006604370661079884 -0.07228102535009384 -0.1445562094449997 0.006604370661079884 -0.0743640586733818 -0.11728127300739288 0.2025812268257141 -0.0743640586733818 -0.10496346652507782 0.2025812268257141 0.07436398416757584 -0.11728127300739288 0.2025812268257141 0.07436398416757584 -0.10496346652507782 0.2025812268257141 0.07436398416757584 -0.11728127300739288 0.2025812268257141 -0.0743640586733818 -0.11728127300739288 0.2025812268257141 0.07436398416757584 -0.14156700670719147 0.17849871516227722 -0.03572072833776474 -0.19702129065990448 0.12350845336914062 -0.0743640586733818 -0.14156700670719147 0.17849871516227722 0.03572062402963638 -0.19702129065990448 0.12350845336914062 -0.0743640586733818 -0.14156700670719147 0.006604370661079884 -0.0743640586733818 -0.14156700670719147 0.17849871516227722 -0.03572072833776474 -0.19702129065990448 0.12350845336914062 -0.03572072833776474 -0.19702129065990448 0.04253935441374779 -0.07228102535009384 -0.1445562094449997 0.006604370661079884 0.07436398416757584 -0.14156700670719147 0.006604370661079884 0.07436398416757584 -0.14156700670719147 0.17849871516227722 0.07228095084428787 -0.1445562094449997 0.006604370661079884 0.03572062402963638 -0.19702129065990448 0.12350845336914062 0.03572062402963638 -0.19702129065990448 0.04253935441374779 -0.07228102535009384 -0.1445562094449997 0.006604370661079884 0.07228095084428787 -0.1445562094449997 0.006604370661079884 -0.03572072833776474 -0.19702129065990448 0.04253935441374779 0.03572062402963638 -0.19702129065990448 0.04253935441374779 -0.05952099710702896 0.0464930385351181 0.08933781832456589 -0.06191084906458855 0.0464930385351181 0.09073366969823837 -0.06458054482936859 0.0464930385351181 0.09146342426538467 -0.06734814494848251 0.0464930385351181 0.09147734194993973 -0.07002504169940948 0.0464930385351181 0.09077447652816772 -0.07242880761623383 0.0464930385351181 0.08940272778272629 -0.07439564168453217 0.0464930385351181 0.08745557814836502 -0.07579149305820465 0.0464930385351181 0.08506572991609573 -0.07652124017477036 0.0464930385351181 0.08239603042602539 -0.07653515785932541 0.0464930385351181 0.07962843030691147 -0.0758322924375534 0.0464930385351181 0.0769515335559845 -0.07446054369211197 0.0464930385351181 0.07454776763916016 -0.0725134015083313 0.0464930385351181 0.07258093357086182 -0.07012354582548141 0.0464930385351181 0.07118508219718933 -0.06745385378599167 0.0464930385351181 0.07045533508062363 -0.06468625366687775 0.0464930385351181 0.07044141739606857 -0.062009356915950775 0.0464930385351181 0.07114428281784058 -0.059605587273836136 0.0464930385351181 0.07251603156328201 -0.057638756930828094 0.0464930385351181 0.07446317374706268 -0.05624290555715561 0.0464930385351181 0.07685302942991257 -0.055513154715299606 0.0464930385351181 0.07952272146940231 -0.05549923703074455 0.0464930385351181 0.08229032158851624 -0.056202102452516556 0.0464930385351181 0.0849672183394432 -0.057573847472667694 0.0464930385351181 0.08737099170684814 -0.05952099710702896 0.021979739889502525 0.08933781832456589 -0.06191084906458855 0.021979739889502525 0.09073366969823837 -0.06458054482936859 0.021979739889502525 0.09146342426538467 -0.06734814494848251 0.021979739889502525 0.09147734194993973 -0.07002504169940948 0.021979739889502525 0.09077447652816772 -0.07242880761623383 0.021979739889502525 0.08940272778272629 -0.07439564168453217 0.021979739889502525 0.08745557814836502 -0.07579149305820465 0.021979739889502525 0.08506572991609573 -0.07652124017477036 0.021979739889502525 0.08239603042602539 -0.07653515785932541 0.021979739889502525 0.07962843030691147 -0.0758322924375534 0.021979739889502525 0.0769515335559845 -0.07446054369211197 0.021979739889502525 0.07454776763916016 -0.0725134015083313 0.021979739889502525 0.07258093357086182 -0.07012354582548141 0.021979739889502525 0.07118508219718933 -0.06745385378599167 0.021979739889502525 0.07045533508062363 -0.06468625366687775 0.021979739889502525 0.07044141739606857 -0.062009356915950775 0.021979739889502525 0.07114428281784058 -0.059605587273836136 0.021979739889502525 0.07251603156328201 -0.057638756930828094 0.021979739889502525 0.07446317374706268 -0.05624290555715561 0.021979739889502525 0.07685302942991257 -0.055513154715299606 0.021979739889502525 0.07952272146940231 -0.05549923703074455 0.021979739889502525 0.08229032158851624 -0.056202102452516556 0.021979739889502525 0.0849672183394432 -0.057573847472667694 0.021979739889502525 0.08737099170684814 -0.06601719558238983 0.0464930385351181 0.08095937967300415 -0.05952099710702896 0.0464930385351181 0.08933781832456589 -0.06191084906458855 0.0464930385351181 0.09073366969823837 -0.06458054482936859 0.0464930385351181 0.09146342426538467 -0.06734814494848251 0.0464930385351181 0.09147734194993973 -0.07002504169940948 0.0464930385351181 0.09077447652816772 -0.07242880761623383 0.0464930385351181 0.08940272778272629 -0.07439564168453217 0.0464930385351181 0.08745557814836502 -0.07579149305820465 0.0464930385351181 0.08506572991609573 -0.07652124017477036 0.0464930385351181 0.08239603042602539 -0.07653515785932541 0.0464930385351181 0.07962843030691147 -0.0758322924375534 0.0464930385351181 0.0769515335559845 -0.07446054369211197 0.0464930385351181 0.07454776763916016 -0.0725134015083313 0.0464930385351181 0.07258093357086182 -0.07012354582548141 0.0464930385351181 0.07118508219718933 -0.06745385378599167 0.0464930385351181 0.07045533508062363 -0.06468625366687775 0.0464930385351181 0.07044141739606857 -0.062009356915950775 0.0464930385351181 0.07114428281784058 -0.059605587273836136 0.0464930385351181 0.07251603156328201 -0.057638756930828094 0.0464930385351181 0.07446317374706268 -0.05624290555715561 0.0464930385351181 0.07685302942991257 -0.055513154715299606 0.0464930385351181 0.07952272146940231 -0.05549923703074455 0.0464930385351181 0.08229032158851624 -0.056202102452516556 0.0464930385351181 0.0849672183394432 -0.057573847472667694 0.0464930385351181 0.08737099170684814 -0.06601719558238983 0.021979741752147675 0.08095937967300415 -0.05952099710702896 0.021979739889502525 0.08933781832456589 -0.06191084906458855 0.021979739889502525 0.09073366969823837 -0.06458054482936859 0.021979739889502525 0.09146342426538467 -0.06734814494848251 0.021979739889502525 0.09147734194993973 -0.07002504169940948 0.021979739889502525 0.09077447652816772 -0.07242880761623383 0.021979739889502525 0.08940272778272629 -0.07439564168453217 0.021979739889502525 0.08745557814836502 -0.07579149305820465 0.021979739889502525 0.08506572991609573 -0.07652124017477036 0.021979739889502525 0.08239603042602539 -0.07653515785932541 0.021979739889502525 0.07962843030691147 -0.0758322924375534 0.021979739889502525 0.0769515335559845 -0.07446054369211197 0.021979739889502525 0.07454776763916016 -0.0725134015083313 0.021979739889502525 0.07258093357086182 -0.07012354582548141 0.021979739889502525 0.07118508219718933 -0.06745385378599167 0.021979739889502525 0.07045533508062363 -0.06468625366687775 0.021979739889502525 0.07044141739606857 -0.062009356915950775 0.021979739889502525 0.07114428281784058 -0.059605587273836136 0.021979739889502525 0.07251603156328201 -0.057638756930828094 0.021979739889502525 0.07446317374706268 -0.05624290555715561 0.021979739889502525 0.07685302942991257 -0.055513154715299606 0.021979739889502525 0.07952272146940231 -0.05549923703074455 0.021979739889502525 0.08229032158851624 -0.056202102452516556 0.021979739889502525 0.0849672183394432 -0.057573847472667694 0.021979739889502525 0.08737099170684814 -0.05952099710702896 0.241768017411232 0.08933781832456589 -0.06191084906458855 0.241768017411232 0.09073366969823837 -0.06458054482936859 0.241768017411232 0.09146342426538467 -0.06734814494848251 0.241768017411232 0.09147734194993973 -0.07002504169940948 0.241768017411232 0.09077447652816772 -0.07242880761623383 0.241768017411232 0.08940272778272629 -0.07439564168453217 0.241768017411232 0.08745557814836502 -0.07579149305820465 0.241768017411232 0.08506572991609573 -0.07652124017477036 0.241768017411232 0.08239603042602539 -0.07653515785932541 0.241768017411232 0.07962843030691147 -0.0758322924375534 0.241768017411232 0.0769515335559845 -0.07446054369211197 0.241768017411232 0.07454776763916016 -0.0725134015083313 0.241768017411232 0.07258093357086182 -0.07012354582548141 0.241768017411232 0.07118508219718933 -0.06745385378599167 0.241768017411232 0.07045533508062363 -0.06468625366687775 0.241768017411232 0.07044141739606857 -0.062009356915950775 0.241768017411232 0.07114428281784058 -0.059605587273836136 0.241768017411232 0.07251603156328201 -0.057638756930828094 0.241768017411232 0.07446317374706268 -0.05624290555715561 0.241768017411232 0.07685302942991257 -0.055513154715299606 0.241768017411232 0.07952272146940231 -0.05549923703074455 0.241768017411232 0.08229032158851624 -0.056202102452516556 0.241768017411232 0.0849672183394432 -0.057573847472667694 0.241768017411232 0.08737099170684814 -0.05952099710702896 0.21725472807884216 0.08933781832456589 -0.06191084906458855 0.21725472807884216 0.09073366969823837 -0.06458054482936859 0.21725472807884216 0.09146342426538467 -0.06734814494848251 0.21725472807884216 0.09147734194993973 -0.07002504169940948 0.21725472807884216 0.09077447652816772 -0.07242880761623383 0.21725472807884216 0.08940272778272629 -0.07439564168453217 0.21725472807884216 0.08745557814836502 -0.07579149305820465 0.21725472807884216 0.08506572991609573 -0.07652124017477036 0.21725472807884216 0.08239603042602539 -0.07653515785932541 0.21725472807884216 0.07962843030691147 -0.0758322924375534 0.21725472807884216 0.0769515335559845 -0.07446054369211197 0.21725472807884216 0.07454776763916016 -0.0725134015083313 0.21725472807884216 0.07258093357086182 -0.07012354582548141 0.21725472807884216 0.07118508219718933 -0.06745385378599167 0.21725472807884216 0.07045533508062363 -0.06468625366687775 0.21725472807884216 0.07044141739606857 -0.062009356915950775 0.21725472807884216 0.07114428281784058 -0.059605587273836136 0.21725472807884216 0.07251603156328201 -0.057638756930828094 0.21725472807884216 0.07446317374706268 -0.05624290555715561 0.21725472807884216 0.07685302942991257 -0.055513154715299606 0.21725472807884216 0.07952272146940231 -0.05549923703074455 0.21725472807884216 0.08229032158851624 -0.056202102452516556 0.21725472807884216 0.0849672183394432 -0.057573847472667694 0.21725472807884216 0.08737099170684814 -0.06601719558238983 0.241768017411232 0.08095937967300415 -0.05952099710702896 0.241768017411232 0.08933781832456589 -0.06191084906458855 0.241768017411232 0.09073366969823837 -0.06458054482936859 0.241768017411232 0.09146342426538467 -0.06734814494848251 0.241768017411232 0.09147734194993973 -0.07002504169940948 0.241768017411232 0.09077447652816772 -0.07242880761623383 0.241768017411232 0.08940272778272629 -0.07439564168453217 0.241768017411232 0.08745557814836502 -0.07579149305820465 0.241768017411232 0.08506572991609573 -0.07652124017477036 0.241768017411232 0.08239603042602539 -0.07653515785932541 0.241768017411232 0.07962843030691147 -0.0758322924375534 0.241768017411232 0.0769515335559845 -0.07446054369211197 0.241768017411232 0.07454776763916016 -0.0725134015083313 0.241768017411232 0.07258093357086182 -0.07012354582548141 0.241768017411232 0.07118508219718933 -0.06745385378599167 0.241768017411232 0.07045533508062363 -0.06468625366687775 0.241768017411232 0.07044141739606857 -0.062009356915950775 0.241768017411232 0.07114428281784058 -0.059605587273836136 0.241768017411232 0.07251603156328201 -0.057638756930828094 0.241768017411232 0.07446317374706268 -0.05624290555715561 0.241768017411232 0.07685302942991257 -0.055513154715299606 0.241768017411232 0.07952272146940231 -0.05549923703074455 0.241768017411232 0.08229032158851624 -0.056202102452516556 0.241768017411232 0.0849672183394432 -0.057573847472667694 0.241768017411232 0.08737099170684814 -0.06601719558238983 0.21725472807884216 0.08095937967300415 -0.05952099710702896 0.21725472807884216 0.08933781832456589 -0.06191084906458855 0.21725472807884216 0.09073366969823837 -0.06458054482936859 0.21725472807884216 0.09146342426538467 -0.06734814494848251 0.21725472807884216 0.09147734194993973 -0.07002504169940948 0.21725472807884216 0.09077447652816772 -0.07242880761623383 0.21725472807884216 0.08940272778272629 -0.07439564168453217 0.21725472807884216 0.08745557814836502 -0.07579149305820465 0.21725472807884216 0.08506572991609573 -0.07652124017477036 0.21725472807884216 0.08239603042602539 -0.07653515785932541 0.21725472807884216 0.07962843030691147 -0.0758322924375534 0.21725472807884216 0.0769515335559845 -0.07446054369211197 0.21725472807884216 0.07454776763916016 -0.0725134015083313 0.21725472807884216 0.07258093357086182 -0.07012354582548141 0.21725472807884216 0.07118508219718933 -0.06745385378599167 0.21725472807884216 0.07045533508062363 -0.06468625366687775 0.21725472807884216 0.07044141739606857 -0.062009356915950775 0.21725472807884216 0.07114428281784058 -0.059605587273836136 0.21725472807884216 0.07251603156328201 -0.057638756930828094 0.21725472807884216 0.07446317374706268 -0.05624290555715561 0.21725472807884216 0.07685302942991257 -0.055513154715299606 0.21725472807884216 0.07952272146940231 -0.05549923703074455 0.21725472807884216 0.08229032158851624 -0.056202102452516556 0.21725472807884216 0.0849672183394432 -0.057573847472667694 0.21725472807884216 0.08737099170684814 -0.03100099228322506 0.3161297142505646 0.007413343992084265 0.03100099228322506 0.3161297142505646 0.007413343992084265 -0.03100099228322506 0.28900453448295593 0.007413343992084265 0.03100099228322506 0.28900453448295593 0.007413343992084265 -0.03100099228322506 0.28900453448295593 0.03517097234725952 0.03100099228322506 0.28900453448295593 0.03517097234725952 -0.03100099228322506 0.3161297142505646 0.03517097234725952 0.03100099228322506 0.3161297142505646 0.03517097234725952 -0.03100099228322506 0.28900453448295593 0.007413343992084265 0.03100099228322506 0.28900453448295593 0.007413343992084265 -0.03100099228322506 0.28900453448295593 0.03517097234725952 0.03100099228322506 0.28900453448295593 0.03517097234725952 0.03100099228322506 0.28900453448295593 0.007413343992084265 0.03100099228322506 0.3161297142505646 0.007413343992084265 0.03100099228322506 0.28900453448295593 0.03517097234725952 0.03100099228322506 0.3161297142505646 0.03517097234725952 0.03100099228322506 0.3161297142505646 0.007413343992084265 -0.03100099228322506 0.3161297142505646 0.007413343992084265 0.03100099228322506 0.3161297142505646 0.03517097234725952 -0.03100099228322506 0.3161297142505646 0.03517097234725952 -0.03100099228322506 0.3161297142505646 0.007413343992084265 -0.03100099228322506 0.28900453448295593 0.007413343992084265 -0.03100099228322506 0.3161297142505646 0.03517097234725952 -0.03100099228322506 0.28900453448295593 0.03517097234725952 -0.03100099228322506 0.24255302548408508 0.007413343992084265 0.03100099228322506 0.24255302548408508 0.007413343992084265 -0.03100099228322506 0.21650509536266327 0.007413343992084265 0.03100099228322506 0.21650509536266327 0.007413343992084265 -0.03100099228322506 0.21650509536266327 0.03517097234725952 0.03100099228322506 0.21650509536266327 0.03517097234725952 -0.03100099228322506 0.24255302548408508 0.03517097234725952 0.03100099228322506 0.24255302548408508 0.03517097234725952 -0.03100099228322506 0.21650509536266327 0.007413343992084265 0.03100099228322506 0.21650509536266327 0.007413343992084265 -0.03100099228322506 0.21650509536266327 0.03517097234725952 0.03100099228322506 0.21650509536266327 0.03517097234725952 0.03100099228322506 0.21650509536266327 0.007413343992084265 0.03100099228322506 0.24255302548408508 0.007413343992084265 0.03100099228322506 0.21650509536266327 0.03517097234725952 0.03100099228322506 0.24255302548408508 0.03517097234725952 0.03100099228322506 0.24255302548408508 0.007413343992084265 -0.03100099228322506 0.24255302548408508 0.007413343992084265 0.03100099228322506 0.24255302548408508 0.03517097234725952 -0.03100099228322506 0.24255302548408508 0.03517097234725952 -0.03100099228322506 0.24255302548408508 0.007413343992084265 -0.03100099228322506 0.21650509536266327 0.007413343992084265 -0.03100099228322506 0.24255302548408508 0.03517097234725952 -0.03100099228322506 0.21650509536266327 0.03517097234725952 -0.03100099228322506 0.04693496972322464 0.007413343992084265 0.03100099228322506 0.04693496972322464 0.007413343992084265 -0.03100099228322506 0.02124158665537834 0.007413343992084265 0.03100099228322506 0.02124158665537834 0.007413343992084265 -0.03100099228322506 0.02124158665537834 0.03517097234725952 0.03100099228322506 0.02124158665537834 0.03517097234725952 -0.03100099228322506 0.04693496972322464 0.03517097234725952 0.03100099228322506 0.04693496972322464 0.03517097234725952 -0.03100099228322506 0.02124158665537834 0.007413343992084265 0.03100099228322506 0.02124158665537834 0.007413343992084265 -0.03100099228322506 0.02124158665537834 0.03517097234725952 0.03100099228322506 0.02124158665537834 0.03517097234725952 0.03100099228322506 0.02124158665537834 0.007413343992084265 0.03100099228322506 0.04693496972322464 0.007413343992084265 0.03100099228322506 0.02124158665537834 0.03517097234725952 0.03100099228322506 0.04693496972322464 0.03517097234725952 0.03100099228322506 0.04693496972322464 0.007413343992084265 -0.03100099228322506 0.04693496972322464 0.007413343992084265 0.03100099228322506 0.04693496972322464 0.03517097234725952 -0.03100099228322506 0.04693496972322464 0.03517097234725952 -0.03100099228322506 0.04693496972322464 0.007413343992084265 -0.03100099228322506 0.02124158665537834 0.007413343992084265 -0.03100099228322506 0.04693496972322464 0.03517097234725952 -0.03100099228322506 0.02124158665537834 0.03517097234725952 0.04050489142537117 0.047011420130729675 0.13320034742355347 0.0256037637591362 0.047011420130729675 0.14190371334552765 0.00895778089761734 0.047011420130729675 0.1464538276195526 -0.008298659697175026 0.047011420130729675 0.14654061198234558 -0.02498956024646759 0.047011420130729675 0.1421581208705902 -0.03997746482491493 0.047011420130729675 0.13360506296157837 -0.052240967750549316 0.047011420130729675 0.12146426737308502 -0.0609443373978138 0.047011420130729675 0.10656314343214035 -0.06549444794654846 0.047011420130729675 0.08991716057062149 -0.06558122485876083 0.047011420130729675 0.07266071438789368 -0.061198748648166656 0.047011420130729675 0.05596981570124626 -0.05264567583799362 0.047011420130729675 0.04098191484808922 -0.04050489142537117 0.047011420130729675 0.028718408197164536 -0.02560376189649105 0.047011420130729675 0.020015040412545204 -0.00895777903497219 0.047011420130729675 0.01546492613852024 0.008298661559820175 0.047011420130729675 0.015378152020275593 0.02498956210911274 0.047011420130729675 0.019760629162192345 0.03997746482491493 0.047011420130729675 0.02831370010972023 0.052240971475839615 0.047011420130729675 0.04045448824763298 0.060944341123104095 0.047011420130729675 0.05535561591386795 0.06549445539712906 0.047011420130729675 0.07200159877538681 0.06558122485876083 0.047011420130729675 0.08925803750753403 0.061198748648166656 0.047011420130729675 0.10594893991947174 0.05264567956328392 0.047011420130729675 0.12093684077262878 0.04050489142537117 0.02146136201918125 0.13320034742355347 0.0256037637591362 0.02146136201918125 0.14190371334552765 0.00895778089761734 0.02146136201918125 0.1464538276195526 -0.008298659697175026 0.02146136201918125 0.14654061198234558 -0.02498956024646759 0.02146136201918125 0.1421581208705902 -0.03997746482491493 0.02146136201918125 0.13360506296157837 -0.052240967750549316 0.02146136201918125 0.12146426737308502 -0.0609443373978138 0.02146136201918125 0.10656314343214035 -0.06549444794654846 0.02146136201918125 0.08991716057062149 -0.06558122485876083 0.02146136201918125 0.07266071438789368 -0.061198748648166656 0.02146136201918125 0.05596981570124626 -0.05264567583799362 0.02146136201918125 0.04098191484808922 -0.04050489142537117 0.02146136201918125 0.028718408197164536 -0.02560376189649105 0.02146136201918125 0.020015040412545204 -0.00895777903497219 0.02146136201918125 0.01546492613852024 0.008298661559820175 0.02146136201918125 0.015378152020275593 0.02498956210911274 0.02146136201918125 0.019760629162192345 0.03997746482491493 0.02146136201918125 0.02831370010972023 0.052240971475839615 0.02146136201918125 0.04045448824763298 0.060944341123104095 0.02146136201918125 0.05535561591386795 0.06549445539712906 0.02146136201918125 0.07200159877538681 0.06558122485876083 0.02146136201918125 0.08925803750753403 0.061198748648166656 0.02146136201918125 0.10594893991947174 0.05264567956328392 0.02146136201918125 0.12093684077262878 -6.856702428059691E-10 0.047011420130729675 0.08095937967300415 0.04050489142537117 0.047011420130729675 0.13320034742355347 0.0256037637591362 0.047011420130729675 0.14190371334552765 0.00895778089761734 0.047011420130729675 0.1464538276195526 -0.008298659697175026 0.047011420130729675 0.14654061198234558 -0.02498956024646759 0.047011420130729675 0.1421581208705902 -0.03997746482491493 0.047011420130729675 0.13360506296157837 -0.052240967750549316 0.047011420130729675 0.12146426737308502 -0.0609443373978138 0.047011420130729675 0.10656314343214035 -0.06549444794654846 0.047011420130729675 0.08991716057062149 -0.06558122485876083 0.047011420130729675 0.07266071438789368 -0.061198748648166656 0.047011420130729675 0.05596981570124626 -0.05264567583799362 0.047011420130729675 0.04098191484808922 -0.04050489142537117 0.047011420130729675 0.028718408197164536 -0.02560376189649105 0.047011420130729675 0.020015040412545204 -0.00895777903497219 0.047011420130729675 0.01546492613852024 0.008298661559820175 0.047011420130729675 0.015378152020275593 0.02498956210911274 0.047011420130729675 0.019760629162192345 0.03997746482491493 0.047011420130729675 0.02831370010972023 0.052240971475839615 0.047011420130729675 0.04045448824763298 0.060944341123104095 0.047011420130729675 0.05535561591386795 0.06549445539712906 0.047011420130729675 0.07200159877538681 0.06558122485876083 0.047011420130729675 0.08925803750753403 0.061198748648166656 0.047011420130729675 0.10594893991947174 0.05264567956328392 0.047011420130729675 0.12093684077262878 -6.856702428059691E-10 0.0214613638818264 0.08095937967300415 0.04050489142537117 0.02146136201918125 0.13320034742355347 0.0256037637591362 0.02146136201918125 0.14190371334552765 0.00895778089761734 0.02146136201918125 0.1464538276195526 -0.008298659697175026 0.02146136201918125 0.14654061198234558 -0.02498956024646759 0.02146136201918125 0.1421581208705902 -0.03997746482491493 0.02146136201918125 0.13360506296157837 -0.052240967750549316 0.02146136201918125 0.12146426737308502 -0.0609443373978138 0.02146136201918125 0.10656314343214035 -0.06549444794654846 0.02146136201918125 0.08991716057062149 -0.06558122485876083 0.02146136201918125 0.07266071438789368 -0.061198748648166656 0.02146136201918125 0.05596981570124626 -0.05264567583799362 0.02146136201918125 0.04098191484808922 -0.04050489142537117 0.02146136201918125 0.028718408197164536 -0.02560376189649105 0.02146136201918125 0.020015040412545204 -0.00895777903497219 0.02146136201918125 0.01546492613852024 0.008298661559820175 0.02146136201918125 0.015378152020275593 0.02498956210911274 0.02146136201918125 0.019760629162192345 0.03997746482491493 0.02146136201918125 0.02831370010972023 0.052240971475839615 0.02146136201918125 0.04045448824763298 0.060944341123104095 0.02146136201918125 0.05535561591386795 0.06549445539712906 0.02146136201918125 0.07200159877538681 0.06558122485876083 0.02146136201918125 0.08925803750753403 0.061198748648166656 0.02146136201918125 0.10594893991947174 0.05264567956328392 0.02146136201918125 0.12093684077262878 0.04050489142537117 0.24211108684539795 0.13320034742355347 0.0256037637591362 0.24211108684539795 0.14190371334552765 0.00895778089761734 0.24211108684539795 0.1464538276195526 -0.008298659697175026 0.24211108684539795 0.14654061198234558 -0.02498956024646759 0.24211108684539795 0.1421581208705902 -0.03997746482491493 0.24211108684539795 0.13360506296157837 -0.052240967750549316 0.24211108684539795 0.12146426737308502 -0.0609443373978138 0.24211108684539795 0.10656314343214035 -0.06549444794654846 0.24211108684539795 0.08991716057062149 -0.06558122485876083 0.24211108684539795 0.07266071438789368 -0.061198748648166656 0.24211108684539795 0.05596981570124626 -0.05264567583799362 0.24211108684539795 0.04098191484808922 -0.04050489142537117 0.24211108684539795 0.028718408197164536 -0.02560376189649105 0.24211108684539795 0.020015040412545204 -0.00895777903497219 0.24211108684539795 0.01546492613852024 0.008298661559820175 0.24211108684539795 0.015378152020275593 0.02498956210911274 0.24211108684539795 0.019760629162192345 0.03997746482491493 0.24211108684539795 0.02831370010972023 0.052240971475839615 0.24211108684539795 0.04045448824763298 0.060944341123104095 0.24211108684539795 0.05535561591386795 0.06549445539712906 0.24211108684539795 0.07200159877538681 0.06558122485876083 0.24211108684539795 0.08925803750753403 0.061198748648166656 0.24211108684539795 0.10594893991947174 0.05264567956328392 0.24211108684539795 0.12093684077262878 0.04050489142537117 0.21656103432178497 0.13320034742355347 0.0256037637591362 0.21656103432178497 0.14190371334552765 0.00895778089761734 0.21656103432178497 0.1464538276195526 -0.008298659697175026 0.21656103432178497 0.14654061198234558 -0.02498956024646759 0.21656103432178497 0.1421581208705902 -0.03997746482491493 0.21656103432178497 0.13360506296157837 -0.052240967750549316 0.21656103432178497 0.12146426737308502 -0.0609443373978138 0.21656103432178497 0.10656314343214035 -0.06549444794654846 0.21656103432178497 0.08991716057062149 -0.06558122485876083 0.21656103432178497 0.07266071438789368 -0.061198748648166656 0.21656103432178497 0.05596981570124626 -0.05264567583799362 0.21656103432178497 0.04098191484808922 -0.04050489142537117 0.21656103432178497 0.028718408197164536 -0.02560376189649105 0.21656103432178497 0.020015040412545204 -0.00895777903497219 0.21656103432178497 0.01546492613852024 0.008298661559820175 0.21656103432178497 0.015378152020275593 0.02498956210911274 0.21656103432178497 0.019760629162192345 0.03997746482491493 0.21656103432178497 0.02831370010972023 0.052240971475839615 0.21656103432178497 0.04045448824763298 0.060944341123104095 0.21656103432178497 0.05535561591386795 0.06549445539712906 0.21656103432178497 0.07200159877538681 0.06558122485876083 0.21656103432178497 0.08925803750753403 0.061198748648166656 0.21656103432178497 0.10594893991947174 0.05264567956328392 0.21656103432178497 0.12093684077262878 -6.856702428059691E-10 0.24211108684539795 0.08095937967300415 0.04050489142537117 0.24211108684539795 0.13320034742355347 0.0256037637591362 0.24211108684539795 0.14190371334552765 0.00895778089761734 0.24211108684539795 0.1464538276195526 -0.008298659697175026 0.24211108684539795 0.14654061198234558 -0.02498956024646759 0.24211108684539795 0.1421581208705902 -0.03997746482491493 0.24211108684539795 0.13360506296157837 -0.052240967750549316 0.24211108684539795 0.12146426737308502 -0.0609443373978138 0.24211108684539795 0.10656314343214035 -0.06549444794654846 0.24211108684539795 0.08991716057062149 -0.06558122485876083 0.24211108684539795 0.07266071438789368 -0.061198748648166656 0.24211108684539795 0.05596981570124626 -0.05264567583799362 0.24211108684539795 0.04098191484808922 -0.04050489142537117 0.24211108684539795 0.028718408197164536 -0.02560376189649105 0.24211108684539795 0.020015040412545204 -0.00895777903497219 0.24211108684539795 0.01546492613852024 0.008298661559820175 0.24211108684539795 0.015378152020275593 0.02498956210911274 0.24211108684539795 0.019760629162192345 0.03997746482491493 0.24211108684539795 0.02831370010972023 0.052240971475839615 0.24211108684539795 0.04045448824763298 0.060944341123104095 0.24211108684539795 0.05535561591386795 0.06549445539712906 0.24211108684539795 0.07200159877538681 0.06558122485876083 0.24211108684539795 0.08925803750753403 0.061198748648166656 0.24211108684539795 0.10594893991947174 0.05264567956328392 0.24211108684539795 0.12093684077262878 -6.856702428059691E-10 0.21656103432178497 0.08095937967300415 0.04050489142537117 0.21656103432178497 0.13320034742355347 0.0256037637591362 0.21656103432178497 0.14190371334552765 0.00895778089761734 0.21656103432178497 0.1464538276195526 -0.008298659697175026 0.21656103432178497 0.14654061198234558 -0.02498956024646759 0.21656103432178497 0.1421581208705902 -0.03997746482491493 0.21656103432178497 0.13360506296157837 -0.052240967750549316 0.21656103432178497 0.12146426737308502 -0.0609443373978138 0.21656103432178497 0.10656314343214035 -0.06549444794654846 0.21656103432178497 0.08991716057062149 -0.06558122485876083 0.21656103432178497 0.07266071438789368 -0.061198748648166656 0.21656103432178497 0.05596981570124626 -0.05264567583799362 0.21656103432178497 0.04098191484808922 -0.04050489142537117 0.21656103432178497 0.028718408197164536 -0.02560376189649105 0.21656103432178497 0.020015040412545204 -0.00895777903497219 0.21656103432178497 0.01546492613852024 0.008298661559820175 0.21656103432178497 0.015378152020275593 0.02498956210911274 0.21656103432178497 0.019760629162192345 0.03997746482491493 0.21656103432178497 0.02831370010972023 0.052240971475839615 0.21656103432178497 0.04045448824763298 0.060944341123104095 0.21656103432178497 0.05535561591386795 0.06549445539712906 0.21656103432178497 0.07200159877538681 0.06558122485876083 0.21656103432178497 0.08925803750753403 0.061198748648166656 0.21656103432178497 0.10594893991947174 0.05264567956328392 0.21656103432178497 0.12093684077262878 0.033464591950178146 0.31910765171051025 0.12412016093730927 0.021153481677174568 0.31910765171051025 0.13131076097488403 0.007400796748697758 0.31910765171051025 0.13507001101970673 -0.00685623986646533 0.31910765171051025 0.13514170050621033 -0.02064603567123413 0.31910765171051025 0.13152095675468445 -0.03302883729338646 0.31910765171051025 0.12445452064275742 -0.043160777539014816 0.31910765171051025 0.114423967897892 -0.05035138502717018 0.31910765171051025 0.10211285948753357 -0.05411062389612198 0.31910765171051025 0.08836017549037933 -0.05418231710791588 0.31910765171051025 0.07410313934087753 -0.05056157335639 0.31910765171051025 0.06031334400177002 -0.043495144695043564 0.31910765171051025 0.04793054237961769 -0.03346458822488785 0.31910765171051025 0.037798598408699036 -0.02115347981452942 0.31910765171051025 0.03060799464583397 -0.007400795351713896 0.31910765171051025 0.026848752051591873 0.006856241263449192 0.31910765171051025 0.026777060702443123 0.02064603753387928 0.31910765171051025 0.030397804453969002 0.03302883729338646 0.31910765171051025 0.03746423497796059 0.043160781264305115 0.31910765171051025 0.047494787722826004 0.05035138502717018 0.31910765171051025 0.05980589613318443 0.05411062762141228 0.31910765171051025 0.07355858385562897 0.05418232083320618 0.31910765171051025 0.08781562000513077 0.0505615770816803 0.31910765171051025 0.10160541534423828 0.043495144695043564 0.31910765171051025 0.11398821324110031 0.033464591950178146 -0.1043623611330986 0.12412016093730927 0.021153481677174568 -0.1043623611330986 0.13131076097488403 0.007400796748697758 -0.1043623611330986 0.13507001101970673 -0.00685623986646533 -0.1043623611330986 0.13514170050621033 -0.02064603567123413 -0.1043623611330986 0.13152095675468445 -0.03302883729338646 -0.1043623611330986 0.12445452064275742 -0.043160777539014816 -0.1043623611330986 0.114423967897892 -0.05035138502717018 -0.1043623611330986 0.10211285948753357 -0.05411062389612198 -0.1043623611330986 0.08836017549037933 -0.05418231710791588 -0.1043623611330986 0.07410313934087753 -0.05056157335639 -0.1043623611330986 0.06031334400177002 -0.043495144695043564 -0.1043623611330986 0.04793054237961769 -0.03346458822488785 -0.1043623611330986 0.037798598408699036 -0.02115347981452942 -0.1043623611330986 0.03060799464583397 -0.007400795351713896 -0.1043623611330986 0.026848752051591873 0.006856241263449192 -0.1043623611330986 0.026777060702443123 0.02064603753387928 -0.1043623611330986 0.030397804453969002 0.03302883729338646 -0.1043623611330986 0.03746423497796059 0.043160781264305115 -0.1043623611330986 0.047494787722826004 0.05035138502717018 -0.1043623611330986 0.05980589613318443 0.05411062762141228 -0.1043623611330986 0.07355858385562897 0.05418232083320618 -0.1043623611330986 0.08781562000513077 0.0505615770816803 -0.1043623611330986 0.10160541534423828 0.043495144695043564 -0.1043623611330986 0.11398821324110031 -4.251703988877864E-10 0.31910768151283264 0.08095937967300415 0.033464591950178146 0.31910765171051025 0.12412016093730927 0.021153481677174568 0.31910765171051025 0.13131076097488403 0.007400796748697758 0.31910765171051025 0.13507001101970673 -0.00685623986646533 0.31910765171051025 0.13514170050621033 -0.02064603567123413 0.31910765171051025 0.13152095675468445 -0.03302883729338646 0.31910765171051025 0.12445452064275742 -0.043160777539014816 0.31910765171051025 0.114423967897892 -0.05035138502717018 0.31910765171051025 0.10211285948753357 -0.05411062389612198 0.31910765171051025 0.08836017549037933 -0.05418231710791588 0.31910765171051025 0.07410313934087753 -0.05056157335639 0.31910765171051025 0.06031334400177002 -0.043495144695043564 0.31910765171051025 0.04793054237961769 -0.03346458822488785 0.31910765171051025 0.037798598408699036 -0.02115347981452942 0.31910765171051025 0.03060799464583397 -0.007400795351713896 0.31910765171051025 0.026848752051591873 0.006856241263449192 0.31910765171051025 0.026777060702443123 0.02064603753387928 0.31910765171051025 0.030397804453969002 0.03302883729338646 0.31910765171051025 0.03746423497796059 0.043160781264305115 0.31910765171051025 0.047494787722826004 0.05035138502717018 0.31910765171051025 0.05980589613318443 0.05411062762141228 0.31910765171051025 0.07355858385562897 0.05418232083320618 0.31910765171051025 0.08781562000513077 0.0505615770816803 0.31910765171051025 0.10160541534423828 0.043495144695043564 0.31910765171051025 0.11398821324110031 -4.251703988877864E-10 -0.10436233878135681 0.08095937967300415 0.033464591950178146 -0.1043623611330986 0.12412016093730927 0.021153481677174568 -0.1043623611330986 0.13131076097488403 0.007400796748697758 -0.1043623611330986 0.13507001101970673 -0.00685623986646533 -0.1043623611330986 0.13514170050621033 -0.02064603567123413 -0.1043623611330986 0.13152095675468445 -0.03302883729338646 -0.1043623611330986 0.12445452064275742 -0.043160777539014816 -0.1043623611330986 0.114423967897892 -0.05035138502717018 -0.1043623611330986 0.10211285948753357 -0.05411062389612198 -0.1043623611330986 0.08836017549037933 -0.05418231710791588 -0.1043623611330986 0.07410313934087753 -0.05056157335639 -0.1043623611330986 0.06031334400177002 -0.043495144695043564 -0.1043623611330986 0.04793054237961769 -0.03346458822488785 -0.1043623611330986 0.037798598408699036 -0.02115347981452942 -0.1043623611330986 0.03060799464583397 -0.007400795351713896 -0.1043623611330986 0.026848752051591873 0.006856241263449192 -0.1043623611330986 0.026777060702443123 0.02064603753387928 -0.1043623611330986 0.030397804453969002 0.03302883729338646 -0.1043623611330986 0.03746423497796059 0.043160781264305115 -0.1043623611330986 0.047494787722826004 0.05035138502717018 -0.1043623611330986 0.05980589613318443 0.05411062762141228 -0.1043623611330986 0.07355858385562897 0.05418232083320618 -0.1043623611330986 0.08781562000513077 0.0505615770816803 -0.1043623611330986 0.10160541534423828 0.043495144695043564 -0.1043623611330986 0.11398821324110031 0.03855634853243828 0.3192959129810333 0.13068722188472748 0.024372059851884842 0.3192959129810333 0.13897190988063812 0.008526855148375034 0.3192959129810333 0.14330312609672546 -0.007899441756308079 0.3192959129810333 0.14338573813438416 -0.023787403479218483 0.3192959129810333 0.13921408355236053 -0.038054294884204865 0.3192959129810333 0.13107246160507202 -0.049727845937013626 0.3192959129810333 0.11951572448015213 -0.05801253020763397 0.3192959129810333 0.1053314357995987 -0.06234375387430191 0.3192959129810333 0.08948623389005661 -0.062426354736089706 0.3192959129810333 0.07305993884801865 -0.058254700154066086 0.3192959129810333 0.05717197433114052 -0.05011308565735817 0.3192959129810333 0.042905084788799286 -0.03855634853243828 0.3192959129810333 0.031231530010700226 -0.024372057989239693 0.3192959129810333 0.02294684760272503 -0.008526853285729885 0.3192959129810333 0.01861562393605709 0.007899443618953228 0.3192959129810333 0.018533023074269295 0.023787405341863632 0.3192959129810333 0.022704675793647766 0.038054294884204865 0.3192959129810333 0.030846290290355682 0.049727849662303925 0.3192959129810333 0.042403027415275574 0.05801253020763397 0.3192959129810333 0.05658731982111931 0.06234375387430191 0.3192959129810333 0.07243252545595169 0.062426354736089706 0.3192959129810333 0.08885882049798965 0.058254703879356384 0.3192959129810333 0.10474678128957748 0.05011308938264847 0.3192959129810333 0.11901367455720901 0.03855634853243828 0.2794671654701233 0.13068722188472748 0.024372059851884842 0.2794671654701233 0.13897190988063812 0.008526855148375034 0.2794671654701233 0.14330312609672546 -0.007899441756308079 0.2794671654701233 0.14338573813438416 -0.023787403479218483 0.2794671654701233 0.13921408355236053 -0.038054294884204865 0.2794671654701233 0.13107246160507202 -0.049727845937013626 0.2794671654701233 0.11951572448015213 -0.05801253020763397 0.2794671654701233 0.1053314357995987 -0.06234375387430191 0.2794671654701233 0.08948623389005661 -0.062426354736089706 0.2794671654701233 0.07305993884801865 -0.058254700154066086 0.2794671654701233 0.05717197433114052 -0.05011308565735817 0.2794671654701233 0.042905084788799286 -0.03855634853243828 0.2794671654701233 0.031231530010700226 -0.024372057989239693 0.2794671654701233 0.02294684760272503 -0.008526853285729885 0.2794671654701233 0.01861562393605709 0.007899443618953228 0.2794671654701233 0.018533023074269295 0.023787405341863632 0.2794671654701233 0.022704675793647766 0.038054294884204865 0.2794671654701233 0.030846290290355682 0.049727849662303925 0.2794671654701233 0.042403027415275574 0.05801253020763397 0.2794671654701233 0.05658731982111931 0.06234375387430191 0.2794671654701233 0.07243252545595169 0.062426354736089706 0.2794671654701233 0.08885882049798965 0.058254703879356384 0.2794671654701233 0.10474678128957748 0.05011308938264847 0.2794671654701233 0.11901367455720901 -6.135718044752991E-10 0.3192959129810333 0.08095937967300415 0.03855634853243828 0.3192959129810333 0.13068722188472748 0.024372059851884842 0.3192959129810333 0.13897190988063812 0.008526855148375034 0.3192959129810333 0.14330312609672546 -0.007899441756308079 0.3192959129810333 0.14338573813438416 -0.023787403479218483 0.3192959129810333 0.13921408355236053 -0.038054294884204865 0.3192959129810333 0.13107246160507202 -0.049727845937013626 0.3192959129810333 0.11951572448015213 -0.05801253020763397 0.3192959129810333 0.1053314357995987 -0.06234375387430191 0.3192959129810333 0.08948623389005661 -0.062426354736089706 0.3192959129810333 0.07305993884801865 -0.058254700154066086 0.3192959129810333 0.05717197433114052 -0.05011308565735817 0.3192959129810333 0.042905084788799286 -0.03855634853243828 0.3192959129810333 0.031231530010700226 -0.024372057989239693 0.3192959129810333 0.02294684760272503 -0.008526853285729885 0.3192959129810333 0.01861562393605709 0.007899443618953228 0.3192959129810333 0.018533023074269295 0.023787405341863632 0.3192959129810333 0.022704675793647766 0.038054294884204865 0.3192959129810333 0.030846290290355682 0.049727849662303925 0.3192959129810333 0.042403027415275574 0.05801253020763397 0.3192959129810333 0.05658731982111931 0.06234375387430191 0.3192959129810333 0.07243252545595169 0.062426354736089706 0.3192959129810333 0.08885882049798965 0.058254703879356384 0.3192959129810333 0.10474678128957748 0.05011308938264847 0.3192959129810333 0.11901367455720901 -6.135718044752991E-10 0.2794671654701233 0.08095937967300415 0.03855634853243828 0.2794671654701233 0.13068722188472748 0.024372059851884842 0.2794671654701233 0.13897190988063812 0.008526855148375034 0.2794671654701233 0.14330312609672546 -0.007899441756308079 0.2794671654701233 0.14338573813438416 -0.023787403479218483 0.2794671654701233 0.13921408355236053 -0.038054294884204865 0.2794671654701233 0.13107246160507202 -0.049727845937013626 0.2794671654701233 0.11951572448015213 -0.05801253020763397 0.2794671654701233 0.1053314357995987 -0.06234375387430191 0.2794671654701233 0.08948623389005661 -0.062426354736089706 0.2794671654701233 0.07305993884801865 -0.058254700154066086 0.2794671654701233 0.05717197433114052 -0.05011308565735817 0.2794671654701233 0.042905084788799286 -0.03855634853243828 0.2794671654701233 0.031231530010700226 -0.024372057989239693 0.2794671654701233 0.02294684760272503 -0.008526853285729885 0.2794671654701233 0.01861562393605709 0.007899443618953228 0.2794671654701233 0.018533023074269295 0.023787405341863632 0.2794671654701233 0.022704675793647766 0.038054294884204865 0.2794671654701233 0.030846290290355682 0.049727849662303925 0.2794671654701233 0.042403027415275574 0.05801253020763397 0.2794671654701233 0.05658731982111931 0.06234375387430191 0.2794671654701233 0.07243252545595169 0.062426354736089706 0.2794671654701233 0.08885882049798965 0.058254703879356384 0.2794671654701233 0.10474678128957748 0.05011308938264847 0.2794671654701233 0.11901367455720901 -0.003909999970346689 0.47470998764038086 0.08023999631404877 -0.0006110320100560784 0.47470998764038086 0.08229845762252808 -0.0024510102812200785 0.47470998764038086 0.08384441584348679 -0.004848273005336523 0.47470998764038086 0.08401360362768173 -0.006887147203087807 0.47470998764038086 0.08274140954017639 -0.007788852322846651 0.47470998764038086 0.08051376044750214 -0.007208968047052622 0.47470998764038086 0.07818154245615005 -0.005368989892303944 0.47470998764038086 0.07663558423519135 -0.002971727168187499 0.47470998764038086 0.0764663964509964 -0.0009328527958132327 0.47470998764038086 0.07773859053850174 -3.114749415544793E-05 0.47470998764038086 0.079966239631176 0.0026879359502345324 0.47470998764038086 0.08435691893100739 -0.000992020359262824 0.47470998764038086 0.08744882792234421 -0.00578654557466507 0.47470998764038086 0.0877872034907341 -0.009864294901490211 0.47470998764038086 0.08524281531572342 -0.0116677051410079 0.47470998764038086 0.08078751713037491 -0.010507935658097267 0.47470998764038086 0.07612308114767075 -0.006827979814261198 0.47470998764038086 0.07303117215633392 -0.002033454133197665 0.47470998764038086 0.07269279658794403 0.0020442944951355457 0.47470998764038086 0.07523718476295471 0.003847704967483878 0.47470998764038086 0.07969248294830322 0.005986903794109821 0.4727250635623932 0.0864153727889061 0.00046696941717527807 0.4727250635623932 0.09105324000120163 -0.006724818609654903 0.4727250635623932 0.09156081080436707 -0.012841441668570042 0.4727250635623932 0.08774422109127045 -0.015546557493507862 0.4727250635623932 0.08106127381324768 -0.0138069037348032 0.4727250635623932 0.07406462728977203 -0.008286969736218452 0.4727250635623932 0.0694267600774765 -0.001095181331038475 0.4727250635623932 0.06891918927431107 0.005021441727876663 0.4727250635623932 0.07273577898740768 0.007726557552814484 0.4727250635623932 0.07941872626543045 0.008268510922789574 0.4559051990509033 0.08714459091424942 0.0020488041918724775 0.4559051990509033 0.09237040579319 -0.00605470035225153 0.4559051990509033 0.09294232726097107 -0.012946738861501217 0.4559051990509033 0.08864189684391022 -0.015994787216186523 0.4559051990509033 0.08111174404621124 -0.014034594409167767 0.4559051990509033 0.07322812080383301 -0.007814887911081314 0.4559051990509033 0.06800230592489243 0.0002886167203541845 0.4559051990509033 0.06743038445711136 0.007180655375123024 0.4559051990509033 0.07173081487417221 0.01022870372980833 0.4559051990509033 0.07926096767187119 0.009497730992734432 0.438877135515213 0.08798780292272568 0.0027608417440205812 0.438877135515213 0.09364815801382065 -0.006016487255692482 0.438877135515213 0.09426763653755188 -0.013481615111231804 0.438877135515213 0.08960961550474167 -0.01678311452269554 0.438877135515213 0.08145330846309662 -0.014659928157925606 0.438877135515213 0.07291414588689804 -0.007923038676381111 0.438877135515213 0.06725379079580307 0.0008542906143702567 0.438877135515213 0.06663431227207184 0.00831941794604063 0.438877135515213 0.07129233330488205 0.011620918288826942 0.438877135515213 0.0794486403465271 0.011115660890936852 0.4218490421772003 0.08927063643932343 0.0036778473295271397 0.4218490421772003 0.09551990777254105 -0.006012698635458946 0.4218490421772003 0.09620383381843567 -0.01425451785326004 0.4218490421772003 0.09106118232011795 -0.017899515107274055 0.4218490421772003 0.08205627650022507 -0.01555542554706335 0.4218490421772003 0.07262866944074631 -0.008117612451314926 0.4218490421772003 0.06637940555810928 0.0015729336300864816 0.4218490421772003 0.06569547206163406 0.009814752265810966 0.4218490421772003 0.07083812355995178 0.013459750451147556 0.4218490421772003 0.07984303683042526 0.013269198127090931 0.40482097864151 0.09045185893774033 0.00477553578093648 0.40482097864151 0.09758825600147247 -0.0062906499952077866 0.40482097864151 0.09836927056312561 -0.01570245251059532 0.40482097864151 0.0924965888261795 -0.0198648814111948 0.40482097864151 0.08221336454153061 -0.01718803308904171 0.40482097864151 0.0714474469423294 -0.008694370277225971 0.40482097864151 0.06431105732917786 0.0023718152660876513 0.40482097864151 0.06353003531694412 0.011783617548644543 0.40482097864151 0.06940272450447083 0.015946047380566597 0.40482097864151 0.07968594133853912 0.01577509194612503 0.38869091868400574 0.0919685959815979 0.005925672594457865 0.38869091868400574 0.10024410486221313 -0.006906894501298666 0.38869091868400574 0.1011497899889946 -0.01782100647687912 0.38869091868400574 0.09433970600366592 -0.022647840902209282 0.38869091868400574 0.08241508156061172 -0.019543714821338654 0.38869091868400574 0.06993070989847183 -0.00969429686665535 0.38869091868400574 0.061655204743146896 0.0031382706947624683 0.38869091868400574 0.06074952334165573 0.014052381739020348 0.38869091868400574 0.0675596073269844 0.01887921802699566 0.38869091868400574 0.0794842317700386 0.020716078579425812 0.36027777194976807 0.09466587007045746 0.008455668576061726 0.36027777194976807 0.10496710240840912 -0.00751812057569623 0.36027777194976807 0.10609447956085205 -0.021103844046592712 0.36027777194976807 0.09761738777160645 -0.027112217620015144 0.36027777194976807 0.08277378976345062 -0.023248247802257538 0.36027777194976807 0.06723343580961227 -0.010987836867570877 0.36027777194976807 0.05693221092224121 0.004985951818525791 0.36027777194976807 0.05580483376979828 0.018571674823760986 0.36027777194976807 0.06428191810846329 0.02458004839718342 0.36027777194976807 0.07912551611661911 0.026776958256959915 0.3190908133983612 0.097645103931427 0.011853527277708054 0.3190908133983612 0.11018380522727966 -0.007589845918118954 0.3190908133983612 0.1115560531616211 -0.024126455187797546 0.3190908133983612 0.1012376993894577 -0.031439874321222305 0.3190908133983612 0.08317000418901443 -0.026736631989479065 0.3190908133983612 0.06425420939922333 -0.011813201941549778 0.3190908133983612 0.05171550437808037 0.007630171719938517 0.3190908133983612 0.05034325271844864 0.024166779592633247 0.3190908133983612 0.06066160649061203 0.031480200588703156 0.3190908133983612 0.0787293091416359 2.016287726291921E-05 0.3190908133983612 0.08094965666532516 0.026776958256959915 0.3190908133983612 0.097645103931427 0.011853527277708054 0.3190908133983612 0.11018380522727966 -0.007589845918118954 0.3190908133983612 0.1115560531616211 -0.024126455187797546 0.3190908133983612 0.1012376993894577 -0.031439874321222305 0.3190908133983612 0.08317000418901443 -0.026736631989479065 0.3190908133983612 0.06425420939922333 -0.011813201941549778 0.3190908133983612 0.05171550437808037 0.007630171719938517 0.3190908133983612 0.05034325271844864 0.024166779592633247 0.3190908133983612 0.06066160649061203 0.031480200588703156 0.3190908133983612 0.0787293091416359</float_array>
          <technique_common>
            <accessor count="1874" offset="0" source="#lib-position-array-acb62ed7-9364-41ae-b68b-c0cb287c453b" stride="3">
              <param name="X" type="float" />
              <param name="Y" type="float" />
              <param name="Z" type="float" />
            </accessor>
          </technique_common>
        </source>
        <source id="lib-normal-acb62ed7-9364-41ae-b68b-c0cb287c453b" name="normal">
          <float_array id="lib-normal-array-acb62ed7-9364-41ae-b68b-c0cb287c453b" count="5622">0.000000 0.000000 -1.000000 0.000000 0.000000 -1.000000 0.000000 0.000000 -1.000000 0.000000 0.000000 -1.000000 0.000000 0.000000 1.000000 0.000000 0.000000 1.000000 0.000000 0.000000 1.000000 0.000000 0.000000 1.000000 0.000000 -1.000000 0.000000 0.000000 -1.000000 0.000000 0.000000 -1.000000 0.000000 0.000000 -1.000000 0.000000 1.000000 0.000000 0.000000 1.000000 0.000000 0.000000 1.000000 0.000000 0.000000 1.000000 0.000000 0.000000 0.000000 1.000000 0.000000 0.000000 1.000000 0.000000 0.000000 1.000000 0.000000 0.000000 1.000000 0.000000 -1.000000 0.000000 0.000000 -1.000000 0.000000 0.000000 -1.000000 0.000000 0.000000 -1.000000 0.000000 0.000000 -1.000000 0.000000 -0.000000 -1.000000 0.000000 -0.000000 -1.000000 0.000000 -0.000000 -1.000000 0.000000 -0.000000 1.000000 0.000000 0.000000 1.000000 0.000000 0.000000 1.000000 0.000000 0.000000 1.000000 0.000000 0.000000 0.000000 -1.000000 0.000000 0.000000 -1.000000 0.000000 0.000000 -1.000000 0.000000 0.000000 -1.000000 0.000000 -0.000000 0.000000 1.000000 -0.000000 0.000000 1.000000 -0.000000 0.000000 1.000000 -0.000000 0.000000 1.000000 0.000000 1.000000 0.000000 0.000000 1.000000 0.000000 0.000000 1.000000 0.000000 0.000000 1.000000 0.000000 0.000000 0.000000 -1.000000 0.000000 0.000000 -1.000000 0.000000 0.000000 -1.000000 0.000000 0.000000 -1.000000 -0.803685 -0.352560 -0.479365 0.845200 -0.290797 -0.448414 0.816119 -0.376313 -0.438564 -0.802728 -0.470433 -0.366498 -0.851462 0.381684 -0.359625 0.889321 0.268793 -0.369943 0.590275 0.449991 -0.670137 -0.855795 0.355283 -0.376018 -0.858289 -0.027188 -0.512446 -0.358038 -0.023170 -0.933419 -0.329051 -0.597082 -0.731586 -0.882907 -0.457525 -0.105572 -0.994003 -0.046465 -0.098991 -0.351520 -0.929300 -0.113293 0.910956 -0.392504 -0.126885 0.509970 -0.844818 -0.161903 0.551781 -0.490274 -0.674662 0.528823 -0.035989 -0.847969 0.893648 -0.041888 -0.446809 0.994838 -0.053031 -0.086515 0.900061 -0.426565 -0.089062 0.434973 -0.896727 -0.081729 0.348656 -0.659221 -0.666233 0.881158 -0.051324 -0.470028 0.994654 -0.048370 -0.091239 0.340566 -0.097140 -0.935189 -0.476042 -0.677619 -0.560550 -0.390506 -0.917398 -0.076716 -0.850036 -0.521866 -0.071370 -0.908096 -0.117202 -0.402027 -0.555512 -0.142806 -0.819153 -0.994005 -0.092838 -0.057754 -0.363841 0.665658 -0.651552 -0.375889 0.079246 -0.923270 -0.913034 0.080018 -0.399958 -0.902992 0.428358 -0.033398 -0.419396 0.905950 -0.057978 0.915115 0.035494 -0.401628 0.573223 0.052927 -0.817688 0.622971 0.510520 -0.592686 0.935714 0.338461 -0.099419 0.996728 0.041169 -0.069556 0.574007 0.808638 -0.128917 0.892763 0.439194 -0.100417 0.960561 0.231607 -0.153889 0.494401 0.818866 -0.291593 -0.093441 0.366072 -0.925883 -0.054952 0.884438 -0.463412 -0.905236 0.082268 -0.416870 -0.998345 0.039550 -0.041757 -0.935640 0.349032 -0.052478 -0.447867 0.705201 -0.549642 -0.482640 0.198973 -0.852918 -0.510480 0.857079 -0.069463 -0.952175 0.300576 0.054921 -0.586953 0.809512 0.013260 0.038197 0.997390 -0.061269 0.078447 0.993760 -0.079288 0.574272 0.806195 -0.142343 0.578573 0.812210 -0.074621 0.901350 0.387182 -0.194058 0.906967 0.416799 -0.060738 0.969292 0.127550 -0.210248 0.988649 0.139900 -0.054783 0.971572 0.057533 -0.229648 0.997246 0.052395 -0.052494 0.987678 0.075887 -0.136869 0.998648 0.017821 -0.048831 0.994475 0.014908 -0.103909 0.762794 0.002424 -0.646637 0.735448 0.072785 -0.673661 -0.010394 -0.009694 -0.999899 0.014980 0.015193 -0.999772 -0.680700 -0.002261 -0.732559 -0.612358 0.001710 -0.790579 -0.974891 0.011050 -0.222408 -0.953007 0.020689 -0.302241 -0.999932 0.011236 0.003245 -0.999431 0.025072 -0.022581 -0.997234 0.004585 0.074180 -0.997885 0.010069 0.064226 -0.997484 0.038796 0.059331 -0.974875 0.006386 0.222660 -0.974406 0.045204 0.220202 -0.926196 0.316465 0.204963 -0.825366 0.063165 0.561053 -0.767969 0.373384 0.520392 -0.412174 0.867912 0.277202 -0.549635 0.829179 0.101801 0.015866 0.999487 -0.027811 0.022068 0.998143 -0.056776 0.371222 0.866618 -0.333419 0.497218 0.833314 -0.241583 0.636710 0.481260 -0.602485 0.806956 0.424231 -0.410914 0.676623 0.261111 -0.688478 0.845466 0.189968 -0.499099 0.657991 0.171886 -0.733146 0.815082 0.106320 -0.569506 0.632572 0.056360 -0.772448 0.788841 0.027507 -0.613981 0.968701 0.017505 -0.247611 0.777536 0.007105 -0.628798 0.966071 0.008059 -0.258150 0.998704 0.008786 -0.050140 0.964207 0.007921 -0.265034 0.998510 0.007988 -0.053988 0.993208 0.005542 -0.116218 0.994174 0.005761 -0.107637 0.739960 0.003412 -0.672643 0.757238 -0.001945 -0.653136 -0.091794 0.001668 -0.995777 -0.050105 -0.012073 -0.998671 -0.760842 0.001960 -0.648934 -0.731380 -0.011821 -0.681868 -0.988108 0.001406 -0.153753 -0.984152 -0.003352 -0.177295 -0.999791 0.000317 0.020440 -0.999864 0.000191 0.016512 -0.996354 0.000707 0.085314 -0.996671 0.001194 0.081518 -0.973265 0.002965 0.229665 -0.973496 0.003658 0.228673 -0.974217 0.002621 0.225596 -0.832346 0.005661 0.554228 -0.829360 0.006878 0.558672 -0.827567 0.017952 0.561079 -0.514512 0.004797 0.857470 -0.510196 0.018545 0.859858 -0.506344 0.067890 0.859655 -0.229358 0.005069 0.973329 -0.224846 0.052779 0.972964 -0.194588 0.362415 0.911477 -0.462274 0.380364 0.801015 -0.092223 0.842968 0.530001 -0.243522 0.865486 0.437757 0.009485 0.999563 0.027993 0.009692 0.999911 -0.009186 0.114675 0.860911 -0.495663 0.250262 0.870494 -0.423803 0.223102 0.395545 -0.890937 0.466195 0.466125 -0.751924 0.280148 0.121771 -0.952202 0.545865 0.230188 -0.805633 0.325808 0.097424 -0.940403 0.582301 0.177315 -0.793401 0.356828 0.066756 -0.931782 0.591504 0.086501 -0.801648 0.365054 0.024605 -0.930661 0.581818 0.022595 -0.813005 0.616881 0.011764 -0.786968 0.578343 0.007654 -0.815758 0.613842 0.007378 -0.789394 0.773474 0.007063 -0.633788 0.614365 0.007526 -0.788986 0.773874 0.009047 -0.633275 0.964203 0.009390 -0.264999 0.780403 0.010142 -0.625195 0.967173 0.010176 -0.253914 0.998049 0.007743 -0.061959 0.998293 0.008110 -0.057833 0.988706 0.005782 -0.149756 0.991331 0.005504 -0.131276 0.706172 0.004663 -0.708025 0.722789 0.007034 -0.691033 -0.148832 0.002041 -0.988860 -0.125154 0.008137 -0.992104 -0.789800 0.000092 -0.613365 -0.781639 0.004222 -0.623717 -0.990000 0.000234 -0.141066 -0.990071 0.000723 -0.140565 -0.999833 0.000485 0.018262 -0.999778 0.000682 0.021038 -0.996593 0.000797 0.082478 -0.996310 0.001053 0.085826 -0.974840 -0.000618 0.222905 -0.973771 0.001195 0.227526 -0.840322 -0.002097 0.542084 -0.839538 0.000066 0.543302 -0.836470 0.003287 0.548003 -0.537705 -0.000892 0.843133 -0.532291 0.000023 0.846562 -0.522729 0.002383 0.852496 -0.247147 -0.000905 0.968978 -0.240452 -0.000732 0.970661 -0.233968 -0.001680 0.972243 -0.075725 0.002793 0.997125 -0.070930 0.001266 0.997481 -0.066459 0.003252 0.997784 -0.010756 0.009641 0.999896 -0.007393 0.011242 0.999909 -0.007770 0.024274 0.999675 -0.064560 0.037788 0.997198 -0.019309 0.298459 0.954227 -0.062582 0.343375 0.937111 -0.024674 0.818504 0.573971 -0.038624 0.826814 0.561148 -0.010363 0.998105 0.060657 -0.008801 0.997887 0.064369 -0.000531 0.870879 -0.491497 0.012370 0.861312 -0.507926 0.000397 0.345643 -0.938366 0.032920 0.347130 -0.937239 -0.000251 0.038411 -0.999262 0.045648 0.049823 -0.997714 0.000423 0.013628 -0.999907 0.056024 0.025264 -0.998110 0.000921 0.009964 -0.999950 0.067685 0.021475 -0.997476 0.000949 0.009100 -0.999958 0.077083 0.013754 -0.996930 0.000749 0.009106 -0.999958 0.081311 0.010484 -0.996634 0.367587 0.009955 -0.929936 0.081257 0.008303 -0.996659 0.371240 0.005613 -0.928520 0.581690 0.005360 -0.813393 0.371283 0.006723 -0.928495 0.584653 0.006622 -0.811256 0.615517 0.007498 -0.788088 0.585906 0.003928 -0.810370 0.618297 0.007471 -0.785909 0.793234 0.011335 -0.608812 0.625277 -0.020395 -0.780136 0.810394 -0.005990 -0.585854 0.977441 0.006150 -0.211121 0.972037 0.009572 -0.234632 0.997132 0.009074 -0.075130 0.997723 0.006206 -0.067159 0.975719 -0.000553 -0.219023 0.985457 0.005062 -0.169848 0.635827 0.000451 -0.771832 0.685678 0.005902 -0.727881 -0.157472 0.007109 -0.987498 -0.153595 0.004334 -0.988124 -0.730874 -0.002405 -0.682508 -0.773611 0.001313 -0.633660 -0.977496 -0.007185 -0.210831 -0.987324 -0.000309 -0.158716 -0.999984 -0.005078 -0.002331 -0.999918 -0.000947 0.012793 -0.997795 -0.001030 0.066365 -0.997158 -0.000453 0.075343 -0.977684 0.000695 0.210082 -0.976296 -0.002031 0.216429 -0.838956 -0.002891 0.544192 -0.839763 -0.003291 0.542943 -0.521152 -0.003179 0.853458 -0.528642 -0.000338 0.848845 -0.535815 -0.000612 0.844335 -0.241672 0.000345 0.970358 -0.249125 0.000683 0.968471 -0.251012 0.000215 0.967984 -0.076737 -0.003564 0.997045 -0.081173 0.000166 0.996700 -0.080088 0.002061 0.996786 -0.019089 -0.001392 0.999817 -0.017993 0.006594 0.999816 -0.014356 0.009633 0.999851 -0.004335 0.009712 0.999943 -0.002763 0.014309 0.999894 -0.001252 0.015257 0.999883 -0.000495 0.016035 0.999871 -0.000263 0.017053 0.999855 -0.000056 0.017672 0.999844 -0.000315 0.016669 0.999861 -0.000003 0.017781 0.999842 0.000073 0.017577 0.999846 -0.000222 0.263083 0.964773 0.000046 0.264232 0.964459 -0.000226 0.810936 0.585135 0.000056 0.811262 0.584683 -0.000077 0.998778 0.049429 -0.000169 0.998818 0.048602 -0.000555 0.872963 -0.487786 -0.000571 0.873899 -0.486106 -0.001027 0.347946 -0.937514 -0.000591 0.350966 -0.936388 -0.000957 0.039172 -0.999232 -0.000904 0.039273 -0.999228 -0.000827 0.012151 -0.999926 -0.001155 0.012399 -0.999922 -0.000879 0.009472 -0.999955 -0.001022 0.009574 -0.999954 -0.000867 0.009025 -0.999959 -0.000924 0.009149 -0.999958 -0.000809 0.009006 -0.999959 -0.000829 0.009102 -0.999958 -0.000735 0.008891 -0.999960 -0.000783 0.008929 -0.999960 0.000877 0.009120 -0.999958 -0.000877 0.008724 -0.999962 0.001679 0.008974 -0.999958 0.079115 0.008129 -0.996832 0.002233 0.008826 -0.999959 0.078427 0.008257 -0.996886 0.371012 0.005221 -0.928613 0.077464 0.005296 -0.996981 0.370006 -0.011882 -0.928953 0.586932 -0.025760 -0.809226 0.347715 -0.080069 -0.934175 0.574024 -0.148223 -0.805312 0.639990 -0.145510 -0.754480 0.535438 -0.266841 -0.801312 0.660319 -0.270906 -0.700421 0.868521 -0.166418 -0.466880 0.837383 -0.078231 -0.540989 0.987052 -0.069668 -0.144481 0.983599 -0.009281 -0.180128 0.996307 0.010988 -0.085150 0.946098 0.002906 -0.323868 0.525679 -0.001210 -0.850682 -0.179776 -0.145377 -0.972906 -0.162153 0.004163 -0.986757 -0.655976 0.001771 -0.754780 -0.953169 -0.010305 -0.302262 -0.999408 -0.016414 -0.030242 -0.996223 -0.070619 0.050532 -0.998281 -0.009665 0.057805 -0.975969 -0.068380 0.206904 -0.978450 -0.007898 0.206331 -0.834162 -0.085227 0.544895 -0.837787 -0.018942 0.545669 -0.515893 -0.076612 0.853220 -0.516964 -0.020023 0.855773 -0.227274 -0.048689 0.972613 -0.229614 -0.005232 0.973268 -0.233891 0.001144 0.972262 -0.060363 0.001488 0.998175 -0.063769 -0.000232 0.997965 -0.069426 -0.005567 0.997572 -0.003477 -0.007035 0.999969 -0.008251 -0.014878 0.999855 -0.014865 -0.012033 0.999817 -0.001375 -0.021415 0.999770 -0.003631 -0.017742 0.999836 -0.004874 -0.002255 0.999986 0.000294 -0.019124 0.999817 0.000086 -0.002610 0.999997 -0.000347 0.010396 0.999946 0.005440 -0.002649 0.999982 0.004679 0.009019 0.999948 0.002819 0.014598 0.999889 0.021269 0.005537 0.999758 0.017297 0.009427 0.999806 0.013268 0.009791 0.999864 0.001196 0.015906 0.999873 0.009894 0.011904 0.999880 0.000207 0.016880 0.999857 0.012214 0.030963 0.999446 -0.000176 0.017684 0.999844 0.026210 0.316140 0.948350 0.000515 0.274528 0.961579 0.029570 0.827709 0.560378 0.000723 0.819039 0.573738 0.011796 0.998487 0.053708 0.000328 0.999066 0.043199 -0.000216 0.863707 -0.503995 -0.000070 0.867598 -0.497265 -0.003057 0.334363 -0.942439 -0.000844 0.340107 -0.940386 -0.002715 0.037247 -0.999302 -0.000933 0.037649 -0.999291 -0.002928 0.012714 -0.999915 -0.000911 0.012186 -0.999925 -0.003784 0.010576 -0.999937 -0.000897 0.009524 -0.999954 -0.005274 0.010393 -0.999932 -0.000881 0.008961 -0.999959 -0.005525 0.008583 -0.999948 -0.000840 0.008937 -0.999960 -0.004875 0.008639 -0.999951 -0.000729 0.008770 -0.999961 -0.005463 0.008625 -0.999948 -0.000464 0.008498 -0.999964 -0.000637 0.008779 -0.999961 -0.000142 0.008649 -0.999963 -0.000546 0.008897 -0.999960 -0.001027 0.008895 -0.999960 -0.000485 0.008403 -0.999965 -0.001050 0.008511 -0.999963 0.002052 0.008280 -0.999964 -0.000980 0.005356 -0.999985 0.001701 0.005164 -0.999985 0.067939 -0.011004 -0.997629 0.002042 -0.009525 -0.999953 0.049065 -0.030493 -0.998330 0.292451 -0.141158 -0.945805 0.034162 -0.368050 -0.929178 0.211953 -0.442382 -0.871421 0.441911 -0.531299 -0.722797 0.087827 -0.895173 -0.436981 0.211715 -0.904515 -0.370175 0.336824 -0.894648 -0.293521 0.617336 -0.529728 -0.581622 0.463558 -0.870227 -0.166793 0.824785 -0.440543 -0.354474 0.511331 -0.858877 -0.029515 0.920982 -0.376519 -0.100133 0.011573 -0.999786 -0.017149 0.003669 -0.999851 0.016850 -0.030589 -0.996090 -0.082882 -0.443090 -0.895815 0.034462 -0.146522 -0.736899 -0.659932 -0.456304 -0.884957 0.092943 -0.889390 -0.415425 0.190806 -0.893819 -0.445821 0.048285 -0.376208 -0.894268 0.242390 -0.753282 -0.436376 0.492079 -0.230229 -0.893229 0.386183 -0.465989 -0.430449 0.773025 -0.099821 -0.887079 0.450696 -0.202959 -0.405984 0.891058 -0.026023 -0.882174 0.470204 -0.054768 -0.386984 0.920458 -0.059629 -0.027855 0.997832 -0.005744 -0.362765 0.931863 -0.001497 -0.011305 0.999935 -0.000476 -0.002198 0.999997 0.000316 -0.002860 0.999996 0.000524 -0.005532 0.999985 0.000174 -0.012278 0.999925 -0.000006 -0.005382 0.999986 0.000075 -0.013133 0.999914 0.000213 -0.023166 0.999732 -0.000167 -0.011835 0.999930 0.001551 -0.021009 0.999778 0.004058 -0.017424 0.999840 0.010731 -0.014113 0.999843 0.017456 -0.011405 0.999783 0.022059 -0.001373 0.999756 0.089556 -0.003043 0.995977 0.093259 0.000525 0.995642 0.092099 0.001681 0.995748 0.283686 0.000802 0.958917 0.282295 0.000516 0.959327 0.278831 0.001124 0.960340 0.088543 0.002984 0.996068 0.275149 0.001690 0.961400 0.084772 0.001957 0.996398 0.272001 0.007777 0.962265 0.081287 0.005052 0.996678 0.266138 0.056517 0.962277 0.079480 0.049786 0.995592 0.231797 0.394089 0.889361 0.076159 0.365175 0.927818 0.109829 0.862581 0.493853 0.046130 0.836163 0.546538 -0.013758 0.999892 0.005230 0.010343 0.998503 0.053706 -0.138044 0.857144 -0.496233 -0.018760 0.854807 -0.518607 -0.268945 0.433708 -0.859980 -0.051009 0.345220 -0.937135 -0.349818 0.198950 -0.915449 -0.080429 0.074209 -0.993994 -0.404208 0.116838 -0.907174 -0.111678 0.044215 -0.992760 -0.425853 0.030363 -0.904283 -0.130326 0.020729 -0.991255 -0.428716 0.017923 -0.903261 -0.137480 0.017129 -0.990356 -0.433064 0.013938 -0.901255 -0.144391 0.012840 -0.989437 -0.435715 0.007181 -0.900056 -0.147407 0.007943 -0.989044 -0.430728 0.005346 -0.902466 -0.143484 0.006218 -0.989633 -0.423516 0.000005 -0.905888 -0.137458 0.002965 -0.990503 -0.006007 0.008113 -0.999949 -0.127243 -0.011180 -0.991808 -0.005045 0.006417 -0.999967 0.000001 0.008298 -0.999966 -0.003347 0.003046 -0.999990 0.000034 0.005005 -0.999987 -0.000446 0.005269 -0.999986 -0.000400 -0.013441 -0.999910 -0.000390 -0.014335 -0.999897 -0.000374 -0.012338 -0.999924 -0.000290 -0.358557 -0.933508 0.001306 -0.353739 -0.935343 0.005744 -0.353987 -0.935233 0.001775 -0.879323 -0.476222 0.006171 -0.882017 -0.471178 0.015817 -0.886078 -0.463267 0.001478 -0.999735 0.022988 -0.001341 -0.999794 0.020255 -0.005673 -0.999929 0.010443 -0.000352 -0.999996 -0.002846 0.008467 -0.999705 -0.022777 -0.003840 -0.875909 0.482461 0.000223 -0.999767 0.021588 -0.000210 -0.867638 0.497196 0.000185 -0.339513 0.940601 0.000162 -0.863841 0.503764 0.000026 -0.331785 0.943355 -0.000016 -0.002404 0.999997 -0.000063 -0.337219 0.941426 -0.000408 -0.003079 0.999995 -0.000621 -0.005346 0.999986 0.003709 -0.013884 0.999897 0.002247 -0.001571 0.999996 0.005624 -0.005864 0.999967 0.074023 0.001073 0.997256 0.077061 0.001298 0.997026 0.082601 -0.004511 0.996572 0.267545 0.000274 0.963545 0.274015 -0.000356 0.961725 0.280917 0.000606 0.959732 0.579716 -0.003045 0.814813 0.587717 -0.000211 0.809067 0.592467 0.000491 0.805595 0.875390 -0.001149 0.483417 0.877104 0.000716 0.480300 0.877056 0.001996 0.480385 0.591121 0.000920 0.806582 0.876792 0.004067 0.480852 0.586876 0.002970 0.809671 0.876770 0.005531 0.480877 0.583791 0.005959 0.811882 0.876184 0.012591 0.481812 0.581778 0.015020 0.813209 0.872960 0.080655 0.481078 0.580204 0.070993 0.811371 0.793128 0.433742 0.427569 0.527656 0.429504 0.732875 0.454422 0.863014 0.220698 0.277578 0.883077 0.378318 0.050861 0.998650 -0.010567 -0.010150 0.999861 -0.013205 -0.411003 0.853743 -0.319686 -0.296790 0.865067 -0.404445 -0.676266 0.454872 -0.579444 -0.503730 0.505932 -0.700206 -0.675721 0.267756 -0.686809 -0.562607 0.298809 -0.770835 -0.650912 0.137125 -0.746666 -0.587246 0.158300 -0.793778 -0.639443 0.024546 -0.768446 -0.592131 0.028347 -0.805343 -0.639379 0.009128 -0.768837 -0.591090 0.011544 -0.806523 -0.641433 0.007630 -0.767141 -0.589704 0.008852 -0.807571 -0.643193 0.007742 -0.765665 -0.589001 0.007169 -0.808101 -0.642002 0.007411 -0.766667 -0.588056 0.007170 -0.808788 -0.640109 0.006240 -0.768259 -0.586984 0.003184 -0.809592 -0.644920 -0.019379 -0.764005 -0.588656 -0.034402 -0.807651 -0.416637 -0.033913 -0.908440 -0.583614 -0.164512 -0.795192 -0.389497 -0.120051 -0.913170 -0.101842 -0.035589 -0.994164 -0.329800 -0.172274 -0.928199 -0.066889 -0.047500 -0.996629 -0.002809 -0.011743 -0.999927 -0.042685 -0.378012 -0.924816 -0.005908 -0.362007 -0.932157 -0.001983 -0.359666 -0.933079 -0.006136 -0.885854 -0.463924 -0.002122 -0.882552 -0.470210 0.000044 -0.881005 -0.473107 -0.000330 -0.999748 0.022447 0.000266 -0.999769 0.021473 0.000268 -0.866558 0.499077 -0.001441 -0.999697 0.024568 0.005258 -0.871600 0.490190 0.008429 -0.357329 0.933941 0.032952 -0.876138 0.480932 0.067204 -0.379210 0.922867 0.073460 -0.033666 0.996730 0.231921 -0.392155 0.890184 0.260947 -0.052401 0.963930 0.264116 -0.008227 0.964456 0.567204 -0.080187 0.819664 0.568744 -0.026209 0.822097 0.572881 -0.006768 0.819611 0.871767 -0.026877 0.489184 0.872832 -0.008638 0.487944 0.873450 -0.004516 0.486893 0.984726 -0.004037 0.174067 0.983684 -0.001540 0.179900 0.982717 -0.000321 0.185112 0.998230 0.000717 0.059461 0.997812 0.000860 0.066116 0.997687 0.000143 0.067973 0.982505 0.000353 0.186237 0.997857 0.000330 0.065433 0.982984 0.001847 0.183683 0.998219 0.001422 0.059640 0.984085 0.002933 0.177674 0.998609 0.000254 0.052731 0.985046 0.001961 0.172279 0.998907 0.005701 0.046385 0.985287 0.005857 0.170810 0.998121 0.042772 0.043869 0.982329 0.060481 0.177119 0.944568 0.324084 0.052553 0.910027 0.371386 0.184180 0.578218 0.814737 0.043221 0.557064 0.821196 0.123760 0.055945 0.998425 -0.004302 0.083331 0.996520 -0.002076 -0.539330 0.838365 -0.079168 -0.511767 0.832613 -0.211778 -0.934259 0.336013 -0.119394 -0.861208 0.351699 -0.366918 -0.986987 0.101425 -0.124781 -0.882746 0.162174 -0.440975 -0.989622 0.047842 -0.135495 -0.863673 0.085411 -0.496763 -0.988898 0.012354 -0.148085 -0.851818 0.019069 -0.523490 -0.987868 0.007766 -0.155100 -0.848887 0.007791 -0.528517 -0.987666 0.008867 -0.156324 -0.850208 0.008277 -0.526381 -0.987655 0.009251 -0.156369 -0.852156 0.009150 -0.523209 -0.987631 0.009250 -0.156521 -0.851629 0.009172 -0.524064 -0.988268 0.007969 -0.152520 -0.851888 0.009017 -0.523646 -0.989598 0.007666 -0.143655 -0.858798 -0.000741 -0.512313 -0.991493 0.003615 -0.130106 -0.879570 -0.049702 -0.473166 -0.666000 -0.130015 -0.734534 -0.903998 -0.137411 -0.404853 -0.695713 -0.254130 -0.671864 -0.558029 -0.279073 -0.781487 -0.650759 -0.532222 -0.541527 -0.464501 -0.545145 -0.697894 -0.240627 -0.460400 -0.854477 -0.223842 -0.905671 -0.360076 -0.100863 -0.898157 -0.427949 -0.016954 -0.888194 -0.459156 0.000060 -0.999999 0.001673 0.003675 -0.999817 0.018796 0.111051 -0.882598 0.456824 -0.008814 -0.999725 -0.021710 0.258870 -0.889170 0.377311 0.518397 -0.408932 0.751025 0.415951 -0.881265 0.224404 0.799072 -0.402393 0.446726 0.868033 -0.084585 0.489249 0.914221 -0.369684 0.165931 0.982206 -0.055921 0.179289 0.984675 -0.009948 0.174116 0.998051 -0.047336 0.040655 0.998872 -0.002052 0.047444 0.998602 0.000172 0.052866 0.998893 -0.006324 -0.046621 0.999950 0.001010 -0.009924 0.999977 0.000772 0.006725 0.978606 0.003813 -0.205706 0.989703 0.001237 -0.143129 0.994196 -0.002424 -0.107555 0.999885 0.000077 0.015131 0.995569 0.000424 -0.094033 0.999838 0.000477 0.017986 0.993941 0.001552 -0.109899 0.999893 0.000046 0.014635 0.988799 -0.000424 -0.149251 0.999976 0.001108 0.006864 0.976631 -0.000568 -0.214922 0.999951 0.001292 -0.009840 0.949684 0.005853 -0.313154 0.999073 0.012626 -0.041143 0.730404 -0.009348 -0.682952 0.649185 -0.009282 -0.760574 0.193074 -0.015784 -0.981057 0.174030 -0.009243 -0.984697 0.172827 0.085756 -0.981212 0.218185 0.682928 -0.697140 -0.534700 0.018669 -0.844836 -0.602169 -0.008912 -0.798319 -0.980967 0.003418 -0.194145 -0.965386 0.041671 -0.257477 -0.999405 0.007781 -0.033599 -0.998511 0.042376 -0.034346 -0.994403 0.098691 -0.037709 -0.979179 -0.004568 -0.202949 -0.999240 0.007441 -0.038274 -0.970779 0.003849 -0.239943 -0.999114 0.009113 -0.041086 -0.964104 0.004787 -0.265482 -0.998952 0.007912 -0.045080 -0.960043 0.006514 -0.279777 -0.998697 0.007734 -0.050449 -0.957064 0.005957 -0.289815 -0.998419 0.005959 -0.055901 -0.948012 0.007956 -0.318135 -0.997970 0.007024 -0.063292 -0.919345 0.005777 -0.393410 -0.996690 0.006039 -0.081068 -0.992014 -0.059075 -0.111434 -0.908818 -0.408854 -0.082996 -0.846659 -0.440237 -0.298931 -0.464595 -0.884936 -0.032240 -0.461473 -0.877236 -0.132287 -0.353299 -0.897824 -0.262854 0.000939 -0.999932 -0.011660 -0.013742 -0.999611 -0.024272 0.499346 -0.862556 0.081550 0.029046 -0.999570 0.004022 0.513823 -0.857601 0.022486 0.927306 -0.372604 0.035631 0.110042 -0.983201 -0.145623 0.184191 -0.614713 -0.766943 0.114575 -0.040809 -0.992576 0.123568 0.007796 -0.992305 0.634071 0.009008 -0.773222 -0.475565 0.006993 -0.879653 -0.531797 0.005605 -0.846854 0.181494 0.008787 -0.983353 0.241432 0.004207 -0.970409 0.805060 0.003782 -0.593182 0.739493 0.012052 -0.673057 -0.542965 0.004946 -0.839741 -0.543829 0.002084 -0.839194 0.279029 -0.003799 -0.960275 0.284740 0.000402 -0.958605 0.853261 0.000154 -0.521484 0.842404 -0.005012 -0.538822 -0.554664 0.001745 -0.832072 -0.572964 -0.002060 -0.819578 0.263323 0.000044 -0.964708 0.228119 -0.013085 -0.973545 0.791562 -0.005791 -0.611061 0.833432 0.002883 -0.552615 -0.600798 -0.018488 -0.799187 0.948157 -0.003049 -0.317787 0.117046 0.987094 -0.109298 0.000000 0.000000 -1.000000 0.000000 0.000000 -1.000000 0.000000 0.000000 -1.000000 0.000000 0.000000 -1.000000 0.000000 0.000000 1.000000 0.000000 0.000000 1.000000 0.000000 0.000000 1.000000 0.000000 0.000000 1.000000 0.000000 -1.000000 0.000000 0.000000 -1.000000 0.000000 0.000000 -1.000000 0.000000 0.000000 -1.000000 0.000000 1.000000 0.000000 0.000000 1.000000 0.000000 0.000000 1.000000 0.000000 0.000000 1.000000 0.000000 0.000000 0.000000 1.000000 0.000000 0.000000 1.000000 0.000000 0.000000 1.000000 0.000000 0.000000 1.000000 0.000000 -1.000000 0.000000 0.000000 -1.000000 0.000000 0.000000 -1.000000 0.000000 0.000000 -1.000000 0.000000 0.000000 0.000000 0.000000 -1.000000 0.000000 0.000000 -1.000000 0.000000 0.000000 -1.000000 0.000000 0.000000 -1.000000 0.000000 0.000000 1.000000 0.000000 0.000000 1.000000 0.000000 0.000000 1.000000 0.000000 0.000000 1.000000 0.000000 -1.000000 0.000000 0.000000 -1.000000 0.000000 0.000000 -1.000000 0.000000 0.000000 -1.000000 0.000000 1.000000 0.000000 0.000000 1.000000 0.000000 0.000000 1.000000 0.000000 0.000000 1.000000 0.000000 0.000000 0.000000 1.000000 0.000000 0.000000 1.000000 0.000000 0.000000 1.000000 0.000000 0.000000 1.000000 0.000000 -1.000000 0.000000 0.000000 -1.000000 0.000000 0.000000 -1.000000 0.000000 0.000000 -1.000000 0.000000 0.000000 0.000000 0.000000 -1.000000 0.000000 0.000000 -1.000000 0.000000 0.000000 -1.000000 0.000000 0.000000 -1.000000 0.000000 0.000000 1.000000 0.000000 0.000000 1.000000 0.000000 0.000000 1.000000 0.000000 0.000000 1.000000 0.000000 -1.000000 0.000000 0.000000 -1.000000 0.000000 0.000000 -1.000000 0.000000 0.000000 -1.000000 0.000000 1.000000 0.000000 0.000000 1.000000 0.000000 0.000000 1.000000 0.000000 0.000000 1.000000 0.000000 0.000000 0.000000 1.000000 0.000000 0.000000 1.000000 0.000000 0.000000 1.000000 0.000000 0.000000 1.000000 0.000000 -1.000000 0.000000 0.000000 -1.000000 0.000000 0.000000 -1.000000 0.000000 0.000000 -1.000000 0.000000 0.000000 0.612743 0.000000 0.790282 0.387324 0.000000 0.921944 0.135510 0.000000 0.990776 -0.125539 0.000000 0.992089 -0.378033 0.000000 0.925792 -0.604764 0.000000 0.796404 -0.790282 0.000000 0.612743 -0.921944 0.000000 0.387324 -0.990776 0.000000 0.135510 -0.992089 -0.000000 -0.125539 -0.925792 -0.000000 -0.378033 -0.796404 -0.000000 -0.604764 -0.612743 -0.000000 -0.790282 -0.387324 -0.000000 -0.921944 -0.135510 -0.000000 -0.990776 0.125539 0.000000 -0.992089 0.378033 0.000000 -0.925792 0.604764 0.000000 -0.796404 0.790282 0.000000 -0.612743 0.921944 0.000000 -0.387324 0.990776 0.000000 -0.135510 0.992089 0.000000 0.125539 0.925792 0.000000 0.378033 0.796404 0.000000 0.604764 0.612743 0.000000 0.790282 0.387324 0.000000 0.921944 0.135510 0.000000 0.990776 -0.125539 0.000000 0.992089 -0.378033 0.000000 0.925792 -0.604764 0.000000 0.796404 -0.790282 0.000000 0.612743 -0.921944 0.000000 0.387324 -0.990776 0.000000 0.135510 -0.992089 -0.000000 -0.125539 -0.925792 -0.000000 -0.378033 -0.796404 -0.000000 -0.604764 -0.612743 -0.000000 -0.790282 -0.387324 -0.000000 -0.921944 -0.135510 -0.000000 -0.990776 0.125539 0.000000 -0.992089 0.378033 0.000000 -0.925792 0.604764 0.000000 -0.796404 0.790282 0.000000 -0.612743 0.921944 0.000000 -0.387324 0.990776 0.000000 -0.135510 0.992089 0.000000 0.125539 0.925792 0.000000 0.378033 0.796404 0.000000 0.604764 0.000000 1.000000 0.000000 0.000000 1.000000 0.000000 0.000000 1.000000 0.000000 0.000000 1.000000 0.000000 0.000000 1.000000 0.000000 0.000000 1.000000 0.000000 0.000000 1.000000 0.000000 0.000000 1.000000 0.000000 0.000000 1.000000 0.000000 0.000000 1.000000 0.000000 0.000000 1.000000 0.000000 0.000000 1.000000 0.000000 0.000000 1.000000 0.000000 0.000000 1.000000 0.000000 0.000000 1.000000 0.000000 0.000000 1.000000 0.000000 0.000000 1.000000 0.000000 0.000000 1.000000 0.000000 0.000000 1.000000 0.000000 0.000000 1.000000 0.000000 0.000000 1.000000 0.000000 0.000000 1.000000 0.000000 0.000000 1.000000 0.000000 0.000000 1.000000 0.000000 0.000000 1.000000 0.000000 0.000000 -1.000000 0.000000 0.000000 -1.000000 0.000000 0.000000 -1.000000 0.000000 0.000000 -1.000000 0.000000 0.000000 -1.000000 0.000000 0.000000 -1.000000 0.000000 0.000000 -1.000000 0.000000 0.000000 -1.000000 0.000000 0.000000 -1.000000 0.000000 0.000000 -1.000000 0.000000 0.000000 -1.000000 0.000000 0.000000 -1.000000 0.000000 0.000000 -1.000000 0.000000 0.000000 -1.000000 0.000000 0.000000 -1.000000 0.000000 0.000000 -1.000000 0.000000 0.000000 -1.000000 0.000000 0.000000 -1.000000 0.000000 0.000000 -1.000000 0.000000 0.000000 -1.000000 0.000000 0.000000 -1.000000 0.000000 0.000000 -1.000000 0.000000 0.000000 -1.000000 0.000000 0.000000 -1.000000 0.000000 0.000000 -1.000000 0.000000 0.612743 0.000000 0.790282 0.387324 0.000000 0.921944 0.135510 0.000000 0.990776 -0.125539 0.000000 0.992089 -0.378033 0.000000 0.925792 -0.604764 0.000000 0.796404 -0.790282 0.000000 0.612743 -0.921944 0.000000 0.387324 -0.990776 0.000000 0.135510 -0.992089 0.000000 -0.125539 -0.925792 0.000000 -0.378033 -0.796404 0.000000 -0.604764 -0.612743 0.000000 -0.790282 -0.387324 0.000000 -0.921944 -0.135510 0.000000 -0.990776 0.125539 0.000000 -0.992089 0.378033 0.000000 -0.925792 0.604764 0.000000 -0.796404 0.790282 0.000000 -0.612743 0.921944 0.000000 -0.387324 0.990776 0.000000 -0.135510 0.992089 0.000000 0.125539 0.925792 0.000000 0.378033 0.796404 0.000000 0.604764 0.612743 0.000000 0.790282 0.387324 0.000000 0.921944 0.135510 0.000000 0.990776 -0.125539 0.000000 0.992089 -0.378033 0.000000 0.925792 -0.604764 0.000000 0.796404 -0.790282 0.000000 0.612743 -0.921944 0.000000 0.387324 -0.990776 0.000000 0.135510 -0.992089 0.000000 -0.125539 -0.925792 0.000000 -0.378033 -0.796404 0.000000 -0.604764 -0.612743 0.000000 -0.790282 -0.387324 0.000000 -0.921944 -0.135510 0.000000 -0.990776 0.125539 0.000000 -0.992089 0.378033 0.000000 -0.925792 0.604764 0.000000 -0.796404 0.790282 0.000000 -0.612743 0.921944 0.000000 -0.387324 0.990776 0.000000 -0.135510 0.992089 0.000000 0.125539 0.925792 0.000000 0.378033 0.796404 0.000000 0.604764 -0.000000 1.000000 -0.000000 0.000002 1.000000 0.000002 0.000001 1.000000 0.000002 0.000000 1.000000 0.000003 -0.000000 1.000000 0.000003 -0.000001 1.000000 0.000002 -0.000002 1.000000 0.000002 -0.000002 1.000000 0.000002 -0.000002 1.000000 0.000001 -0.000003 1.000000 0.000000 -0.000003 1.000000 -0.000000 -0.000002 1.000000 -0.000001 -0.000002 1.000000 -0.000002 -0.000002 1.000000 -0.000002 -0.000001 1.000000 -0.000002 -0.000000 1.000000 -0.000003 0.000000 1.000000 -0.000003 0.000001 1.000000 -0.000002 0.000002 1.000000 -0.000002 0.000002 1.000000 -0.000002 0.000002 1.000000 -0.000001 0.000003 1.000000 -0.000000 0.000003 1.000000 0.000000 0.000002 1.000000 0.000001 0.000002 1.000000 0.000002 -0.000000 -1.000000 0.000000 -0.000002 -1.000000 -0.000003 -0.000001 -1.000000 -0.000003 -0.000000 -1.000000 -0.000004 0.000000 -1.000000 -0.000004 0.000001 -1.000000 -0.000003 0.000002 -1.000000 -0.000003 0.000003 -1.000000 -0.000002 0.000003 -1.000000 -0.000001 0.000004 -1.000000 -0.000000 0.000004 -1.000000 0.000000 0.000003 -1.000000 0.000001 0.000003 -1.000000 0.000002 0.000002 -1.000000 0.000003 0.000001 -1.000000 0.000003 0.000000 -1.000000 0.000004 -0.000000 -1.000000 0.000004 -0.000001 -1.000000 0.000003 -0.000002 -1.000000 0.000003 -0.000003 -1.000000 0.000002 -0.000003 -1.000000 0.000001 -0.000004 -1.000000 0.000000 -0.000004 -1.000000 -0.000000 -0.000003 -1.000000 -0.000001 -0.000003 -1.000000 -0.000002 0.000000 -1.000000 0.000000 -0.000000 -1.000000 0.000000 0.000000 -1.000000 0.000000 -0.000000 -1.000000 0.000000 1.000000 0.000000 0.000000 1.000000 0.000000 0.000000 1.000000 0.000000 0.000000 1.000000 0.000000 0.000000 1.000000 0.000000 0.000000 0.000000 1.000000 0.000000 0.000000 1.000000 0.000000 0.000000 1.000000 0.000000 0.000000 1.000000 0.000000 -1.000000 0.000000 0.000000 -1.000000 0.000000 0.000000 -1.000000 0.000000 0.000000 -1.000000 0.000000 0.000000 -1.000000 0.000000 0.000000 0.000000 0.000000 -1.000000 0.000000 0.000000 -1.000000 0.000000 0.000000 -1.000000 0.000000 0.000000 -1.000000 0.000000 0.000000 -1.000000 0.000000 -0.000000 -1.000000 0.000000 0.000000 1.000000 0.000000 0.000000 1.000000 0.000000 0.000000 1.000000 0.000000 0.000000 1.000000 0.000000 -0.704130 0.710071 0.000000 -0.704130 0.710071 0.000000 -0.704130 0.710071 0.000000 -0.704130 0.710071 0.000000 -0.704130 0.710071 0.000000 -0.704130 0.710071 -0.820444 -0.571727 0.000000 -0.820444 -0.571727 0.000000 -0.820444 -0.571727 0.000000 -0.820444 -0.571727 0.000000 -0.820444 -0.571727 0.000000 0.820444 -0.571727 0.000000 0.820444 -0.571727 0.000000 0.820444 -0.571727 0.000000 0.820444 -0.571727 0.000000 0.820444 -0.571727 0.000000 0.000000 -0.565089 -0.825030 0.000000 -0.565089 -0.825030 0.000000 -0.565089 -0.825030 0.000000 -0.565089 -0.825030 0.612743 0.000000 0.790282 0.387324 0.000000 0.921944 0.135510 0.000000 0.990776 -0.125539 0.000000 0.992089 -0.378033 0.000000 0.925792 -0.604764 0.000000 0.796404 -0.790282 0.000000 0.612743 -0.921944 0.000000 0.387324 -0.990776 0.000000 0.135510 -0.992089 -0.000000 -0.125539 -0.925792 -0.000000 -0.378033 -0.796404 -0.000000 -0.604764 -0.612743 -0.000000 -0.790282 -0.387324 -0.000000 -0.921944 -0.135510 -0.000000 -0.990776 0.125539 0.000000 -0.992089 0.378033 0.000000 -0.925792 0.604764 0.000000 -0.796404 0.790282 0.000000 -0.612743 0.921944 0.000000 -0.387324 0.990776 0.000000 -0.135510 0.992089 0.000000 0.125539 0.925792 0.000000 0.378033 0.796404 0.000000 0.604764 0.612743 0.000000 0.790282 0.387324 0.000000 0.921944 0.135510 0.000000 0.990776 -0.125539 0.000000 0.992089 -0.378033 0.000000 0.925792 -0.604764 0.000000 0.796404 -0.790282 0.000000 0.612743 -0.921944 0.000000 0.387324 -0.990776 0.000000 0.135510 -0.992089 -0.000000 -0.125539 -0.925792 -0.000000 -0.378033 -0.796404 -0.000000 -0.604764 -0.612743 -0.000000 -0.790282 -0.387324 -0.000000 -0.921944 -0.135510 -0.000000 -0.990776 0.125539 0.000000 -0.992089 0.378033 0.000000 -0.925792 0.604764 0.000000 -0.796404 0.790282 0.000000 -0.612743 0.921944 0.000000 -0.387324 0.990776 0.000000 -0.135510 0.992089 0.000000 0.125539 0.925792 0.000000 0.378033 0.796404 0.000000 0.604764 0.000000 1.000000 0.000000 0.000000 1.000000 0.000000 0.000000 1.000000 0.000000 0.000000 1.000000 0.000000 0.000000 1.000000 0.000000 0.000000 1.000000 0.000000 0.000000 1.000000 0.000000 0.000000 1.000000 0.000000 0.000000 1.000000 0.000000 0.000000 1.000000 0.000000 0.000000 1.000000 0.000000 0.000000 1.000000 0.000000 0.000000 1.000000 0.000000 0.000000 1.000000 0.000000 0.000000 1.000000 0.000000 0.000000 1.000000 0.000000 0.000000 1.000000 0.000000 0.000000 1.000000 0.000000 0.000000 1.000000 0.000000 0.000000 1.000000 0.000000 0.000000 1.000000 0.000000 0.000000 1.000000 0.000000 0.000000 1.000000 0.000000 0.000000 1.000000 0.000000 0.000000 1.000000 0.000000 0.000000 -1.000000 0.000000 0.000000 -1.000000 0.000000 0.000000 -1.000000 0.000000 0.000000 -1.000000 0.000000 0.000000 -1.000000 0.000000 0.000000 -1.000000 0.000000 0.000000 -1.000000 0.000000 0.000000 -1.000000 0.000000 0.000000 -1.000000 0.000000 0.000000 -1.000000 0.000000 0.000000 -1.000000 0.000000 0.000000 -1.000000 0.000000 0.000000 -1.000000 0.000000 0.000000 -1.000000 0.000000 0.000000 -1.000000 0.000000 0.000000 -1.000000 0.000000 0.000000 -1.000000 0.000000 0.000000 -1.000000 0.000000 0.000000 -1.000000 0.000000 0.000000 -1.000000 0.000000 0.000000 -1.000000 0.000000 0.000000 -1.000000 0.000000 0.000000 -1.000000 0.000000 0.000000 -1.000000 0.000000 0.000000 -1.000000 0.000000 0.612743 0.000000 0.790282 0.387324 0.000000 0.921944 0.135510 0.000000 0.990776 -0.125539 0.000000 0.992089 -0.378033 0.000000 0.925792 -0.604764 0.000000 0.796404 -0.790282 0.000000 0.612743 -0.921944 0.000000 0.387324 -0.990776 0.000000 0.135510 -0.992089 -0.000000 -0.125539 -0.925792 -0.000000 -0.378033 -0.796404 -0.000000 -0.604764 -0.612743 -0.000000 -0.790282 -0.387324 -0.000000 -0.921944 -0.135510 -0.000000 -0.990776 0.125539 0.000000 -0.992089 0.378033 0.000000 -0.925792 0.604764 0.000000 -0.796404 0.790282 0.000000 -0.612743 0.921944 0.000000 -0.387324 0.990776 0.000000 -0.135510 0.992089 0.000000 0.125539 0.925792 0.000000 0.378033 0.796404 0.000000 0.604764 0.612743 0.000000 0.790282 0.387324 0.000000 0.921944 0.135510 0.000000 0.990776 -0.125539 0.000000 0.992089 -0.378033 0.000000 0.925792 -0.604764 0.000000 0.796404 -0.790282 0.000000 0.612743 -0.921944 0.000000 0.387324 -0.990776 0.000000 0.135510 -0.992089 -0.000000 -0.125539 -0.925792 -0.000000 -0.378033 -0.796404 -0.000000 -0.604764 -0.612743 -0.000000 -0.790282 -0.387324 -0.000000 -0.921944 -0.135510 -0.000000 -0.990776 0.125539 0.000000 -0.992089 0.378033 0.000000 -0.925792 0.604764 0.000000 -0.796404 0.790282 0.000000 -0.612743 0.921944 0.000000 -0.387324 0.990776 0.000000 -0.135510 0.992089 0.000000 0.125539 0.925792 0.000000 0.378033 0.796404 0.000000 0.604764 0.000000 1.000000 0.000000 0.000000 1.000000 0.000000 0.000000 1.000000 0.000000 0.000000 1.000000 0.000000 0.000000 1.000000 0.000000 0.000000 1.000000 0.000000 0.000000 1.000000 0.000000 0.000000 1.000000 0.000000 0.000000 1.000000 0.000000 0.000000 1.000000 0.000000 0.000000 1.000000 0.000000 0.000000 1.000000 0.000000 0.000000 1.000000 0.000000 0.000000 1.000000 0.000000 0.000000 1.000000 0.000000 0.000000 1.000000 0.000000 0.000000 1.000000 0.000000 0.000000 1.000000 0.000000 0.000000 1.000000 0.000000 0.000000 1.000000 0.000000 0.000000 1.000000 0.000000 0.000000 1.000000 0.000000 0.000000 1.000000 0.000000 0.000000 1.000000 0.000000 0.000000 1.000000 0.000000 0.000000 -1.000000 0.000000 0.000000 -1.000000 0.000000 0.000000 -1.000000 0.000000 0.000000 -1.000000 0.000000 0.000000 -1.000000 0.000000 0.000000 -1.000000 0.000000 0.000000 -1.000000 0.000000 0.000000 -1.000000 0.000000 0.000000 -1.000000 0.000000 0.000000 -1.000000 0.000000 0.000000 -1.000000 0.000000 0.000000 -1.000000 0.000000 0.000000 -1.000000 0.000000 0.000000 -1.000000 0.000000 0.000000 -1.000000 0.000000 0.000000 -1.000000 0.000000 0.000000 -1.000000 0.000000 0.000000 -1.000000 0.000000 0.000000 -1.000000 0.000000 0.000000 -1.000000 0.000000 0.000000 -1.000000 0.000000 0.000000 -1.000000 0.000000 0.000000 -1.000000 0.000000 0.000000 -1.000000 0.000000 0.000000 -1.000000 0.000000 0.000000 0.000000 -1.000000 0.000000 0.000000 -1.000000 0.000000 0.000000 -1.000000 0.000000 0.000000 -1.000000 0.000000 0.000000 1.000000 0.000000 0.000000 1.000000 0.000000 0.000000 1.000000 0.000000 0.000000 1.000000 0.000000 -1.000000 0.000000 0.000000 -1.000000 0.000000 0.000000 -1.000000 0.000000 0.000000 -1.000000 0.000000 1.000000 0.000000 0.000000 1.000000 0.000000 0.000000 1.000000 0.000000 0.000000 1.000000 0.000000 0.000000 0.000000 1.000000 0.000000 0.000000 1.000000 0.000000 0.000000 1.000000 0.000000 0.000000 1.000000 0.000000 -1.000000 0.000000 0.000000 -1.000000 0.000000 0.000000 -1.000000 0.000000 0.000000 -1.000000 0.000000 0.000000 0.000000 0.000000 -1.000000 0.000000 0.000000 -1.000000 0.000000 0.000000 -1.000000 0.000000 0.000000 -1.000000 0.000000 0.000000 1.000000 0.000000 0.000000 1.000000 0.000000 0.000000 1.000000 0.000000 0.000000 1.000000 0.000000 -1.000000 0.000000 0.000000 -1.000000 0.000000 0.000000 -1.000000 0.000000 0.000000 -1.000000 0.000000 1.000000 0.000000 0.000000 1.000000 0.000000 0.000000 1.000000 0.000000 0.000000 1.000000 0.000000 0.000000 0.000000 1.000000 0.000000 0.000000 1.000000 0.000000 0.000000 1.000000 0.000000 0.000000 1.000000 0.000000 -1.000000 0.000000 0.000000 -1.000000 0.000000 0.000000 -1.000000 0.000000 0.000000 -1.000000 0.000000 0.000000 0.000000 0.000000 -1.000000 0.000000 0.000000 -1.000000 0.000000 0.000000 -1.000000 0.000000 0.000000 -1.000000 0.000000 0.000000 1.000000 0.000000 0.000000 1.000000 0.000000 0.000000 1.000000 0.000000 0.000000 1.000000 0.000000 -1.000000 0.000000 0.000000 -1.000000 0.000000 0.000000 -1.000000 0.000000 0.000000 -1.000000 0.000000 1.000000 0.000000 0.000000 1.000000 0.000000 0.000000 1.000000 0.000000 0.000000 1.000000 0.000000 0.000000 0.000000 1.000000 0.000000 0.000000 1.000000 0.000000 0.000000 1.000000 0.000000 0.000000 1.000000 0.000000 -1.000000 0.000000 0.000000 -1.000000 0.000000 0.000000 -1.000000 0.000000 0.000000 -1.000000 0.000000 0.000000 0.612743 0.000000 0.790282 0.387324 0.000000 0.921944 0.135510 0.000000 0.990776 -0.125539 0.000000 0.992089 -0.378033 0.000000 0.925792 -0.604764 0.000000 0.796404 -0.790282 0.000000 0.612743 -0.921944 0.000000 0.387324 -0.990776 0.000000 0.135510 -0.992089 -0.000000 -0.125539 -0.925792 -0.000000 -0.378033 -0.796404 -0.000000 -0.604764 -0.612743 -0.000000 -0.790282 -0.387324 -0.000000 -0.921944 -0.135510 -0.000000 -0.990776 0.125539 0.000000 -0.992089 0.378033 0.000000 -0.925792 0.604764 0.000000 -0.796404 0.790282 0.000000 -0.612743 0.921944 0.000000 -0.387324 0.990776 0.000000 -0.135510 0.992089 0.000000 0.125539 0.925792 0.000000 0.378033 0.796404 0.000000 0.604764 0.612743 0.000000 0.790282 0.387324 0.000000 0.921944 0.135510 0.000000 0.990776 -0.125539 0.000000 0.992089 -0.378033 0.000000 0.925792 -0.604764 0.000000 0.796404 -0.790282 0.000000 0.612743 -0.921944 0.000000 0.387324 -0.990776 0.000000 0.135510 -0.992089 -0.000000 -0.125539 -0.925792 -0.000000 -0.378033 -0.796404 -0.000000 -0.604764 -0.612743 -0.000000 -0.790282 -0.387324 -0.000000 -0.921944 -0.135510 -0.000000 -0.990776 0.125539 0.000000 -0.992089 0.378033 0.000000 -0.925792 0.604764 0.000000 -0.796404 0.790282 0.000000 -0.612743 0.921944 0.000000 -0.387324 0.990776 0.000000 -0.135510 0.992089 0.000000 0.125539 0.925792 0.000000 0.378033 0.796404 0.000000 0.604764 0.000000 1.000000 0.000000 0.000000 1.000000 0.000000 0.000000 1.000000 0.000000 0.000000 1.000000 0.000000 0.000000 1.000000 0.000000 0.000000 1.000000 0.000000 0.000000 1.000000 0.000000 0.000000 1.000000 0.000000 0.000000 1.000000 0.000000 0.000000 1.000000 0.000000 0.000000 1.000000 0.000000 0.000000 1.000000 0.000000 0.000000 1.000000 0.000000 0.000000 1.000000 0.000000 0.000000 1.000000 0.000000 0.000000 1.000000 0.000000 0.000000 1.000000 0.000000 0.000000 1.000000 0.000000 0.000000 1.000000 0.000000 0.000000 1.000000 0.000000 0.000000 1.000000 0.000000 0.000000 1.000000 0.000000 0.000000 1.000000 0.000000 0.000000 1.000000 0.000000 0.000000 1.000000 0.000000 0.000000 -1.000000 0.000000 0.000000 -1.000000 0.000000 0.000000 -1.000000 0.000000 0.000000 -1.000000 0.000000 0.000000 -1.000000 0.000000 0.000000 -1.000000 0.000000 0.000000 -1.000000 0.000000 0.000000 -1.000000 0.000000 0.000000 -1.000000 0.000000 0.000000 -1.000000 0.000000 0.000000 -1.000000 0.000000 0.000000 -1.000000 0.000000 0.000000 -1.000000 0.000000 0.000000 -1.000000 0.000000 0.000000 -1.000000 0.000000 0.000000 -1.000000 0.000000 0.000000 -1.000000 0.000000 0.000000 -1.000000 0.000000 0.000000 -1.000000 0.000000 0.000000 -1.000000 0.000000 0.000000 -1.000000 0.000000 0.000000 -1.000000 0.000000 0.000000 -1.000000 0.000000 0.000000 -1.000000 0.000000 0.000000 -1.000000 0.000000 0.612743 0.000000 0.790282 0.387324 0.000000 0.921944 0.135510 0.000000 0.990776 -0.125539 0.000000 0.992089 -0.378033 0.000000 0.925792 -0.604764 0.000000 0.796404 -0.790282 0.000000 0.612743 -0.921944 0.000000 0.387324 -0.990776 0.000000 0.135510 -0.992089 -0.000000 -0.125539 -0.925792 -0.000000 -0.378033 -0.796404 -0.000000 -0.604764 -0.612743 -0.000000 -0.790282 -0.387324 -0.000000 -0.921944 -0.135510 -0.000000 -0.990776 0.125539 0.000000 -0.992089 0.378033 0.000000 -0.925792 0.604764 0.000000 -0.796404 0.790282 0.000000 -0.612743 0.921944 0.000000 -0.387324 0.990776 0.000000 -0.135510 0.992089 0.000000 0.125539 0.925792 0.000000 0.378033 0.796404 0.000000 0.604764 0.612743 0.000000 0.790282 0.387324 0.000000 0.921944 0.135510 0.000000 0.990776 -0.125539 0.000000 0.992089 -0.378033 0.000000 0.925792 -0.604764 0.000000 0.796404 -0.790282 0.000000 0.612743 -0.921944 0.000000 0.387324 -0.990776 0.000000 0.135510 -0.992089 -0.000000 -0.125539 -0.925792 -0.000000 -0.378033 -0.796404 -0.000000 -0.604764 -0.612743 -0.000000 -0.790282 -0.387324 -0.000000 -0.921944 -0.135510 -0.000000 -0.990776 0.125539 0.000000 -0.992089 0.378033 0.000000 -0.925792 0.604764 0.000000 -0.796404 0.790282 0.000000 -0.612743 0.921944 0.000000 -0.387324 0.990776 0.000000 -0.135510 0.992089 0.000000 0.125539 0.925792 0.000000 0.378033 0.796404 0.000000 0.604764 0.000000 1.000000 0.000000 0.000000 1.000000 0.000000 0.000000 1.000000 0.000000 0.000000 1.000000 0.000000 0.000000 1.000000 0.000000 0.000000 1.000000 0.000000 0.000000 1.000000 0.000000 0.000000 1.000000 0.000000 0.000000 1.000000 0.000000 0.000000 1.000000 0.000000 0.000000 1.000000 0.000000 0.000000 1.000000 0.000000 0.000000 1.000000 0.000000 0.000000 1.000000 0.000000 0.000000 1.000000 0.000000 0.000000 1.000000 0.000000 0.000000 1.000000 0.000000 0.000000 1.000000 0.000000 0.000000 1.000000 0.000000 0.000000 1.000000 0.000000 0.000000 1.000000 0.000000 0.000000 1.000000 0.000000 0.000000 1.000000 0.000000 0.000000 1.000000 0.000000 0.000000 1.000000 0.000000 0.000000 -1.000000 0.000000 0.000000 -1.000000 0.000000 0.000000 -1.000000 0.000000 0.000000 -1.000000 0.000000 0.000000 -1.000000 0.000000 0.000000 -1.000000 0.000000 0.000000 -1.000000 0.000000 0.000000 -1.000000 0.000000 0.000000 -1.000000 0.000000 0.000000 -1.000000 0.000000 0.000000 -1.000000 0.000000 0.000000 -1.000000 0.000000 0.000000 -1.000000 0.000000 0.000000 -1.000000 0.000000 0.000000 -1.000000 0.000000 0.000000 -1.000000 0.000000 0.000000 -1.000000 0.000000 0.000000 -1.000000 0.000000 0.000000 -1.000000 0.000000 0.000000 -1.000000 0.000000 0.000000 -1.000000 0.000000 0.000000 -1.000000 0.000000 0.000000 -1.000000 0.000000 0.000000 -1.000000 0.000000 0.000000 -1.000000 0.000000 0.612743 0.000000 0.790282 0.387324 0.000000 0.921944 0.135510 0.000000 0.990776 -0.125539 0.000000 0.992089 -0.378033 0.000000 0.925792 -0.604764 0.000000 0.796404 -0.790282 0.000000 0.612743 -0.921944 0.000000 0.387324 -0.990776 0.000000 0.135510 -0.992089 -0.000000 -0.125539 -0.925792 -0.000000 -0.378033 -0.796404 -0.000000 -0.604764 -0.612743 -0.000000 -0.790282 -0.387324 -0.000000 -0.921944 -0.135510 -0.000000 -0.990776 0.125539 0.000000 -0.992089 0.378033 0.000000 -0.925792 0.604764 0.000000 -0.796404 0.790282 0.000000 -0.612743 0.921944 0.000000 -0.387324 0.990776 0.000000 -0.135510 0.992089 0.000000 0.125539 0.925792 0.000000 0.378033 0.796404 0.000000 0.604764 0.612743 0.000000 0.790282 0.387324 0.000000 0.921944 0.135510 0.000000 0.990776 -0.125539 0.000000 0.992089 -0.378033 0.000000 0.925792 -0.604764 0.000000 0.796404 -0.790282 0.000000 0.612743 -0.921944 0.000000 0.387324 -0.990776 0.000000 0.135510 -0.992089 -0.000000 -0.125539 -0.925792 -0.000000 -0.378033 -0.796404 -0.000000 -0.604764 -0.612743 -0.000000 -0.790282 -0.387324 -0.000000 -0.921944 -0.135510 -0.000000 -0.990776 0.125539 0.000000 -0.992089 0.378033 0.000000 -0.925792 0.604764 0.000000 -0.796404 0.790282 0.000000 -0.612743 0.921944 0.000000 -0.387324 0.990776 0.000000 -0.135510 0.992089 0.000000 0.125539 0.925792 0.000000 0.378033 0.796404 0.000000 0.604764 0.000000 1.000000 0.000000 0.000000 1.000000 0.000000 0.000000 1.000000 0.000000 0.000000 1.000000 0.000000 0.000000 1.000000 0.000000 0.000000 1.000000 0.000000 0.000000 1.000000 0.000000 0.000000 1.000000 0.000000 0.000000 1.000000 0.000000 0.000000 1.000000 0.000000 0.000000 1.000000 0.000000 0.000000 1.000000 0.000000 0.000000 1.000000 0.000000 0.000000 1.000000 0.000000 0.000000 1.000000 0.000000 0.000000 1.000000 0.000000 0.000000 1.000000 0.000000 0.000000 1.000000 0.000000 0.000000 1.000000 0.000000 0.000000 1.000000 0.000000 0.000000 1.000000 0.000000 0.000000 1.000000 0.000000 0.000000 1.000000 0.000000 0.000000 1.000000 0.000000 0.000000 1.000000 0.000000 0.000000 -1.000000 0.000000 0.000000 -1.000000 0.000000 0.000000 -1.000000 0.000000 0.000000 -1.000000 0.000000 0.000000 -1.000000 0.000000 0.000000 -1.000000 0.000000 0.000000 -1.000000 0.000000 0.000000 -1.000000 0.000000 0.000000 -1.000000 0.000000 0.000000 -1.000000 0.000000 0.000000 -1.000000 0.000000 0.000000 -1.000000 0.000000 0.000000 -1.000000 0.000000 0.000000 -1.000000 0.000000 0.000000 -1.000000 0.000000 0.000000 -1.000000 0.000000 0.000000 -1.000000 0.000000 0.000000 -1.000000 0.000000 0.000000 -1.000000 0.000000 0.000000 -1.000000 0.000000 0.000000 -1.000000 0.000000 0.000000 -1.000000 0.000000 0.000000 -1.000000 0.000000 0.000000 -1.000000 0.000000 0.000000 -1.000000 0.000000 0.612743 0.000000 0.790282 0.387324 0.000000 0.921944 0.135510 0.000000 0.990776 -0.125539 0.000000 0.992089 -0.378033 0.000000 0.925792 -0.604764 0.000000 0.796404 -0.790282 0.000000 0.612743 -0.921944 0.000000 0.387324 -0.990776 0.000000 0.135510 -0.992089 -0.000000 -0.125539 -0.925792 -0.000000 -0.378033 -0.796404 -0.000000 -0.604764 -0.612743 -0.000000 -0.790282 -0.387324 -0.000000 -0.921944 -0.135510 -0.000000 -0.990776 0.125539 0.000000 -0.992089 0.378033 0.000000 -0.925792 0.604764 0.000000 -0.796404 0.790282 0.000000 -0.612743 0.921944 0.000000 -0.387324 0.990776 0.000000 -0.135510 0.992089 0.000000 0.125539 0.925792 0.000000 0.378033 0.796404 0.000000 0.604764 0.612743 0.000000 0.790282 0.387324 0.000000 0.921944 0.135510 0.000000 0.990776 -0.125539 0.000000 0.992089 -0.378033 0.000000 0.925792 -0.604764 0.000000 0.796404 -0.790282 0.000000 0.612743 -0.921944 0.000000 0.387324 -0.990776 0.000000 0.135510 -0.992089 -0.000000 -0.125539 -0.925792 -0.000000 -0.378033 -0.796404 -0.000000 -0.604764 -0.612743 -0.000000 -0.790282 -0.387324 -0.000000 -0.921944 -0.135510 -0.000000 -0.990776 0.125539 0.000000 -0.992089 0.378033 0.000000 -0.925792 0.604764 0.000000 -0.796404 0.790282 0.000000 -0.612743 0.921944 0.000000 -0.387324 0.990776 0.000000 -0.135510 0.992089 0.000000 0.125539 0.925792 0.000000 0.378033 0.796404 0.000000 0.604764 0.000000 1.000000 0.000000 0.000000 1.000000 0.000000 0.000000 1.000000 0.000000 0.000000 1.000000 0.000000 0.000000 1.000000 0.000000 0.000000 1.000000 0.000000 0.000000 1.000000 0.000000 0.000000 1.000000 0.000000 0.000000 1.000000 0.000000 0.000000 1.000000 0.000000 0.000000 1.000000 0.000000 0.000000 1.000000 0.000000 0.000000 1.000000 0.000000 0.000000 1.000000 0.000000 0.000000 1.000000 0.000000 0.000000 1.000000 0.000000 0.000000 1.000000 0.000000 0.000000 1.000000 0.000000 0.000000 1.000000 0.000000 0.000000 1.000000 0.000000 0.000000 1.000000 0.000000 0.000000 1.000000 0.000000 0.000000 1.000000 0.000000 0.000000 1.000000 0.000000 0.000000 1.000000 0.000000 0.000000 -1.000000 0.000000 0.000000 -1.000000 0.000000 0.000000 -1.000000 0.000000 0.000000 -1.000000 0.000000 0.000000 -1.000000 0.000000 0.000000 -1.000000 0.000000 0.000000 -1.000000 0.000000 0.000000 -1.000000 0.000000 0.000000 -1.000000 0.000000 0.000000 -1.000000 0.000000 0.000000 -1.000000 0.000000 0.000000 -1.000000 0.000000 0.000000 -1.000000 0.000000 0.000000 -1.000000 0.000000 0.000000 -1.000000 0.000000 0.000000 -1.000000 0.000000 0.000000 -1.000000 0.000000 0.000000 -1.000000 0.000000 0.000000 -1.000000 0.000000 0.000000 -1.000000 0.000000 0.000000 -1.000000 0.000000 0.000000 -1.000000 0.000000 0.000000 -1.000000 0.000000 0.000000 -1.000000 0.000000 0.000000 -1.000000 0.000000 0.000000 1.000000 0.000000 0.000000 1.000000 0.000000 0.000000 1.000000 0.000000 0.000000 1.000000 0.000000 0.000000 1.000000 0.000000 0.000000 1.000000 0.000000 0.000000 1.000000 0.000000 0.000000 1.000000 0.000000 0.000000 1.000000 0.000000 0.000000 1.000000 0.000000 0.000000 1.000000 0.000000 0.197290 0.972585 0.123103 0.087253 0.972585 0.215557 -0.056112 0.972585 0.225675 -0.178044 0.972585 0.149593 -0.231969 0.972585 0.016372 -0.197290 0.972585 -0.123103 -0.087253 0.972585 -0.215557 0.056112 0.972585 -0.225675 0.178044 0.972585 -0.149593 0.231969 0.972585 -0.016372 0.686372 0.587556 0.428569 0.306446 0.575863 0.757940 -0.199973 0.560917 0.803357 -0.640266 0.548431 0.537851 -0.837389 0.543403 0.059099 -0.709756 0.547897 -0.442782 -0.311033 0.560067 -0.767843 0.197096 0.575031 -0.794035 0.619648 0.587051 -0.520968 0.804104 0.591773 -0.056760 0.842945 0.111964 0.526219 0.373159 0.096084 0.922778 -0.240923 0.072339 0.967845 -0.764766 0.049796 0.642381 -0.996832 0.037164 0.070314 -0.847764 0.039332 -0.528914 -0.374822 0.055445 -0.925437 0.240201 0.079249 -0.967483 0.761468 0.101596 -0.640191 0.991005 0.114047 -0.070014 0.843893 0.103391 0.526455 0.373122 0.103086 0.922038 -0.240477 0.092215 0.966264 -0.763621 0.074866 0.641309 -0.995870 0.057638 0.070148 -0.847425 0.047149 -0.528818 -0.374824 0.047453 -0.925881 0.240749 0.058432 -0.968827 0.763282 0.075849 -0.641597 0.993179 0.093011 -0.070313 0.841081 0.131095 0.524783 0.371973 0.128360 0.919326 -0.239834 0.117979 0.963619 -0.761621 0.103868 0.639645 -0.993350 0.091403 0.070003 -0.845298 0.085383 -0.527429 -0.373843 0.088141 -0.923295 0.239947 0.098612 -0.965765 0.760611 0.112757 -0.639341 0.989664 0.125153 -0.070008 0.837334 0.160634 0.522559 0.370492 0.156077 0.915629 -0.238681 0.150124 0.959424 -0.757582 0.145049 0.636420 -0.987296 0.142800 0.069672 -0.839552 0.144246 -0.523780 -0.371137 0.148829 -0.916574 0.238260 0.154785 -0.958788 0.755727 0.159838 -0.635081 0.984330 0.162068 -0.069481 0.833465 0.186349 0.520203 0.368857 0.180417 0.911808 -0.237869 0.172655 0.955829 -0.755086 0.166024 0.634257 -0.984165 0.163082 0.069445 -0.836821 0.164974 -0.522028 -0.369861 0.170964 -0.913222 0.237201 0.178735 -0.954877 0.752272 0.185313 -0.632255 0.979690 0.188213 -0.069160 0.834792 0.177545 0.521153 0.369686 0.165543 0.914291 -0.238912 0.149805 0.959416 -0.758615 0.136335 0.637115 -0.989009 0.130355 0.069779 -0.840807 0.134202 -0.524437 -0.371468 0.146372 -0.916835 0.237733 0.162134 -0.957703 0.753577 0.175451 -0.633513 0.980983 0.181312 -0.069266 0.837191 0.161004 0.522675 0.370776 0.146742 0.917056 -0.239663 0.128033 0.962377 -0.760946 0.112018 0.639072 -0.992016 0.104908 0.069991 -0.843381 0.109482 -0.526043 -0.372626 0.123951 -0.919666 0.238432 0.142690 -0.960620 0.755757 0.158516 -0.635377 0.983764 0.165481 -0.069465 0.000000 -1.000000 -0.000000 0.000000 -1.000000 -0.000000 0.000000 -1.000000 -0.000000 0.000000 -1.000000 -0.000000 0.000000 -1.000000 -0.000000 0.000000 -1.000000 -0.000000 0.000000 -1.000000 -0.000000 0.000000 -1.000000 -0.000000 0.000000 -1.000000 -0.000000 0.000000 -1.000000 -0.000000 0.000000 -1.000000 -0.000000</float_array>
          <technique_common>
            <accessor count="1874" offset="0" source="#lib-normal-array-acb62ed7-9364-41ae-b68b-c0cb287c453b" stride="3">
              <param name="X" type="float" />
              <param name="Y" type="float" />
              <param name="Z" type="float" />
            </accessor>
          </technique_common>
        </source>
        <vertices id="lib-vertices-acb62ed7-9364-41ae-b68b-c0cb287c453b">
          <input semantic="POSITION" source="#lib-position-acb62ed7-9364-41ae-b68b-c0cb287c453b" />
        </vertices>
        <triangles count="2564" material="material-a0000000-0000-0000-0000-000000000000">
          <input offset="0" semantic="VERTEX" source="#lib-vertices-acb62ed7-9364-41ae-b68b-c0cb287c453b" />
          <input offset="1" semantic="NORMAL" source="#lib-normal-acb62ed7-9364-41ae-b68b-c0cb287c453b" />
          <p>0 0 1 1 3 3 4 4 5 5 7 7 8 8 9 9 11 11 12 12 13 13 15 15 16 16 17 17 19 19 20 20 21 21 23 23 24 24 26 26 27 27 28 28 30 30 31 31 32 32 34 34 33 33 36 36 38 38 39 39 40 40 42 42 43 43 44 44 46 46 47 47 48 48 56 56 57 57 48 48 59 59 56 56 48 48 58 58 61 61 49 49 62 62 63 63 49 49 64 64 65 65 49 49 66 66 62 62 50 50 68 68 69 69 50 50 71 71 68 68 50 50 70 70 73 73 51 51 74 74 75 75 51 51 77 77 78 78 51 51 76 76 77 77 52 52 80 80 81 81 52 52 83 83 84 84 53 53 85 85 86 86 53 53 88 88 89 89 53 53 87 87 90 90 54 54 94 94 95 95 55 55 96 96 98 98 55 55 99 99 100 100 55 55 98 98 101 101 101 101 98 98 103 103 101 101 103 103 104 104 101 101 105 105 95 95 105 105 104 104 106 106 105 105 107 107 93 93 107 107 106 106 109 109 107 107 109 109 91 91 109 109 108 108 111 111 109 109 111 111 92 92 111 111 110 110 113 113 111 111 113 113 114 114 114 114 113 113 116 116 114 114 116 116 117 117 114 114 118 118 92 92 118 118 117 117 120 120 118 118 120 120 94 94 120 120 119 119 122 122 120 120 122 122 100 100 122 122 121 121 124 124 122 122 124 124 96 96 124 124 123 123 126 126 124 124 126 126 97 97 126 126 125 125 128 128 126 126 128 128 129 129 129 129 128 128 131 131 129 129 131 131 132 132 129 129 102 102 97 97 132 132 131 131 134 134 132 132 134 134 135 135 132 132 136 136 102 102 136 136 135 135 137 137 136 136 138 138 103 103 138 138 137 137 139 139 138 138 140 140 104 104 140 140 139 139 141 141 140 140 142 142 106 106 142 142 141 141 144 144 142 142 144 144 110 110 144 144 143 143 146 146 144 144 146 146 112 112 146 146 145 145 148 148 146 146 148 148 149 149 149 149 148 148 151 151 149 149 151 151 152 152 149 149 115 115 112 112 152 152 151 151 153 153 152 152 154 154 156 156 152 152 156 156 115 115 156 156 155 155 158 158 156 156 158 158 117 117 158 158 157 157 160 160 158 158 160 160 119 119 160 160 159 159 162 162 160 160 162 162 121 121 162 162 161 161 163 163 162 162 164 164 123 123 164 164 163 163 165 165 164 164 166 166 125 125 166 166 165 165 167 167 166 166 168 168 127 127 168 168 167 167 170 170 168 168 170 170 171 171 171 171 170 170 172 172 171 171 173 173 130 130 171 171 130 130 127 127 174 174 173 173 175 175 174 174 176 176 177 177 174 174 133 133 130 130 177 177 176 176 178 178 177 177 179 179 181 181 177 177 181 181 133 133 181 181 180 180 183 183 181 181 183 183 135 135 183 183 182 182 185 185 183 183 185 185 137 137 185 185 184 184 187 187 185 185 187 187 139 139 187 187 186 186 189 189 187 187 189 189 141 141 189 189 188 188 191 191 189 189 191 191 143 143 191 191 190 190 193 193 191 191 193 193 145 145 193 193 192 192 195 195 193 193 195 195 147 147 195 195 194 194 197 197 195 195 197 197 147 147 198 198 197 197 199 199 198 198 200 200 150 150 198 198 150 150 147 147 201 201 200 200 202 202 201 201 203 203 153 153 201 201 153 153 151 151 204 204 203 203 206 206 204 204 206 206 208 208 204 204 208 208 154 154 208 208 207 207 210 210 208 208 210 210 155 155 210 210 209 209 212 212 210 210 212 212 157 157 212 212 211 211 214 214 212 212 214 214 159 159 214 214 213 213 216 216 214 214 216 216 161 161 216 216 215 215 218 218 216 216 218 218 161 161 218 218 217 217 220 220 218 218 220 220 163 163 220 220 219 219 222 222 220 220 222 222 165 165 222 222 221 221 223 223 222 222 224 224 167 167 224 224 223 223 225 225 224 224 226 226 169 169 227 227 226 226 228 228 227 227 229 229 172 172 227 227 172 172 170 170 230 230 229 229 231 231 230 230 232 232 175 175 230 230 175 175 173 173 233 233 232 232 234 234 233 233 235 235 178 178 233 233 178 178 176 176 236 236 235 235 238 238 236 236 238 238 240 240 236 236 240 240 179 179 240 240 239 239 242 242 240 240 242 242 180 180 242 242 241 241 244 244 242 242 244 244 182 182 244 244 243 243 246 246 244 244 246 246 184 184 246 246 245 245 248 248 246 246 248 248 186 186 248 248 247 247 249 249 248 248 250 250 188 188 250 250 249 249 251 251 250 250 252 252 190 190 252 252 251 251 253 253 252 252 254 254 192 192 254 254 253 253 255 255 254 254 256 256 194 194 256 256 255 255 258 258 256 256 258 258 196 196 258 258 257 257 259 259 258 258 260 260 196 196 261 261 260 260 262 262 261 261 263 263 199 199 261 261 199 199 197 197 264 264 263 263 266 266 264 264 266 266 267 267 264 264 202 202 200 200 267 267 266 266 269 269 267 267 269 269 270 270 267 267 205 205 202 202 270 270 269 269 271 271 270 270 272 272 274 274 270 270 274 274 205 205 274 274 273 273 276 276 274 274 276 276 207 207 276 276 275 275 278 278 276 276 278 278 209 209 278 278 277 277 280 280 278 278 280 280 209 209 280 280 279 279 281 281 280 280 282 282 211 211 282 282 281 281 283 283 282 282 284 284 215 215 284 284 283 283 285 285 284 284 286 286 217 217 286 286 285 285 287 287 286 286 288 288 219 219 288 288 287 287 289 289 288 288 290 290 219 219 290 290 289 289 291 291 290 290 292 292 221 221 292 292 291 291 294 294 292 292 294 294 225 225 294 294 293 293 296 296 294 294 296 296 297 297 297 297 296 296 299 299 297 297 299 299 300 300 297 297 228 228 225 225 300 300 299 299 302 302 300 300 302 302 231 231 300 300 231 231 229 229 303 303 302 302 304 304 303 303 305 305 306 306 303 303 234 234 232 232 306 306 305 305 308 308 306 306 308 308 309 309 306 306 237 237 234 234 309 309 308 308 311 311 309 309 311 311 312 312 309 309 313 313 237 237 313 313 312 312 314 314 313 313 315 315 238 238 315 315 314 314 316 316 315 315 317 317 239 239 317 317 316 316 318 318 317 317 319 319 241 241 319 319 318 318 320 320 319 319 321 321 243 243 321 321 320 320 322 322 321 321 323 323 245 245 323 323 322 322 324 324 323 323 325 325 247 247 325 325 324 324 326 326 325 325 327 327 249 249 327 327 326 326 328 328 327 327 329 329 251 251 329 329 328 328 330 330 329 329 331 331 253 253 331 331 330 330 333 333 331 331 333 333 255 255 333 333 332 332 335 335 333 333 335 335 259 259 335 335 334 334 337 337 335 335 337 337 338 338 338 338 337 337 339 339 338 338 340 340 341 341 338 338 262 262 260 260 341 341 340 340 343 343 341 341 343 343 344 344 341 341 265 265 262 262 344 344 343 343 345 345 344 344 346 346 347 347 344 344 268 268 265 265 347 347 346 346 348 348 347 347 349 349 271 271 347 347 271 271 268 268 350 350 349 349 351 351 350 350 352 352 354 354 350 350 354 354 272 272 354 354 353 353 355 355 354 354 356 356 273 273 356 356 355 355 357 357 356 356 357 357 275 275 357 357 72 72 358 358 357 357 358 358 277 277 358 358 71 71 359 359 358 358 359 359 279 279 359 359 73 73 361 361 359 359 361 361 281 281 361 361 360 360 78 78 361 361 362 362 281 281 362 362 78 78 77 77 362 362 363 363 283 283 363 363 77 77 79 79 363 363 364 364 285 285 364 364 79 79 365 365 364 364 366 366 287 287 366 366 365 365 367 367 366 366 368 368 289 289 368 368 367 367 369 369 368 368 370 370 291 291 370 370 369 369 372 372 370 370 372 372 295 295 372 372 371 371 374 374 372 372 374 374 375 375 375 375 374 374 377 377 375 375 377 377 378 378 375 375 298 298 295 295 378 378 377 377 379 379 378 378 380 380 381 381 378 378 301 301 298 298 381 381 380 380 382 382 381 381 383 383 384 384 381 381 304 304 301 301 384 384 383 383 386 386 384 384 386 386 307 307 384 384 307 307 305 305 387 387 386 386 389 389 387 387 389 389 310 310 387 387 310 310 307 307 390 390 389 389 391 391 390 390 392 392 394 394 390 390 394 394 311 311 394 394 393 393 396 396 394 394 396 396 312 312 396 396 395 395 398 398 396 396 398 398 314 314 398 398 397 397 400 400 398 398 400 400 316 316 400 400 399 399 402 402 400 400 402 402 318 318 402 402 401 401 404 404 402 402 404 404 320 320 404 404 403 403 406 406 404 404 406 406 322 322 406 406 405 405 408 408 406 406 408 408 324 324 408 408 407 407 410 410 408 408 410 410 326 326 410 410 409 409 412 412 410 410 412 412 328 328 412 412 411 411 414 414 412 412 414 414 328 328 414 414 413 413 415 415 414 414 416 416 330 330 416 416 415 415 417 417 416 416 418 418 332 332 418 418 417 417 419 419 418 418 420 420 334 334 420 420 419 419 422 422 420 420 422 422 423 423 423 423 422 422 425 425 423 423 425 425 339 339 423 423 339 339 337 337 426 426 425 425 428 428 426 426 428 428 429 429 426 426 342 342 340 340 429 429 428 428 431 431 429 429 431 431 432 432 429 429 345 345 342 342 432 432 431 431 434 434 432 432 434 434 348 348 432 432 348 348 346 346 435 435 434 434 436 436 435 435 437 437 351 351 435 435 351 351 349 349 438 438 437 437 439 439 438 438 440 440 442 442 438 438 442 442 352 352 442 442 441 441 443 443 442 442 444 444 352 352 444 444 443 443 445 445 444 444 446 446 355 355 446 446 445 445 68 68 446 446 68 68 72 72 445 445 443 443 448 448 445 445 448 448 449 449 449 449 448 448 75 75 449 449 75 75 74 74 449 449 451 451 69 69 451 451 74 74 360 360 451 451 360 360 70 70 450 450 448 448 447 447 450 450 452 452 454 454 450 450 454 454 76 76 454 454 453 453 365 365 454 454 365 365 79 79 453 453 452 452 455 455 453 453 456 456 367 367 456 456 455 455 458 458 456 456 458 458 369 369 458 458 457 457 460 460 458 458 460 460 373 373 460 460 459 459 462 462 460 460 462 462 463 463 463 463 462 462 465 465 463 463 465 465 466 466 463 463 376 376 373 373 466 466 465 465 467 467 466 466 468 468 379 379 466 466 379 379 376 376 469 469 468 468 470 470 469 469 471 471 382 382 469 469 382 382 380 380 472 472 471 471 474 474 472 472 474 474 475 475 472 472 385 385 383 383 475 475 474 474 477 477 475 475 477 477 388 388 475 475 388 388 386 386 478 478 477 477 479 479 478 478 480 480 481 481 478 478 391 391 388 388 481 481 480 480 483 483 481 481 483 483 484 484 481 481 485 485 391 391 485 485 484 484 486 486 485 485 487 487 393 393 487 487 486 486 488 488 487 487 489 489 395 395 489 489 488 488 490 490 489 489 491 491 397 397 491 491 490 490 492 492 491 491 493 493 397 397 493 493 492 492 494 494 493 493 495 495 399 399 495 495 494 494 496 496 495 495 497 497 401 401 497 497 496 496 498 498 497 497 499 499 403 403 499 499 498 498 500 500 499 499 501 501 405 405 501 501 500 500 502 502 501 501 503 503 407 407 503 503 502 502 504 504 503 503 505 505 409 409 505 505 504 504 506 506 505 505 507 507 413 413 507 507 506 506 509 509 507 507 509 509 413 413 509 509 508 508 511 511 509 509 511 511 415 415 511 511 510 510 513 513 511 511 513 513 419 419 513 513 512 512 514 514 513 513 515 515 419 419 515 515 514 514 516 516 515 515 517 517 421 421 518 518 517 517 520 520 518 518 520 520 521 521 518 518 424 424 421 421 521 521 520 520 522 522 521 521 523 523 524 524 521 521 427 427 424 424 524 524 523 523 526 526 524 524 526 526 527 527 524 524 430 430 427 427 527 527 526 526 529 529 527 527 529 529 530 530 527 527 433 433 430 430 530 530 529 529 532 532 530 530 532 532 533 533 530 530 436 436 433 433 533 533 532 532 534 534 533 533 535 535 439 439 533 533 439 439 437 437 536 536 535 535 461 461 536 536 459 459 537 537 536 536 537 537 440 440 537 537 457 457 455 455 537 537 538 538 440 440 538 538 455 455 452 452 538 538 447 447 441 441 535 535 534 534 539 539 539 539 534 534 540 540 539 539 541 541 464 464 539 539 464 464 461 461 542 542 541 541 543 543 542 542 544 544 467 467 542 542 467 467 465 465 545 545 544 544 547 547 545 545 547 547 548 548 545 545 470 470 468 468 548 548 547 547 550 550 548 548 550 550 551 551 548 548 473 473 470 470 551 551 550 550 552 552 551 551 553 553 554 554 551 551 476 476 473 473 554 554 553 553 555 555 554 554 556 556 479 479 554 554 479 479 477 477 557 557 556 556 558 558 557 557 559 559 482 482 557 557 482 482 480 480 560 560 559 559 561 561 560 560 562 562 563 563 560 560 564 564 482 482 564 564 563 563 565 565 564 564 566 566 483 483 566 566 565 565 567 567 566 566 568 568 484 484 568 568 567 567 569 569 568 568 570 570 488 488 570 570 569 569 571 571 570 570 572 572 488 488 572 572 571 571 573 573 572 572 574 574 490 490 574 574 573 573 576 576 574 574 576 576 492 492 576 576 575 575 578 578 576 576 578 578 494 494 578 578 577 577 580 580 578 578 580 580 496 496 580 580 579 579 581 581 580 580 582 582 498 498 582 582 581 581 584 584 582 582 584 584 500 500 584 584 583 583 585 585 584 584 586 586 502 502 586 586 585 585 588 588 586 586 588 588 506 506 588 588 587 587 590 590 588 588 590 590 508 508 590 590 589 589 592 592 590 590 592 592 510 510 592 592 591 591 594 594 592 592 594 594 512 512 594 594 593 593 595 595 594 594 596 596 512 512 596 596 595 595 597 597 596 596 598 598 514 514 598 598 597 597 599 599 598 598 600 600 516 516 601 601 600 600 602 602 601 601 603 603 604 604 601 601 519 519 517 517 604 604 603 603 606 606 604 604 606 606 607 607 604 604 522 522 519 519 607 607 606 606 608 608 607 607 609 609 525 525 607 607 525 525 523 523 610 610 609 609 611 611 610 610 612 612 528 528 610 610 528 528 526 526 613 613 612 612 614 614 613 613 615 615 540 540 613 613 531 531 528 528 615 615 614 614 616 616 615 615 543 543 541 541 616 616 614 614 618 618 616 616 618 618 546 546 616 616 546 546 543 543 619 619 618 618 620 620 619 619 621 621 549 549 619 619 549 549 546 546 622 622 621 621 623 623 622 622 624 624 552 552 622 622 552 552 550 550 625 625 624 624 626 626 625 625 627 627 555 555 625 625 555 555 553 553 628 628 627 627 629 629 628 628 630 630 558 558 628 628 558 558 556 556 631 631 630 630 632 632 631 631 633 633 561 561 631 631 561 561 559 559 634 634 633 633 636 636 634 634 636 636 638 638 634 634 638 638 562 562 638 638 637 637 639 639 638 638 640 640 562 562 640 640 639 639 642 642 640 640 642 642 563 563 642 642 641 641 644 644 642 642 644 644 565 565 644 644 643 643 646 646 644 644 646 646 567 567 646 646 645 645 648 648 646 646 648 648 571 571 648 648 647 647 650 650 648 648 650 650 573 573 650 650 649 649 652 652 650 650 652 652 575 575 652 652 651 651 654 654 652 652 654 654 577 577 654 654 653 653 656 656 654 654 656 656 579 579 656 656 655 655 658 658 656 656 658 658 581 581 658 658 657 657 659 659 658 658 660 660 583 583 660 660 659 659 661 661 660 660 662 662 583 583 662 662 661 661 663 663 662 662 664 664 585 585 664 664 663 663 666 666 664 664 666 666 589 589 666 666 665 665 668 668 666 666 668 668 591 591 668 668 667 667 670 670 668 668 670 670 593 593 670 670 669 669 671 671 670 670 672 672 593 593 672 672 671 671 673 673 672 672 674 674 595 595 674 674 673 673 675 675 674 674 676 676 597 597 676 676 675 675 678 678 676 676 678 678 599 599 679 679 678 678 680 680 679 679 681 681 602 602 679 679 602 602 600 600 682 682 681 681 683 683 682 682 684 684 685 685 682 682 605 605 602 602 685 685 684 684 687 687 685 685 687 687 688 688 685 685 608 608 605 605 688 688 687 687 690 690 688 688 690 690 617 617 688 688 611 611 609 609 690 690 689 689 620 620 690 690 620 620 618 618 691 691 689 689 692 692 691 691 693 693 623 623 691 691 623 623 621 621 694 694 693 693 695 695 694 694 696 696 697 697 694 694 626 626 624 624 697 697 696 696 699 699 697 697 699 699 700 700 697 697 629 629 627 627 700 700 699 699 702 702 700 700 702 702 703 703 700 700 632 632 630 630 703 703 702 702 705 705 703 703 705 705 706 706 703 703 635 635 632 632 706 706 705 705 708 708 706 706 708 708 709 709 706 706 710 710 635 635 710 710 709 709 712 712 710 710 712 712 637 637 712 712 711 711 713 713 712 712 714 714 637 637 714 714 713 713 716 716 714 714 716 716 641 641 716 716 715 715 718 718 716 716 718 718 643 643 718 718 717 717 720 720 718 718 720 720 645 645 720 720 719 719 89 89 720 720 89 89 647 647 719 719 717 717 721 721 719 719 722 722 85 85 722 722 721 721 723 723 722 722 724 724 86 86 725 725 726 726 87 87 725 725 724 724 81 81 725 725 81 81 80 80 727 727 724 724 723 723 727 727 728 728 730 730 727 727 730 730 82 82 730 730 729 729 732 732 730 730 732 732 733 733 733 733 83 83 82 82 733 733 732 732 659 659 733 733 659 659 657 657 732 732 731 731 661 661 731 731 729 729 735 735 731 731 735 735 665 665 735 735 734 734 737 737 735 735 737 737 667 667 737 737 736 736 739 739 737 737 739 739 669 669 739 739 738 738 740 740 739 739 741 741 669 669 741 741 740 740 742 742 741 741 743 743 671 671 743 743 742 742 744 744 743 743 745 745 673 673 745 745 744 744 747 747 745 745 747 747 677 677 747 747 746 746 60 60 747 747 60 60 748 748 748 748 60 60 749 749 748 748 749 749 750 750 748 748 680 680 677 677 750 750 749 749 751 751 750 750 752 752 683 683 750 750 683 683 681 681 753 753 752 752 754 754 753 753 755 755 686 686 753 753 686 686 683 683 755 755 754 754 756 756 755 755 695 695 692 692 756 756 754 754 758 758 756 756 758 758 759 759 756 756 698 698 695 695 759 759 758 758 62 62 759 759 62 62 67 67 759 759 701 701 698 698 758 758 757 757 63 63 760 760 61 61 58 58 760 760 761 761 64 64 760 760 757 757 61 61 761 761 762 762 64 64 761 761 58 58 57 57 762 762 763 763 65 65 762 762 57 57 763 763 765 765 766 766 763 763 765 765 57 57 56 56 765 765 746 746 766 766 767 767 768 768 770 770 767 767 770 770 764 764 767 767 766 766 771 771 771 771 772 772 768 768 771 771 766 766 742 742 771 771 742 742 740 740 773 773 774 774 775 775 773 773 776 776 769 769 773 773 772 772 777 777 777 777 778 778 779 779 777 777 772 772 738 738 777 777 738 738 778 778 779 779 780 780 781 781 779 779 782 782 774 774 779 779 778 778 780 780 783 783 728 728 723 723 783 783 778 778 736 736 783 783 734 734 728 728 782 782 781 781 715 715 782 782 713 713 775 775 781 781 780 780 721 721 781 781 721 721 717 717 776 776 775 775 711 711 776 776 709 709 708 708 770 770 769 769 707 707 770 770 707 707 784 784 784 784 66 66 764 764 784 784 707 707 704 704 784 784 704 704 67 67 757 757 754 754 752 752 751 751 749 749 59 59 726 726 80 80 785 785 726 726 785 785 87 87 785 785 84 84 655 655 785 785 653 653 90 90 704 704 702 702 701 701 692 692 689 689 686 686 657 657 655 655 83 83 651 651 649 649 88 88 649 649 647 647 89 89 617 617 614 614 612 612 540 540 534 534 531 531 100 100 99 99 94 94 54 54 93 93 92 92 786 786 787 787 789 789 790 790 791 791 793 793 794 794 795 795 797 797 798 798 799 799 801 801 802 802 803 803 805 805 806 806 807 807 809 809 810 810 811 811 813 813 814 814 815 815 817 817 818 818 819 819 821 821 822 822 823 823 825 825 826 826 827 827 829 829 830 830 831 831 833 833 834 834 835 835 837 837 838 838 839 839 841 841 842 842 843 843 845 845 846 846 847 847 849 849 850 850 851 851 853 853 854 854 855 855 857 857 858 858 859 859 883 883 859 859 860 860 884 884 860 860 861 861 885 885 861 861 862 862 886 886 862 862 863 863 887 887 863 863 864 864 888 888 864 864 865 865 889 889 865 865 866 866 890 890 866 866 867 867 891 891 867 867 868 868 892 892 868 868 869 869 893 893 869 869 870 870 894 894 870 870 871 871 895 895 871 871 872 872 896 896 872 872 873 873 897 897 873 873 874 874 898 898 874 874 875 875 899 899 875 875 876 876 900 900 876 876 877 877 901 901 877 877 878 878 902 902 878 878 879 879 903 903 879 879 880 880 904 904 880 880 881 881 905 905 881 881 858 858 882 882 906 906 908 908 907 907 906 906 909 909 908 908 906 906 910 910 909 909 906 906 911 911 910 910 906 906 912 912 911 911 906 906 913 913 912 912 906 906 914 914 913 913 906 906 915 915 914 914 906 906 916 916 915 915 906 906 917 917 916 916 906 906 918 918 917 917 906 906 919 919 918 918 906 906 920 920 919 919 906 906 921 921 920 920 906 906 922 922 921 921 906 906 923 923 922 922 906 906 924 924 923 923 906 906 925 925 924 924 906 906 926 926 925 925 906 906 927 927 926 926 906 906 928 928 927 927 906 906 929 929 928 928 906 906 930 930 929 929 906 906 907 907 930 930 931 931 932 932 933 933 931 931 933 933 934 934 931 931 934 934 935 935 931 931 935 935 936 936 931 931 936 936 937 937 931 931 937 937 938 938 931 931 938 938 939 939 931 931 939 939 940 940 931 931 940 940 941 941 931 931 941 941 942 942 931 931 942 942 943 943 931 931 943 943 944 944 931 931 944 944 945 945 931 931 945 945 946 946 931 931 946 946 947 947 931 931 947 947 948 948 931 931 948 948 949 949 931 931 949 949 950 950 931 931 950 950 951 951 931 931 951 951 952 952 931 931 952 952 953 953 931 931 953 953 954 954 931 931 954 954 955 955 931 931 955 955 932 932 956 956 957 957 981 981 957 957 958 958 982 982 958 958 959 959 983 983 959 959 960 960 984 984 960 960 961 961 985 985 961 961 962 962 986 986 962 962 963 963 987 987 963 963 964 964 988 988 964 964 965 965 989 989 965 965 966 966 990 990 966 966 967 967 991 991 967 967 968 968 992 992 968 968 969 969 993 993 969 969 970 970 994 994 970 970 971 971 995 995 971 971 972 972 996 996 972 972 973 973 997 997 973 973 974 974 998 998 974 974 975 975 999 999 975 975 976 976 1000 1000 976 976 977 977 1001 1001 977 977 978 978 1002 1002 978 978 979 979 1003 1003 979 979 956 956 980 980 1004 1004 1006 1006 1005 1005 1004 1004 1007 1007 1006 1006 1004 1004 1008 1008 1007 1007 1004 1004 1009 1009 1008 1008 1004 1004 1010 1010 1009 1009 1004 1004 1011 1011 1010 1010 1004 1004 1012 1012 1011 1011 1004 1004 1013 1013 1012 1012 1004 1004 1014 1014 1013 1013 1004 1004 1015 1015 1014 1014 1004 1004 1016 1016 1015 1015 1004 1004 1017 1017 1016 1016 1004 1004 1018 1018 1017 1017 1004 1004 1019 1019 1018 1018 1004 1004 1020 1020 1019 1019 1004 1004 1021 1021 1020 1020 1004 1004 1022 1022 1021 1021 1004 1004 1023 1023 1022 1022 1004 1004 1024 1024 1023 1023 1004 1004 1025 1025 1024 1024 1004 1004 1026 1026 1025 1025 1004 1004 1027 1027 1026 1026 1004 1004 1028 1028 1027 1027 1004 1004 1005 1005 1028 1028 1029 1029 1030 1030 1031 1031 1029 1029 1031 1031 1032 1032 1029 1029 1032 1032 1033 1033 1029 1029 1033 1033 1034 1034 1029 1029 1034 1034 1035 1035 1029 1029 1035 1035 1036 1036 1029 1029 1036 1036 1037 1037 1029 1029 1037 1037 1038 1038 1029 1029 1038 1038 1039 1039 1029 1029 1039 1039 1040 1040 1029 1029 1040 1040 1041 1041 1029 1029 1041 1041 1042 1042 1029 1029 1042 1042 1043 1043 1029 1029 1043 1043 1044 1044 1029 1029 1044 1044 1045 1045 1029 1029 1045 1045 1046 1046 1029 1029 1046 1046 1047 1047 1029 1029 1047 1047 1048 1048 1029 1029 1048 1048 1049 1049 1029 1029 1049 1049 1050 1050 1029 1029 1050 1050 1051 1051 1029 1029 1051 1051 1052 1052 1029 1029 1052 1052 1053 1053 1029 1029 1053 1053 1030 1030 1055 1055 1057 1057 1054 1054 1061 1061 1062 1062 1058 1058 1060 1060 1061 1061 1059 1059 1058 1058 1059 1059 1061 1061 1064 1064 1063 1063 1065 1065 1069 1069 1068 1068 1067 1067 1071 1071 1069 1069 1070 1070 1067 1067 1070 1070 1069 1069 1076 1076 1077 1077 1075 1075 1074 1074 1075 1075 1077 1077 1074 1074 1072 1072 1073 1073 1079 1079 1078 1078 1080 1080 1082 1082 1083 1083 1086 1086 1087 1087 1084 1084 1086 1086 1085 1085 1087 1087 1086 1086 1089 1089 1088 1088 1092 1092 1091 1091 1090 1090 1092 1092 1089 1089 1092 1092 1090 1090 1095 1095 1093 1093 1094 1094 1096 1096 1097 1097 1095 1095 1094 1094 1096 1096 1095 1095 1101 1101 1100 1100 1098 1098 1098 1098 1099 1099 1101 1101 1102 1102 1103 1103 1127 1127 1103 1103 1104 1104 1128 1128 1104 1104 1105 1105 1129 1129 1105 1105 1106 1106 1130 1130 1106 1106 1107 1107 1131 1131 1107 1107 1108 1108 1132 1132 1108 1108 1109 1109 1133 1133 1109 1109 1110 1110 1134 1134 1110 1110 1111 1111 1135 1135 1111 1111 1112 1112 1136 1136 1112 1112 1113 1113 1137 1137 1113 1113 1114 1114 1138 1138 1114 1114 1115 1115 1139 1139 1115 1115 1116 1116 1140 1140 1116 1116 1117 1117 1141 1141 1117 1117 1118 1118 1142 1142 1118 1118 1119 1119 1143 1143 1119 1119 1120 1120 1144 1144 1120 1120 1121 1121 1145 1145 1121 1121 1122 1122 1146 1146 1122 1122 1123 1123 1147 1147 1123 1123 1124 1124 1148 1148 1124 1124 1125 1125 1149 1149 1125 1125 1102 1102 1126 1126 1150 1150 1152 1152 1151 1151 1150 1150 1153 1153 1152 1152 1150 1150 1154 1154 1153 1153 1150 1150 1155 1155 1154 1154 1150 1150 1156 1156 1155 1155 1150 1150 1157 1157 1156 1156 1150 1150 1158 1158 1157 1157 1150 1150 1159 1159 1158 1158 1150 1150 1160 1160 1159 1159 1150 1150 1161 1161 1160 1160 1150 1150 1162 1162 1161 1161 1150 1150 1163 1163 1162 1162 1150 1150 1164 1164 1163 1163 1150 1150 1165 1165 1164 1164 1150 1150 1166 1166 1165 1165 1150 1150 1167 1167 1166 1166 1150 1150 1168 1168 1167 1167 1150 1150 1169 1169 1168 1168 1150 1150 1170 1170 1169 1169 1150 1150 1171 1171 1170 1170 1150 1150 1172 1172 1171 1171 1150 1150 1173 1173 1172 1172 1150 1150 1174 1174 1173 1173 1150 1150 1151 1151 1174 1174 1175 1175 1176 1176 1177 1177 1175 1175 1177 1177 1178 1178 1175 1175 1178 1178 1179 1179 1175 1175 1179 1179 1180 1180 1175 1175 1180 1180 1181 1181 1175 1175 1181 1181 1182 1182 1175 1175 1182 1182 1183 1183 1175 1175 1183 1183 1184 1184 1175 1175 1184 1184 1185 1185 1175 1175 1185 1185 1186 1186 1175 1175 1186 1186 1187 1187 1175 1175 1187 1187 1188 1188 1175 1175 1188 1188 1189 1189 1175 1175 1189 1189 1190 1190 1175 1175 1190 1190 1191 1191 1175 1175 1191 1191 1192 1192 1175 1175 1192 1192 1193 1193 1175 1175 1193 1193 1194 1194 1175 1175 1194 1194 1195 1195 1175 1175 1195 1195 1196 1196 1175 1175 1196 1196 1197 1197 1175 1175 1197 1197 1198 1198 1175 1175 1198 1198 1199 1199 1175 1175 1199 1199 1176 1176 1200 1200 1201 1201 1225 1225 1201 1201 1202 1202 1226 1226 1202 1202 1203 1203 1227 1227 1203 1203 1204 1204 1228 1228 1204 1204 1205 1205 1229 1229 1205 1205 1206 1206 1230 1230 1206 1206 1207 1207 1231 1231 1207 1207 1208 1208 1232 1232 1208 1208 1209 1209 1233 1233 1209 1209 1210 1210 1234 1234 1210 1210 1211 1211 1235 1235 1211 1211 1212 1212 1236 1236 1212 1212 1213 1213 1237 1237 1213 1213 1214 1214 1238 1238 1214 1214 1215 1215 1239 1239 1215 1215 1216 1216 1240 1240 1216 1216 1217 1217 1241 1241 1217 1217 1218 1218 1242 1242 1218 1218 1219 1219 1243 1243 1219 1219 1220 1220 1244 1244 1220 1220 1221 1221 1245 1245 1221 1221 1222 1222 1246 1246 1222 1222 1223 1223 1247 1247 1223 1223 1200 1200 1224 1224 1248 1248 1250 1250 1249 1249 1248 1248 1251 1251 1250 1250 1248 1248 1252 1252 1251 1251 1248 1248 1253 1253 1252 1252 1248 1248 1254 1254 1253 1253 1248 1248 1255 1255 1254 1254 1248 1248 1256 1256 1255 1255 1248 1248 1257 1257 1256 1256 1248 1248 1258 1258 1257 1257 1248 1248 1259 1259 1258 1258 1248 1248 1260 1260 1259 1259 1248 1248 1261 1261 1260 1260 1248 1248 1262 1262 1261 1261 1248 1248 1263 1263 1262 1262 1248 1248 1264 1264 1263 1263 1248 1248 1265 1265 1264 1264 1248 1248 1266 1266 1265 1265 1248 1248 1267 1267 1266 1266 1248 1248 1268 1268 1267 1267 1248 1248 1269 1269 1268 1268 1248 1248 1270 1270 1269 1269 1248 1248 1271 1271 1270 1270 1248 1248 1272 1272 1271 1271 1248 1248 1249 1249 1272 1272 1273 1273 1274 1274 1275 1275 1273 1273 1275 1275 1276 1276 1273 1273 1276 1276 1277 1277 1273 1273 1277 1277 1278 1278 1273 1273 1278 1278 1279 1279 1273 1273 1279 1279 1280 1280 1273 1273 1280 1280 1281 1281 1273 1273 1281 1281 1282 1282 1273 1273 1282 1282 1283 1283 1273 1273 1283 1283 1284 1284 1273 1273 1284 1284 1285 1285 1273 1273 1285 1285 1286 1286 1273 1273 1286 1286 1287 1287 1273 1273 1287 1287 1288 1288 1273 1273 1288 1288 1289 1289 1273 1273 1289 1289 1290 1290 1273 1273 1290 1290 1291 1291 1273 1273 1291 1291 1292 1292 1273 1273 1292 1292 1293 1293 1273 1273 1293 1293 1294 1294 1273 1273 1294 1294 1295 1295 1273 1273 1295 1295 1296 1296 1273 1273 1296 1296 1297 1297 1273 1273 1297 1297 1274 1274 1298 1298 1299 1299 1301 1301 1302 1302 1303 1303 1305 1305 1306 1306 1307 1307 1309 1309 1310 1310 1311 1311 1313 1313 1314 1314 1315 1315 1317 1317 1318 1318 1319 1319 1321 1321 1322 1322 1323 1323 1325 1325 1326 1326 1327 1327 1329 1329 1330 1330 1331 1331 1333 1333 1334 1334 1335 1335 1337 1337 1338 1338 1339 1339 1341 1341 1342 1342 1343 1343 1345 1345 1346 1346 1347 1347 1349 1349 1350 1350 1351 1351 1353 1353 1354 1354 1355 1355 1357 1357 1358 1358 1359 1359 1361 1361 1362 1362 1363 1363 1365 1365 1366 1366 1367 1367 1369 1369 1370 1370 1371 1371 1395 1395 1371 1371 1372 1372 1396 1396 1372 1372 1373 1373 1397 1397 1373 1373 1374 1374 1398 1398 1374 1374 1375 1375 1399 1399 1375 1375 1376 1376 1400 1400 1376 1376 1377 1377 1401 1401 1377 1377 1378 1378 1402 1402 1378 1378 1379 1379 1403 1403 1379 1379 1380 1380 1404 1404 1380 1380 1381 1381 1405 1405 1381 1381 1382 1382 1406 1406 1382 1382 1383 1383 1407 1407 1383 1383 1384 1384 1408 1408 1384 1384 1385 1385 1409 1409 1385 1385 1386 1386 1410 1410 1386 1386 1387 1387 1411 1411 1387 1387 1388 1388 1412 1412 1388 1388 1389 1389 1413 1413 1389 1389 1390 1390 1414 1414 1390 1390 1391 1391 1415 1415 1391 1391 1392 1392 1416 1416 1392 1392 1393 1393 1417 1417 1393 1393 1370 1370 1394 1394 1418 1418 1420 1420 1419 1419 1418 1418 1421 1421 1420 1420 1418 1418 1422 1422 1421 1421 1418 1418 1423 1423 1422 1422 1418 1418 1424 1424 1423 1423 1418 1418 1425 1425 1424 1424 1418 1418 1426 1426 1425 1425 1418 1418 1427 1427 1426 1426 1418 1418 1428 1428 1427 1427 1418 1418 1429 1429 1428 1428 1418 1418 1430 1430 1429 1429 1418 1418 1431 1431 1430 1430 1418 1418 1432 1432 1431 1431 1418 1418 1433 1433 1432 1432 1418 1418 1434 1434 1433 1433 1418 1418 1435 1435 1434 1434 1418 1418 1436 1436 1435 1435 1418 1418 1437 1437 1436 1436 1418 1418 1438 1438 1437 1437 1418 1418 1439 1439 1438 1438 1418 1418 1440 1440 1439 1439 1418 1418 1441 1441 1440 1440 1418 1418 1442 1442 1441 1441 1418 1418 1419 1419 1442 1442 1443 1443 1444 1444 1445 1445 1443 1443 1445 1445 1446 1446 1443 1443 1446 1446 1447 1447 1443 1443 1447 1447 1448 1448 1443 1443 1448 1448 1449 1449 1443 1443 1449 1449 1450 1450 1443 1443 1450 1450 1451 1451 1443 1443 1451 1451 1452 1452 1443 1443 1452 1452 1453 1453 1443 1443 1453 1453 1454 1454 1443 1443 1454 1454 1455 1455 1443 1443 1455 1455 1456 1456 1443 1443 1456 1456 1457 1457 1443 1443 1457 1457 1458 1458 1443 1443 1458 1458 1459 1459 1443 1443 1459 1459 1460 1460 1443 1443 1460 1460 1461 1461 1443 1443 1461 1461 1462 1462 1443 1443 1462 1462 1463 1463 1443 1443 1463 1463 1464 1464 1443 1443 1464 1464 1465 1465 1443 1443 1465 1465 1466 1466 1443 1443 1466 1466 1467 1467 1443 1443 1467 1467 1444 1444 1468 1468 1469 1469 1493 1493 1469 1469 1470 1470 1494 1494 1470 1470 1471 1471 1495 1495 1471 1471 1472 1472 1496 1496 1472 1472 1473 1473 1497 1497 1473 1473 1474 1474 1498 1498 1474 1474 1475 1475 1499 1499 1475 1475 1476 1476 1500 1500 1476 1476 1477 1477 1501 1501 1477 1477 1478 1478 1502 1502 1478 1478 1479 1479 1503 1503 1479 1479 1480 1480 1504 1504 1480 1480 1481 1481 1505 1505 1481 1481 1482 1482 1506 1506 1482 1482 1483 1483 1507 1507 1483 1483 1484 1484 1508 1508 1484 1484 1485 1485 1509 1509 1485 1485 1486 1486 1510 1510 1486 1486 1487 1487 1511 1511 1487 1487 1488 1488 1512 1512 1488 1488 1489 1489 1513 1513 1489 1489 1490 1490 1514 1514 1490 1490 1491 1491 1515 1515 1491 1491 1468 1468 1492 1492 1516 1516 1518 1518 1517 1517 1516 1516 1519 1519 1518 1518 1516 1516 1520 1520 1519 1519 1516 1516 1521 1521 1520 1520 1516 1516 1522 1522 1521 1521 1516 1516 1523 1523 1522 1522 1516 1516 1524 1524 1523 1523 1516 1516 1525 1525 1524 1524 1516 1516 1526 1526 1525 1525 1516 1516 1527 1527 1526 1526 1516 1516 1528 1528 1527 1527 1516 1516 1529 1529 1528 1528 1516 1516 1530 1530 1529 1529 1516 1516 1531 1531 1530 1530 1516 1516 1532 1532 1531 1531 1516 1516 1533 1533 1532 1532 1516 1516 1534 1534 1533 1533 1516 1516 1535 1535 1534 1534 1516 1516 1536 1536 1535 1535 1516 1516 1537 1537 1536 1536 1516 1516 1538 1538 1537 1537 1516 1516 1539 1539 1538 1538 1516 1516 1540 1540 1539 1539 1516 1516 1517 1517 1540 1540 1541 1541 1542 1542 1543 1543 1541 1541 1543 1543 1544 1544 1541 1541 1544 1544 1545 1545 1541 1541 1545 1545 1546 1546 1541 1541 1546 1546 1547 1547 1541 1541 1547 1547 1548 1548 1541 1541 1548 1548 1549 1549 1541 1541 1549 1549 1550 1550 1541 1541 1550 1550 1551 1551 1541 1541 1551 1551 1552 1552 1541 1541 1552 1552 1553 1553 1541 1541 1553 1553 1554 1554 1541 1541 1554 1554 1555 1555 1541 1541 1555 1555 1556 1556 1541 1541 1556 1556 1557 1557 1541 1541 1557 1557 1558 1558 1541 1541 1558 1558 1559 1559 1541 1541 1559 1559 1560 1560 1541 1541 1560 1560 1561 1561 1541 1541 1561 1561 1562 1562 1541 1541 1562 1562 1563 1563 1541 1541 1563 1563 1564 1564 1541 1541 1564 1564 1565 1565 1541 1541 1565 1565 1542 1542 1566 1566 1567 1567 1591 1591 1567 1567 1568 1568 1592 1592 1568 1568 1569 1569 1593 1593 1569 1569 1570 1570 1594 1594 1570 1570 1571 1571 1595 1595 1571 1571 1572 1572 1596 1596 1572 1572 1573 1573 1597 1597 1573 1573 1574 1574 1598 1598 1574 1574 1575 1575 1599 1599 1575 1575 1576 1576 1600 1600 1576 1576 1577 1577 1601 1601 1577 1577 1578 1578 1602 1602 1578 1578 1579 1579 1603 1603 1579 1579 1580 1580 1604 1604 1580 1580 1581 1581 1605 1605 1581 1581 1582 1582 1606 1606 1582 1582 1583 1583 1607 1607 1583 1583 1584 1584 1608 1608 1584 1584 1585 1585 1609 1609 1585 1585 1586 1586 1610 1610 1586 1586 1587 1587 1611 1611 1587 1587 1588 1588 1612 1612 1588 1588 1589 1589 1613 1613 1589 1589 1566 1566 1590 1590 1614 1614 1616 1616 1615 1615 1614 1614 1617 1617 1616 1616 1614 1614 1618 1618 1617 1617 1614 1614 1619 1619 1618 1618 1614 1614 1620 1620 1619 1619 1614 1614 1621 1621 1620 1620 1614 1614 1622 1622 1621 1621 1614 1614 1623 1623 1622 1622 1614 1614 1624 1624 1623 1623 1614 1614 1625 1625 1624 1624 1614 1614 1626 1626 1625 1625 1614 1614 1627 1627 1626 1626 1614 1614 1628 1628 1627 1627 1614 1614 1629 1629 1628 1628 1614 1614 1630 1630 1629 1629 1614 1614 1631 1631 1630 1630 1614 1614 1632 1632 1631 1631 1614 1614 1633 1633 1632 1632 1614 1614 1634 1634 1633 1633 1614 1614 1635 1635 1634 1634 1614 1614 1636 1636 1635 1635 1614 1614 1637 1637 1636 1636 1614 1614 1638 1638 1637 1637 1614 1614 1615 1615 1638 1638 1639 1639 1640 1640 1641 1641 1639 1639 1641 1641 1642 1642 1639 1639 1642 1642 1643 1643 1639 1639 1643 1643 1644 1644 1639 1639 1644 1644 1645 1645 1639 1639 1645 1645 1646 1646 1639 1639 1646 1646 1647 1647 1639 1639 1647 1647 1648 1648 1639 1639 1648 1648 1649 1649 1639 1639 1649 1649 1650 1650 1639 1639 1650 1650 1651 1651 1639 1639 1651 1651 1652 1652 1639 1639 1652 1652 1653 1653 1639 1639 1653 1653 1654 1654 1639 1639 1654 1654 1655 1655 1639 1639 1655 1655 1656 1656 1639 1639 1656 1656 1657 1657 1639 1639 1657 1657 1658 1658 1639 1639 1658 1658 1659 1659 1639 1639 1659 1659 1660 1660 1639 1639 1660 1660 1661 1661 1639 1639 1661 1661 1662 1662 1639 1639 1662 1662 1663 1663 1639 1639 1663 1663 1640 1640 1664 1664 1665 1665 1689 1689 1665 1665 1666 1666 1690 1690 1666 1666 1667 1667 1691 1691 1667 1667 1668 1668 1692 1692 1668 1668 1669 1669 1693 1693 1669 1669 1670 1670 1694 1694 1670 1670 1671 1671 1695 1695 1671 1671 1672 1672 1696 1696 1672 1672 1673 1673 1697 1697 1673 1673 1674 1674 1698 1698 1674 1674 1675 1675 1699 1699 1675 1675 1676 1676 1700 1700 1676 1676 1677 1677 1701 1701 1677 1677 1678 1678 1702 1702 1678 1678 1679 1679 1703 1703 1679 1679 1680 1680 1704 1704 1680 1680 1681 1681 1705 1705 1681 1681 1682 1682 1706 1706 1682 1682 1683 1683 1707 1707 1683 1683 1684 1684 1708 1708 1684 1684 1685 1685 1709 1709 1685 1685 1686 1686 1710 1710 1686 1686 1687 1687 1711 1711 1687 1687 1664 1664 1688 1688 1712 1712 1714 1714 1713 1713 1712 1712 1715 1715 1714 1714 1712 1712 1716 1716 1715 1715 1712 1712 1717 1717 1716 1716 1712 1712 1718 1718 1717 1717 1712 1712 1719 1719 1718 1718 1712 1712 1720 1720 1719 1719 1712 1712 1721 1721 1720 1720 1712 1712 1722 1722 1721 1721 1712 1712 1723 1723 1722 1722 1712 1712 1724 1724 1723 1723 1712 1712 1725 1725 1724 1724 1712 1712 1726 1726 1725 1725 1712 1712 1727 1727 1726 1726 1712 1712 1728 1728 1727 1727 1712 1712 1729 1729 1728 1728 1712 1712 1730 1730 1729 1729 1712 1712 1731 1731 1730 1730 1712 1712 1732 1732 1731 1731 1712 1712 1733 1733 1732 1732 1712 1712 1734 1734 1733 1733 1712 1712 1735 1735 1734 1734 1712 1712 1736 1736 1735 1735 1712 1712 1713 1713 1736 1736 1737 1737 1738 1738 1739 1739 1737 1737 1739 1739 1740 1740 1737 1737 1740 1740 1741 1741 1737 1737 1741 1741 1742 1742 1737 1737 1742 1742 1743 1743 1737 1737 1743 1743 1744 1744 1737 1737 1744 1744 1745 1745 1737 1737 1745 1745 1746 1746 1737 1737 1746 1746 1747 1747 1737 1737 1747 1747 1748 1748 1737 1737 1748 1748 1749 1749 1737 1737 1749 1749 1750 1750 1737 1737 1750 1750 1751 1751 1737 1737 1751 1751 1752 1752 1737 1737 1752 1752 1753 1753 1737 1737 1753 1753 1754 1754 1737 1737 1754 1754 1755 1755 1737 1737 1755 1755 1756 1756 1737 1737 1756 1756 1757 1757 1737 1737 1757 1757 1758 1758 1737 1737 1758 1758 1759 1759 1737 1737 1759 1759 1760 1760 1737 1737 1760 1760 1761 1761 1737 1737 1761 1761 1738 1738 1762 1762 1764 1764 1763 1763 1762 1762 1765 1765 1764 1764 1762 1762 1766 1766 1765 1765 1762 1762 1767 1767 1766 1766 1762 1762 1768 1768 1767 1767 1762 1762 1769 1769 1768 1768 1762 1762 1770 1770 1769 1769 1762 1762 1771 1771 1770 1770 1762 1762 1772 1772 1771 1771 1762 1762 1763 1763 1772 1772 1763 1763 1764 1764 1773 1773 1764 1764 1765 1765 1775 1775 1765 1765 1766 1766 1775 1775 1766 1766 1767 1767 1776 1776 1767 1767 1768 1768 1777 1777 1768 1768 1769 1769 1778 1778 1769 1769 1770 1770 1780 1780 1770 1770 1771 1771 1780 1780 1771 1771 1772 1772 1781 1781 1772 1772 1763 1763 1782 1782 1773 1773 1774 1774 1784 1784 1774 1774 1775 1775 1785 1785 1775 1775 1776 1776 1785 1785 1776 1776 1777 1777 1786 1786 1777 1777 1778 1778 1788 1788 1778 1778 1779 1779 1789 1789 1779 1779 1780 1780 1790 1790 1780 1780 1781 1781 1790 1790 1781 1781 1782 1782 1791 1791 1782 1782 1773 1773 1783 1783 1783 1783 1784 1784 1794 1794 1784 1784 1785 1785 1795 1795 1785 1785 1786 1786 1796 1796 1786 1786 1787 1787 1797 1797 1787 1787 1788 1788 1797 1797 1788 1788 1789 1789 1798 1798 1789 1789 1790 1790 1799 1799 1790 1790 1791 1791 1800 1800 1791 1791 1792 1792 1801 1801 1792 1792 1783 1783 1793 1793 1793 1793 1794 1794 1804 1804 1794 1794 1795 1795 1805 1805 1795 1795 1796 1796 1806 1806 1796 1796 1797 1797 1807 1807 1797 1797 1798 1798 1808 1808 1798 1798 1799 1799 1808 1808 1799 1799 1800 1800 1809 1809 1800 1800 1801 1801 1810 1810 1801 1801 1802 1802 1811 1811 1802 1802 1793 1793 1812 1812 1803 1803 1804 1804 1813 1813 1804 1804 1805 1805 1815 1815 1805 1805 1806 1806 1816 1816 1806 1806 1807 1807 1817 1817 1807 1807 1808 1808 1818 1818 1808 1808 1809 1809 1819 1819 1809 1809 1810 1810 1819 1819 1810 1810 1811 1811 1820 1820 1811 1811 1812 1812 1821 1821 1812 1812 1803 1803 1822 1822 1813 1813 1814 1814 1824 1824 1814 1814 1815 1815 1825 1825 1815 1815 1816 1816 1826 1826 1816 1816 1817 1817 1827 1827 1817 1817 1818 1818 1827 1827 1818 1818 1819 1819 1828 1828 1819 1819 1820 1820 1829 1829 1820 1820 1821 1821 1830 1830 1821 1821 1822 1822 1831 1831 1822 1822 1813 1813 1823 1823 1823 1823 1824 1824 1834 1834 1824 1824 1825 1825 1835 1835 1825 1825 1826 1826 1836 1836 1826 1826 1827 1827 1837 1837 1827 1827 1828 1828 1837 1837 1828 1828 1829 1829 1838 1838 1829 1829 1830 1830 1839 1839 1830 1830 1831 1831 1840 1840 1831 1831 1832 1832 1841 1841 1832 1832 1823 1823 1833 1833 1833 1833 1834 1834 1844 1844 1834 1834 1835 1835 1845 1845 1835 1835 1836 1836 1846 1846 1836 1836 1837 1837 1847 1847 1837 1837 1838 1838 1847 1847 1838 1838 1839 1839 1848 1848 1839 1839 1840 1840 1849 1849 1840 1840 1841 1841 1850 1850 1841 1841 1842 1842 1851 1851 1842 1842 1833 1833 1843 1843 1843 1843 1844 1844 1854 1854 1844 1844 1845 1845 1855 1855 1845 1845 1846 1846 1856 1856 1846 1846 1847 1847 1857 1857 1847 1847 1848 1848 1857 1857 1848 1848 1849 1849 1858 1858 1849 1849 1850 1850 1859 1859 1850 1850 1851 1851 1860 1860 1851 1851 1852 1852 1861 1861 1852 1852 1843 1843 1853 1853 1863 1863 1864 1864 1865 1865 1863 1863 1865 1865 1866 1866 1863 1863 1866 1866 1867 1867 1863 1863 1867 1867 1868 1868 1863 1863 1868 1868 1869 1869 1863 1863 1869 1869 1870 1870 1863 1863 1870 1870 1871 1871 1863 1863 1871 1871 1872 1872 1863 1863 1872 1872 1873 1873 1863 1863 1873 1873 1864 1864 0 0 3 3 2 2 4 4 7 7 6 6 8 8 11 11 10 10 12 12 15 15 14 14 16 16 19 19 18 18 20 20 23 23 22 22 24 24 27 27 25 25 28 28 31 31 29 29 34 34 35 35 33 33 36 36 39 39 37 37 40 40 43 43 41 41 44 44 47 47 45 45 48 48 57 57 58 58 59 59 60 60 56 56 48 48 61 61 59 59 49 49 63 63 64 64 49 49 65 65 66 66 66 66 67 67 62 62 50 50 69 69 70 70 71 71 72 72 68 68 50 50 73 73 71 71 51 51 75 75 76 76 51 51 78 78 74 74 76 76 79 79 77 77 52 52 81 81 82 82 52 52 84 84 80 80 53 53 86 86 87 87 53 53 89 89 85 85 53 53 90 90 88 88 54 54 95 95 93 93 96 96 97 97 98 98 55 55 100 100 96 96 55 55 101 101 99 99 98 98 102 102 103 103 101 101 104 104 105 105 101 101 95 95 99 99 105 105 106 106 107 107 105 105 93 93 95 95 106 106 108 108 109 109 107 107 91 91 93 93 108 108 110 110 111 111 109 109 92 92 91 91 110 110 112 112 113 113 111 111 114 114 92 92 113 113 115 115 116 116 114 114 117 117 118 118 118 118 54 54 92 92 117 117 119 119 120 120 118 118 94 94 54 54 119 119 121 121 122 122 120 120 100 100 94 94 121 121 123 123 124 124 122 122 96 96 100 100 123 123 125 125 126 126 124 124 97 97 96 96 125 125 127 127 128 128 126 126 129 129 97 97 128 128 130 130 131 131 129 129 132 132 102 102 102 102 98 98 97 97 131 131 133 133 134 134 132 132 135 135 136 136 136 136 103 103 102 102 136 136 137 137 138 138 138 138 104 104 103 103 138 138 139 139 140 140 140 140 106 106 104 104 140 140 141 141 142 142 142 142 108 108 106 106 141 141 143 143 144 144 142 142 110 110 108 108 143 143 145 145 146 146 144 144 112 112 110 110 145 145 147 147 148 148 146 146 149 149 112 112 148 148 150 150 151 151 149 149 152 152 115 115 115 115 113 113 112 112 152 152 153 153 154 154 154 154 155 155 156 156 156 156 116 116 115 115 155 155 157 157 158 158 156 156 117 117 116 116 157 157 159 159 160 160 158 158 119 119 117 117 159 159 161 161 162 162 160 160 121 121 119 119 162 162 163 163 164 164 162 162 123 123 121 121 164 164 165 165 166 166 164 164 125 125 123 123 166 166 167 167 168 168 166 166 127 127 125 125 167 167 169 169 170 170 168 168 171 171 127 127 171 171 172 172 173 173 173 173 174 174 130 130 130 130 128 128 127 127 174 174 175 175 176 176 174 174 177 177 133 133 133 133 131 131 130 130 177 177 178 178 179 179 179 179 180 180 181 181 181 181 134 134 133 133 180 180 182 182 183 183 181 181 135 135 134 134 182 182 184 184 185 185 183 183 137 137 135 135 184 184 186 186 187 187 185 185 139 139 137 137 186 186 188 188 189 189 187 187 141 141 139 139 188 188 190 190 191 191 189 189 143 143 141 141 190 190 192 192 193 193 191 191 145 145 143 143 192 192 194 194 195 195 193 193 147 147 145 145 194 194 196 196 197 197 197 197 198 198 147 147 198 198 199 199 200 200 200 200 201 201 150 150 150 150 148 148 147 147 201 201 202 202 203 203 203 203 204 204 153 153 201 201 151 151 150 150 203 203 205 205 206 206 206 206 207 207 208 208 204 204 154 154 153 153 207 207 209 209 210 210 208 208 155 155 154 154 209 209 211 211 212 212 210 210 157 157 155 155 211 211 213 213 214 214 212 212 159 159 157 157 213 213 215 215 216 216 214 214 161 161 159 159 215 215 217 217 218 218 218 218 163 163 161 161 217 217 219 219 220 220 220 220 165 165 163 163 219 219 221 221 222 222 222 222 167 167 165 165 222 222 223 223 224 224 224 224 169 169 167 167 224 224 225 225 226 226 226 226 227 227 169 169 227 227 228 228 229 229 229 229 230 230 172 172 227 227 170 170 169 169 230 230 231 231 232 232 232 232 233 233 175 175 230 230 173 173 172 172 233 233 234 234 235 235 235 235 236 236 178 178 233 233 176 176 175 175 235 235 237 237 238 238 238 238 239 239 240 240 236 236 179 179 178 178 239 239 241 241 242 242 240 240 180 180 179 179 241 241 243 243 244 244 242 242 182 182 180 180 243 243 245 245 246 246 244 244 184 184 182 182 245 245 247 247 248 248 246 246 186 186 184 184 248 248 249 249 250 250 248 248 188 188 186 186 250 250 251 251 252 252 250 250 190 190 188 188 252 252 253 253 254 254 252 252 192 192 190 190 254 254 255 255 256 256 254 254 194 194 192 192 255 255 257 257 258 258 256 256 196 196 194 194 258 258 259 259 260 260 260 260 261 261 196 196 261 261 262 262 263 263 263 263 264 264 199 199 261 261 197 197 196 196 263 263 265 265 266 266 264 264 267 267 202 202 264 264 200 200 199 199 266 266 268 268 269 269 267 267 270 270 205 205 205 205 203 203 202 202 270 270 271 271 272 272 272 272 273 273 274 274 274 274 206 206 205 205 273 273 275 275 276 276 274 274 207 207 206 206 275 275 277 277 278 278 276 276 209 209 207 207 277 277 279 279 280 280 280 280 211 211 209 209 280 280 281 281 282 282 282 282 213 213 211 211 282 282 283 283 284 284 282 282 215 215 213 213 284 284 285 285 286 286 284 284 217 217 215 215 286 286 287 287 288 288 286 286 219 219 217 217 288 288 289 289 290 290 290 290 221 221 219 219 290 290 291 291 292 292 292 292 223 223 221 221 291 291 293 293 294 294 292 292 225 225 223 223 293 293 295 295 296 296 294 294 297 297 225 225 296 296 298 298 299 299 297 297 300 300 228 228 228 228 226 226 225 225 299 299 301 301 302 302 302 302 303 303 231 231 300 300 229 229 228 228 303 303 304 304 305 305 303 303 306 306 234 234 303 303 232 232 231 231 305 305 307 307 308 308 306 306 309 309 237 237 237 237 235 235 234 234 308 308 310 310 311 311 309 309 312 312 313 313 313 313 238 238 237 237 313 313 314 314 315 315 315 315 239 239 238 238 315 315 316 316 317 317 317 317 241 241 239 239 317 317 318 318 319 319 319 319 243 243 241 241 319 319 320 320 321 321 321 321 245 245 243 243 321 321 322 322 323 323 323 323 247 247 245 245 323 323 324 324 325 325 325 325 249 249 247 247 325 325 326 326 327 327 327 327 251 251 249 249 327 327 328 328 329 329 329 329 253 253 251 251 329 329 330 330 331 331 331 331 255 255 253 253 330 330 332 332 333 333 333 333 257 257 255 255 332 332 334 334 335 335 333 333 259 259 257 257 334 334 336 336 337 337 335 335 338 338 259 259 338 338 339 339 340 340 338 338 341 341 262 262 338 338 260 260 259 259 340 340 342 342 343 343 341 341 344 344 265 265 265 265 263 263 262 262 344 344 345 345 346 346 344 344 347 347 268 268 268 268 266 266 265 265 347 347 348 348 349 349 349 349 350 350 271 271 271 271 269 269 268 268 350 350 351 351 352 352 352 352 353 353 354 354 350 350 272 272 271 271 354 354 355 355 356 356 354 354 273 273 272 272 355 355 72 72 357 357 356 356 275 275 273 273 72 72 71 71 358 358 357 357 277 277 275 275 71 71 73 73 359 359 358 358 279 279 277 277 73 73 360 360 361 361 359 359 281 281 279 279 361 361 78 78 362 362 362 362 283 283 281 281 362 362 77 77 363 363 363 363 285 285 283 283 363 363 79 79 364 364 364 364 287 287 285 285 364 364 365 365 366 366 366 366 289 289 287 287 366 366 367 367 368 368 368 368 291 291 289 289 368 368 369 369 370 370 370 370 293 293 291 291 369 369 371 371 372 372 370 370 295 295 293 293 371 371 373 373 374 374 372 372 375 375 295 295 374 374 376 376 377 377 375 375 378 378 298 298 298 298 296 296 295 295 378 378 379 379 380 380 378 378 381 381 301 301 301 301 299 299 298 298 381 381 382 382 383 383 381 381 384 384 304 304 304 304 302 302 301 301 383 383 385 385 386 386 386 386 387 387 307 307 384 384 305 305 304 304 386 386 388 388 389 389 389 389 390 390 310 310 310 310 308 308 307 307 390 390 391 391 392 392 392 392 393 393 394 394 390 390 311 311 310 310 393 393 395 395 396 396 394 394 312 312 311 311 395 395 397 397 398 398 396 396 314 314 312 312 397 397 399 399 400 400 398 398 316 316 314 314 399 399 401 401 402 402 400 400 318 318 316 316 401 401 403 403 404 404 402 402 320 320 318 318 403 403 405 405 406 406 404 404 322 322 320 320 405 405 407 407 408 408 406 406 324 324 322 322 407 407 409 409 410 410 408 408 326 326 324 324 409 409 411 411 412 412 410 410 328 328 326 326 411 411 413 413 414 414 414 414 330 330 328 328 414 414 415 415 416 416 416 416 332 332 330 330 416 416 417 417 418 418 418 418 334 334 332 332 418 418 419 419 420 420 420 420 336 336 334 334 419 419 421 421 422 422 420 420 423 423 336 336 422 422 424 424 425 425 425 425 426 426 339 339 423 423 337 337 336 336 425 425 427 427 428 428 426 426 429 429 342 342 426 426 340 340 339 339 428 428 430 430 431 431 429 429 432 432 345 345 345 345 343 343 342 342 431 431 433 433 434 434 434 434 435 435 348 348 432 432 346 346 345 345 435 435 436 436 437 437 437 437 438 438 351 351 435 435 349 349 348 348 438 438 439 439 440 440 440 440 441 441 442 442 438 438 352 352 351 351 442 442 443 443 444 444 444 444 353 353 352 352 444 444 445 445 446 446 444 444 355 355 353 353 445 445 69 69 68 68 446 446 72 72 355 355 443 443 447 447 448 448 445 445 449 449 69 69 448 448 450 450 75 75 449 449 74 74 451 451 451 451 70 70 69 69 74 74 78 78 360 360 360 360 73 73 70 70 450 450 447 447 452 452 452 452 453 453 454 454 450 450 76 76 75 75 453 453 367 367 365 365 454 454 79 79 76 76 453 453 455 455 456 456 456 456 369 369 367 367 455 455 457 457 458 458 458 458 371 371 369 369 457 457 459 459 460 460 458 458 373 373 371 371 459 459 461 461 462 462 460 460 463 463 373 373 462 462 464 464 465 465 463 463 466 466 376 376 376 376 374 374 373 373 466 466 467 467 468 468 468 468 469 469 379 379 379 379 377 377 376 376 469 469 470 470 471 471 471 471 472 472 382 382 469 469 380 380 379 379 471 471 473 473 474 474 472 472 475 475 385 385 472 472 383 383 382 382 474 474 476 476 477 477 477 477 478 478 388 388 475 475 386 386 385 385 478 478 479 479 480 480 478 478 481 481 391 391 391 391 389 389 388 388 480 480 482 482 483 483 481 481 484 484 485 485 485 485 392 392 391 391 485 485 486 486 487 487 485 485 393 393 392 392 487 487 488 488 489 489 487 487 395 395 393 393 489 489 490 490 491 491 489 489 397 397 395 395 491 491 492 492 493 493 493 493 399 399 397 397 493 493 494 494 495 495 495 495 401 401 399 399 495 495 496 496 497 497 497 497 403 403 401 401 497 497 498 498 499 499 499 499 405 405 403 403 499 499 500 500 501 501 501 501 407 407 405 405 501 501 502 502 503 503 503 503 409 409 407 407 503 503 504 504 505 505 505 505 411 411 409 409 505 505 506 506 507 507 505 505 413 413 411 411 506 506 508 508 509 509 509 509 415 415 413 413 508 508 510 510 511 511 511 511 417 417 415 415 510 510 512 512 513 513 511 511 419 419 417 417 513 513 514 514 515 515 515 515 421 421 419 419 515 515 516 516 517 517 517 517 518 518 421 421 517 517 519 519 520 520 518 518 521 521 424 424 424 424 422 422 421 421 521 521 522 522 523 523 521 521 524 524 427 427 427 427 425 425 424 424 523 523 525 525 526 526 524 524 527 527 430 430 430 430 428 428 427 427 526 526 528 528 529 529 527 527 530 530 433 433 433 433 431 431 430 430 529 529 531 531 532 532 530 530 533 533 436 436 436 436 434 434 433 433 533 533 534 534 535 535 535 535 536 536 439 439 533 533 437 437 436 436 536 536 461 461 459 459 459 459 457 457 537 537 536 536 440 440 439 439 537 537 455 455 538 538 538 538 441 441 440 440 538 538 452 452 447 447 447 447 443 443 441 441 535 535 539 539 461 461 539 539 540 540 541 541 541 541 542 542 464 464 464 464 462 462 461 461 542 542 543 543 544 544 544 544 545 545 467 467 542 542 465 465 464 464 544 544 546 546 547 547 545 545 548 548 470 470 545 545 468 468 467 467 547 547 549 549 550 550 548 548 551 551 473 473 473 473 471 471 470 470 551 551 552 552 553 553 551 551 554 554 476 476 476 476 474 474 473 473 554 554 555 555 556 556 556 556 557 557 479 479 554 554 477 477 476 476 557 557 558 558 559 559 559 559 560 560 482 482 557 557 480 480 479 479 560 560 561 561 562 562 560 560 563 563 564 564 564 564 483 483 482 482 564 564 565 565 566 566 566 566 484 484 483 483 566 566 567 567 568 568 568 568 486 486 484 484 568 568 569 569 570 570 568 568 488 488 486 486 570 570 571 571 572 572 572 572 490 490 488 488 572 572 573 573 574 574 574 574 492 492 490 490 573 573 575 575 576 576 576 576 494 494 492 492 575 575 577 577 578 578 578 578 496 496 494 494 577 577 579 579 580 580 580 580 498 498 496 496 580 580 581 581 582 582 582 582 500 500 498 498 581 581 583 583 584 584 584 584 502 502 500 500 584 584 585 585 586 586 586 586 504 504 502 502 585 585 587 587 588 588 586 586 506 506 504 504 587 587 589 589 590 590 588 588 508 508 506 506 589 589 591 591 592 592 590 590 510 510 508 508 591 591 593 593 594 594 592 592 512 512 510 510 594 594 595 595 596 596 596 596 514 514 512 512 596 596 597 597 598 598 598 598 516 516 514 514 598 598 599 599 600 600 600 600 601 601 516 516 601 601 602 602 603 603 601 601 604 604 519 519 601 601 517 517 516 516 603 603 605 605 606 606 604 604 607 607 522 522 522 522 520 520 519 519 607 607 608 608 609 609 609 609 610 610 525 525 607 607 523 523 522 522 610 610 611 611 612 612 612 612 613 613 528 528 610 610 526 526 525 525 613 613 614 614 615 615 613 613 540 540 531 531 531 531 529 529 528 528 615 615 616 616 543 543 615 615 541 541 540 540 614 614 617 617 618 618 618 618 619 619 546 546 546 546 544 544 543 543 619 619 620 620 621 621 621 621 622 622 549 549 549 549 547 547 546 546 622 622 623 623 624 624 624 624 625 625 552 552 622 622 550 550 549 549 625 625 626 626 627 627 627 627 628 628 555 555 625 625 553 553 552 552 628 628 629 629 630 630 630 630 631 631 558 558 628 628 556 556 555 555 631 631 632 632 633 633 633 633 634 634 561 561 631 631 559 559 558 558 633 633 635 635 636 636 636 636 637 637 638 638 634 634 562 562 561 561 638 638 639 639 640 640 640 640 563 563 562 562 639 639 641 641 642 642 642 642 565 565 563 563 641 641 643 643 644 644 644 644 567 567 565 565 643 643 645 645 646 646 646 646 569 569 567 567 645 645 647 647 648 648 646 646 571 571 569 569 647 647 649 649 650 650 648 648 573 573 571 571 649 649 651 651 652 652 650 650 575 575 573 573 651 651 653 653 654 654 652 652 577 577 575 575 653 653 655 655 656 656 654 654 579 579 577 577 655 655 657 657 658 658 656 656 581 581 579 579 658 658 659 659 660 660 658 658 583 583 581 581 660 660 661 661 662 662 662 662 585 585 583 583 662 662 663 663 664 664 664 664 587 587 585 585 663 663 665 665 666 666 664 664 589 589 587 587 665 665 667 667 668 668 666 666 591 591 589 589 667 667 669 669 670 670 668 668 593 593 591 591 670 670 671 671 672 672 672 672 595 595 593 593 672 672 673 673 674 674 674 674 597 597 595 595 674 674 675 675 676 676 676 676 599 599 597 597 675 675 677 677 678 678 678 678 679 679 599 599 679 679 680 680 681 681 681 681 682 682 602 602 679 679 600 600 599 599 682 682 683 683 684 684 682 682 685 685 605 605 605 605 603 603 602 602 684 684 686 686 687 687 685 685 688 688 608 608 608 608 606 606 605 605 687 687 689 689 690 690 688 688 617 617 611 611 688 688 609 609 608 608 689 689 691 691 620 620 690 690 618 618 617 617 691 691 692 692 693 693 693 693 694 694 623 623 691 691 621 621 620 620 694 694 695 695 696 696 694 694 697 697 626 626 694 694 624 624 623 623 696 696 698 698 699 699 697 697 700 700 629 629 697 697 627 627 626 626 699 699 701 701 702 702 700 700 703 703 632 632 700 700 630 630 629 629 702 702 704 704 705 705 703 703 706 706 635 635 635 635 633 633 632 632 705 705 707 707 708 708 706 706 709 709 710 710 710 710 636 636 635 635 709 709 711 711 712 712 710 710 637 637 636 636 712 712 713 713 714 714 714 714 639 639 637 637 713 713 715 715 716 716 714 714 641 641 639 639 715 715 717 717 718 718 716 716 643 643 641 641 717 717 719 719 720 720 718 718 645 645 643 643 719 719 85 85 89 89 720 720 647 647 645 645 719 719 721 721 722 722 722 722 86 86 85 85 722 722 723 723 724 724 724 724 725 725 86 86 725 725 87 87 86 86 724 724 727 727 81 81 725 725 80 80 726 726 727 727 723 723 728 728 728 728 729 729 730 730 727 727 82 82 81 81 729 729 731 731 732 732 730 730 733 733 82 82 83 83 52 52 82 82 732 732 661 661 659 659 733 733 657 657 83 83 731 731 663 663 661 661 729 729 734 734 735 735 731 731 665 665 663 663 734 734 736 736 737 737 735 735 667 667 665 665 736 736 738 738 739 739 737 737 669 669 667 667 739 739 740 740 741 741 741 741 671 671 669 669 741 741 742 742 743 743 743 743 673 673 671 671 743 743 744 744 745 745 745 745 675 675 673 673 744 744 746 746 747 747 745 745 677 677 675 675 746 746 56 56 60 60 747 747 748 748 677 677 60 60 59 59 749 749 748 748 750 750 680 680 680 680 678 678 677 677 750 750 751 751 752 752 752 752 753 753 683 683 750 750 681 681 680 680 753 753 754 754 755 755 755 755 692 692 686 686 686 686 684 684 683 683 755 755 756 756 695 695 695 695 693 693 692 692 754 754 757 757 758 758 756 756 759 759 698 698 698 698 696 696 695 695 758 758 63 63 62 62 759 759 67 67 701 701 701 701 699 699 698 698 757 757 760 760 63 63 760 760 58 58 761 761 760 760 64 64 63 63 757 757 751 751 61 61 762 762 65 65 64 64 761 761 57 57 762 762 763 763 764 764 65 65 57 57 765 765 763 763 766 766 767 767 763 763 765 765 56 56 746 746 746 746 744 744 766 766 768 768 769 769 770 770 767 767 764 764 763 763 767 767 771 771 768 768 772 772 773 773 768 768 766 766 744 744 742 742 771 771 740 740 772 772 773 773 775 775 776 776 773 773 769 769 768 768 773 773 777 777 774 774 777 777 779 779 774 774 772 772 740 740 738 738 738 738 736 736 778 778 779 779 781 781 782 782 782 782 775 775 774 774 778 778 783 783 780 780 783 783 723 723 780 780 783 783 736 736 734 734 734 734 729 729 728 728 782 782 715 715 713 713 713 713 711 711 775 775 780 780 723 723 721 721 781 781 717 717 715 715 776 776 711 711 709 709 776 776 708 708 769 769 769 769 708 708 707 707 770 770 784 784 764 764 66 66 65 65 764 764 707 707 705 705 704 704 784 784 67 67 66 66 757 757 752 752 751 751 751 751 59 59 61 61 80 80 84 84 785 785 785 785 90 90 87 87 785 785 655 655 653 653 653 653 651 651 90 90 704 704 701 701 67 67 689 689 687 687 686 686 655 655 84 84 83 83 651 651 88 88 90 90 649 649 89 89 88 88 617 617 612 612 611 611 534 534 532 532 531 531 99 99 95 95 94 94 93 93 91 91 92 92 786 786 789 789 788 788 790 790 793 793 792 792 794 794 797 797 796 796 798 798 801 801 800 800 802 802 805 805 804 804 806 806 809 809 808 808 810 810 813 813 812 812 814 814 817 817 816 816 818 818 821 821 820 820 822 822 825 825 824 824 826 826 829 829 828 828 830 830 833 833 832 832 834 834 837 837 836 836 838 838 841 841 840 840 842 842 845 845 844 844 846 846 849 849 848 848 850 850 853 853 852 852 854 854 857 857 856 856 858 858 883 883 882 882 859 859 884 884 883 883 860 860 885 885 884 884 861 861 886 886 885 885 862 862 887 887 886 886 863 863 888 888 887 887 864 864 889 889 888 888 865 865 890 890 889 889 866 866 891 891 890 890 867 867 892 892 891 891 868 868 893 893 892 892 869 869 894 894 893 893 870 870 895 895 894 894 871 871 896 896 895 895 872 872 897 897 896 896 873 873 898 898 897 897 874 874 899 899 898 898 875 875 900 900 899 899 876 876 901 901 900 900 877 877 902 902 901 901 878 878 903 903 902 902 879 879 904 904 903 903 880 880 905 905 904 904 881 881 882 882 905 905 956 956 981 981 980 980 957 957 982 982 981 981 958 958 983 983 982 982 959 959 984 984 983 983 960 960 985 985 984 984 961 961 986 986 985 985 962 962 987 987 986 986 963 963 988 988 987 987 964 964 989 989 988 988 965 965 990 990 989 989 966 966 991 991 990 990 967 967 992 992 991 991 968 968 993 993 992 992 969 969 994 994 993 993 970 970 995 995 994 994 971 971 996 996 995 995 972 972 997 997 996 996 973 973 998 998 997 997 974 974 999 999 998 998 975 975 1000 1000 999 999 976 976 1001 1001 1000 1000 977 977 1002 1002 1001 1001 978 978 1003 1003 1002 1002 979 979 980 980 1003 1003 1055 1055 1054 1054 1056 1056 1064 1064 1065 1065 1066 1066 1074 1074 1073 1073 1075 1075 1079 1079 1080 1080 1081 1081 1082 1082 1086 1086 1084 1084 1102 1102 1127 1127 1126 1126 1103 1103 1128 1128 1127 1127 1104 1104 1129 1129 1128 1128 1105 1105 1130 1130 1129 1129 1106 1106 1131 1131 1130 1130 1107 1107 1132 1132 1131 1131 1108 1108 1133 1133 1132 1132 1109 1109 1134 1134 1133 1133 1110 1110 1135 1135 1134 1134 1111 1111 1136 1136 1135 1135 1112 1112 1137 1137 1136 1136 1113 1113 1138 1138 1137 1137 1114 1114 1139 1139 1138 1138 1115 1115 1140 1140 1139 1139 1116 1116 1141 1141 1140 1140 1117 1117 1142 1142 1141 1141 1118 1118 1143 1143 1142 1142 1119 1119 1144 1144 1143 1143 1120 1120 1145 1145 1144 1144 1121 1121 1146 1146 1145 1145 1122 1122 1147 1147 1146 1146 1123 1123 1148 1148 1147 1147 1124 1124 1149 1149 1148 1148 1125 1125 1126 1126 1149 1149 1200 1200 1225 1225 1224 1224 1201 1201 1226 1226 1225 1225 1202 1202 1227 1227 1226 1226 1203 1203 1228 1228 1227 1227 1204 1204 1229 1229 1228 1228 1205 1205 1230 1230 1229 1229 1206 1206 1231 1231 1230 1230 1207 1207 1232 1232 1231 1231 1208 1208 1233 1233 1232 1232 1209 1209 1234 1234 1233 1233 1210 1210 1235 1235 1234 1234 1211 1211 1236 1236 1235 1235 1212 1212 1237 1237 1236 1236 1213 1213 1238 1238 1237 1237 1214 1214 1239 1239 1238 1238 1215 1215 1240 1240 1239 1239 1216 1216 1241 1241 1240 1240 1217 1217 1242 1242 1241 1241 1218 1218 1243 1243 1242 1242 1219 1219 1244 1244 1243 1243 1220 1220 1245 1245 1244 1244 1221 1221 1246 1246 1245 1245 1222 1222 1247 1247 1246 1246 1223 1223 1224 1224 1247 1247 1298 1298 1301 1301 1300 1300 1302 1302 1305 1305 1304 1304 1306 1306 1309 1309 1308 1308 1310 1310 1313 1313 1312 1312 1314 1314 1317 1317 1316 1316 1318 1318 1321 1321 1320 1320 1322 1322 1325 1325 1324 1324 1326 1326 1329 1329 1328 1328 1330 1330 1333 1333 1332 1332 1334 1334 1337 1337 1336 1336 1338 1338 1341 1341 1340 1340 1342 1342 1345 1345 1344 1344 1346 1346 1349 1349 1348 1348 1350 1350 1353 1353 1352 1352 1354 1354 1357 1357 1356 1356 1358 1358 1361 1361 1360 1360 1362 1362 1365 1365 1364 1364 1366 1366 1369 1369 1368 1368 1370 1370 1395 1395 1394 1394 1371 1371 1396 1396 1395 1395 1372 1372 1397 1397 1396 1396 1373 1373 1398 1398 1397 1397 1374 1374 1399 1399 1398 1398 1375 1375 1400 1400 1399 1399 1376 1376 1401 1401 1400 1400 1377 1377 1402 1402 1401 1401 1378 1378 1403 1403 1402 1402 1379 1379 1404 1404 1403 1403 1380 1380 1405 1405 1404 1404 1381 1381 1406 1406 1405 1405 1382 1382 1407 1407 1406 1406 1383 1383 1408 1408 1407 1407 1384 1384 1409 1409 1408 1408 1385 1385 1410 1410 1409 1409 1386 1386 1411 1411 1410 1410 1387 1387 1412 1412 1411 1411 1388 1388 1413 1413 1412 1412 1389 1389 1414 1414 1413 1413 1390 1390 1415 1415 1414 1414 1391 1391 1416 1416 1415 1415 1392 1392 1417 1417 1416 1416 1393 1393 1394 1394 1417 1417 1468 1468 1493 1493 1492 1492 1469 1469 1494 1494 1493 1493 1470 1470 1495 1495 1494 1494 1471 1471 1496 1496 1495 1495 1472 1472 1497 1497 1496 1496 1473 1473 1498 1498 1497 1497 1474 1474 1499 1499 1498 1498 1475 1475 1500 1500 1499 1499 1476 1476 1501 1501 1500 1500 1477 1477 1502 1502 1501 1501 1478 1478 1503 1503 1502 1502 1479 1479 1504 1504 1503 1503 1480 1480 1505 1505 1504 1504 1481 1481 1506 1506 1505 1505 1482 1482 1507 1507 1506 1506 1483 1483 1508 1508 1507 1507 1484 1484 1509 1509 1508 1508 1485 1485 1510 1510 1509 1509 1486 1486 1511 1511 1510 1510 1487 1487 1512 1512 1511 1511 1488 1488 1513 1513 1512 1512 1489 1489 1514 1514 1513 1513 1490 1490 1515 1515 1514 1514 1491 1491 1492 1492 1515 1515 1566 1566 1591 1591 1590 1590 1567 1567 1592 1592 1591 1591 1568 1568 1593 1593 1592 1592 1569 1569 1594 1594 1593 1593 1570 1570 1595 1595 1594 1594 1571 1571 1596 1596 1595 1595 1572 1572 1597 1597 1596 1596 1573 1573 1598 1598 1597 1597 1574 1574 1599 1599 1598 1598 1575 1575 1600 1600 1599 1599 1576 1576 1601 1601 1600 1600 1577 1577 1602 1602 1601 1601 1578 1578 1603 1603 1602 1602 1579 1579 1604 1604 1603 1603 1580 1580 1605 1605 1604 1604 1581 1581 1606 1606 1605 1605 1582 1582 1607 1607 1606 1606 1583 1583 1608 1608 1607 1607 1584 1584 1609 1609 1608 1608 1585 1585 1610 1610 1609 1609 1586 1586 1611 1611 1610 1610 1587 1587 1612 1612 1611 1611 1588 1588 1613 1613 1612 1612 1589 1589 1590 1590 1613 1613 1664 1664 1689 1689 1688 1688 1665 1665 1690 1690 1689 1689 1666 1666 1691 1691 1690 1690 1667 1667 1692 1692 1691 1691 1668 1668 1693 1693 1692 1692 1669 1669 1694 1694 1693 1693 1670 1670 1695 1695 1694 1694 1671 1671 1696 1696 1695 1695 1672 1672 1697 1697 1696 1696 1673 1673 1698 1698 1697 1697 1674 1674 1699 1699 1698 1698 1675 1675 1700 1700 1699 1699 1676 1676 1701 1701 1700 1700 1677 1677 1702 1702 1701 1701 1678 1678 1703 1703 1702 1702 1679 1679 1704 1704 1703 1703 1680 1680 1705 1705 1704 1704 1681 1681 1706 1706 1705 1705 1682 1682 1707 1707 1706 1706 1683 1683 1708 1708 1707 1707 1684 1684 1709 1709 1708 1708 1685 1685 1710 1710 1709 1709 1686 1686 1711 1711 1710 1710 1687 1687 1688 1688 1711 1711 1764 1764 1774 1774 1773 1773 1764 1764 1775 1775 1774 1774 1766 1766 1776 1776 1775 1775 1767 1767 1777 1777 1776 1776 1768 1768 1778 1778 1777 1777 1769 1769 1779 1779 1778 1778 1769 1769 1780 1780 1779 1779 1771 1771 1781 1781 1780 1780 1772 1772 1782 1782 1781 1781 1763 1763 1773 1773 1782 1782 1773 1773 1784 1784 1783 1783 1774 1774 1785 1785 1784 1784 1776 1776 1786 1786 1785 1785 1777 1777 1787 1787 1786 1786 1777 1777 1788 1788 1787 1787 1778 1778 1789 1789 1788 1788 1779 1779 1790 1790 1789 1789 1781 1781 1791 1791 1790 1790 1782 1782 1792 1792 1791 1791 1782 1782 1783 1783 1792 1792 1783 1783 1794 1794 1793 1793 1784 1784 1795 1795 1794 1794 1785 1785 1796 1796 1795 1795 1786 1786 1797 1797 1796 1796 1788 1788 1798 1798 1797 1797 1789 1789 1799 1799 1798 1798 1790 1790 1800 1800 1799 1799 1791 1791 1801 1801 1800 1800 1792 1792 1802 1802 1801 1801 1792 1792 1793 1793 1802 1802 1793 1793 1804 1804 1803 1803 1794 1794 1805 1805 1804 1804 1795 1795 1806 1806 1805 1805 1796 1796 1807 1807 1806 1806 1797 1797 1808 1808 1807 1807 1799 1799 1809 1809 1808 1808 1800 1800 1810 1810 1809 1809 1801 1801 1811 1811 1810 1810 1802 1802 1812 1812 1811 1811 1793 1793 1803 1803 1812 1812 1804 1804 1814 1814 1813 1813 1804 1804 1815 1815 1814 1814 1805 1805 1816 1816 1815 1815 1806 1806 1817 1817 1816 1816 1807 1807 1818 1818 1817 1817 1808 1808 1819 1819 1818 1818 1810 1810 1820 1820 1819 1819 1811 1811 1821 1821 1820 1820 1812 1812 1822 1822 1821 1821 1803 1803 1813 1813 1822 1822 1813 1813 1824 1824 1823 1823 1814 1814 1825 1825 1824 1824 1815 1815 1826 1826 1825 1825 1816 1816 1827 1827 1826 1826 1818 1818 1828 1828 1827 1827 1819 1819 1829 1829 1828 1828 1820 1820 1830 1830 1829 1829 1821 1821 1831 1831 1830 1830 1822 1822 1832 1832 1831 1831 1822 1822 1823 1823 1832 1832 1823 1823 1834 1834 1833 1833 1824 1824 1835 1835 1834 1834 1825 1825 1836 1836 1835 1835 1826 1826 1837 1837 1836 1836 1828 1828 1838 1838 1837 1837 1829 1829 1839 1839 1838 1838 1830 1830 1840 1840 1839 1839 1831 1831 1841 1841 1840 1840 1832 1832 1842 1842 1841 1841 1832 1832 1833 1833 1842 1842 1833 1833 1844 1844 1843 1843 1834 1834 1845 1845 1844 1844 1835 1835 1846 1846 1845 1845 1836 1836 1847 1847 1846 1846 1838 1838 1848 1848 1847 1847 1839 1839 1849 1849 1848 1848 1840 1840 1850 1850 1849 1849 1841 1841 1851 1851 1850 1850 1842 1842 1852 1852 1851 1851 1842 1842 1843 1843 1852 1852 1843 1843 1854 1854 1853 1853 1844 1844 1855 1855 1854 1854 1845 1845 1856 1856 1855 1855 1846 1846 1857 1857 1856 1856 1848 1848 1858 1858 1857 1857 1849 1849 1859 1859 1858 1858 1850 1850 1860 1860 1859 1859 1851 1851 1861 1861 1860 1860 1852 1852 1862 1862 1861 1861 1852 1852 1853 1853 1862 1862</p>
        </triangles>
      </mesh>
    </geometry>
  </library_geometries>
  <library_visual_scenes>
    <visual_scene id="VisualSceneNode">
      <node id="View-Perspective" name="View-Perspective">
        <matrix>-0.540982 0.532695 -0.650826 -1.214944 -0.841034 -0.342648 0.418634 1.174405 -0.000000 0.773840 0.633381 1.126583 0.000000 0.000000 0.000000 1.000000</matrix>
        <instance_camera url="#Camera-Perspective" />
      </node>
      <node id="View-Top" name="View-Top">
        <matrix>1.000000 0.000000 0.000000 -0.062563 0.000000 1.000000 0.000000 0.381059 0.000000 0.000000 1.000000 3094.198472 0.000000 0.000000 0.000000 1.000000</matrix>
        <instance_camera url="#Camera-Top" />
      </node>
      <node id="View-Front" name="View-Front">
        <matrix>1.000000 0.000000 -0.000000 -0.166239 0.000000 0.000000 -1.000000 -5046.644728 0.000000 1.000000 -0.000000 0.041326 0.000000 0.000000 0.000000 1.000000</matrix>
        <instance_camera url="#Camera-Front" />
      </node>
      <node id="View-Right" name="View-Right">
        <matrix>0.000000 0.000000 1.000000 5882.707788 1.000000 0.000000 -0.000000 0.421630 -0.000000 1.000000 -0.000000 0.073479 0.000000 0.000000 0.000000 1.000000</matrix>
        <instance_camera url="#Camera-Right" />
      </node>
      <node id="fd8c7a97-0110-420f-9947-52c96dda3764" name="Mesh">
        <instance_geometry url="#mesh-acb62ed7-9364-41ae-b68b-c0cb287c453b">
          <bind_material>
            <technique_common>
              <instance_material symbol="material-a0000000-0000-0000-0000-000000000000" target="#a0000000-0000-0000-0000-000000000000" />
            </technique_common>
          </bind_material>
        </instance_geometry>
      </node>
    </visual_scene>
  </library_visual_scenes>
  <scene>
    <instance_visual_scene url="#VisualSceneNode" />
  </scene>
</COLLADA>