# Rhino

mtllib curved_wall_5mm.mtl
usemtl diffuse_0_0_0_255
v 201.5574146435444 176.5733006653598 200
v 197.24871408202097 171.87215930793792 200
v 193.52491342284128 167.86048633430511 200
v 190.01942025877878 164.12965137336761 200
v 186.34092294432565 160.26453906868011 200
v 182.66634713866159 156.45675403450042 200
v 179.00811349608347 152.72105151985198 200
v 175.31267892577097 149.00556690071136 200
v 160.70717965819284 134.93537647102386 200
v 157.27585946776315 131.78031665657073 200
v 153.6655689404194 128.52489978645355 200
v 150.11179696776315 125.38525134895355 200
v 146.38173257567331 122.15900165412933 200
v 142.50044595457956 118.87639362190276 200
v 138.547427766103 115.60945636604339 200
v 134.56896554686472 112.3964207825473 200
v 130.57255899168894 109.24059802864105 200
v 126.63203012206003 106.19420368049651 200
v 122.92526590086862 103.38241321418792 200
v 118.89165078856394 100.37525684211761 200
v 115.07738076903269 97.574956243973077 200
v 111.58438455321237 95.041211431961358 200
v 107.78518258788034 92.311772650223077 200
v 104.12342416502878 89.700414007644952 200
v 100.50294839598581 87.130750006180108 200
v 96.824451081532686 84.526196783523858 200
v 93.076541535634249 81.872975653152764 200
v 89.262134187001436 79.16732532356292 200
v 85.388812653798311 76.408887213211358 200
v 81.420241944569796 73.565976446609795 200
v 77.272086732167452 70.571576422195733 200
v 73.108401887196749 67.538213079910577 200
v 69.087833039540499 64.579442327957452 200
v 64.750510804433077 61.352025335769952 200
v 60.331813447255342 58.023774450760186 200
v 55.999862305897921 54.719750708084405 200
v 47.594657532948702 48.189427679519952 200
v 43.549491517323702 44.98967868660003 200
v 39.559575669545382 41.797475164871514 200
v 35.508279435414522 38.519711798172295 200
v 30.997502915639132 34.827565496902764 200
v 26.923638455647676 31.455087011795342 200
v 201.9834400341694 176.88569385383636 194.43756103515625
v 199.03095590331003 173.5576756653598 195.87661743164062
v 191.95630990721628 165.55721790168792 195.02940368652344
v 184.76964914061472 157.85336047981292 195.70323181152344
v 183.23882638670847 155.41004688118011 191.53451538085938
v 181.21544992186472 154.09875232551605 195.71878051757812
v 177.62231027342722 150.39925891731292 195.77397155761719
v 176.28173410155222 148.0980809387973 191.76835632324219
v 172.68943368651315 144.48548633430511 191.96333312988281
v 170.20043527342722 142.92397815559417 195.73880004882812
v 162.88404428221628 135.72091419075042 195.11801147460938
v 159.15835153319284 132.37118274543792 195.56526184082031
v 152.83138620116159 126.74389392707855 195.77717590332031
v 149.04334604002878 123.42367297981292 195.64378356933594
v 145.13839303709909 120.09332782600433 195.49993896484375
v 141.16017495848581 116.79688007209808 195.30282592773438
v 137.13923989989206 113.5495961365512 195.03504943847656
v 133.09448587157175 110.3787205872348 194.79080200195312
v 128.95921670653269 107.24633533332855 194.631591796875
v 120.94123422362253 101.5632680115512 196.21449279785156
v 120.35966836668894 100.81383258674651 192.102783203125
v 113.08147012450144 95.955792730789483 194.8162841796875
v 109.643375031728 93.607808416824639 196.41181945800781
v 106.20290719725534 91.235150640945733 195.6962890625
v 102.51107370116159 88.719403570633233 195.20925903320312
v 98.753779999989717 86.177937811355889 194.90904235839844
v 94.937060944813936 83.585812872391045 194.77688598632812
v 91.057536713856905 80.931599920730889 194.75704956054688
v 87.137927644032686 78.221883123855889 194.80860900878906
v 83.208442322987764 75.465321844559014 194.95201110839844
v 79.264003388661592 72.640584295730889 195.24856567382812
v 75.13392221190378 69.714268988113702 195.0157470703125
v 70.85651742674753 66.748067205887139 193.95536804199219
v 66.443606965321749 63.304921453934014 195.15803527832031
v 62.080131165761202 59.961163824539483 195.54885864257812
v 53.605853669423311 53.395360296707452 195.56216430664062
v 45.383180253285616 46.840928381424249 195.17843627929688
v 37.553441636342257 40.346627539139092 195.10722351074219
v 33.626806847829073 37.015031164627374 195.38992309570312
v 26.565758340138643 30.905740087967217 195.30778503417969
v 202.37385141112253 177.17197925422698 189.34024047851562
v 199.65795480467722 173.65067798469573 186.35447692871094
v 193.23235666014597 166.31168872688323 189.73701477050781
v 189.98658334471628 162.76670581672698 190.99308776855469
v 185.20119821288034 156.72379810188323 187.22198486328125
v 179.79035531737253 151.74644214485198 191.59700012207031
v 178.4180103466694 149.3633397278598 187.45809936523438
v 174.9120289013569 145.75448352668792 187.80267333984375
v 171.69366037108347 142.58851367805511 188.38133239746094
v 165.23688852049753 136.66615039680511 190.10887145996094
v 160.93207895018503 132.87655383918792 191.13011169433594
v 156.40691720702097 129.02122241828948 192.19801330566406
v 154.76018869139597 126.51844531868011 188.00607299804688
v 150.89007150389597 123.06120044563323 187.47471618652344
v 147.98805581786081 121.5442250428012 191.40960693359375
v 143.98717080809519 118.19035846565276 191.06759643554688
v 139.94199716307565 114.89692432258636 190.62100219726562
v 135.84766732909128 111.65442401741058 190.00869750976562
v 131.71480905272409 108.55749255989105 189.662353515625
v 127.46687661864206 105.50452167366058 189.49600219726562
v 112.09028207518503 95.137303656082452 189.49874877929688
v 109.06238137938425 93.179807013016045 192.4151611328125
v 105.02407418944284 90.496014898758233 191.13322448730469
v 101.08391916014597 87.949788397293389 190.29747009277344
v 97.131328217763155 85.386662786941827 189.8775634765625
v 93.10895883299753 82.747250860672295 189.76022338867188
v 89.052302949208467 80.047215765457452 189.78520202636719
v 84.992622010487764 77.295117681961358 189.91658020019531
v 81.008807770985811 74.515477484207452 190.21488952636719
v 77.516982667226046 71.95187122200042 191.07020568847656
v 74.243190400380342 69.823651617508233 189.60906982421875
v 70.708373658436983 67.558774298172295 187.53173828125
v 63.490935914296358 61.645337408523858 191.19450378417969
v 59.46027719237253 58.525265997391045 191.33412170410156
v 55.396358124989717 55.334786718826592 191.336181640625
v 51.3429542706196 52.092145269851983 191.23513793945312
v 47.276050202626436 48.794446295242608 190.88761901855469
v 43.280080430287569 45.488332098465264 190.21282958984375
v 39.465278260487764 42.217591589432061 190.10397338867188
v 31.853157632130831 35.486878698807061 190.97357177734375
v 28.84301006056711 32.796616857986749 191.52418518066406
v 26.13112794615671 30.238583868484795 189.60928344726562
v 202.75854074217722 177.45406848762542 184.31753540039062
v 200.35207711913034 174.16142017219573 181.27851867675781
v 197.38390695311472 170.55112964485198 183.19126892089844
v 193.95408212401315 166.40913135383636 183.89511108398438
v 190.76302682616159 162.87211353157073 185.85723876953125
v 188.07500802733347 160.04621631477386 187.58845520019531
v 181.84453927733347 153.0129979309848 187.27537536621094
v 180.43210946776315 150.54536182258636 182.96624755859375
v 176.94070016600534 146.86286670539886 183.53929138183594
v 172.91111337401315 142.78970081184417 184.16006469726562
v 169.65208017088815 138.98484546516448 182.25259399414062
v 166.16323434569284 136.10073596809417 184.44879150390625
v 162.61085092284128 133.19384509895355 186.29580688476562
v 160.19955026366159 130.05880481575042 182.79962158203125
v 156.93601571776315 127.50951892707855 184.31814575195312
v 153.74244271971628 124.54223377082855 183.56312561035156
v 149.99972879149362 121.26351672981292 182.98919677734375
v 146.97920572020456 119.71629077766448 186.9974365234375
v 143.00229989745065 116.44151813362151 186.48124694824219
v 138.94182931639597 113.19507343147308 185.75651550292969
v 134.68227731444284 109.88173419807464 184.51632690429688
v 130.15851937987253 106.74082691047698 184.67901611328125
v 126.01021157957956 103.89392597053558 184.29890441894531
v 121.98753701903269 101.1968129334262 183.59927368164062
v 115.08169900633737 96.936139410476983 186.13755798339844
v 111.0884205029194 94.384045904617608 184.56698608398438
v 107.96984445311472 92.436452215652764 187.72860717773438
v 103.82051431395456 89.83370715950042 186.1103515625
v 99.731540314931124 87.311589544754327 185.09962463378906
v 95.481921784657686 84.651997869949639 184.81752014160156
v 91.223300568837374 81.93960315559417 184.77651977539062
v 86.964137666005342 79.159314459305108 184.88058471679688
v 82.670863740224092 76.272237127762139 185.14390563964844
v 78.149970643300264 73.097607916336358 185.81871032714844
v 74.010024659413546 70.427007025223077 184.07395935058594
v 70.414180390614717 68.177876776199639 181.69412231445312
v 67.187469117421358 65.385785406570733 184.57023620605469
v 63.117831818837374 62.628621405105889 182.29092407226562
v 54.837520234364717 55.992543524246514 182.70176696777344
v 53.155648820180147 54.073769873123467 186.97673034667969
v 45.343862168568819 47.614320105057061 186.08103942871094
v 41.354081742543428 44.238297766189874 184.61125183105469
v 37.248924844044893 40.483403509598077 185.75726318359375
v 33.317219369191378 36.862523382644952 186.30413818359375
v 29.44016753889963 33.253522222976983 186.64495849609375
v 25.763471953648775 29.674233740310967 184.78889465332031
v 203.15394174315378 177.74401599739105 179.15493774414062
v 198.32345163084909 171.24726611946136 178.12098693847656
v 195.82810556151315 168.22645313118011 179.865234375
v 185.57395517088815 155.57771045539886 179.20567321777344
v 182.5745044872944 151.97439319465667 178.58041381835938
v 178.88323556639597 147.80605823371917 178.51083374023438
v 175.5364185497944 144.63483936164886 180.49165344238281
v 172.75664865233347 141.47021228645355 179.53300476074219
v 170.16062509276315 138.42893726203948 178.06008911132812
v 167.17261850096628 135.72929126594573 179.15679931640625
v 163.82659494139597 132.95081836555511 180.90904235839844
v 161.31472360350534 129.8685887512973 178.02522277832031
v 152.99799691893503 122.8392689881137 179.10127258300781
v 149.31169473387644 119.64366657112151 178.33659362792969
v 146.17346536375925 118.07107288215667 182.46768188476562
v 142.29725229002878 114.94291431282073 181.79582214355469
v 138.6078525707905 112.03755695198089 180.77003479003906
v 135.6820484326069 109.71431476448089 179.25099182128906
v 132.28431283690378 107.49410755012542 179.82359313964844
v 124.38785135008737 102.30719501350433 179.23503112792969
v 120.47981607176706 99.849614447098077 178.78590393066406
v 116.8805576489155 97.663060492019952 178.48092651367188
v 110.4741626904194 93.921933477859795 179.67080688476562
v 107.00498544432565 91.838513678055108 182.91729736328125
v 102.82857858397409 89.379170721512139 180.41642761230469
v 98.155414216298311 86.593671148758233 179.99404907226562
v 93.673274628895967 83.874669378738702 179.83958435058594
v 89.24024545409128 81.115849798660577 179.88888549804688
v 84.824851624745577 78.281598394851983 180.06893920898438
v 80.508376710194796 75.403867071609795 180.33444213867188
v 76.912795655507296 72.908482855301202 180.72671508789062
v 73.801520936269014 71.066388433914483 178.36921691894531
v 66.695205323476046 65.774892157059014 179.31898498535156
v 63.069377534169405 63.37002307746917 176.87908935546875
v 56.595290772694796 57.987469976883233 178.51919555664062
v 50.984561555165499 52.815137213211358 182.52633666992188
v 48.274100892323702 50.990540808182061 178.12527465820312
v 44.583301179188936 47.438954657059014 180.83735656738281
v 38.309625260609835 41.72429782722503 180.7913818359375
v 34.709709756154268 38.287011450271905 181.83609008789062
v 25.365380399007051 29.06316501472503 179.5694580078125
v 203.55430185057565 178.03757984016448 173.92776489257812
v 200.92036020018503 174.52645618293792 176.11131286621094
v 196.21580087401315 168.13625842903167 175.10690307617188
v 193.99286996581003 164.8987401184848 172.95413208007812
v 191.16295968748972 161.67294055793792 175.46690368652344
v 185.31501352049753 154.26383716438323 174.29304504394531
v 181.61439096190378 149.88668567512542 174.15538024902344
v 175.65487252928659 143.7719090637973 176.45977783203125
v 172.46960031248972 140.03078967903167 175.03160095214844
v 169.00466500975534 136.31504566047698 174.36114501953125
v 165.24338876463815 132.79188281868011 175.03263854980469
v 162.16331063963815 129.55968982551605 173.75015258789062
v 158.84833871581003 126.90197498176605 175.10676574707031
v 148.33082162596628 117.87295276496917 173.88887023925781
v 145.47163736082956 116.56378681037933 177.98013305664062
v 141.81294595457956 113.5983021912387 176.78874206542969
v 138.44826089598581 110.96187335823089 175.37455749511719
v 134.57935678221628 108.2709325012973 174.88691711425781
v 130.6403003857319 105.72067005012542 174.85597229003906
v 126.61604654051706 103.18819171760589 174.630126953125
v 122.502994172353 100.70784503791839 174.36857604980469
v 113.84473764159128 95.778691595535577 175.73268127441406
v 109.45631753661081 93.273427313309014 175.07438659667969
v 106.79111062743112 91.734296148758233 178.64596557617188
v 105.10644876219675 90.81698352668792 174.94953918457031
v 100.79754220702097 88.359776800613702 175.12998962402344
v 96.290393464345186 85.768391912918389 174.92134094238281
v 91.731120698231905 83.079350775223077 174.92095947265625
v 87.169673554677217 80.28811389778167 175.079833984375
v 82.614303223866671 77.38662463996917 175.26832580566406
v 77.848086945790499 74.252339666824639 175.29200744628906
v 73.533816926259249 71.614659613113702 172.97959899902344
v 70.083930604237764 68.718243902664483 176.21231079101562
v 66.387252442616671 66.307782476883233 174.04287719726562
v 62.774219147938936 63.848462408523858 171.98841857910156
v 59.025230042714327 60.52242786262542 174.44749450683594
v 54.691897980946749 56.989625280838311 174.25103759765625
v 47.251090638417452 50.629258459549249 173.27783203125
v 38.254865281361788 42.021668737869561 175.23880004882812
v 35.76094686247751 39.469758337478936 177.82075500488281
v 32.546297662038057 36.317761724930108 177.48835754394531
v 28.772563569325655 32.515088385086358 176.92173767089844
v 24.988653771657198 28.48489124153167 174.63014221191406
v 203.9458423779194 178.32468921516448 168.81558227539062
v 201.3713794872944 174.74229175422698 170.96220397949219
v 199.35839425780222 171.66087085578948 168.60475158691406
v 196.72564279295847 168.09202319953948 169.52354431152344
v 194.28890573241159 164.61916858528167 168.51374816894531
v 191.73311959959909 161.54072315071136 170.42953491210938
v 188.76366769530222 158.1068700012973 172.41717529296875
v 183.60938607909128 151.23017627571136 169.7186279296875
v 180.44141732909128 147.46519214485198 169.60847473144531
v 177.5068775341694 144.07175952766448 169.38945007324219
v 171.84211312987253 138.27444202278167 170.69013977050781
v 168.10399972655222 134.16238147590667 169.55415344238281
v 164.21718942381784 130.49685413215667 169.95553588867188
v 160.40684091307565 127.12179309700042 170.46772766113281
v 156.58172189452097 124.10830432746917 171.83746337890625
v 150.49956857420847 118.57802326057464 169.49594116210938
v 146.3752857372944 115.53265888069183 169.84487915039062
v 141.82969247557565 112.52551776741058 171.14085388183594
v 137.43310128905222 109.44056445930511 170.58204650878906
v 133.17721139647409 106.65492755744964 170.23039245605469
v 128.96905099608347 104.06955463264495 170.00192260742188
v 124.69350778319284 101.55492908332855 169.80671691894531
v 120.28954660155222 99.077260321121514 169.81390380859375
v 112.06538736082956 94.643796270828545 171.41947937011719
v 103.75915109373972 90.146031683426202 170.24188232421875
v 99.088557832020967 87.609303778152764 169.99073791503906
v 94.409816376942842 85.007565802078545 169.90522766113281
v 89.68159066893503 82.26003772590667 170.12527465820312
v 85.111266724843233 79.50063831184417 170.30282592773438
v 80.742919556874483 76.749066656570733 170.47586059570312
v 76.641509644765108 74.195477789383233 169.49844360351562
v 72.770244233388155 71.847661322098077 167.42794799804688
v 69.61274301268503 69.141476934891045 170.82717895507812
v 65.855144135731905 66.665417974930108 168.80323791503906
v 62.234927766102999 64.153920477371514 166.97621154785156
v 59.781955353993624 61.76730090950042 170.01889038085938
v 56.483298890370577 59.053387945633233 170.14727783203125
v 52.704942338246553 55.874982183914483 169.86351013183594
v 48.786960236806124 52.46389514778167 169.44599914550781
v 41.110858552235811 44.995004003982842 172.3941650390625
v 37.284829728383272 41.437096899490655 169.62657165527344
v 33.713370911854952 37.764165228348077 169.84550476074219
v 31.261234872121065 35.117097204666436 172.94474792480469
v 24.594856612462252 27.880414312820733 169.46701049804688
v 204.30422555663034 178.58749133918792 164.13641357421875
v 201.42945443846628 174.35366565559417 165.53462219238281
v 198.47567331053659 169.90641528938323 164.40336608886719
v 192.8209644482319 162.12527210090667 165.40267944335938
v 189.86657296873972 158.54000598762542 167.2840576171875
v 188.12697946288034 155.6253026184848 164.00100708007812
v 185.10827218748972 152.02991992805511 165.07316589355469
v 178.76865731932565 144.51998645637542 165.41694641113281
v 175.06057321288034 140.71976978157073 166.79402160644531
v 171.57830392577097 136.99035388801605 166.79110717773438
v 169.61439096190378 134.23695117805511 163.95866394042969
v 165.98278390623972 130.97945911262542 165.29078674316406
v 162.08681833006784 127.47253162239105 165.91165161132812
v 152.60346566893503 119.15968067024261 164.81719970703125
v 148.65600930907175 116.24620563362151 165.32138061523438
v 144.39159738280222 113.31648761604339 166.0693359375
v 135.84901010252878 107.65339404914886 165.86650085449219
v 131.54442178465769 105.00293475959808 165.47428894042969
v 127.13754617430612 102.45072681282073 165.23187255859375
v 122.60644113280222 99.96670276496917 165.15890502929688
v 117.84103738524362 97.474011724930108 165.48435974121094
v 112.60212289549753 94.796773260574639 166.36639404296875
v 107.40928994872019 92.106526678543389 165.82142639160156
v 102.41991006590769 89.544255560379327 165.49568176269531
v 97.346850983876436 86.915227240066827 164.70655822753906
v 92.191188447255342 84.085645025711358 165.23783874511719
v 87.456409089345186 81.395039862137139 165.35981750488281
v 83.005378358144014 78.746579473953545 165.35568237304688
v 79.31629525877878 76.399739569168389 165.76760864257812
v 76.031291596669405 74.533215826492608 163.77192687988281
v 72.019691102284639 72.07101184700042 161.97567749023438
v 68.856231324452608 69.357442205887139 165.44096374511719
v 64.933402650136202 66.723485296707452 163.56703186035156
v 61.000342957753389 63.876241034012139 162.15036010742188
v 57.076495759267061 60.762555426101983 161.52009582519531
v 54.788703553456514 58.234029119949639 165.70759582519531
v 47.153869263905733 51.488957708816827 165.06208801269531
v 43.651881806630342 48.278706854324639 163.90483093261719
v 37.339847199696749 41.887475317459405 164.11631774902344
v 34.029540650624483 38.298848455887139 165.59280395507812
v 24.207879178303926 27.286408728103936 164.39329528808594
v 204.6863208935444 178.86767322395355 159.14749145507812
v 200.2987476513569 172.13476306770355 160.43185424804688
v 197.41868173338815 167.63786060188323 159.11405944824219
v 194.15888559081003 163.14538318489105 160.54383850097656
v 191.0708423779194 159.15632373664886 162.18959045410156
v 186.50019418456003 152.85502368782073 160.8787841796875
v 183.82859384276315 149.44198352668792 160.68406677246094
v 180.53354989745065 145.46885425422698 160.84376525878906
v 177.03768502928659 141.59098560188323 161.63063049316406
v 171.31389962889597 134.66956836555511 158.93243408203125
v 167.7092701122944 131.36486560676605 160.27604675292969
v 163.79091989256784 127.9213231262973 161.47462463378906
v 159.54403268553659 124.18116504524261 161.83036804199219
v 151.13457833983347 117.05886585090667 160.5882568359375
v 146.87128793456003 114.10100299690276 161.31733703613281
v 141.01252328612253 109.57673389289886 158.19522094726562
v 137.40533029295847 107.04985553596526 156.24871826171875
v 134.31416665770456 105.98206836555511 160.9927978515625
v 129.81084024168894 103.3934910950473 160.75
v 125.24165689207956 100.92762500618011 160.46803283691406
v 120.59404336668894 98.559239691238702 160.5655517578125
v 115.74329721190378 96.175816839676202 161.13031005859375
v 110.91350137450144 93.810544317703545 161.42570495605469
v 106.09263192870065 91.45992786262542 161.2034912109375
v 101.55536996581003 89.235265081863702 160.72506713867188
v 97.998202912587374 87.49874622200042 159.57626342773438
v 94.212421052235811 85.515485113601983 160.39190673828125
v 89.735698334950655 83.09286243293792 160.57899475097656
v 85.06037484862253 80.463841742019952 160.5384521484375
v 80.102798096913546 77.526906317215264 160.42041015625
v 75.490470521229952 74.864186590652764 158.44309997558594
v 67.858966462392061 69.380803411941827 160.15168762207031
v 63.640678040761202 66.49166614387542 158.34004211425781
v 59.502734772938936 63.373662298660577 157.3182373046875
v 55.377811066884249 59.95766956184417 157.10963439941406
v 51.572206132191866 56.601811712723077 157.04631042480469
v 46.08893930174753 51.07699329231292 160.02153015136719
v 43.050651185292452 48.265450781326592 158.54472351074219
v 40.394275300282686 45.228345221023858 161.91255187988281
v 34.343246094960421 38.922227209549249 160.55999755859375
v 30.727469079274385 34.817040747146905 162.36593627929688
v 29.15873443343088 33.148869818191827 157.91751098632812
v 27.067876450795382 30.622006720047295 161.15562438964844
v 23.823976509350985 26.697118109207452 159.35989379882812
v 205.06443368651315 179.1449559387973 154.21061706542969
v 202.82752572752878 175.19691211555511 151.84339904785156
v 200.19445382811472 171.36835986946136 155.38055419921875
v 197.87337838866159 167.4734471497348 153.40057373046875
v 195.08394967772409 163.63325244758636 155.62651062011719
v 192.04511605956003 159.56208545539886 157.27589416503906
v 187.5402027294819 152.01449329231292 150.95675659179688
v 182.68960153319284 147.02258045051605 156.4854736328125
v 181.93134652831003 144.9614842591098 151.8447265625
v 179.02416574217722 142.57009631965667 156.35491943359375
v 175.10215341307565 138.5239842591098 158.087890625
v 173.03785287596628 135.29908496711761 154.34103393554688
v 169.14976083495065 131.3435643372348 154.73721313476562
v 165.74590646483347 128.69544727180511 157.38462829589844
v 161.3912769482319 123.56953174446136 152.89646911621094
v 153.7832447216694 117.9874852356723 155.74075317382812
v 144.899478547353 111.92481738899261 157.29518127441406
v 142.04748117186472 109.47971851203948 154.08940124511719
v 132.6500888989155 104.39115650032073 156.44921875
v 127.99584542967722 101.86888629768401 155.90751647949219
v 123.5238453076069 99.595441168289483 155.49189758300781
v 118.75790750243112 97.341794317703545 155.95487976074219
v 114.01978646971628 95.156255072098077 156.56253051757812
v 109.34151803709909 92.996625250320733 156.81382751464844
v 104.85125314452097 90.902928656082452 156.44773864746094
v 100.68836557127878 88.952565496902764 155.67274475097656
v 96.454547517079561 86.924596136551202 155.39654541015625
v 92.17878305174753 84.75735217903167 155.71456909179688
v 87.698642365712374 82.380589788894952 155.89189147949219
v 83.094321839589327 79.839940374832452 155.65576171875
v 78.737388245839327 77.383191412430108 154.57666015625
v 74.487250916737764 74.891133612137139 153.10234069824219
v 71.129470460194796 72.159917181473077 156.79429626464844
v 66.701388947743624 69.263554876785577 155.02284240722656
v 66.136829011220186 69.555295294266045 150.0836181640625
v 62.099280946034639 66.103658026199639 152.82113647460938
v 53.180011384267061 58.63668567512542 152.82319641113281
v 49.261378876942842 55.012757605057061 152.99156188964844
v 45.468825928944796 51.169598883133233 154.27140808105469
v 40.192117326039522 45.453854864578545 157.408447265625
v 38.303277604359835 43.766915625076592 153.88728332519531
v 31.946021668690889 36.439755743484795 156.83676147460938
v 26.508393399495333 29.974648779373467 156.07072448730469
v 23.442147843617647 26.111012762527764 154.35368347167969
v 205.4549976513569 179.43134815071136 149.11123657226562
v 203.07421457030222 175.01163989875823 146.21156311035156
v 200.56692086913034 171.31313831184417 150.27473449707031
v 198.30813180663034 167.36958057258636 148.28668212890625
v 195.69306527831003 163.6626561341098 150.50544738769531
v 193.65520822264597 159.99876148078948 147.40605163574219
v 190.67684518553659 156.00666553352386 149.23439025878906
v 181.41761361815378 143.11320239875823 147.08929443359375
v 178.81660043456003 140.9509862122348 150.98712158203125
v 171.8113208935444 132.84113818977386 149.95071411132812
v 168.23713266112253 129.07909900520355 149.509033203125
v 164.47874032713815 125.33393604133636 148.92149353027344
v 160.67357980467722 121.84077960823089 148.51107788085938
v 153.78087960936472 116.73608142707855 150.30131530761719
v 146.59479867674753 112.04587299201995 152.18716430664062
v 139.20374643065378 107.21562702034026 150.8125
v 134.94527017332956 104.98357135627776 151.78541564941406
v 130.76214181639597 102.8616307434848 152.38031005859375
v 126.82899820067331 100.67709094856292 150.23200988769531
v 121.59295236327097 98.297093695144952 150.72703552246094
v 116.78445016600534 96.190411871414483 151.41677856445312
v 112.24993478514597 94.222607916336358 152.25250244140625
v 107.7941318676655 92.245984381180108 152.33601379394531
v 103.59460794188425 90.379651373367608 151.55242919921875
v 99.308147065419405 88.469365423660577 150.89700317382812
v 94.926730744618624 86.431371038894952 150.80519104003906
v 90.496211640614717 84.241757696609795 151.12484741210938
v 86.029292695302217 81.90713245246917 151.29470825195312
v 81.719165437001436 79.617383306961358 150.28504943847656
v 77.673728577870577 77.406903570633233 148.852294921875
v 69.619502656239717 72.400639837723077 147.41123962402344
v 66.756435029286592 70.748471563797295 144.92630004882812
v 62.788283936757296 67.448048895340264 147.27761840820312
v 58.820270173329561 64.110814398269952 148.46156311035156
v 54.651309602040499 60.554967230301202 148.56341552734375
v 46.885333649892061 53.237569159012139 149.03977966308594
v 39.8499122784321 45.860787695389092 149.64723205566406
v 36.182008378285616 41.790978735428155 149.51922607421875
v 30.913424126881807 35.614217108230889 148.70968627929688
v 23.067864053029268 25.536488836746514 149.44639587402344
v 205.85497628905222 179.72463733528167 143.88897705078125
v 200.60705148436472 170.80476123664886 146.00758361816406
v 196.40224801756784 163.86597949836761 145.39651489257812
v 194.5852466747944 160.43122608039886 142.36097717285156
v 191.71090280272409 156.45313770149261 144.28495788574219
v 186.82833444334909 149.08744556282073 142.52920532226562
v 183.67504464842722 144.96058399055511 143.02339172363281
v 180.40447580077097 140.69067127082855 142.47822570800781
v 174.46868478514597 134.58056384895355 145.66175842285156
v 170.90548288084909 130.60084277961761 145.07072448730469
v 167.25440561034128 126.8483250794223 144.70658874511719
v 163.39342843748972 123.21824390266448 144.48117065429688
v 159.9753833935444 120.26320392463714 144.462890625
v 153.42388498045847 115.31615192268401 145.26094055175781
v 149.92502938963815 113.48799640510589 148.26220703125
v 145.99580728270456 110.5255711731723 146.52137756347656
v 141.61009561278269 107.74651080940276 145.85014343261719
v 136.87543832518503 105.26804096076995 146.77424621582031
v 131.99056588866159 102.91624194953948 147.95826721191406
v 128.9816089794819 101.05785114143401 144.41836547851562
v 123.98568307616159 98.935536688309014 145.53474426269531
v 118.94448434569284 96.811078375320733 146.107421875
v 114.36928140379831 94.945180242996514 147.11372375488281
v 110.43187295653269 93.343007391434014 148.62052917480469
v 106.74002420164987 91.769727056961358 147.55599975585938
v 102.44836007811472 89.975568121414483 146.62559509277344
v 97.932925812977999 88.048543280105889 145.99978637695312
v 93.374415986317842 85.977544134598077 146.17716979980469
v 88.768436066884249 83.699574774246514 146.76153564453125
v 86.264590852040499 82.78500110481292 142.79217529296875
v 81.236629121083467 79.989972418289483 144.24822998046875
v 76.349467866200655 77.236501043777764 143.53639221191406
v 71.383651368397921 74.21810657356292 142.76910400390625
v 63.474998109120577 68.739392584305108 142.11585998535156
v 59.764251343983858 65.574895208816827 143.79780578613281
v 55.914611451405733 62.284459417801202 144.20245361328125
v 44.666272752064913 51.568520849685967 144.54489135742188
v 41.312783829945772 47.950105017166436 145.07861328125
v 35.923645608205049 42.027139013748467 143.47817993164062
v 33.404862992543428 38.790108984451592 146.4129638671875
v 27.835129849690645 31.973828619461358 142.7755126953125
v 22.69529225685045 24.96459323738128 144.56155395507812
v 206.28132211424753 180.03727466438323 138.32232666015625
v 203.92721139647409 175.88673145149261 140.46214294433594
v 201.56748544432565 171.85830432746917 141.82339477539062
v 197.26586496092722 164.35276538703948 140.32176208496094
v 195.5662037060444 160.97866565559417 137.27711486816406
v 192.8359790966694 157.08459216926605 139.27561950683594
v 188.36411630370065 150.05503589485198 137.57498168945312
v 185.52260934569284 146.32510120246917 138.5567626953125
v 182.57830392577097 142.41262561653167 138.54420471191406
v 179.62105905272409 138.45556384895355 137.71983337402344
v 173.65468942381784 132.41821033332855 140.92710876464844
v 169.90076791502878 128.23832446907073 139.96536254882812
v 165.73476754881784 124.34219104621917 140.50480651855469
v 161.3903003857319 120.37807971809417 140.13993835449219
v 153.51259958006784 114.29647571418792 140.38066101074219
v 149.58716928221628 111.1665394959262 138.19674682617188
v 139.307925812978 105.79795581672698 141.85870361328125
v 136.2706943676655 103.6521580872348 138.00286865234375
v 131.20728646971628 101.44501239631683 139.1407470703125
v 126.19653665282175 99.399030035476983 140.259033203125
v 121.08385812498972 97.365819281082452 141.09567260742188
v 115.52605020262644 95.186360662918389 141.51948547363281
v 110.7434497997944 93.392026251297295 144.19587707519531
v 106.13366281248972 91.530705755691827 142.75434875488281
v 101.38242685057565 89.650937384109795 141.67404174804688
v 96.403163544911592 87.59902698371917 140.84979248046875
v 91.178859345692842 85.191541021805108 142.22476196289062
v 88.719012849110811 84.351811712723077 138.26934814453125
v 84.027103059071749 82.011716192703545 138.79434204101562
v 79.464667908925264 79.564038580398858 138.98066711425781
v 74.926349274892061 76.991406744461358 138.51136779785156
v 70.762961976308077 74.521313971023858 137.4364013671875
v 67.174903504628389 71.723637884598077 140.1181640625
v 63.375148408192842 69.448911016922295 136.64532470703125
v 60.631492249745577 66.892369574051202 139.55502319335938
v 57.199279420155733 64.041356390457452 139.78668212890625
v 53.420154206532686 60.732419317703545 139.82920837402344
v 49.522727601308077 57.115983313064874 139.51162719726562
v 38.860047929066866 45.663129156570733 141.15878295898438
v 30.178823106068819 35.212899511795342 139.25105285644531
v 27.308518998402803 31.45305759285003 137.94422912597656
v 25.087061278599947 28.291581457596124 141.36851501464844
v 22.328766360956877 24.401976889114678 139.7559814453125
v 206.71982919432565 180.3588231262973 132.59703063964844
v 204.52683603026315 176.35098010871917 134.86842346191406
v 202.28777658202097 172.41958362434417 136.71006774902344
v 200.6024585888569 168.87621814582855 133.31466674804688
v 198.13955270506784 164.89875537727386 135.25344848632812
v 196.4574390576069 161.43394214485198 132.13703918457031
v 186.93966256834909 147.06484729621917 133.71011352539062
v 184.4701343701069 143.93354541633636 134.80856323242188
v 182.10064279295847 140.53202564094573 133.72431945800781
v 179.10335885741159 136.55024463508636 132.81756591796875
v 176.46813546873972 134.5037205872348 136.87324523925781
v 175.95299874998972 132.58268482063323 131.86215209960938
v 170.52892648436472 127.55639392707855 134.95893859863281
v 167.54510080077097 124.90112048957855 136.07719421386719
v 157.69424020506784 116.8008168396762 137.74864196777344
v 154.03815805174753 113.60860950325042 135.59523010253906
v 150.56292306639597 110.73361713264495 133.076416015625
v 146.04294931151315 108.4247410950473 135.36798095703125
v 142.84981118895456 105.98650104377776 131.76069641113281
v 138.10361062743112 103.82214099739105 132.98426818847656
v 133.24687539793894 101.72494251106292 133.99507141113281
v 128.39151345946237 99.777394598465264 135.032958984375
v 123.53306161620065 97.932172125320733 136.01416015625
v 118.66501199461862 96.130688971023858 136.75143432617188
v 113.90917550780222 94.368184393387139 136.10403442382812
v 110.27727853514597 93.119138067703545 139.43708801269531
v 105.3654209301655 91.258649176101983 137.85177612304688
v 100.64837228514597 89.486409491043389 136.54107666015625
v 96.365176789540499 87.858159368973077 135.00314331054688
v 91.811763398427217 86.029256170730889 133.89595031738281
v 87.084575288075655 83.923337286453545 133.90602111816406
v 82.463916413563936 81.672261541824639 134.02760314941406
v 78.000354401845186 79.319371527176202 133.91873168945312
v 73.676303498524874 76.877698248367608 133.45411682128906
v 69.484443299550264 74.339421576004327 132.57289123535156
v 65.250167481679171 71.488988226394952 132.01057434082031
v 55.214801423329561 62.95644885871917 135.54080200195312
v 51.290057770985811 59.387341803055108 135.4658203125
v 47.1686378643696 55.530595129471124 134.27267456054688
v 43.334317796010225 51.362828558426202 135.16607666015625
v 37.327128999013155 44.828233068924249 132.35328674316406
v 34.396284692067354 41.146912878494561 132.88327026367188
v 32.460846535939424 38.424592321853936 135.80291748046875
v 29.455776803273409 34.563363378982842 134.18731689453125
v 21.946273081082552 23.814851110916436 134.74105834960938
v 207.1648365185444 180.68514758918792 126.78678894042969
v 202.92962228514597 172.8568700012973 131.36871337890625
v 201.27605783202097 169.24804431770355 128.11131286621094
v 198.9108081982319 165.29586536262542 130.1173095703125
v 194.76519357420847 157.96517688606292 129.05987548828125
v 192.27524911620065 154.43923694465667 131.2034912109375
v 190.74091684081003 151.42036182258636 128.49079895019531
v 188.31566964842722 147.88706714485198 128.98481750488281
v 185.0668140576069 143.52296192024261 130.06156921386719
v 181.80784188963815 138.93249255989105 129.04878234863281
v 175.28579293944284 130.47398120735198 126.91215515136719
v 172.65931283690378 128.71232349250823 130.97979736328125
v 162.33723031737253 118.52274829719573 129.38764953613281
v 158.51148568846628 115.33170825813323 128.79524230957031
v 154.7931324169819 113.07283527229339 130.78013610839844
v 147.40948068358347 108.20263416145355 130.04025268554688
v 144.35983621336862 105.89936572883636 126.65502166748047
v 139.75512277342722 103.80609638069183 127.94718170166016
v 135.04330026366159 101.82906085823089 128.87667846679688
v 130.34193002440378 99.992322271805108 129.7718505859375
v 125.6427417919819 98.30239612434417 130.82492065429688
v 120.93613778807565 96.647076910476983 131.71455383300781
v 117.55405770995065 95.235066717605889 127.56428527832031
v 116.85413705565378 95.258931463699639 132.50679016113281
v 113.10591470457956 93.910992926101983 130.7628173828125
v 104.62656747557565 91.027074163894952 132.676513671875
v 100.04051553465769 89.393330877762139 131.01821899414062
v 95.366328828114717 87.695554083328545 129.80656433105469
v 90.428157441395967 85.734738653641045 129.36888122558594
v 85.613570801991671 83.63485462043792 129.25152587890625
v 80.975555054921358 81.42648059700042 129.10244750976562
v 76.511092774647921 79.050153082351983 129.05075073242188
v 72.046035401601046 76.451657598953545 128.78770446777344
v 67.734252564686983 73.753117865066827 128.12190246582031
v 63.524367921132296 70.869992559891045 127.47737121582031
v 61.220447175282686 68.530995672684014 131.55166625976562
v 59.190772645253389 67.663159674148858 126.54127502441406
v 57.200832001942842 65.31625110481292 131.18440246582031
v 53.333293549794405 61.898671453934014 131.34819030761719
v 47.427341096181124 56.630009954910577 128.38185119628906
v 44.142314545888155 52.96605808113128 129.83943176269531
v 41.40139161803171 50.428132360916436 125.90317535400391
v 38.099672906178682 46.355695074539483 127.23977661132812
v 34.856237046498507 42.185674017410577 128.35252380371094
v 31.584183327931612 37.730260199051202 130.00741577148438
v 25.042237632054537 28.544129675369561 129.10844421386719
v 21.547550611275881 23.202815359573663 129.51335144042969
v 203.51824533202097 173.2042821106723 125.94573211669922
v 201.8841968701069 169.52857715461761 122.95338439941406
v 195.44355355956003 157.9713719544223 123.89740753173828
v 192.91978036620065 154.3029149231723 126.14998626708984
v 190.50568734862253 149.95980579231292 124.05118560791016
v 187.32122384764597 145.51011401985198 125.36016082763672
v 184.3081470654194 141.30103809211761 125.48470306396484
v 181.41697274901315 137.13735706184417 124.24776458740234
v 178.30421029784128 132.80775195930511 122.55098724365234
v 174.59595834471628 128.50039417121917 122.31209564208984
v 171.56055795409128 125.06905872200042 121.53456115722656
v 168.2590747997944 122.15054065559417 122.79788970947266
v 164.40447580077097 119.00778705451995 124.1434326171875
v 148.85898172118112 108.07632190559417 124.92075347900391
v 145.85472451903269 105.80550128791839 121.70341491699219
v 141.36175119139597 103.81500751350433 123.03875732421875
v 136.77076303221628 101.87397510383636 123.89133453369141
v 132.07256662108347 100.03654224250823 124.48045349121094
v 127.47539865233347 98.448605841141045 125.45970153808594
v 122.7770420239155 96.920468634109795 126.87982940673828
v 112.76248513914987 93.639989202957452 125.63259887695312
v 108.64748727538034 92.393101995926202 129.08903503417969
v 104.03438913084909 90.856969183426202 127.38111114501953
v 99.170734040517061 89.248402899246514 125.36672973632812
v 93.82764779784128 87.346440618973077 125.01905059814453
v 88.897235505360811 85.430592840652764 124.69148254394531
v 84.139358155507296 83.387219732742608 124.45516204833984
v 79.358584992665499 81.106786077957452 124.04704284667969
v 74.546661011952608 78.418065374832452 124.84342956542969
v 70.228992097157686 75.895886724930108 124.27898406982422
v 66.197784058827608 73.342290228348077 123.51359558105469
v 62.374801270741671 70.694188421707452 122.80657196044922
v 59.245719544667452 68.415822332840264 121.72309112548828
v 54.939826600331514 63.999615972976983 127.00267028808594
v 52.435067765492647 62.340634649734795 122.89573669433594
v 48.695996873158663 58.645314520340264 123.43033599853516
v 44.873090379018038 54.565064733963311 123.96940612792969
v 35.625169389027803 43.703210180740655 123.37394714355469
v 29.58083211638376 35.364133184891045 125.16016387939453
v 26.587938420552462 31.014561956863702 125.12098693847656
v 23.710906855839937 26.64809924934417 125.24034881591797
v 21.160150759000032 22.608157461624444 124.43409729003906
v 207.61439096190378 181.01479846809417 120.91720581054688
v 205.59731637694284 177.03950244758636 123.49861907958984
v 204.05744516112253 173.4656346497348 120.50530242919922
v 202.47591745116159 169.82121021125823 117.93479156494141
v 197.89692270018503 161.81225330207855 121.66644287109375
v 196.11855661131784 157.98966724250823 118.74491119384766
v 191.48615609862253 150.16419727180511 118.56576538085938
v 188.85752450682565 146.54078418586761 120.53445434570312
v 186.35581552245065 143.23542529914886 122.00214385986328
v 184.17937814452097 139.85494739387542 120.75298309326172
v 181.74822580077097 136.23290759895355 119.34833526611328
v 179.69860421873972 133.18665820930511 117.65800476074219
v 176.91944467284128 129.93496448371917 117.94863128662109
v 173.6351734326069 126.14794666145355 117.52936553955078
v 169.98250924803659 122.52112323616058 117.93915557861328
v 162.15317880370065 116.3285496887973 120.91903686523438
v 158.06112252928659 113.13696033332855 120.62012481689453
v 154.41730844237253 110.07973987434417 118.07476043701172
v 151.20278512694284 107.47472888801605 114.95252227783203
v 147.14258920409128 105.59338886116058 116.7548828125
v 138.53532754637644 101.93949634407073 119.06345367431641
v 134.08802377440378 100.2159779724887 119.51863861083984
v 129.00526773192331 98.394002264480889 119.64046478271484
v 124.36599313475534 97.044301336746514 121.68887329101562
v 120.30038797118112 95.884229010086358 123.48903656005859
v 116.48908578612253 94.640508001785577 122.13495635986328
v 108.31600534178659 92.229756659012139 123.88306427001953
v 104.04605447508737 90.904797857742608 122.22296905517578
v 100.65520059325144 89.878049200516045 120.32398986816406
v 96.65082895018503 88.563451117019952 120.51524353027344
v 92.062015168446749 86.958882635574639 120.14747619628906
v 87.452029816884249 85.185994451980889 119.83883666992188
v 83.013244263905733 83.30080921028167 119.53486633300781
v 79.130649201649874 81.550114935379327 118.65355682373047
v 75.210513703602999 79.695782965164483 117.06962585449219
v 72.540778748769014 77.807248419266045 120.47239685058594
v 68.688003175038546 75.566182440262139 119.47854614257812
v 64.886104218739717 73.13277942512542 118.6063232421875
v 61.189357392567842 70.520695990066827 117.93717193603516
v 57.461417786854952 67.546361273269952 117.86107635498047
v 53.876487366933077 64.364278143387139 118.26785278320312
v 46.924117676991671 57.464425390701592 119.05159759521484
v 44.115090958852022 54.471669500809014 118.82042694091797
v 39.183827988881319 49.001626318435967 116.75033569335938
v 38.691512696522921 47.70449573371917 122.10329437255859
v 33.386452309865206 41.172643011551202 119.45667266845703
v 27.738636605519503 33.007508581619561 120.67961883544922
v 20.764564149159639 22.000933950882256 119.24750518798828
v 208.05280648924753 181.33628589485198 115.19300842285156
v 204.49460946776315 173.5160496887973 115.02682495117188
v 200.95371591307565 166.39754993293792 115.76586151123047
v 198.7169605419819 162.14787036750823 116.07846832275391
v 196.64374887206003 157.76696521614105 113.63928985595703
v 194.12710153319284 153.95481616828948 116.17095184326172
v 192.16138803221628 149.97628528450042 113.43087005615234
v 189.56647836424753 146.32365161750823 115.46874237060547
v 184.66561471678659 139.17902881477386 115.75250244140625
v 182.25793039061472 135.49354297493011 114.19625854492188
v 179.39626657225534 131.64918262336761 113.44049835205078
v 176.08330880858347 127.73373157356292 113.3565673828125
v 172.18796884276315 123.43546802375823 112.93677520751953
v 168.43551217772409 120.18342334602386 114.53330993652344
v 154.78274118163034 109.35981494758636 113.57465362548828
v 148.19575845457956 105.21822101448089 111.81790161132812
v 144.11496316649362 103.50809985969573 113.45391845703125
v 140.40608560301706 102.1082127747348 115.08570861816406
v 136.39622842528269 100.35666400764495 114.04302978515625
v 128.46081887938425 97.597104376297295 113.58937072753906
v 124.62192880370065 96.686436956863702 116.38813018798828
v 120.43276559569284 95.62399036262542 118.85145568847656
v 116.24557840086862 94.319341009598077 116.79395294189453
v 112.30971872069284 93.343816107254327 120.29256439208984
v 108.11452829100534 92.112035101394952 118.52585601806641
v 104.02589761473581 90.93893176887542 116.85465240478516
v 99.668735139149874 89.663571661453545 115.84935760498047
v 95.171817414540499 88.260838812332452 115.51082611083984
v 90.591151826161592 86.703008001785577 115.14488220214844
v 86.084617249745577 85.000432318191827 114.85242462158203
v 81.765296571034639 83.19277698371917 114.48130035400391
v 78.046523682851046 81.453267401199639 114.35298156738281
v 74.704787843007296 79.953770941238702 112.39817047119141
v 71.382331483144014 77.70132190559417 115.67700958251953
v 67.429080598134249 75.415486639480889 114.38636779785156
v 63.473147980946749 72.80367786262542 113.69156646728516
v 59.410812012929171 69.75277454231292 113.57138061523438
v 51.871102921742647 63.170567816238702 113.91883087158203
v 48.368045441884249 59.70473987434417 114.13617706298828
v 45.103910081166475 56.230439489822686 114.30107116699219
v 42.028154008168428 52.615826910476983 115.18233489990234
v 34.037126176137178 42.611592596512139 114.38795471191406
v 29.502006165761202 36.375462835769952 111.91534423828125
v 25.990180365819185 30.626900976639092 116.33753204345703
v 23.12610434748575 26.006526297073663 116.55115509033203
v 20.403484813946932 21.446679419021905 114.51334381103516
v 208.46689950682565 181.63992053840667 109.78646087646484
v 206.41939889647409 177.23742420051605 112.06242370605469
v 202.81983529784128 169.62679797981292 112.93051910400391
v 200.80073129393503 165.30492908332855 111.82301330566406
v 198.83625375487253 161.20214588020355 110.62453460693359
v 197.00376474120065 157.22996265266448 108.48447418212891
v 192.82763253905222 149.85610706184417 108.58742523193359
v 190.16611825682565 145.9341405091098 110.37324523925781
v 187.46216928221628 142.36158496711761 112.5958251953125
v 185.0668140576069 138.32786304328948 110.57684326171875
v 182.18261300780222 134.0651219544223 109.30608367919922
v 179.02361642577097 129.99671680305511 108.99716949462891
v 175.50400888182565 125.96264392707855 109.19113922119141
v 172.27135812498972 122.16954547737151 107.85609436035156
v 168.78367196776315 119.35327655647308 110.04802703857422
v 165.2104908154194 115.50217944953948 107.26303863525391
v 157.38933908202097 110.34688312385589 110.27718353271484
v 148.67170297362253 104.64298755500823 107.39463043212891
v 140.5406910107319 101.49162036750823 110.63840484619141
v 136.81069528319284 99.717213934402764 108.17718505859375
v 132.5859790966694 98.594762152176202 110.70067596435547
v 128.50713693358347 97.066479986648858 108.03260040283203
v 124.38125192381784 96.162724798660577 110.84469604492188
v 120.31914865233347 95.260068243484795 113.67694091796875
v 112.01004373289987 93.111562078934014 114.87120819091797
v 107.71555673338815 91.945790594559014 113.12300872802734
v 103.25003396727487 90.75100452278167 111.77301788330078
v 98.582950227040499 89.464955633621514 111.01742553710938
v 93.814540498036592 88.040669744949639 110.57050323486328
v 89.028804414052217 86.458783453445733 110.10074615478516
v 84.335364930409639 84.682538336258233 110.07577514648438
v 79.119075410145967 82.432797735672295 109.9708251953125
v 74.452579133290499 80.346799200516045 107.77283477783203
v 70.527667634267061 77.803059881668389 110.74180603027344
v 61.486537568349092 71.965077703934014 109.36216735839844
v 59.323207490224092 70.984303778152764 104.81965637207031
v 57.393272034901827 68.78005725715667 109.23003387451172
v 53.551353089589327 65.450139349441827 109.30604553222656
v 49.882377259511202 61.930089300613702 109.48665618896484
v 46.301566712636202 58.23086292121917 109.51201629638672
v 42.948505036610811 54.426503485184014 110.00469207763672
v 37.161841981190889 47.702927893142999 107.25711059570312
v 34.742425553578585 44.103856390457452 110.03084564208984
v 28.922375790852755 35.913678472976983 107.47239685058594
v 22.374372735697477 24.9497483429721 111.37853240966797
v 20.021304003972261 20.860032385330499 109.50251770019531
v 208.83333932616159 181.9086278137973 105.0020751953125
v 206.63099252440378 176.83964282844573 106.2196044921875
v 204.53647958495065 171.64472705696136 103.78041076660156
v 202.83340036131784 168.77546436164886 108.22264099121094
v 200.84559213377878 164.44263965461761 107.22676086425781
v 195.24526559569284 153.43586475227386 106.02667236328125
v 193.62995492674753 150.08585864875823 104.14998626708984
v 191.18857919432565 146.30593616340667 105.50133514404297
v 188.0781665966694 141.76949817512542 106.96615600585938
v 184.96815072752878 136.8449071106723 105.6038818359375
v 184.92794381834909 135.34557849739105 100.391845703125
v 181.84197580077097 132.19265491340667 104.09812164306641
v 178.2667652294819 127.98347217414886 105.02615356445312
v 173.13390695311472 121.77534992073089 103.02188110351562
v 169.4809986279194 118.7339223084262 105.10109710693359
v 167.26171457030222 115.88306171272308 101.73342132568359
v 163.2981372997944 112.83380634162933 102.51866912841797
v 151.34695016600534 105.5004018006137 104.41287994384766
v 146.18877755858347 102.71379596565276 103.12447357177734
v 141.28901254393503 101.00926715705901 105.45072937011719
v 137.21894418456003 99.140942877273858 102.80428314208984
v 132.80173837401315 98.045361822586358 105.37242126464844
v 124.25839578368112 95.694821661453545 105.3609619140625
v 120.06443368651315 94.865674322586358 108.25765991210938
v 115.98772775389597 94.003987616043389 111.41368865966797
v 111.5815845654194 92.856496160965264 109.432373046875
v 107.02109872557565 91.719868963699639 107.80576324462891
v 102.2883716747944 90.549214666824639 106.71539306640625
v 97.384151093739717 89.272382086258233 106.17873382568359
v 92.315547578114717 87.814076727371514 105.72245788574219
v 87.081996552724092 86.124303167801202 104.91171264648438
v 82.399798981923311 84.189404791336358 106.40493774414062
v 78.371989838856905 82.58376819465667 104.89388275146484
v 74.086372010487764 80.70541126106292 102.89418792724609
v 69.927405946034639 78.707707708816827 100.64555358886719
v 63.019317261952608 73.660619085769952 105.366455078125
v 55.362933747548311 67.727696722488702 104.75384521484375
v 51.588290803212374 64.28518421028167 104.86751556396484
v 47.923612229603975 60.613301580887139 105.12379455566406
v 44.121892564076632 56.588925665359795 104.61075592041016
v 40.615701310414522 52.228585546951592 106.11784362792969
v 38.414504639882296 50.016911810379327 102.32140350341797
v 33.811665169972628 43.316773718338311 105.90306091308594
v 30.90700685240671 39.24471790168792 104.46224975585938
v 28.242819897908419 35.357652014236749 102.16633605957031
v 23.882010571736544 27.984364813309014 103.31264495849609
v 19.635601632374971 20.267981832962334 104.44551849365234
v 209.22397958495065 182.19508106086761 99.901641845703125
v 207.69362985350534 178.70065051887542 101.96397399902344
v 203.04026376463815 167.5530369934848 99.841514587402344
v 201.08230172850534 163.87406665657073 102.33154296875
v 199.4672046826069 160.16300708625823 100.55657958984375
v 193.02782785155222 148.09629566047698 100.60429382324219
v 190.20649301268503 143.7100194153598 101.82260894775391
v 187.48870431639597 139.52663928840667 101.96242523193359
v 187.21595346190378 137.86732227180511 97.48126220703125
v 182.83248483397409 131.86060840461761 98.205375671386719
v 179.86468087889597 128.71418506477386 100.6051025390625
v 176.61207162596628 125.12434131477386 101.51842498779297
v 174.72520028807565 122.18158466194183 98.34124755859375
v 169.26208078123972 116.30915576789886 96.527244567871094
v 165.48241769530222 113.3646825012973 97.693389892578125
v 157.62792550780222 107.74402362678558 97.69903564453125
v 153.62046395995065 105.11842853401214 96.319717407226562
v 145.79509317137644 101.54820758674651 97.376708984375
v 141.7101474926655 100.38073474739105 100.22085571289062
v 137.43667184569284 98.514386480789483 97.5601806640625
v 132.98263131834909 97.491345709305108 100.07779693603516
v 128.57642709471628 96.562085455398858 102.62441253662109
v 124.20872079588815 95.26101428840667 99.953628540039062
v 119.80015145995065 94.474294012527764 102.76058959960938
v 115.61626016356394 93.672368353348077 105.92501068115234
v 110.99863015868112 92.584096258621514 103.99778747558594
v 106.12285958983347 91.473424261551202 102.47163391113281
v 101.14293252684519 90.345769232254327 101.68386840820312
v 96.066554658192842 89.080174749832452 101.55746459960938
v 91.161670319813936 87.713933294754327 100.89196014404297
v 86.820438020009249 86.427914923172295 99.212989807128906
v 82.658183686513155 84.679547613601983 102.06349945068359
v 78.197475068349092 82.985188787918389 100.06221008300781
v 73.894759766835421 81.159291571121514 97.983901977539062
v 66.144981019276827 76.062611883621514 103.24514007568359
v 61.878722779530733 73.526570623855889 100.45121002197266
v 57.343467347401827 70.05776721809417 100.33000183105469
v 53.257234208363741 66.573361700516045 100.17011260986328
v 49.645829789418428 63.115598028641045 100.41036987304688
v 46.494866959828585 59.739598577957452 101.15495300292969
v 44.045697800893038 57.41851169441253 98.607757568359375
v 41.314874284047335 54.758984869461358 94.867561340332031
v 39.242881409901827 51.725304907303155 97.865776062011719
v 36.723272912282198 48.426064794998467 97.767494201660156
v 32.726333253163546 42.32879001472503 101.22184753417969
v 30.110456578511446 38.617036169510186 99.250404357910156
v 23.325600139874666 27.34533054206878 98.249526977539062
v 19.247653596181124 19.672482794266045 99.359077453613281
v 209.60447274901315 182.47408801887542 94.933769226074219
v 208.25915109373972 178.5560887512973 92.301750183105469
v 205.1442066357319 170.7742283997348 92.08355712890625
v 203.29384958006784 166.97761279914886 94.459548950195312
v 199.60271798827097 159.29467517707855 95.752616882324219
v 194.90664254881784 150.10334522102386 95.509124755859375
v 192.1030689404194 145.58816272590667 97.084159851074219
v 191.22222482420847 142.98957568977386 93.143974304199219
v 189.53834115721628 141.48632556770355 97.564834594726562
v 188.69785653807565 138.96287280891448 93.317184448242188
v 182.93491708495065 130.49386340950042 92.834075927734375
v 180.79832040526315 128.66703540657073 96.249153137207031
v 176.5071216747944 122.83118945930511 93.590019226074219
v 167.37067758299753 113.76390582893401 92.820960998535156
v 160.19897042967722 108.72384387825042 94.368904113769531
v 157.06760751463815 106.42091113899261 92.975997924804688
v 153.23130380370065 104.00592548225433 91.586135864257812
v 141.6783863232319 99.536473577957452 94.717689514160156
v 137.5438877270405 97.868153875809014 92.344825744628906
v 133.13033639647409 96.945309942703545 94.892341613769531
v 128.7092701122944 96.074643438797295 97.194892883300781
v 124.37600290038034 94.894749945144952 94.708343505859375
v 119.59884225584909 94.109013861160577 97.263221740722656
v 115.1973072216694 93.35726672981292 100.30506896972656
v 110.32812082030222 92.319447821121514 98.657684326171875
v 104.90146218993112 91.21743518684417 96.925216674804688
v 99.255214326161592 89.999425238113702 96.95074462890625
v 94.740787141102999 88.877095526199639 97.330329895019531
v 90.996432893056124 87.947377508621514 95.601806640625
v 86.55286752440378 86.694867437820733 93.997848510742188
v 82.047683350819796 85.256909674148858 92.340911865234375
v 77.957862489003389 83.349110907059014 95.262741088867188
v 73.726214997548311 81.619878118973077 93.092796325683594
v 69.729575745839327 79.216176336746514 95.61090087890625
v 65.719031922597139 77.261617010574639 92.228446960449219
v 62.72974740721628 74.850018805008233 95.544204711914062
v 59.100803010243624 72.150410955887139 95.82952880859375
v 55.100776307362764 68.865720098953545 95.885627746582031
v 50.916516892689913 65.148511236648858 95.186920166015625
v 44.48871957518503 58.731252020340264 93.348030090332031
v 38.117126099843233 50.908383673172295 93.547508239746094
v 35.249094598073214 47.052918737869561 93.064750671386719
v 34.154794327992647 44.903550451736749 97.344291687011719
v 30.091383092183321 39.205510443191827 93.920730590820312
v 27.700312726277559 35.055650061111749 96.394538879394531
v 22.762366913336962 26.685853308182061 93.086692810058594
v 18.854486577290743 19.068972891311944 94.204208374023438
v 209.98400460936472 182.75239307258636 89.97845458984375
v 208.67776071288034 178.78283435676605 87.257308959960938
v 206.94399606444284 174.73359424446136 89.692787170410156
v 205.60509835936472 170.79781848762542 86.7967529296875
v 203.7476001904194 166.79060108039886 88.8934326171875
v 201.58959542967722 162.54305774543792 91.712646484375
v 199.24969064452097 157.53642017219573 91.584953308105469
v 197.09139596678659 153.07218677375823 91.020484924316406
v 195.18529855467722 149.12907153938323 89.943122863769531
v 193.0795093701069 145.03774768684417 88.944679260253906
v 190.68346749998972 140.92396289680511 88.890907287597656
v 188.01496469237253 136.7343114075473 89.164932250976562
v 185.25377999998972 132.55762988899261 88.899505615234375
v 179.88999520995065 126.50439197395355 92.541145324707031
v 172.94538461424753 117.2278187928012 86.575836181640625
v 169.1760669872944 114.12827808235198 88.104988098144531
v 160.88131295897409 108.1488393006137 89.732261657714844
v 156.79090463377878 105.31623584602386 88.415542602539062
v 153.17739450194284 103.18224841926605 87.401016235351562
v 145.613345734853 100.52747089241058 91.5784912109375
v 133.59563028075144 96.54397327278167 90.339530944824219
v 129.01536905028269 95.583195990066827 91.332847595214844
v 124.49385415770456 94.560986822586358 90.116134643554688
v 119.97243081786081 93.863591497879327 91.950691223144531
v 114.80580484129831 93.040265387039483 94.26068115234375
v 109.72555124022409 92.118230169754327 94.181396484375
v 106.59550821043894 91.512570684891045 91.316276550292969
v 101.53345071532175 90.54855090950042 92.477043151855469
v 99.390582673329561 90.22652942512542 87.777168273925781
v 95.933581940907686 89.355733221512139 92.368721008300781
v 90.796130769032686 88.155370062332452 90.543601989746094
v 86.054973237294405 86.867360418777764 89.036163330078125
v 81.558303468007296 85.459348028641045 87.660476684570312
v 77.558467499989717 83.630353277664483 90.55316162109375
v 73.163703553456514 81.91512805793792 87.847030639648438
v 69.968104951161592 79.898679083328545 91.219741821289062
v 61.019412629384249 74.234288519363702 91.089744567871094
v 57.00995980956003 71.15316516731292 91.17779541015625
v 53.506599061269014 68.06832630012542 91.864524841308594
v 47.616859071034639 62.429005926590264 91.498855590820312
v 42.201432816762178 56.583543127517999 90.038253784179688
v 39.579253785390108 53.419965094070733 89.453590393066406
v 36.563270203847139 49.47393161628753 88.962730407714844
v 33.588110558766573 45.287961309891045 88.502395629882812
v 28.298871629018038 36.665944403152764 90.809188842773438
v 26.290690057057589 33.61425144050628 87.309906005859375
v 26.368196122426241 33.25198108528167 92.070114135742188
v 22.352011010128706 26.312980001907647 87.826461791992188
v 18.459725730199068 18.463017767410577 89.0284423828125
v 210.37147104002878 183.03652698371917 84.91943359375
v 206.24993478514597 171.46719104621917 82.337409973144531
v 204.44404184081003 167.05898792121917 82.798271179199219
v 202.4416919872944 163.07682544563323 85.87347412109375
v 200.6833912060444 159.66906482551605 88.000236511230469
v 198.94611703612253 155.77000171516448 86.982032775878906
v 197.06647836424753 151.67931873176605 85.963455200195312
v 195.04674874998972 147.52355701301605 85.027091979980469
v 192.78821908690378 143.28103381965667 84.546554565429688
v 190.32299386717722 139.06965381477386 84.546501159667969
v 187.71021615721628 134.93490344856292 84.579643249511719
v 184.99818002440378 130.82357532356292 84.080314636230469
v 182.12243234373972 128.00961047981292 87.913909912109375
v 176.75513803221628 120.66475421760589 84.662864685058594
v 174.13628732420847 117.11096698616058 81.730033874511719
v 170.72167550780222 114.27232868049651 83.316024780273438
v 167.14187204100534 111.5852635559848 84.789505004882812
v 159.5563160107319 106.18067676399261 84.719657897949219
v 155.58306466795847 103.70576221321136 83.831260681152344
v 145.91114389159128 99.648656195144952 85.446487426757812
v 135.48008310057565 96.096333807449639 82.237274169921875
v 121.66614877440378 93.830945318680108 86.717025756835938
v 116.43950998045847 93.062817877273858 88.170860290527344
v 111.60908090331003 92.340466803055108 89.4102783203125
v 107.90205728270456 91.691716497879327 85.923797607421875
v 103.74756204344675 91.025021856766045 88.23193359375
v 98.448161713856905 90.138982122879327 82.674110412597656
v 94.659778229970186 89.259740179519952 86.81298828125
v 89.827632539052217 88.152509039383233 85.429924011230469
v 85.050479523915499 86.880864447098077 84.122169494628906
v 80.350906007069796 85.38723499153167 83.106781005859375
v 66.191531770009249 78.733029669266045 83.028053283691406
v 58.486896149892061 73.110982244949639 85.962562561035156
v 54.256675355214327 69.444310492019952 87.31329345703125
v 50.950257890004366 66.933652227859795 84.170204162597656
v 47.648904435414522 63.318501776199639 86.164276123046875
v 44.600282304066866 59.704465216141045 88.009025573730469
v 41.326598756093233 56.338570898514092 84.799690246582031
v 38.027958504933565 52.090489691238702 84.8262939453125
v 34.994807832020967 47.930516546707452 84.496498107910156
v 32.171512238759249 43.799031561355889 83.795486450195312
v 28.246222131032198 37.135930365066827 86.075027465820312
v 24.258765213269442 30.202279394607842 84.700950622558594
v 18.068069569844454 17.861827200393975 83.893386840820312
v 210.76032602049753 183.32166797493011 79.842277526855469
v 209.41439401366159 178.92178088996917 76.990318298339844
v 206.17599069334909 170.33907825325042 78.107009887695312
v 202.67724191405222 162.30946094368011 80.4967041015625
v 200.84974252440378 157.62641651008636 78.537734985351562
v 198.96064340331003 154.49316150520355 82.0654296875
v 196.9993091747944 150.1709569153598 80.98333740234375
v 194.8618580029194 145.82943469856292 80.292922973632812
v 192.51153146483347 141.49886829231292 80.026039123535156
v 190.03545724608347 137.32270557258636 80.058311462402344
v 187.48290597655222 133.3313573059848 80.1302490234375
v 184.99518930174753 129.4440282044223 79.229866027832031
v 180.04658090331003 122.02029163215667 75.75360107421875
v 177.2111011669819 119.67720538948089 79.161430358886719
v 171.81338083006784 114.00204974983245 78.267219543457031
v 168.45885812498972 111.52772266243011 80.049102783203125
v 165.51609384276315 108.63329059455901 77.575485229492188
v 162.19361459471628 107.02243549201995 80.795372009277344
v 154.04278146483347 102.09827167366058 79.53582763671875
v 139.5101963207905 96.654004400711358 78.787673950195312
v 134.66078531004831 95.31472522590667 77.230804443359375
v 129.86219369627878 94.73873645637542 80.725700378417969
v 124.05744516112253 93.874020880203545 81.800910949707031
v 115.98922311522409 92.616078680496514 79.406715393066406
v 112.80175363280222 92.34695178840667 83.490669250488281
v 107.66604196288034 91.587590521316827 80.548553466796875
v 97.327907197255342 90.043278997879327 77.700859069824219
v 93.512561433095186 89.18581897590667 81.592430114746094
v 88.540637604970186 88.087392157059014 80.423843383789062
v 83.506694428700655 86.742307013016045 79.306144714355469
v 81.581287019032686 86.537297552566827 74.362052917480469
v 78.50989877440378 85.082127874832452 78.859474182128906
v 73.501285187977999 83.030988043289483 78.983467102050781
v 68.866164796132296 80.779866522293389 78.823905944824219
v 64.59492074706003 78.365300482254327 78.469825744628906
v 57.84565316893503 73.468320196609795 80.175239562988281
v 54.513835541981905 70.43935901496917 82.318595886230469
v 47.797019593495577 64.304242437820733 81.009300231933594
v 44.554498307484835 60.477498358230889 82.910308837890625
v 41.784635178822725 57.808232611160577 79.278900146484375
v 38.828679673451632 53.916806524734795 80.041732788085938
v 36.326330773610323 50.388776129226983 80.812126159667969
v 31.047006242055147 42.710839575271905 78.806449890136719
v 29.447342030781954 39.566369360428155 82.725578308105469
v 26.53535043456003 34.65322620246917 81.873756408691406
v 21.6003965661709 25.695790594559014 77.556510925292969
v 17.679687611836641 17.265662497024834 78.801254272460938
v 211.14307748534128 183.60233814094573 74.844902038574219
v 209.88705026366159 179.33595020149261 72.109893798828125
v 206.07235299803659 169.00956470344573 73.482170104980469
v 204.40496408202097 165.62363941047698 77.133773803710938
v 202.64934884764597 160.90099841926605 75.248184204101562
v 198.92649423338815 153.03551990364105 77.029273986816406
v 196.86671029784128 148.53541309211761 76.0159912109375
v 194.59962045409128 144.03042346809417 75.605552673339844
v 192.12464486815378 139.51284534309417 75.440879821777344
v 189.61809884764597 135.3674901184848 75.6417236328125
v 187.21349679686472 131.79884082649261 76.226600646972656
v 185.37916146971628 128.55746204231292 74.261962890625
v 182.64197885252878 125.75268298957855 77.460586547851562
v 182.98621713377878 124.78440601203948 72.458656311035156
v 177.10790597655222 118.19969684455901 74.057266235351562
v 169.29445993163034 111.03435260627776 75.201492309570312
v 157.40009652831003 102.84251911018401 74.586555480957031
v 152.28803598143503 100.53139240119964 75.519363403320312
v 130.31599771239206 94.273930853348077 75.02001953125
v 125.61665689207956 93.706433599930108 76.762115478515625
v 120.58320199706003 93.127904242019952 78.030006408691406
v 111.86132394530222 92.051732367019952 77.505699157714844
v 106.86620675780222 91.425160711746514 74.706047058105469
v 90.597026459950655 89.038571661453545 71.3238525390625
v 87.016635529774874 87.981152838211358 75.640159606933594
v 76.280322663563936 84.60299426887542 74.922897338867188
v 71.374515168446749 82.487340277176202 74.684646606445312
v 67.002116791981905 80.291562384109795 74.188339233398438
v 50.855834595936983 68.508336370926202 73.509178161621094
v 47.922443024892061 65.267430609207452 75.695167541503906
v 45.255975358266085 62.800328558426202 73.323974609375
v 42.366586320180147 59.310307806473077 74.236160278320312
v 39.294948212880342 55.324071234207452 75.032501220703125
v 36.067298524159639 50.797929113846124 75.840110778808594
v 29.995896928090303 41.673493689041436 73.960792541503906
v 27.419901482838839 37.401433294754327 72.604324340820312
v 25.746062867421358 33.877885168533624 76.294723510742188
v 23.348061792630403 29.522095983963311 74.348167419433594
v 21.09441398837015 25.123988455276788 72.410072326660156
v 17.291604630727022 16.669957464676202 73.713043212890625
v 211.55353891112253 183.90331775520355 69.48583984375
v 209.02770578123972 176.10470325325042 68.7286376953125
v 207.99180185057565 174.32548267219573 74.067962646484375
v 207.39242135741159 171.60378772590667 69.392753601074219
v 205.79120980956003 167.24900562141448 69.272773742675781
v 204.33651315428659 164.16750842903167 71.938285827636719
v 202.67158090331003 159.5958836731723 70.033500671386719
v 200.79893075682565 156.15307361457855 73.4061279296875
v 198.81696664549753 151.37989551399261 71.777030944824219
v 196.67649423338815 146.74110156868011 71.056007385253906
v 194.18427621581003 141.96259815071136 71.192222595214844
v 191.44153939940378 136.94874317024261 70.760948181152344
v 188.32778512694284 132.30445606086761 72.104408264160156
v 186.13364755370065 128.17631275032073 69.234695434570312
v 180.10451852538034 120.73502857063323 70.868995666503906
v 176.89007150389597 116.70251972053558 69.359107971191406
v 169.86040841795847 110.3244984803012 70.400146484375
v 161.89409982420847 104.70254260871917 71.076164245605469
v 153.4075122997944 99.384473150711358 66.473388671875
v 150.35334359862253 98.945424383621514 71.007675170898438
v 146.36463510252878 97.617909735184014 71.575462341308594
v 134.58710824706003 94.700848883133233 71.957969665527344
v 126.63947641112253 93.439252203445733 71.436180114746094
v 117.56899606444284 92.317281073074639 69.013267517089844
v 112.3961597607319 91.962910955887139 72.197723388671875
v 108.56914865233347 91.543309515457452 69.873420715332031
v 99.317905061024874 90.540715521316827 68.736862182617188
v 94.748447053212374 89.892125433426202 68.697402954101562
v 82.361144654530733 87.158070867996514 68.898788452148438
v 73.820701234120577 83.931493109207452 71.410789489746094
v 64.854297272938936 79.62215930793792 69.874717712402344
v 60.538638703602999 76.864903753738702 70.11810302734375
v 54.155124299306124 71.720166510086358 71.787467956542969
v 47.395766846913546 65.672398870926202 69.803306579589844
v 43.578519456166475 61.543355291824639 69.525436401367188
v 40.289260499257296 57.414124792557061 70.141151428222656
v 37.208539597768038 53.221925085525811 70.608489990234375
v 34.413051240224092 49.147691076736749 70.825241088867188
v 31.608254067677706 44.861192053299249 70.2979736328125
v 29.053307168263643 40.797738378982842 68.931381225585938
v 26.666620366353243 36.739198034744561 67.359268188476562
v 25.026416890401094 33.179635351639092 70.939231872558594
v 22.751610569733828 28.899972265701592 69.105018615722656
v 20.583506219166964 24.533934896927178 67.244911193847656
v 16.902377240437715 16.072493856888116 68.609825134277344
v 211.99926339842722 184.2301610169223 63.666114807128906
v 210.10154306151315 178.25739795539886 63.836311340332031
v 208.39393197752878 173.35813648078948 64.687049865722656
v 206.64104806639597 168.54894763801605 65.329460144042969
v 204.60445749022409 163.42715198371917 66.4024658203125
v 202.70347177245065 158.36594898078948 65.201141357421875
v 200.74390756346628 154.62632495735198 68.238784790039062
v 198.72936593748972 149.5339940247348 66.046661376953125
v 196.16550790526315 144.40647632453948 66.619827270507812
v 193.8197437451069 140.15420276496917 67.326614379882812
v 192.21752511717722 136.68983203743011 65.415534973144531
v 190.38830148436472 132.89391834114105 63.070541381835938
v 185.70476876952097 126.14655811164886 64.383987426757812
v 183.11156808592722 122.18967182014495 62.828239440917969
v 180.14210092284128 119.44291431282073 66.074981689453125
v 177.0956226513569 115.57810718391448 64.381683349609375
v 170.1825367138569 109.37302905891448 65.447334289550781
v 158.38326608397409 101.17830402229339 63.700649261474609
v 154.78496896483347 99.118024176101983 61.774745941162109
v 147.580875031728 97.221494024734795 66.705619812011719
v 142.43477975584909 95.559972113113702 65.245742797851562
v 133.91789590575144 94.025365179519952 66.712966918945312
v 128.82094156004831 93.237225836258233 65.898460388183594
v 112.37247049071237 91.809499090652764 67.069412231445312
v 102.06624185301706 90.89388782356292 63.702106475830078
v 96.624324433583467 90.268391912918389 64.41815185546875
v 83.354838959950655 87.787289923172295 63.812816619873047
v 78.886886231679171 86.353520697098077 65.590126037597656
v 70.939059846181124 83.390073126297295 64.560188293457031
v 58.260390870351046 75.808148687820733 65.924240112304688
v 51.77404557921335 71.005284613113702 62.991504669189453
v 41.475617997426241 59.674542730789483 65.4254150390625
v 38.359220139760225 55.576802557449639 65.901519775390625
v 35.284337632436007 51.321793859939874 65.484695434570312
v 32.956699006337374 47.56380969856292 66.849937438964844
v 30.683148019093721 44.108064001541436 65.353401184082031
v 28.32834827162668 40.279313391189874 63.755996704101562
v 24.383233659047335 32.592370336990655 65.662490844726562
v 22.19249936201021 28.333318060379327 63.893314361572266
v 16.512910001057833 15.47466403816253 63.503467559814453
v 212.42403756834909 184.54163867805511 58.120189666748047
v 210.91707956053659 179.81448108528167 59.301910400390625
v 209.3058277294819 174.95327503059417 59.94879150390625
v 207.67713510252878 170.36399585578948 60.894073486328125
v 205.94765817381784 165.70205432746917 61.593799591064453
v 204.3115650341694 161.33216602180511 61.437309265136719
v 202.74128305174753 157.24343616340667 60.847618103027344
v 200.98646127440378 153.71996814582855 63.071052551269531
v 199.80114328123972 150.03147632453948 59.698501586914062
v 196.66762887694284 143.03243762825042 58.584781646728516
v 194.9510914013569 140.8706639466098 62.644405364990234
v 192.82627450682565 136.31547290657073 60.581592559814453
v 188.28083383299753 128.9530614075473 61.077308654785156
v 185.92235910155222 125.03378040168792 59.556507110595703
v 183.38279306151315 121.12630206916839 57.921001434326172
v 180.33642160155222 118.28960162971526 61.133644104003906
v 174.43966256834909 111.10600787971526 57.444293975830078
v 171.30952035643503 107.90810901496917 55.679439544677734
v 162.68230783202097 102.84428150032073 60.229465484619141
v 158.08887826659128 100.00276691291839 58.565315246582031
v 148.64117013670847 96.040631597976983 57.191104888916016
v 141.3263355419819 94.71462756965667 60.803287506103516
v 133.15815316893503 93.390027349930108 61.600234985351562
v 128.46416055418894 92.718953436355889 60.366142272949219
v 123.604800812978 92.244199102859795 59.511268615722656
v 118.92414437987253 91.940366095047295 59.427814483642578
v 102.45574533202097 90.956334417801202 57.993316650390625
v 89.208072297352999 89.437215155105889 57.334362030029297
v 72.112372987050264 84.375768011551202 60.213943481445312
v 57.11542855956003 76.151707952957452 57.649494171142578
v 49.244224183339327 69.305287664871514 58.841617584228516
v 45.797185532826632 65.603741949539483 59.978103637695312
v 42.501914613026827 61.730870550613702 60.761489868164062
v 39.383529298085421 57.742390936355889 61.161712646484375
v 36.856023423451632 54.201844519119561 61.734729766845703
v 34.594306580800264 51.273972815017999 59.531883239746094
v 30.1130057499592 43.930795019607842 60.305526733398438
v 27.740322224873751 39.989217108230889 58.577022552490234
v 26.029718510884493 36.265931433182061 62.121311187744141
v 23.804361097592562 32.104382818680108 60.447799682617188
v 21.664831571358889 27.817261999588311 58.725574493408203
v 16.124971024769991 14.87917835090667 58.417140960693359
v 212.82172738768503 184.83326465461761 52.927753448486328
v 211.45424997069284 180.47742969368011 54.395824432373047
v 210.02631723143503 176.01514942024261 55.093822479248047
v 208.46113168456003 171.42313892219573 55.989856719970703
v 207.02393686034128 167.60433704231292 57.451267242431641
v 205.64092599608347 163.62708789680511 56.953384399414062
v 203.86547433592722 158.95608264778167 56.899444580078125
v 201.84223520018503 154.15835315559417 57.602043151855469
v 200.85853158690378 150.5663426575473 53.381198883056641
v 198.64232980467722 146.46671802375823 56.252079010009766
v 194.95746957518503 139.3810399231723 57.656158447265625
v 193.13721811034128 135.42893726203948 55.780021667480469
v 183.77148019530222 120.2283070740512 53.057178497314453
v 180.6611744091694 117.27034503791839 56.127902984619141
v 177.83532296873972 113.56953174446136 54.032016754150391
v 171.6826587841694 107.12865955207855 51.250324249267578
v 161.25085031248972 100.87486011360198 54.934318542480469
v 137.62458383299753 93.621075933914483 57.577262878417969
v 132.10815011717722 92.749753302078545 56.442817687988281
v 121.62954293944284 91.824963873367608 55.017021179199219
v 116.47886239745065 91.612569159012139 55.148567199707031
v 103.49914895750925 91.034238165359795 52.746337890625
v 98.824939362782686 90.709584539871514 54.341117858886719
v 85.538509003895967 88.909962957840264 54.011302947998047
v 80.065780274647921 87.581662481766045 55.017227172851562
v 70.662570588368624 84.186963385086358 55.96588134765625
v 43.367086045521944 63.522176092605889 55.976493835449219
v 40.239440552968233 59.591679876785577 56.721233367919922
v 36.988786332387178 55.23965198371917 56.722660064697266
v 34.076691262501924 51.391160315017999 54.132038116455078
v 32.032562844533174 47.652489965896905 57.127220153808594
v 29.54588042952463 43.770879095535577 55.125747680664062
v 25.458281867284029 35.895089453201592 56.939453125
v 23.260243885297029 31.659779852371514 55.305255889892578
v 21.153505556363314 27.322617834549249 53.600711822509766
v 19.148917548436373 22.92507678840667 51.822052001953125
v 15.741019360799044 14.289815252762139 53.383102416992188
v 213.20521127440378 185.11446887825042 47.920703887939453
v 212.0001636669819 181.32906848762542 49.997684478759766
v 210.76644479491159 177.17548877571136 50.044994354248047
v 209.19320260741159 172.37098438118011 51.030521392822266
v 208.34547006346628 168.85630542610198 47.647716522216797
v 204.64792978026315 158.60000354621917 48.620857238769531
v 203.17132150389597 156.0241063294223 52.969276428222656
v 198.91799508788034 145.41761524055511 50.844219207763672
v 196.98037301756784 142.27183276985198 53.967693328857422
v 191.85914193846628 131.08312732551605 48.915935516357422
v 189.12404977538034 127.46207935188323 51.738815307617188
v 186.30904733397409 124.16982776496917 54.762950897216797
v 184.2202564404194 119.42858630989105 48.259754180908203
v 181.66503488280222 115.86657459114105 46.853221893310547
v 178.22837411620065 112.44117481086761 48.322086334228516
v 160.49636422850534 99.492123907547295 49.931564331054688
v 151.84077035643503 96.379048651199639 52.729892730712891
v 149.66089975096628 94.953412359695733 48.347450256347656
v 144.06566201903269 93.587903326492608 48.341690063476562
v 119.04771768309519 91.491681402664483 50.62689208984375
v 90.430568330067842 89.828198736648858 52.267749786376953
v 82.648135773915499 88.476384466629327 50.926307678222656
v 74.923492066640108 86.152043646316827 52.865402221679688
v 70.419135682362764 84.636662786941827 50.731925964355469
v 65.768310181874483 82.673825567703545 48.958179473876953
v 56.540828339833467 76.89895374153167 49.472736358642578
v 52.879350297230928 73.930013006668389 50.108150482177734
v 47.076804749745577 68.637982672195733 49.62115478515625
v 40.979947678822725 61.333424871902764 52.013641357421875
v 38.472709290761202 57.910371130447686 52.997097015380859
v 36.094916932362764 54.933213537674249 51.040401458740234
v 33.474557511586397 51.384343451004327 48.665340423583984
v 31.450721375722139 47.572629278641045 51.813846588134766
v 27.173439137715548 39.725106543045342 53.403312683105469
v 24.898249022740572 35.526448553543389 51.83319091796875
v 22.72085674859926 31.205979650955499 50.242259979248047
v 20.651160828847139 26.838475531082452 48.489124298095703
v 15.36599122740671 13.714148825149834 48.466053009033203
v 213.54575692870065 185.36417896125823 43.474437713623047
v 211.91357003905222 179.94215137336761 45.436504364013672
v 210.19106637694284 174.12083179328948 45.479503631591797
v 205.93398629881784 160.7953465637973 44.156078338623047
v 201.27419625975534 147.94521838996917 41.669097900390625
v 199.03026925780222 143.99783069465667 45.502193450927734
v 194.56579171873972 135.1637547669223 46.358848571777344
v 192.33271371581003 130.46886951301605 44.268295288085938
v 187.08253061034128 122.38416797493011 45.005229949951172
v 177.19129525877878 110.07200366828948 43.318523406982422
v 172.95347177245065 106.28124744270355 43.517349243164062
v 164.49891244627878 100.04939014289886 42.163173675537109
v 160.33643686034128 98.491536444168389 45.28594970703125
v 152.04983102538034 94.94704944465667 43.722160339355469
v 146.9246021435444 93.639836615066827 44.205535888671875
v 141.67396127440378 92.554997747879327 43.70263671875
v 127.82449685789987 91.558034246902764 46.763050079345703
v 117.39562570311472 91.049908941726983 42.0633544921875
v 101.60545694090769 90.959813421707452 44.180770874023438
v 96.319133393544405 90.661374395828545 45.541069030761719
v 86.817325227040499 89.41525012825042 48.968616485595703
v 77.982051484364717 87.784016912918389 44.580188751220703
v 69.339263551015108 84.677251165848077 45.831932067871094
v 60.153506867665499 80.279393499832452 42.6490478515625
v 38.718122117299288 59.998395269851983 42.843532562255859
v 38.477159135121553 58.742951696853936 48.288051605224609
v 35.824061982411592 55.47433215950042 45.656269073486328
v 32.951590173024385 51.470448797684014 43.386520385742188
v 30.820194833058565 47.424031561355889 46.38232421875
v 28.287308327931612 43.221391027908624 44.572418212890625
v 26.578568093556612 39.393353765945733 48.263275146484375
v 24.317099921483248 35.087407415848077 46.837848663330078
v 22.185549832958429 30.74062854621917 45.261283874511719
v 20.18908726431772 26.448232000809014 43.336391448974609
v 18.271689526814669 22.069045370559991 41.137870788574219
v 18.702966086644381 22.461770361404717 46.617622375488281
v 15.003819577473848 13.158217733841241 43.717567443847656
v 213.92296945311472 185.64079028938323 38.549365997314453
v 212.68630563475534 181.55106860969573 40.854297637939453
v 211.47581063963815 177.18456775520355 40.690746307373047
v 210.13308297850534 172.36803943489105 39.794654846191406
v 207.09556161620065 162.8032811341098 39.650066375732422
v 205.44703256346628 158.13563281868011 39.839897155761719
v 199.21650277831003 142.76981860969573 40.354290008544922
v 194.92979013182565 134.34432727668792 41.563667297363281
v 192.74776803709909 129.74892932746917 39.619426727294922
v 190.51951181151315 125.4169285950473 37.712692260742188
v 187.21503793456003 121.07793170784026 39.870338439941406
v 183.70652353026315 116.13442737434417 38.932022094726562
v 180.08306466795847 111.6711781678012 38.063369750976562
v 171.90203439452097 104.32652026985198 39.088882446289062
v 167.85827218748972 101.29945117805511 38.535854339599609
v 163.57395517088815 98.563763922195733 37.650787353515625
v 158.64202462889597 96.075810736160577 36.893463134765625
v 153.7042652294819 94.583981817703545 38.580780029296875
v 148.9673267529194 93.429921453934014 39.686641693115234
v 144.47302591063425 92.571164434891045 40.358329772949219
v 140.08501016356394 91.646100347976983 38.232967376708984
v 114.09546243407175 90.92403919075042 37.855583190917969
v 102.7245289013569 91.01083118293792 38.729301452636719
v 92.453220002431124 90.469373053055108 41.247684478759766
v 86.985377900380342 89.956105535965264 38.804981231689453
v 82.352721802968233 89.015065496902764 41.589321136474609
v 72.364852540272921 86.627660101394952 37.829696655273438
v 63.537837617177217 82.66799671028167 39.128124237060547
v 59.033664338368624 80.21853381965667 37.800075531005859
v 51.759847275990694 74.838765448074639 37.955619812011719
v 44.288226716298311 67.438550299148858 38.976768493652344
v 35.403762452382296 55.745179480057061 40.571548461914062
v 30.086116425770967 47.123689001541436 40.732036590576172
v 27.312885396260469 42.241135900955499 39.439617156982422
v 25.879851214665621 38.828751867752374 43.207927703857422
v 23.710450045842379 34.556992834549249 41.995216369628906
v 21.731882207173555 30.450593298416436 40.300308227539062
v 18.474411360997408 23.311023062210381 35.511394500732422
v 14.6381202862446 12.596869772415459 38.922832489013672
v 214.2866626904194 185.90748340461761 33.800830841064453
v 213.38192331053659 181.57314807746917 30.845369338989258
v 212.21351205565378 177.58468372200042 32.398738861083984
v 211.23304330565378 175.03112537239105 35.817882537841797
v 208.70867501952097 167.62972766731292 39.344398498535156
v 208.22396432616159 165.09011585090667 35.852653503417969
v 206.7970386669819 160.4791844544223 34.8917236328125
v 202.97402536131784 150.49860889289886 36.554801940917969
v 193.16936837889597 129.02450305793792 34.896648406982422
v 191.11309396483347 124.92370349739105 32.970325469970703
v 183.39336740233347 114.32542926643401 33.940448760986328
v 177.89829599120065 108.60765582893401 35.067939758300781
v 173.75893747069284 103.71871692512542 30.360074996948242
v 166.8928638622944 99.714886969070733 34.091995239257812
v 162.64817392088815 97.24966174934417 33.463813781738281
v 150.23395883299753 92.995808905105889 34.955490112304688
v 145.31090890623972 92.129079168777764 36.137844085693359
v 134.52183877684519 91.161458319168389 38.286933898925781
v 126.76572763182565 90.485951727371514 33.563301086425781
v 111.28898965575144 90.84023792121917 33.586841583251953
v 106.02778970457956 90.967145269851983 34.111202239990234
v 100.72192727782175 90.984753912430108 33.505775451660156
v 91.339313142079561 90.554074591141045 35.702625274658203
v 81.711093537587374 89.20254260871917 36.652214050292969
v 76.616450898427217 88.194150274734795 34.686977386474609
v 71.689456574696749 86.849652594070733 32.980911254882812
v 67.320502869862764 84.851941412430108 36.006660461425781
v 62.143550507802217 82.59371692512542 33.676868438720703
v 57.121429078358858 79.643979376297295 33.151836395263672
v 52.864434830922335 76.485699957351983 33.269222259521484
v 45.626983277577608 69.63369495246917 34.484134674072266
v 39.273406617421358 62.362973516922295 33.547275543212891
v 32.620087258595674 51.815285986404717 38.409423828125
v 30.561193101186007 48.754948919754327 36.082904815673828
v 28.438201539296358 45.033681219559014 35.558807373046875
v 24.972889773625582 37.828370398025811 38.080898284912109
v 23.129841737527101 34.008092230301202 37.504947662353516
v 21.612982563752382 30.986390417557061 35.094745635986328
v 19.594122283238619 27.330750769119561 27.456308364868164
v 19.899462811726778 27.278199499588311 32.720298767089844
v 14.26603948332712 12.025729483108819 34.04443359375
v 214.6719165966694 186.18998462532073 28.77069091796875
v 212.46993600584909 177.25491077278167 27.876535415649414
v 211.14219247557565 173.26131946418792 30.816350936889648
v 209.76975595213815 169.6519139466098 34.456623077392578
v 207.31597482420847 160.2893651184848 29.349264144897461
v 199.72961007811472 140.54862720344573 29.827365875244141
v 195.63094674803659 131.16303760383636 27.182844161987305
v 193.45101510741159 128.04324085090667 30.130950927734375
v 188.7992359326069 120.83402759407073 31.372814178466797
v 180.62766610838815 110.63452655647308 32.081306457519531
v 177.47474252440378 107.0472996887973 30.625604629516602
v 165.89541208006784 98.223798101883233 29.775730133056641
v 162.26429330565378 96.26205188606292 29.360034942626953
v 158.87240182616159 95.177533453445733 31.521154403686523
v 154.85474740721628 94.078473394851983 33.556270599365234
v 151.43784677245065 92.574147528152764 30.16380500793457
v 137.01878701903269 90.837544744949639 33.678314208984375
v 124.27465402342722 90.22512561653167 29.1053466796875
v 119.09014474608347 90.389958685379327 28.933698654174805
v 90.186709992665499 90.644955938797295 30.592386245727539
v 80.826861970204561 89.363644903641045 31.56779670715332
v 75.827537171620577 88.400151556473077 29.510683059692383
v 58.585204713124483 81.102704351883233 28.986904144287109
v 54.154044739979952 78.110585516434014 28.758094787597656
v 40.857038132924288 64.949597662430108 30.107641220092773
v 38.383700959462374 62.13094837043792 28.211116790771484
v 35.593481652516573 58.546578711014092 26.471599578857422
v 33.833439461964815 55.25451022956878 29.955804824829102
v 29.69511663176462 48.045350378494561 31.627323150634766
v 25.090531222600191 39.626603430252374 29.030637741088867
v 23.602956645268648 35.80681735847503 32.838180541992188
v 21.473851494569033 31.467553442459405 30.003391265869141
v 18.251408211964815 23.474522894363702 30.245729446411133
v 16.629652135152071 19.467822378616631 28.066919326782227
v 13.90263616301462 11.467906301956475 29.279794692993164
v 215.0450855419819 186.46362048957855 23.898504257202148
v 213.74024545409128 181.59538013313323 25.790544509887695
v 212.79082833983347 176.99152881477386 22.808990478515625
v 211.41547738768503 172.67713672493011 25.570840835571289
v 207.5216480419819 159.24157459114105 24.191261291503906
v 203.07424508788034 146.8276951966098 24.413173675537109
v 199.44912301756784 138.41282398078948 25.200265884399414
v 197.58797799803659 134.0780614075473 24.139883041381836
v 195.81115304686472 129.97973377082855 22.407073974609375
v 191.53016244627878 122.72459918830901 23.547279357910156
v 186.5865894482319 115.81281024787933 25.056882858276367
v 184.06096994139597 112.1265233216098 23.369733810424805
v 181.85015451170847 109.05160266731292 21.368553161621094
v 176.55547677733347 105.0010121521762 26.152715682983398
v 170.91889535643503 99.558415716629327 21.675140380859375
v 164.20038949706003 96.399426763992608 25.633707046508789
v 156.36614572264597 92.704572027664483 22.578781127929688
v 152.66768991209909 92.187634771805108 25.663299560546875
v 145.6801181957905 90.327466314773858 22.285299301147461
v 135.59553872801706 89.83138782356292 24.726188659667969
v 131.40740548827097 89.85860950325042 25.819005966186523
v 122.09537088133737 90.014378851394952 24.70710563659668
v 116.6316333935444 90.305638617019952 24.59614372253418
v 105.37145578123972 90.897420233230889 25.619466781616211
v 97.266543977040499 91.08681995246917 24.227426528930664
v 89.155803315419405 90.763448065262139 25.575876235961914
v 79.923209779042452 89.54421741340667 26.341705322265625
v 74.721137635487764 88.570050543289483 23.890253067016602
v 69.287925355214327 86.929326361160577 23.801212310791016
v 64.307597749013155 84.855054205398858 24.075183868408203
v 59.840491883534639 82.465703314285577 24.521358489990234
v 55.437560670155733 79.668942755203545 24.413583755493164
v 46.746684663075655 72.799146002273858 21.995466232299805
v 40.970159165639132 65.954488104324639 25.169410705566406
v 28.039923779744356 46.736256903152764 22.091394424438477
v 26.541124455708712 43.221940344314874 25.43000602722168
v 22.991469614285677 35.428971594314874 27.1251220703125
v 19.102192275304049 26.943019216995538 22.086524963378906
v 17.867542378682344 23.22707874153167 25.092435836791992
v 16.226861588734835 19.033519094925225 23.162097930908203
v 13.548103921193331 10.923700636368096 24.631475448608398
v 215.3931080029194 186.71882373664886 19.354427337646484
v 211.73237191893503 172.2371190247348 20.351234436035156
v 210.5221363232319 167.14953357551605 18.147958755493164
v 207.70803415038034 158.1149266419223 19.003097534179688
v 206.13982736327097 152.94666797493011 17.629417419433594
v 204.55718576170847 149.66062671516448 21.229774475097656
v 200.95788156248972 140.40258533332855 20.844486236572266
v 197.88987313963815 133.12569934700042 19.346881866455078
v 193.89806710936472 125.8589451966098 20.63990592956543
v 184.57282602049753 111.26140338752776 18.131731033325195
v 181.35665475584909 107.24797565315276 16.815980911254883
v 173.38445626952097 100.27303821418792 17.476417541503906
v 169.06614267088815 97.378430670242608 17.49943733215332
v 164.37020456053659 94.892804449539483 17.611328125
v 159.31283151366159 92.871442144851983 17.860517501831055
v 153.98000680663034 91.251416510086358 17.698934555053711
v 150.86645089842722 91.106862371902764 21.67753791809082
v 140.59560739256784 89.976270025711358 23.617542266845703
v 136.94404947020456 89.39407092903167 20.203330993652344
v 106.33058511473581 90.798993414383233 20.604839324951172
v 92.97449838377878 91.187131231766045 17.654233932495117
v 79.943835847157686 90.226002996902764 15.814599990844727
v 66.225005738515108 86.093068426590264 20.088973999023438
v 61.579318635243624 83.905881231766045 20.342912673950195
v 49.043862931508272 75.49209338996917 18.570596694946289
v 39.582685105580538 65.200757330398858 19.690855026245117
v 34.594627015370577 58.006963079910577 21.24798583984375
v 24.431380383748262 39.186005896072686 23.683622360229492
v 22.447237648147791 35.128850286941827 21.790126800537109
v 20.46899723269388 30.804772680740655 19.635364532470703
v 18.536037556905001 26.420529669266045 16.334873199462891
v 17.364662759083956 22.683017080765069 19.839033126831055
v 13.19949781157419 10.3885911164096 20.060846328735352
v 215.73723947264597 186.97117359016448 14.861360549926758
v 210.84521066405222 166.7980321106723 13.613183975219727
v 203.31408273436472 143.38175708625823 12.39569091796875
v 201.59652291991159 139.48342639778167 13.598824501037598
v 200.07952462889597 137.05732471321136 16.870439529418945
v 192.35738717772409 120.99526721809417 13.610980987548828
v 189.83930551268503 117.8357518372348 16.260149002075195
v 187.61349069334909 114.07896167610198 14.444073677062988
v 184.86385690428659 110.24934894416839 13.367019653320312
v 175.65096627928659 101.05224353645355 13.135026931762695
v 167.13657724120065 95.445927923660577 13.312787055969238
v 162.39612924315378 93.236142462234795 13.444741249084473
v 157.4364429638569 91.479230230789483 13.470145225524902
v 147.94268380858347 89.955579107742608 17.045198440551758
v 142.839175812978 88.954747503738702 13.677993774414062
v 138.06666146971628 88.92678577278167 15.312732696533203
v 101.78513681151315 91.021832769851983 12.769706726074219
v 97.393787019032686 91.212399786453545 14.942788124084473
v 80.177142731923311 90.589764898758233 10.523085594177246
v 71.988605134267061 88.615437811355889 14.741960525512695
v 60.838565461415499 84.48379260871917 12.312863349914551
v 57.132964722890108 82.375340765457452 12.456530570983887
v 51.185874573964327 77.958966558914483 14.415285110473633
v 47.336431138295382 74.75826770637542 13.541407585144043
v 45.138785950917452 71.985493963699639 17.273147583007812
v 36.37902604796335 61.246846502762139 17.894695281982422
v 28.063624017018526 48.351174658279717 13.827805519104004
v 21.193180792111605 33.882088964920342 12.270581245422363
v 20.19757663466379 30.857411688309014 15.419032096862793
v 16.622812859791964 21.46141940925628 14.632338523864746
v 12.845950715321749 9.8458979782870415 15.425444602966309
v 216.10401498534128 187.24012500618011 10.072539329528809
v 211.9447437451069 169.59837085578948 9.7699480056762695
v 210.49877511717722 164.26453906868011 9.7440805435180664
v 200.67669259764597 135.33309680793792 7.8463964462280273
v 198.57863961913034 131.16999561164886 9.1887531280517578
v 193.63701974608347 121.59056598518401 8.8186569213867188
v 190.59926950194284 117.15641528938323 10.299476623535156
v 181.48215829588815 105.12571460578948 8.4064626693725586
v 177.94063913084909 101.82829791877776 8.6887941360473633
v 174.06490670897409 98.753552740555108 8.8487529754638672
v 165.34817086913034 93.63021594856292 9.0284652709960938
v 151.3234058544819 89.239812201004327 8.4679861068725586
v 147.47789346434519 89.154027288894952 11.827792167663574
v 92.53266488768503 91.421063726883233 8.3806343078613281
v 88.524264924306124 91.298215216141045 10.425510406494141
v 79.700210206288546 90.863751715164483 5.0158491134643555
v 72.008483521718233 89.107426947098077 9.2162141799926758
v 67.057216279286592 87.657826727371514 8.2088222503662109
v 64.913039796132296 86.399190252762139 12.165778160095215
v 58.035060517567842 83.442120855789483 8.5109033584594727
v 49.554561249989717 77.329213446121514 9.4363622665405273
v 45.766317002553194 73.989339178543389 8.7777986526489258
v 26.640122525471895 46.389333075027764 9.5146751403808594
v 23.251777641553133 38.493516272049249 13.318675994873047
v 22.246098902154415 37.057679480057061 8.6509265899658203
v 15.620866887349337 19.383174246292413 9.405217170715332
v 13.834188096303194 13.995465582351983 8.4864015579223633
v 12.477978341359346 9.2810624298861626 10.600910186767578
v 216.48945199706003 187.5227635559848 5.0400614738464355
v 214.96248971678659 180.13161975715667 4.1039209365844727
v 212.73134958006784 170.87324268196136 4.5489182472229004
v 210.23701059081003 161.68601734016448 4.9992103576660156
v 205.6869312451069 147.21058399055511 4.9204287528991699
v 204.22896920897409 142.69558460090667 3.554046630859375
v 202.36237680174753 138.27197009895355 4.6467509269714355
v 200.17783700682565 133.04514819953948 4.3757419586181641
v 184.75294076659128 108.7937367615512 8.6122560501098633
v 183.85912667967722 106.61286670539886 4.3394246101379395
v 180.30587350584909 102.93607837532073 4.3503875732421875
v 172.42432748534128 96.681416815262139 4.5465207099914551
v 163.54999887206003 92.033368414383233 4.6368913650512695
v 160.65481149413034 91.736211126785577 9.0707674026489258
v 155.90453683592722 90.286786383133233 8.9550933837890625
v 144.79929696776315 87.938611334305108 4.2016091346740723
v 140.0537525341694 87.835347479324639 4.8016586303710938
v 135.28188668944284 87.888173407059014 4.7423086166381836
v 130.18804513670847 88.112134283523858 4.1615705490112305
v 114.40671121336862 89.714772528152764 4.5362768173217773
v 109.82151376463815 90.194066351394952 3.5754566192626953
v 99.755061738270967 91.159764593582452 4.5770940780639648
v 84.377921693104952 91.364621466141045 3.7406866550445557
v 69.492419831532686 88.789021795730889 4.427299976348877
v 64.584087006825655 87.108838385086358 4.194091796875
v 55.441012971181124 82.355855291824639 4.7417697906494141
v 51.467111222523897 79.541623419266045 4.9744305610656738
v 47.711896531361788 76.472386663894952 4.7099857330322266
v 44.254075639027803 73.218022650223077 4.2994570732116699
v 41.234092347401827 70.032689398269952 3.6385250091552734
v 35.496811501759737 62.437367742996514 4.607874870300293
v 32.644660584706514 58.072350805740655 4.7846136093139648
v 27.618207566518038 49.206700628738702 4.92828369140625
v 25.304848544377535 44.58144885871917 4.8240938186645508
v 23.173051945943087 39.979325598221124 4.6049118041992188
v 21.17420267321512 35.341740911941827 4.3078556060791016
v 19.328635327595919 30.735524481277764 4.0027384757995605
v 14.621286980885714 17.119908636551202 4.6138124465942383
v 12.106593720692842 8.7109883484652642 5.7316269874572754
v 216.87548410155222 187.80582935188323 0
v 215.88851510741159 182.99430591438323 0
v 214.75422250487253 177.78259021614105 0
v 213.64783822752878 172.99856311653167 0
v 212.50429879881784 168.33781177375823 0
v 211.32171212889597 163.79624683235198 0
v 210.04272042967722 159.17680103157073 0
v 208.64207040526315 154.43697864387542 0
v 207.11266671873972 149.60941821907073 0
v 205.53243600584909 144.9691746887973 0
v 203.69395028807565 139.97468311164886 0
v 201.79799997069284 135.23678333137542 0
v 199.6663013622944 130.36144763801605 0
v 197.34316598631784 125.53843433235198 0
v 194.81785165526315 120.81548053596526 0
v 192.17524301268503 116.39164478157073 0
v 189.36764108397409 112.2106297669223 0
v 186.24314462401315 108.11769611213714 0
v 182.78252755858347 104.19459277961761 0
v 179.03893624998972 100.58643848274261 0
v 175.0393482372944 97.370602911453545 0
v 170.77950631834909 94.577893560867608 0
v 166.29627572752878 92.24917346809417 0
v 161.66901742674753 90.411519354324639 0
v 156.9713550732319 89.05007678840667 0
v 152.19082223631784 88.109021490555108 0
v 147.24583780028269 87.533620184402764 0
v 142.31526529051706 87.295369451980889 0
v 137.54484903075144 87.325757330398858 0
v 132.62578927733347 87.571271246414483 0
v 127.33215677000925 88.01962024543792 0
v 122.09181558348581 88.593297308426202 0
v 117.34155618407175 89.17776233528167 0
v 112.40197335936472 89.805524176101983 0
v 107.18210183836862 90.442197149734795 0
v 102.31533395506784 90.965634649734795 0
v 97.158259980458467 91.397359198074639 0
v 91.971004121083467 91.651898687820733 0
v 87.008174531239717 91.675557440262139 0
v 81.764587037343233 91.409238165359795 0
v 76.889865510243624 90.837460821609795 0
v 71.863296143788546 89.859563177566827 0
v 66.875510804433077 88.433217352371514 0
v 61.965621583241671 86.513654058914483 0
v 57.322044007558077 84.155774420242608 0
v 53.121345155019014 81.504010504226983 0
v 49.308711640614717 78.615132635574639 0
v 45.774156205434053 75.478230780105889 0
v 42.437781922597139 72.066823309402764 0
v 39.236878983754366 68.33834583137542 0
v 36.448074929494112 64.688863104324639 0
v 33.58107625700876 60.508649176101983 0
v 30.882407777089327 56.138085669021905 0
v 28.417104832905977 51.740014379959405 0
v 26.095400206822603 47.210690802078545 0
v 23.934083573598116 42.625676458816827 0
v 21.927983455437868 38.023724859695733 0
v 20.062658183354586 33.420014685135186 0
v 18.298949830311983 28.755318945389092 0
v 16.602143399495333 23.958047216873467 0
v 15.10425388075754 19.450839346390069 0
v 13.433037392873018 14.096068685989678 0
v 11.669436089772432 8.0399544892123345 0
v 13.097452752370089 12.324975317459405 3.7301099300384521
v 13.702356927174776 12.943440741043389 12.78663158416748
v 14.694749943989962 14.78185397956878 21.593561172485352
v 15.445162408131807 15.744784658890069 31.015338897705078
v 16.333864323872774 17.074656790237725 40.542621612548828
v 18.103854768056124 19.551547354202569 60.254077911376953
v 211.52852975584909 166.39088184211761 5.0090756416320801
v 171.57116281248972 98.075963324051202 13.224931716918945
v 18.982989661473482 20.711491888504327 70.496070861816406
v 169.85885202147409 100.76115924690276 30.105592727661133
v 119.59570657469675 89.186108892898858 5.6298394203186035
v 166.53681527831003 106.01591235969573 63.127490997314453
v 179.34054147459909 104.23447162483245 12.910281181335449
v 165.7966724560444 107.7666371521762 72.976089477539062
v 110.99963723875925 90.594762152176202 23.781023025512695
v 102.01059304930612 91.008603399734795 8.3517904281616211
v 165.32860910155222 109.46670276496917 81.725555419921875
v 206.22726022459909 151.57786304328948 12.839756965637207
v 210.28150521971628 167.95808154914886 23.294208526611328
v 213.90652047850534 175.5332616028598 4.0907402038574219
v 89.109218232411592 91.497670477371514 5.0085740089416504
v 163.56690561034128 110.9396107849887 93.615623474121094
v 192.7552906201069 118.92308551643401 4.9090242385864258
v 119.93379556395456 89.948621099930108 21.121955871582031
v 40.130157105702608 67.473332708816827 10.865903854370117
v 187.68719064452097 112.72565967414886 9.3932428359985352
v 158.91115915038034 90.406285589676202 4.6099557876586914
v 116.44039499022409 90.682668035965264 33.254970550537109
v 128.52847635008737 88.807729071121514 11.690206527709961
v 101.5028492138569 91.020520513992608 22.737964630126953
v 174.86135446288034 110.18111163948089 52.327831268310547
v 42.965110413808077 69.00692493293792 20.983880996704102
v 20.623197190541475 22.7380784210971 91.01324462890625
v 104.06994210936472 90.973927801590264 30.078441619873047
v 160.3353687451069 115.85651141975433 124.93363189697266
v 173.9621997997944 111.9667103943637 62.519340515136719
v 208.54311715819284 164.76508838508636 31.526338577270508
v 186.25826608397409 116.87440997932464 30.143051147460938
v 215.96485482909128 184.46288806770355 3.2931950092315674
v 47.9136329815571 73.26443225715667 26.127979278564453
v 19.212000005025118 29.002789801101983 11.739013671875
v 213.12678109862253 173.5684178528598 7.8496150970458984
v 156.69208871581003 96.347142523269952 42.380542755126953
v 202.87429391600534 144.97732288215667 20.487539291381836
v 112.14025460936472 91.079335516434014 42.492416381835938
v 158.2516285107319 116.10250598762542 132.93899536132812
v 32.07618295409128 56.15163928840667 10.177074432373047
v 57.176150910634249 81.383649176101983 20.239446640014648
v 199.24958383299753 136.61782581184417 21.201328277587891
v 121.6288257763569 90.534764593582452 33.245822906494141
v 50.361751191395967 74.967183416824639 29.348049163818359
v 25.545754306096285 43.239034002762139 14.446823120117188
v 84.162509553212374 90.632405584793389 18.321313858032227
v 154.4297290966694 100.7173207459262 71.24713134765625
v 204.40362130858347 152.74670154426605 31.735515594482422
v 95.522395722645967 90.888753241043389 32.096092224121094
v 50.741368882436007 73.283322638016045 42.544967651367188
v 55.229602448720186 77.748090094070733 36.806690216064453
v 157.43458139159128 120.02197009895355 152.09173583984375
v 181.02244149901315 116.30933887336761 51.183200836181641
v 113.58150064207956 91.38583118293792 51.261920928955078
v 200.95299874998972 144.25355274055511 32.440330505371094
v 195.4983326122944 132.40199024055511 31.91490364074707
v 121.74375497557565 90.997388189773858 41.196437835693359
v 152.61249887206003 107.2118275818637 109.66238403320312
v 156.13544809081003 121.94041950080901 164.48789978027344
v 207.59032785155222 165.51246387336761 43.837326049804688
v 67.71845590331003 87.119420355301202 16.009487152099609
v 30.390584580678194 50.780522650223077 23.32763671875
v 131.88891183592722 90.586766546707452 33.857303619384766
v 66.871871583241671 85.157712286453545 31.373327255249023
v 21.534618727940767 23.909676855545342 101.32553863525391
v 171.10277902342722 118.94897968147308 99.995941162109375
v 44.31661378600046 66.178181951980889 46.815170288085938
v 108.5131031201069 91.235692327957452 51.797550201416016
v 46.678462617177217 67.353047674637139 54.856052398681641
v 150.18154489256784 107.87770587776214 119.95748901367188
v 197.2479664013569 137.98385364387542 38.571540832519531
v 202.46648751952097 151.7323582825473 44.541828155517578
v 71.080611817616671 87.88998157356292 19.649940490722656
v 115.94655954100534 91.96365100715667 63.759994506835938
v 82.61188852049753 88.75954944465667 46.424049377441406
v 55.582831971425264 74.362859076004327 62.097400665283203
v 64.575255982655733 82.599911993484795 44.262653350830078
v 61.343623749989717 79.099774664383233 57.231586456298828
v 124.53474008299753 91.693967169266045 50.755077362060547
v 131.36571084715769 91.362927740555108 42.655727386474609
v 34.66170655943796 55.582177465896905 35.284553527832031
v 100.07331430174753 90.847844427566827 49.183391571044922
v 146.45885812498972 94.784360235672295 52.676025390625
v 149.42290078856394 112.08266193244964 143.17596435546875
v 106.72583352782175 91.26345569465667 60.371711730957031
v 145.84170877196237 95.941693609695733 61.567539215087891
v 58.060184113759249 74.431111639480889 74.537429809570312
v 169.06707345702097 125.07677966926605 131.1436767578125
v 135.52058755614206 92.694394415359795 52.335033416748047
v 63.393592469472139 76.424504583816827 87.116134643554688
v 195.20911752440378 138.53074390266448 53.248268127441406
v 214.07969247557565 181.57529956672698 20.897008895874023
v 144.36929666258737 98.28121692512542 80.087799072265625
v 14.236393563527315 14.021273916702569 17.008804321289062
v 15.091440789479464 15.329968756180108 26.279720306396484
v 15.783769242543428 16.116803472976983 35.792774200439453
v 32.542542092580049 43.145795172195733 92.740257263183594
v 17.67955266692087 19.001246756058038 55.157817840576172
v 18.539265506047457 20.124142950516045 65.371414184570312
v 105.26855050780222 90.700780218582452 4.9420671463012695
v 19.427129142064302 21.295604055862725 75.609107971191406
v 169.45688974120065 104.59308368537933 47.980628967285156
v 115.14451181151315 89.815678900223077 9.4091272354125977
v 124.88269387938425 88.573705023269952 4.391167163848877
v 106.1619068310444 90.683392828445733 10.292753219604492
v 166.14098703123972 106.89240772102386 68.139030456542969
v 207.43178903319284 152.23750049446136 4.470400333404541
v 94.63843881346628 91.437550848465264 4.5864415168762207
v 123.86299478270456 88.96883899543792 9.1898727416992188
v 190.01780282713815 114.72144824836761 5.0414595603942871
v 20.235122792500704 22.282382315140069 85.82537841796875
v 97.296931855458467 91.279622381668389 9.4894256591796875
v 208.82654916502878 164.02511340950042 26.255157470703125
v 41.537667863148897 68.259206121902764 15.998538970947266
v 202.07502328612253 139.23780567024261 9.5099878311157227
v 18.295595519322603 27.355729406814874 7.3505206108093262
v 124.98019754149362 89.580266302566827 19.881973266601562
v 194.62169992186472 124.37621814582855 11.922641754150391
v 161.90424691893503 115.10221607063323 116.60738372802734
v 155.74773751952097 93.475774115066827 28.249662399291992
v 97.390834443349092 91.150914495926202 19.82929801940918
v 84.258170716542452 90.898961370926202 13.133057594299316
v 133.46702920653269 88.712933844070733 13.059019088745117
v 52.983485810536592 78.555470770340264 19.64735221862793
v 198.28492318846628 132.36469776008636 14.572317123413086
v 205.91076242186472 155.58341724250823 27.594980239868164
v 173.60625802733347 112.94847614143401 67.614860534667969
v 106.72372781493112 91.066647833328545 42.999607086181641
v 29.199380032796114 51.260217016678155 9.612213134765625
v 46.77943002440378 71.528607672195733 30.038042068481445
v 153.44379770018503 97.763440435867608 57.482025146484375
v 161.49309884764597 119.16084033821136 134.84416198730469
v 35.142824761647432 60.429028814773858 12.807966232299805
v 88.63190805174753 90.927380865555108 20.529262542724609
v 21.063252203244417 23.294799154739678 96.208160400390625
v 201.32165109373972 142.66319019172698 24.98051643371582
v 131.08552896239206 89.47219592903167 21.243288040161133
v 143.12912332274362 88.386052435379327 8.8079891204833984
v 156.99863778807565 118.50722247932464 147.27281188964844
v 214.12714730956003 177.82639819953948 8.1995782852172852
v 42.360705964345186 66.01827747200042 34.446266174316406
v 211.93096505858347 171.37606555793792 15.289673805236816
v 151.00652658202097 101.50912219856292 84.156013488769531
v 47.94916879393503 71.253735846023858 38.8018798828125
v 63.340018861073702 85.270879095535577 16.303264617919922
v 62.896396271962374 83.597600286941827 28.566492080688477
v 97.940425507802217 90.853520697098077 41.257308959960938
v 158.24299203612253 121.82848102424651 156.79025268554688
v 188.75049936034128 122.04987079475433 35.576210021972656
v 50.007831208485811 71.819745367508233 47.512584686279297
v 204.87560617186472 155.34086353157073 35.987945556640625
v 172.97555124022409 119.4552586731723 94.976692199707031
v 76.417274110097139 90.15035755012542 8.3671474456787109
v 158.3129078076069 124.42213184211761 167.11962890625
v 60.975825898427217 80.078938787918389 48.08978271484375
v 195.24763070799753 133.4253514466098 36.715671539306641
v 16.397562615651339 22.374394720535577 5.2499022483825684
v 126.1219898388569 91.123311346512139 42.191825866699219
v 87.263957612294405 89.750203436355889 43.846141815185547
v 189.57039987303659 126.72042590950042 46.969501495361328
v 155.52839242674753 124.23449451301605 176.01103210449219
v 153.3633228466694 110.41685993049651 122.882568359375
v 43.941033952016085 65.000714605789483 51.183078765869141
v 105.14858590819284 91.06570178840667 47.910121917724609
v 63.105708710927217 80.774907415848077 52.799793243408203
v 63.928741090077608 80.173199957351983 61.305595397949219
v 57.044124238270967 74.342450445633233 69.95013427734375
v 20.995724551457613 31.212292974930108 24.724359512329102
v 68.312026612538546 84.749951666336358 40.941837310791016
v 202.65720712401315 153.53724414680511 48.827358245849609
v 136.66071664549753 91.819882696609795 42.979522705078125
v 21.978912435549944 24.473389929275811 106.35903930664062
v 188.6620289013569 128.16581470344573 56.477714538574219
v 95.18366586424753 90.451047247391045 50.651264190673828
v 32.135452859181612 51.951169317703545 33.223281860351562
v 130.07959329344675 92.081990545730889 51.501350402832031
v 155.91329538084909 129.64866382453948 196.44601440429688
v 74.053805939931124 86.307072943191827 47.727077484130859
v 193.88409005858347 135.2997410950473 50.945350646972656
v 54.367313020009249 71.126149481277764 76.916908264160156
v 143.16591989256784 97.14547473762542 75.138748168945312
v 149.07854806639597 114.68012744758636 156.65228271484375
v 44.862805955189913 63.719579046707452 65.01690673828125
v 187.9855152294819 129.74384815071136 65.25994873046875
v 92.932620637196749 89.861256903152764 60.841163635253906
v 75.350692384022921 85.394521063309014 62.667881011962891
v 178.04334604002878 125.55624133918792 97.132469177246094
v 85.019771210927217 90.203099554519952 28.572658538818359
v 143.70110666014597 90.78164417121917 27.466924667358398
v 66.893996827382296 85.602780645828545 27.260948181152344
v 77.351237885731905 87.998540228348077 39.64886474609375
v 209.08245431639597 178.95716602180511 82.124275207519531
v 22.805251710194796 25.338485067825616 121.16545867919922
v 207.89951669432565 178.47092944953948 97.295333862304688
v 28.286795727986544 38.247681921463311 77.777793884277344
v 166.48586618163034 139.18131763313323 195.23905944824219
v 24.571483723897188 27.651006048660577 136.73443603515625
v 31.880019776601046 41.61251575325042 96.884239196777344
v 25.051926963109224 30.662675207596124 95.155021667480469
v 193.43850290038034 154.00489551399261 121.25205230712891
v 205.0830494091694 176.73177844856292 129.21121215820312
v 173.95873605467722 146.69070178840667 195.85214233398438
v 186.3425708935444 151.64854175422698 156.29318237304688
v 26.106294743794649 29.512608831863702 151.17549133300781
v 193.89623605467722 157.66683704231292 134.21165466308594
v 191.30320321776315 123.81440479133636 28.317001342773438
v 42.162232987660616 70.387570684891045 7.6974244117736816
v 59.099994294423311 83.07186633918792 16.36346435546875
v 110.84936105467722 90.450825994949639 17.966686248779297
v 175.03075753905222 102.65132648323089 21.746536254882812
v 166.49860727049753 96.842892950516045 21.622459411621094
v 209.10728036620065 159.4789403137973 9.7693576812744141
v 182.38842355467722 107.11884815071136 12.160794258117676
v 164.95995675780222 102.27045184944183 51.233497619628906
v 42.541696183461397 64.775021856766045 42.894519805908203
v 195.48479806639597 123.52268726203948 4.4494705200195312
v 127.96644174315378 88.523907965164483 7.5875177383422852
v 38.344548814076632 44.592553442459405 145.82542419433594
v 204.41163217284128 147.53248340461761 16.000391006469727
v 129.15206491209909 89.146153753738702 16.412891387939453
v 99.784045808095186 91.01162463996917 28.067455291748047
v 30.123748414296358 53.784367865066827 5.0799770355224609
v 180.83274423338815 113.84605914924651 43.045787811279297
v 34.368797890919893 60.094189947586358 8.393467903137207
v 194.24860727049753 125.01260120246917 16.01275634765625
v 137.97293435789987 88.345662420730889 9.8757123947143555
v 50.976548783559053 76.299031561355889 24.048749923706055
v 152.31550180174753 90.132687872391045 13.156093597412109
v 43.481282822865694 68.07430774543792 29.87727165222168
v 127.07339822508737 89.83321887825042 24.812589645385742
v 115.82689248778269 91.242879217605889 46.589241027832031
v 49.146834962147921 73.164342230301202 34.068878173828125
v 186.27781259276315 118.38301593635589 35.121315002441406
v 30.67410718657419 52.95372897956878 14.442429542541504
v 142.22132455565378 89.499791449051202 18.638753890991211
v 161.59022104002878 113.62487537239105 111.40789031982422
v 165.24929391600534 116.9592641053012 112.99868774414062
v 156.1357837841694 112.93006641243011 125.80849456787109
v 155.41492807127878 96.873586004715264 48.053081512451172
v 57.373187653798311 78.086964910965264 45.416759490966797
v 114.66578256346628 91.703778570633233 59.288539886474609
v 50.346135728139132 71.201825445633233 53.372699737548828
v 210.00875436522409 168.71366626594573 28.700771331787109
v 54.655620209950655 74.856252020340264 53.778011322021484
v 165.25808297850534 121.82295734260589 132.43345642089844
v 31.276552788991182 51.412278479080499 28.244207382202148
v 157.15175973631784 117.47894794319183 142.41592407226562
v 59.685538880604952 77.459401434402764 61.627735137939453
v 147.66393624998972 98.724347418289483 75.777351379394531
v 106.54738961913034 91.199925726394952 55.896476745605469
v 174.86214791991159 120.08520252082855 89.950752258300781
v 149.4682041332905 101.72865039680511 89.066764831542969
v 65.724738709706514 81.686345404129327 56.930328369140625
v 149.53779184081003 102.69135028694183 94.341850280761719
v 140.13789712645456 110.46956378791839 166.31982421875
v 183.10078012206003 123.57888538215667 67.698478698730469
v 133.37816201903269 91.98818713996917 47.379714965820312
v 191.2832447216694 131.54076892707855 53.648178100585938
v 60.838676087636202 75.980725592117608 77.937553405761719
v 88.038249604481905 88.946240728836358 62.257129669189453
v 68.090423218983858 79.270222967605889 87.457138061523438
v 118.00159036375925 98.598752325516045 182.75357055664062
v 49.898357026356905 58.651566809158624 131.45765686035156
v 50.660104386586397 56.923833197098077 148.60139465332031
v 196.28173410155222 126.28645068977386 8.4657297134399414
v 188.99706613280222 119.70669299934417 26.66229248046875
v 147.26075326659128 88.535664862137139 7.5527420043945312
v 20.228198401707857 32.26986438606292 8.0764913558959961
v 15.706931702870577 18.264851873855889 18.249481201171875
v 75.576442353505342 89.21603137825042 18.256145477294922
v 189.91797982909128 125.84493762825042 42.240707397460938
v 119.18856393553659 99.683736151199639 187.41265869140625
v 197.32319223143503 154.67286426399261 95.544715881347656
v 194.69716989256784 153.72263843391448 111.13711547851562
v 57.809199921864717 56.674729650955499 195.59822082519531
v 182.05807077147409 148.33242542121917 165.2083740234375
v 178.31031381346628 145.97915393684417 173.5562744140625
v 197.50789987303659 136.92257434700042 33.501140594482422
v 49.290750138539522 50.891892736892999 186.86917114257812
v 48.282062165517061 53.558141058426202 157.01634216308594
v 86.025935761708467 90.073804205398858 33.688430786132812
v 176.50188791014597 99.629887884598077 4.4684152603149414
v 189.0330005810444 155.77869922493011 158.97535705566406
v 174.25315438963815 108.38732654426605 47.662330627441406
v 27.640743844289034 31.270123785476983 166.04597473144531
v 73.194610230702608 86.462117498855889 42.730094909667969
v 53.73913346983835 80.494710272293389 9.9264364242553711
v 94.160991303700655 90.958897894363702 27.370855331420898
v 134.13753854491159 90.265508001785577 29.498989105224609
v 177.4040943310444 103.53027088020355 17.369197845458984
v 115.29417001463815 90.000218695144952 14.690219879150391
v 32.556222550648897 39.526276892166436 124.57881164550781
v 75.569312684315889 85.950497930984795 57.672142028808594
v 106.3494068310444 90.733998602371514 15.39193058013916
v 164.87910043456003 101.24559528205901 46.710819244384766
v 162.34455453612253 103.8405125794223 65.807723999023438
v 108.77246438719675 90.819043463211358 29.175701141357422
v 204.97898446776315 147.17049915168792 10.456584930419922
v 164.86292611815378 103.19367725227386 55.746257781982422
v 120.02016031004831 89.724164312820733 16.833690643310547
v 28.189212910908907 31.974122351150811 181.86477661132812
v 132.54308664061472 88.321980780105889 8.5647640228271484
v 161.78290902831003 105.70470172737151 75.99371337890625
v 84.347976319569796 91.15713245246917 7.9690475463867188
v 48.260932557362764 67.460706060867608 64.220924377441406
v 108.70368539549753 90.990208929519952 38.322895050048828
v 163.29595529295847 108.81615192268401 85.394119262695312
v 40.665504090565889 63.280103033523858 38.508884429931641
v 133.70721017577097 89.109837835769952 17.319156646728516
v 177.43658029295847 114.56715900276214 59.294704437255859
v 51.046729676503389 67.839780157547295 78.94940185546875
v 160.5994068310444 111.74619800422698 106.63943481445312
v 202.70559274413034 148.41471607063323 32.052249908447266
v 130.80078469969675 93.885701483230889 70.129081726074219
v 158.19689523436472 112.01514179084808 115.22055053710938
v 124.21053659178659 90.797536200027764 37.533821105957031
v 174.75147592284128 116.51715595100433 77.1158447265625
v 29.705398671406954 33.655759161453545 195.95414733886719
v 166.81898080565378 122.05077869270355 127.66633605957031
v 28.21703349806711 33.143063848953545 129.47245788574219
v 111.13360177733347 91.424481695633233 56.450164794921875
v 164.23992501952097 122.04543048713714 136.86174011230469
v 149.12847482420847 100.04771167610198 80.237068176269531
v 91.451396577138155 90.158208197098077 46.916400909423828
v 214.5492359326069 182.20776111457855 16.415658950805664
v 144.78776895262644 102.96761066291839 108.47261047363281
v 175.18616830565378 124.57092029426605 105.40077972412109
v 154.3487964794819 121.49272662971526 168.79763793945312
v 126.82327615477487 92.177251165848077 55.491176605224609
v 204.1776539013569 156.08311206672698 44.408840179443359
v 107.33445321776315 91.36733753059417 65.293838500976562
v 152.43928109862253 121.14642841194183 173.90438842773438
v 120.56906472899362 92.310971563797295 64.074615478515625
v 175.1025806591694 142.0557225403598 171.91847229003906
v 201.41501962401315 163.44102222297698 97.232406616210938
v 36.911127679127901 46.623048132400811 112.96448516845703
v 160.68366586424753 97.78719837043792 40.860923767089844
v 205.89605294920847 156.95585376594573 31.932186126708984
v 148.40145456053659 91.358578985672295 26.369964599609375
v 17.191784970540255 19.756419485550225 37.343063354492188
v 207.25735055663034 166.99946338508636 52.692405700683594
v 43.609956376332491 71.19680530403167 12.433867454528809
v 61.008498780507296 60.345570867996514 186.88882446289062
v 68.815490357655733 87.892224615555108 12.011897087097168
v 115.81941568114206 96.653088873367608 170.36528015136719
v 206.2762867138569 175.06834155891448 100.50228881835938
v 30.540879838246553 37.120454138260186 120.30197143554688
v 177.98041879393503 138.76315051887542 146.32595825195312
v 207.78748666502878 174.90560657356292 79.46893310546875
v 35.528198830861299 46.189309423904717 102.19129943847656
v 65.97443734862253 76.657086676101983 97.989967346191406
v 184.98980294920847 147.84310657356292 147.65824890136719
v 44.446706406850069 47.845254248123467 175.35673522949219
v 199.27125131346628 141.28553516243011 35.279251098632812
v 48.209344498891085 55.192956274490655 144.20094299316406
v 54.974704377431124 80.598805731277764 15.524468421936035
v 25.78281604506418 31.48330432746917 100.13988494873047
v 49.545829407948702 54.203442877273858 161.15115356445312
v 42.284011475819796 49.593652075271905 140.19242858886719
v 140.75096475340769 97.699872320633233 83.831474304199219
v 199.09763681151315 160.56832630012542 105.51219940185547
v 161.6583667919819 94.537251776199639 21.862825393676758
v 203.82307016112253 143.03001148078948 7.5569648742675781
v 37.581914536732882 61.967145269851983 23.089565277099609
v 207.76851999022409 156.63422901008636 14.007288932800293
v 91.581470124501436 89.452893560867608 65.794189453125
v 189.3423267529194 118.71767169807464 21.638833999633789
v 25.020902745503633 28.866929357986749 120.80203247070312
v 138.40223275877878 95.05929309700042 68.460014343261719
v 158.40742074706003 104.44554645393401 79.738700866699219
v 96.75410043456003 90.849118536453545 37.090900421142578
v 151.83602487303659 110.4893162903598 127.9398193359375
v 25.871067397374361 42.817673986892999 20.199769973754883
v 40.71944581725046 45.081235235672295 167.07536315917969
v 197.00831186034128 139.11666614387542 43.642570495605469
v 140.89552652098581 93.567876165848077 52.693283081054688
v 94.092860810536592 90.203984564285577 55.840366363525391
v 17.38837253310129 24.25474101875335 10.812711715698242
v 206.05591928221628 177.24560291145355 117.77628326416016
v 165.31624948241159 127.26305896614105 153.37319946289062
v 57.385669343251436 62.277898138504327 152.86083984375
v 35.150994889516085 40.173466986160577 155.16749572753906
v 142.81779824950144 96.313145941238702 70.00579833984375
v 25.54347883917734 28.837636297684014 146.21684265136719
v 197.83245431639597 156.58360034797698 99.139129638671875
v 50.994804017323702 54.948506659012139 165.47207641601562
v 178.64741098143503 134.6576512512973 127.8375244140625
v 26.348903291005342 31.980378454666436 105.4739990234375
v 28.60790788390085 34.676083868484795 116.00556945800781
v 191.19239389159128 153.86967212532073 136.11726379394531
v 41.449462525624483 43.610402410965264 194.996826171875
v 171.54177438475534 145.27683765266448 200
v 78.583842866200655 87.555234259109795 49.669219970703125
v 156.75365792967722 98.401906317215264 53.457073211669922
v 141.91433297850534 91.200253790359795 32.685031890869141
v 159.73469125487253 94.536633795242608 26.33001708984375
v 78.050891511220186 85.658261602859795 70.500419616699219
v 207.70856820799753 154.73922473762542 9.1042079925537109
v 171.23165475584909 125.98890430305511 126.28874969482422
v 137.702701203603 94.309102362137139 63.279338836669922
v 59.864646546620577 84.951459234695733 4.2881135940551758
v 50.726951234120577 53.628300970535577 173.98173522949219
v 33.384575478810518 57.141976660232842 15.913439750671387
v 24.378461472768038 41.726167028885186 9.3034572601318359
v 197.63174020506784 135.66601306770355 28.753307342529297
v 53.657172791737764 75.228101080398858 45.863582611083984
v 104.12301217772409 91.089062994461358 69.362083435058594
v 150.07168161131784 103.89780933235198 99.55059814453125
v 195.77711068846628 166.0407078919223 164.34724426269531
v 206.5421558544819 163.73701221321136 48.386802673339844
v 68.228683106679171 82.548413580398858 60.703971862792969
v 27.363826386708467 43.92516452644378 30.454313278198242
v 36.289495103139132 45.165585821609795 118.23162078857422
v 14.97766410567209 16.845750158767999 13.29103946685791
v 95.87672006346628 89.93002063606292 72.923866271972656
v 118.53264962889597 93.144185369949639 83.043243408203125
v 30.773892991322725 34.71786243293792 167.83950805664062
v 69.671950928944796 82.226727789383233 69.644233703613281
v 58.505385987538546 61.315717047195733 165.9466552734375
v 24.558162324208467 28.540646856766045 112.78945159912109
v 189.62998544432565 150.75777942512542 132.80615234375
v 190.89986764647409 162.22248584602386 180.76315307617188
v 33.837227456349581 46.937226599197686 79.64337158203125
v 67.403346650380342 64.744191473465264 190.13589477539062
v 164.17437326170847 138.18296558235198 200
v 207.43526803709909 175.01510364387542 84.652626037597656
v 52.959346406239717 72.79580432746917 58.060127258300781
v 123.37755166747019 102.57212573860198 188.66046142578125
v 116.10692941405222 97.854771917801202 190.95726013183594
v 41.678237550038546 51.444081610184014 120.65821075439453
v 29.368343941945284 33.546212500076592 152.92678833007812
v 192.83419381834909 159.75442249153167 152.40087890625
v 121.66396676756784 92.938519781570733 72.887451171875
v 213.06257211424753 174.7113621887973 12.105741500854492
v 31.892788522023409 54.02206165168792 19.619306564331055
v 196.15293466307565 129.09182483528167 17.640506744384766
v 37.062242142934053 63.769040411453545 9.3998928070068359
v 41.296756379384249 62.578831976394952 47.152664184570312
v 144.77299844481394 108.74672443244964 141.06507873535156
v 74.357642762440889 84.542340582351983 67.3721923828125
v 208.88888131834909 157.01342517707855 4.8095459938049316
v 38.261446587819307 64.458020513992608 14.495553970336914
v 50.316081635731905 60.954877203445733 118.65225982666016
v 158.99206124998972 109.63586170051605 102.15236663818359
v 201.09516488768503 145.91764575813323 36.660751342773438
v 55.331039063710421 77.180768316726983 41.300334930419922
v 198.98882638670847 167.6889012512973 143.29910278320312
v 186.7479664013569 123.36898547981292 49.93499755859375
v 152.03719674803659 125.06236011360198 191.74272155761719
v 146.78612863280222 91.75863391731292 31.317571640014648
v 71.123817078847139 87.113599127273858 28.133764266967773
v 196.65349923827097 140.07053882453948 48.971675872802734
v 54.446689240712374 72.720532721023858 66.740150451660156
v 125.0439869091694 92.655843084793389 63.625011444091797
v 45.845698945302217 53.44524509285003 139.52523803710938
v 28.323419205922335 32.429520910721124 147.75938415527344
v 28.836238496083467 47.353028601150811 26.858667373657227
v 209.05591928221628 169.86771900032073 43.316257476806641
v 138.83108865477487 95.794904058914483 73.656120300292969
v 31.358676545399874 38.759766882400811 115.36277770996094
v 188.2383228466694 158.42028552864105 177.50970458984375
v 184.74386178709909 148.6968358216098 152.58810424804688
v 168.95785104491159 139.45788318489105 186.84632873535156
v 212.74990426756784 180.59240466926605 36.146915435791016
v 93.112697236317842 91.065564459305108 22.521759033203125
v 102.58360635497019 90.871388739090264 78.720779418945312
v 195.60943185545847 152.69321948860198 100.47189331054688
v 39.684146516102999 47.163548773269952 136.26275634765625
v 43.391133897084444 49.65239841316253 149.43484497070312
v 79.628486268300264 87.012669867019952 60.45611572265625
v 129.19290506102487 90.18685657356292 29.52397346496582
v 167.78126107909128 141.62368518684417 200
v 28.956818692464083 43.572488134842217 49.862537384033203
v 182.50164376952097 126.99014026496917 82.520103454589844
v 197.58076059081003 145.88851672981292 61.833530426025391
v 49.452720277089327 50.108468359451592 195.43222045898438
v 75.484881989735811 83.458737677078545 83.06341552734375
v 110.72946511961862 90.322224920730889 12.62702465057373
v 168.32551156737253 105.01093799446136 53.249664306640625
v 172.57847177245065 101.68050128791839 25.978084564208984
v 115.38208352782175 90.190839117508233 19.864770889282227
v 204.81042062498972 171.10795337532073 97.688385009765625
v 174.64179574706003 105.54822284553558 34.858795166015625
v 193.59542428709909 165.15847522590667 178.17066955566406
v 180.48920785643503 108.92241412971526 26.401535034179688
v 170.68493234373972 108.58200580451995 60.531841278076172
v 59.128982178944796 66.277989691238702 135.58065795898438
v 204.20348703123972 150.57969409797698 26.855838775634766
v 88.54053842284128 91.112653082351983 15.502700805664062
v 119.13829385497019 90.827390020828545 37.426719665527344
v 64.444507233876436 62.978642767410577 186.94619750976562
v 189.9181324169819 153.12699634407073 141.06623840332031
v 50.699420563954561 65.850079840164483 89.404365539550781
v 144.70448648192331 115.12035114143401 173.84089660644531
v 74.377589814442842 90.011639898758233 4.5020236968994141
v 215.14907418944284 183.57423145149261 12.317111968994141
v 188.36144601561472 161.68806201789886 195.544189453125
v 58.932063691395967 78.120770758133233 53.114826202392578
v 155.94454538084909 108.43557483528167 105.78946685791016
v 121.80845224120065 91.281773870926202 45.912067413330078
v 55.54059945799753 66.529362982254327 113.65939331054688
v 157.13314401366159 126.56722766731292 179.86509704589844
v 62.330310456532686 78.602376287918389 65.721450805664062
v 108.34421884276315 92.615330999832452 170.41557312011719
v 116.69292031981394 92.486562078934014 74.594230651855469
v 17.709834687489717 26.454999273758233 3.4913449287414551
v 23.941586606282442 30.118832891922295 79.583114624023438
v 168.99541818358347 140.66956836555511 191.46501159667969
v 186.60222970702097 159.08620960090667 191.56156921386719
v 58.815120332020967 59.188428228836358 182.81898498535156
v 33.169921509999483 38.907365149002374 140.99618530273438
v 37.473461739796846 42.439137762527764 158.92875671386719
v 62.459190003651827 85.777058905105889 8.1877841949462891
v 158.06435739256784 102.03928119514495 68.823463439941406
v 114.12306558348581 96.142445867996514 181.21571350097656
v 117.23305093504831 98.883229559402764 195.53713989257812
v 44.587464921254366 48.581746405105889 169.46110534667969
v 138.454898469228 108.5747426209262 161.60906982421875
v 19.612099759358614 23.43435413215667 56.954700469970703
v 23.875209562558382 26.718049353103936 132.53985595703125
v 178.8229175732319 106.02654010627776 21.71490478515625
v 191.86428415038034 121.75230151985198 18.634988784790039
v 200.19834481932565 165.75147754524261 119.96549987792969
v 101.86597024657175 91.018063848953545 17.711563110351562
v 200.15266000487253 135.54409534309417 12.005840301513672
v 92.954120270985811 91.305005377273858 12.784398078918457
v 51.074472062367647 60.391858404617608 127.31562042236328
v 143.17805062987253 109.41661578987151 149.8541259765625
v 41.378972642201632 53.940316503982842 100.87274932861328
v 24.430341117161959 30.012799566726983 89.95001220703125
v 35.569347970265596 38.790551489334405 190.60565185546875
v 124.31953775145456 89.263341253738702 14.391258239746094
v 165.81185495116159 118.84196979377776 118.60398101806641
v 165.22455941893503 111.14252979133636 89.169273376464844
v 197.34009896971628 156.68896228645355 103.43839263916016
v 19.849252335805147 21.828540152054131 80.704444885253906
v 39.742074601430147 50.439172094803155 111.26467895507812
v 204.72216378905222 173.08517200325042 109.50296783447266
v 62.602264039296358 77.65804797981292 74.107292175292969
v 138.68029367186472 92.639600103836358 47.947433471679688
v 37.496741883534639 59.338330572586358 37.289596557617188
v 168.47494088866159 98.826001471023858 25.773998260498047
v 128.36062204100534 104.8850682434848 179.64274597167969
v 196.39588510252878 169.85358936164886 188.2445068359375
v 173.3744312451069 137.82397205207855 162.64021301269531
v 77.484778992909639 83.996289556961358 86.484916687011719
v 168.08613168456003 94.131467169266045 4.6017322540283203
v 197.21067392088815 161.67873889778167 126.94167327880859
v 75.975009553212374 89.713071173172295 12.929347991943359
v 84.217021577138155 88.348347967605889 58.761474609375
v 103.31813394286081 90.965276068191827 83.754844665527344
v 202.5735279247944 167.43348438118011 104.23801422119141
v 87.021960847157686 88.459294622879327 67.244552612304688
v 52.585876099843233 54.684396093826592 178.33393859863281
v 168.70527230956003 102.94753009651214 43.152641296386719
v 214.1868091747944 179.47355396125823 12.52842903137207
v 57.082206361073702 57.238099401932061 187.040283203125
v 206.40772592284128 150.52287036750823 8.3185014724731445
v 101.168033234853 90.704549139480889 73.745826721191406
v 175.91360055663034 107.77462512825042 39.184608459472656
v 209.05771981932565 163.04787952278167 20.869482040405273
v 32.883292786854952 37.808423346023858 151.69683837890625
v 200.82488595702097 148.72968799446136 47.565956115722656
v 187.08265268065378 114.9335301575473 19.797676086425781
v 206.5371509716694 174.70588428352386 94.928077697753906
v 196.50353585936472 128.22129566047698 12.902851104736328
v 154.27260934569284 89.209637945633233 4.4334468841552734
v 202.55515634276315 175.6763280091098 161.30178833007812
v 92.140964143056124 89.105229681473077 76.566490173339844
v 110.35928689696237 91.169568365555108 47.117103576660156
v 27.309105508107393 46.157765692215264 17.658409118652344
v 32.912857644337862 54.734242742996514 24.772069931030273
v 173.25153695799753 130.70510608528167 136.05560302734375
v 32.853191010731905 46.127969091873467 74.938949584960938
v 126.99565469481394 94.702367132644952 85.919754028320312
v 28.000084988850801 31.672578161697686 171.35403442382812
v 30.647366158742159 40.797116583328545 88.308952331542969
v 66.647666566151827 81.165845221023858 65.420753479003906
v 193.63735543944284 126.89356738899261 25.387657165527344
v 200.82360421873972 158.85021716926605 83.484870910644531
v 41.813430421132296 47.523812597732842 153.7479248046875
v 26.510162465352266 30.522492712478936 133.30863952636719
v 186.77779733397409 154.94511157844573 168.99652099609375
v 31.861342065114229 40.05242282722503 109.88850402832031
v 189.49428903319284 132.85218555305511 67.821174621582031
v 177.10403024413034 136.5150731262973 141.68988037109375
v 141.33173715331003 106.06716663215667 136.96133422851562
v 118.28001748778269 98.256535833816827 174.40359497070312
v 36.488471619862764 58.87930042121917 31.827487945556641
v 203.53145944334909 153.17390186164886 40.416324615478516
v 202.5461841747944 175.2435887512973 156.86253356933594
v 199.84441720702097 168.36449939582855 138.40864562988281
v 26.887155644673555 32.401166265945733 111.12088012695312
v 46.680949799794405 69.193883245926202 43.798751831054688
v 154.57760202147409 106.6337025818637 101.09028625488281
v 199.01528512694284 173.23641712043792 191.29872131347656
v 40.68197023131296 48.923768347244561 131.15118408203125
v 169.85081063963815 95.985394781570733 8.9444112777709961
v 171.16323434569284 116.81369525764495 91.512413024902344
v 41.367784135121553 44.742112463455499 178.29692077636719
v 30.654035203236788 35.535237616043389 144.16999816894531
v 51.997951142567842 58.792790716629327 144.16316223144531
v 26.049124591130465 40.671311682205499 34.198890686035156
v 21.952067665833681 34.863778418045342 16.863832473754883
v 183.90072213866159 154.42966968391448 183.06327819824219
v 79.642310731190889 89.836903875809014 21.143424987792969
v 111.25026284911081 91.577328985672295 62.035018920898438
v 161.63967477538034 110.56178790901214 98.218597412109375
v 215.26417123534128 182.73684436653167 7.9948339462280273
v 190.81397592284128 132.19541675422698 58.405529022216797
v 110.24641763426706 90.241879766922295 7.6609196662902832
v 20.089330546635836 23.970002478103936 62.089698791503906
v 142.68498574950144 111.3518651184848 161.93855285644531
v 31.132463090199678 34.859628027420342 181.82275390625
v 129.24808084227487 90.901509588699639 38.052867889404297
v 167.38596688963815 105.5138524231723 58.320098876953125
v 150.53736459471628 97.498479193191827 62.030815124511719
v 158.7225757763569 129.95747119758636 187.64468383789062
v 209.34051095702097 162.08495838020355 15.086421966552734
v 16.876360051411837 18.000460928421319 45.113746643066406
v 19.982931487340181 26.691565817337334 38.109195709228516
v 173.36155282713815 114.10130054328948 72.964065551757812
v 155.32415353514597 120.3015721497348 160.47959899902344
v 202.29835092284128 142.30343372200042 16.755805969238281
v 44.574536912221163 69.997906988601983 25.609365463256836
v 22.024456612843721 26.099391287308038 82.662429809570312
v 213.18252145506784 176.8519871887973 17.300867080688477
v 170.8967701122944 102.50109607551605 34.563789367675781
v 84.334247224110811 90.386845892410577 23.464168548583984
v 24.358298651951998 28.47570163581878 108.32848358154297
v 44.8856788799946 61.652036016922295 77.906974792480469
v 119.6675220654194 89.48360950325042 11.562285423278809
v 16.951930157918184 19.697470968704522 32.877334594726562
v 187.09746896483347 110.5838978943637 4.6145029067993164
v 197.95788156248972 128.33173877571136 4.4974479675292969
v 206.03988229491159 154.33019763801605 22.727746963500977
v 113.78457986571237 90.612897222976983 28.76820182800293
v 199.57787667967722 165.54165393684417 124.97284698486328
v 178.39022409178659 123.71613818977386 88.934150695800781
v 202.0536304638569 145.55964404914886 28.435998916625977
v 61.756042115468233 75.994557684402764 82.40435791015625
v 188.56109201170847 152.31124622200042 146.02894592285156
v 184.28734933592722 118.1296971497348 43.465625762939453
v 29.437183968800753 49.997964209060967 18.434934616088867
v 123.28493081786081 92.803349798660577 67.965400695800781
v 150.66274606444284 114.96851856086761 152.70130920410156
v 138.90085183836862 90.439000433426202 28.644046783447266
v 149.62773477293894 88.382260626297295 4.0815372467041016
v 38.696601502675264 66.646443670730889 5.310338020324707
v 17.271056763905733 18.486556356888116 50.092586517333984
v 53.243684403676241 57.499318426590264 161.34902954101562
v 70.828277222890108 81.24715930793792 83.288848876953125
v 162.20611154295847 125.41274768684417 157.36212158203125
v 47.246974580067842 61.240048712234795 96.557212829589844
v 131.84891092039987 95.694043463211358 86.069038391113281
v 34.863441102284639 38.777509039383233 173.68634033203125
v 35.986067406911104 42.659406012039483 137.61724853515625
v 97.917316071767061 90.534886663894952 59.607841491699219
v 47.640643708485811 49.933228796463311 182.77362060546875
v 143.42531167723581 94.639119451980889 56.942886352539062
v 142.9656177685444 103.80492145393401 118.32846069335938
v 85.713958375233858 87.916478460769952 71.59173583984375
v 136.91576730467722 97.048505133133233 87.166786193847656
v 50.961536042470186 69.434247320633233 68.20062255859375
v 189.73476754881784 155.72863513801605 154.17556762695312
v 183.56286203123972 112.98713428352386 28.535270690917969
v 176.36648141600534 138.90623218391448 154.05552673339844
v 134.11481820799753 103.3062108216098 142.97947692871094
v 187.61777841307565 158.68404895637542 182.95259094238281
v 51.751985184926241 51.439313238601983 200
v 198.79700814940378 171.35941821907073 173.08941650390625
v 82.398170106190889 84.988705938797295 97.180366516113281
v 179.83532296873972 123.15243274543792 80.76116943359375
v 70.084560029286592 78.158185308914483 105.79049682617188
v 205.25835763670847 161.39428455207855 52.676345825195312
v 195.6153980419819 169.54679614875823 194.11506652832031
v 124.57539712645456 104.00704700325042 194.31422424316406
v 67.122413270253389 72.278333013992608 135.8397216796875
v 67.165275208729952 82.90951282356292 53.109180450439453
v 175.40587960936472 136.7809422669223 150.11465454101562
v 32.616604439992159 47.745068853836358 62.328395843505859
v 56.117396943349092 65.688054388504327 122.55094146728516
v 60.161616914052217 60.793149298172295 178.97970581054688
v 66.075343720692842 75.239262884598077 108.99658966064453
v 141.56091653563425 98.68575794075042 89.086334228515625
v 73.404281251210421 74.864270513992608 147.83303833007812
v 210.56174813963815 180.42321521614105 67.423904418945312
v 186.91599618651315 142.90668994758636 117.66405487060547
v 179.9502369091694 124.46119434211761 85.05767822265625
v 70.244521729726046 72.220082586746514 151.87200927734375
v 185.68683969237253 134.70927173469573 94.25384521484375
v 23.919804923314302 39.055951422195733 18.311677932739258
v 193.3856617138569 146.67721301887542 93.0120849609375
v 76.242393128651827 79.801160162430108 121.20840454101562
v 109.28767739989206 92.670285528641045 134.3162841796875
v 132.10415231444284 99.00497180793792 115.58214569091797
v 84.644961945790499 81.549382513504327 147.00180053710938
v 93.005183808583467 86.298901861648858 138.09712219238281
vn -0.74451738595962524 0.66685819625854492 -0.031527984887361526
vn -0.73889374732971191 0.67167913913726807 -0.05369524285197258
vn -0.7336280345916748 0.67537027597427368 -0.075265921652317047
vn -0.72730273008346558 0.67954391241073608 -0.096181236207485199
vn -0.72054785490036011 0.68369871377944946 -0.11561507731676102
vn -0.71382468938827515 0.68761444091796875 -0.13281832635402679
vn -0.70627087354660034 0.69258832931518555 -0.14663855731487274
vn -0.69949370622634888 0.69690054655075073 -0.15823455154895782
vn -0.6687888503074646 0.7202613353729248 -0.18424201011657715
vn -0.66122835874557495 0.7270348072052002 -0.18492557108402252
vn -0.65419209003448486 0.73389554023742676 -0.18283869326114655
vn -0.6467134952545166 0.74152058362960815 -0.17863059043884277
vn -0.63870340585708618 0.7499232292175293 -0.17225898802280426
vn -0.6302342414855957 0.75924891233444214 -0.16231419146060944
vn -0.62219506502151489 0.76853573322296143 -0.14908446371555328
vn -0.61441195011138916 0.77749037742614746 -0.1341889500617981
vn -0.60656857490539551 0.78630030155181885 -0.1175004243850708
vn -0.59903866052627563 0.79470497369766235 -0.097962513566017151
vn -0.59444862604141235 0.80012714862823486 -0.080171048641204834
vn -0.58842682838439941 0.80635261535644531 -0.059575892984867096
vn -0.58331298828125 0.81138694286346436 -0.037379253655672073
vn -0.58019876480102539 0.81426632404327393 -0.018432000651955605
vn -0.57742810249328613 0.81644046306610107 0.0013322823215276003
vn -0.57472497224807739 0.81811189651489258 0.019600801169872284
vn -0.57263630628585815 0.81895911693572998 0.037331797182559967
vn -0.57211005687713623 0.81839495897293091 0.054034654051065445
vn -0.57239651679992676 0.81706678867340088 0.069022282958030701
vn -0.57358342409133911 0.81499868631362915 0.082336209714412689
vn -0.57561129331588745 0.81233751773834229 0.093698427081108093
vn -0.57850855588912964 0.80916917324066162 0.10282563418149948
vn -0.58192729949951172 0.80580300092697144 0.10973674058914185
vn -0.5862770676612854 0.80211782455444336 0.11351726949214935
vn -0.59124070405960083 0.79839783906936646 0.11399717628955841
vn -0.59641677141189575 0.794838547706604 0.11188714951276779
vn -0.60228419303894043 0.79115158319473267 0.10645633190870285
vn -0.60818749666213989 0.78776580095291138 0.0976371169090271
vn -0.6200789213180542 0.78122812509536743 0.072005055844783783
vn -0.62614762783050537 0.77773374319076538 0.055402077734470367
vn -0.63136553764343262 0.77462035417556763 0.036618020385503769
vn -0.63618999719619751 0.77136629819869995 0.016010835766792297
vn -0.64088159799575806 0.76759392023086548 -0.0083855092525482178
vn -0.64579355716705322 0.76296031475067139 -0.029021671041846275
vn -0.75835263729095459 0.6512075662612915 -0.028810441493988037
vn -0.74909043312072754 0.66121852397918701 -0.040664222091436386
vn -0.73911917209625244 0.66774266958236694 -0.088445425033569336
vn -0.72339099645614624 0.67903536558151245 -0.12496578693389893
vn -0.72719019651412964 0.67329800128936768 -0.13365709781646729
vn -0.71525245904922485 0.68481475114822388 -0.13943703472614288
vn -0.70771723985671997 0.68982517719268799 -0.15256953239440918
vn -0.70989865064620972 0.68623417615890503 -0.15851378440856934
vn -0.70034056901931763 0.69363486766815186 -0.16850440204143524
vn -0.69114953279495239 0.70183676481246948 -0.17244575917720795
vn -0.67339128255844116 0.71629297733306885 -0.18294411897659302
vn -0.66451239585876465 0.72427535057067871 -0.18397942185401917
vn -0.64950352907180786 0.73849016427993774 -0.18104539811611176
vn -0.64036190509796143 0.74763458967208862 -0.17600898444652557
vn -0.63037419319152832 0.7579810619354248 -0.16760987043380737
vn -0.62039077281951904 0.76854127645492554 -0.1563955545425415
vn -0.61098623275756836 0.77863574028015137 -0.14290633797645569
vn -0.60146290063858032 0.78875142335891724 -0.12693914771080017
vn -0.59208190441131592 0.79851508140563965 -0.10868602246046066
vn -0.58319801092147827 0.80942511558532715 -0.06863681972026825
vn -0.56750476360321045 0.82083970308303833 -0.064502209424972534
vn -0.56834304332733154 0.8223872184753418 -0.025796638801693916
vn -0.57091647386550903 0.82097411155700684 -0.0074739851988852024
vn -0.5667269229888916 0.82386517524719238 0.0081705860793590546
vn -0.56307095289230347 0.8259732723236084 0.026819474995136261
vn -0.5621294379234314 0.82583361864089966 0.04482615739107132
vn -0.56291472911834717 0.82426691055297852 0.060918401926755905
vn -0.56473225355148315 0.82181787490844727 0.075451388955116272
vn -0.56763768196105957 0.81853675842285156 0.08823278546333313
vn -0.57183116674423218 0.8144335150718689 0.098524861037731171
vn -0.57654035091400146 0.81016415357589722 0.10599671304225922
vn -0.58143633604049683 0.80594408512115479 0.11129205673933029
vn -0.58785617351531982 0.80087971687316895 0.1140911728143692
vn -0.59503853321075439 0.79566061496734619 0.11337274312973022
vn -0.60191798210144043 0.79103195667266846 0.1093764528632164
vn -0.61620432138442993 0.78211104869842529 0.092706754803657532
vn -0.63110488653182983 0.77297335863113403 0.064952202141284943
vn -0.64357727766036987 0.76485484838485718 0.028377944603562355
vn -0.64870685338973999 0.76101416349411011 0.0060755177401006222
vn -0.66105812788009644 0.74970412254333496 -0.030754810199141502
vn -0.77294331789016724 0.63369303941726685 -0.031492758542299271
vn -0.77730804681777954 0.62747955322265625 -0.045404840260744095
vn -0.7544061541557312 0.65096759796142578 -0.084335997700691223
vn -0.74465364217758179 0.65959352254867554 -0.10211445391178131
vn -0.74015182256698608 0.66042780876159668 -0.12653186917304993
vn -0.71857577562332153 0.67971557378768921 -0.14709055423736572
vn -0.72093874216079712 0.67582577466964722 -0.15331947803497314
vn -0.71030843257904053 0.68446880578994751 -0.16420848667621613
vn -0.70101749897003174 0.69210958480834961 -0.17192667722702026
vn -0.68045085668563843 0.70979654788970947 -0.18214152753353119
vn -0.66782301664352417 0.7210763692855835 -0.18455709517002106
vn -0.65586310625076294 0.73221343755722046 -0.18359494209289551
vn -0.64751023054122925 0.73969626426696777 -0.18324840068817139
vn -0.63457232713699341 0.75203979015350342 -0.17819672822952271
vn -0.63117885589599609 0.75605481863021851 -0.17318880558013916
vn -0.61896210908889771 0.76809298992156982 -0.16407029330730438
vn -0.60698330402374268 0.77987664937973022 -0.15285174548625946
vn -0.59434419870376587 0.79232460260391235 -0.13775591552257538
vn -0.58258634805679321 0.80385440587997437 -0.1200466975569725
vn -0.57231706380844116 0.81381523609161377 -0.10078652948141098
vn -0.54733580350875854 0.83661043643951416 -0.022506354376673698
vn -0.55773228406906128 0.83000010251998901 -0.0058772037737071514
vn -0.5501905083656311 0.83492541313171387 0.013780146837234497
vn -0.54645442962646484 0.83682352304458618 0.033376008272171021
vn -0.54767274856567383 0.83514469861984253 0.050871230661869049
vn -0.55040353536605835 0.83220201730728149 0.067050442099571228
vn -0.55468332767486572 0.82808732986450195 0.081226684153079987
vn -0.56072592735290527 0.82276201248168945 0.093000665307044983
vn -0.56786978244781494 0.81672346591949463 0.10240444540977478
vn -0.57452553510665894 0.81129461526870728 0.10826539993286133
vn -0.57882493734359741 0.80773657560348511 0.1119077280163765
vn -0.58587491512298584 0.80229562520980835 0.11433409154415131
vn -0.6018441915512085 0.79070824384689331 0.11208922415971756
vn -0.61008322238922119 0.78510135412216187 0.10683785378932953
vn -0.61885052919387817 0.77926164865493774 0.098869845271110535
vn -0.62751775979995728 0.77358269691467285 0.08826814591884613
vn -0.63708066940307617 0.76714521646499634 0.074942834675312042
vn -0.64666461944580078 0.76046234369277954 0.059345953166484833
vn -0.65435636043548584 0.75500380992889404 0.042272359132766724
vn -0.6658942699432373 0.74604552984237671 -0.00092003773897886276
vn -0.66905778646469116 0.74296897649765015 -0.018939772620797157
vn -0.68066257238388062 0.73208409547805786 -0.027409942820668221
vn -0.78755736351013184 0.61538982391357422 -0.032384473830461502
vn -0.79129183292388916 0.60979074239730835 -0.044860705733299255
vn -0.77961421012878418 0.62317359447479248 -0.062099743634462357
vn -0.77027839422225952 0.63221871852874756 -0.083490669727325439
vn -0.75752300024032593 0.64502054452896118 -0.10053585469722748
vn -0.74682492017745972 0.65528780221939087 -0.11335968971252441
vn -0.73004382848739624 0.66870492696762085 -0.14095991849899292
vn -0.73256528377532959 0.66455531120300293 -0.14735768735408783
vn -0.72113829851150513 0.67416304349899292 -0.15957362949848175
vn -0.70759445428848267 0.68583983182907104 -0.17009945213794708
vn -0.69793045520782471 0.69398349523544312 -0.1768614649772644
vn -0.68476623296737671 0.70586341619491577 -0.18125133216381073
vn -0.67183536291122437 0.71724575757980347 -0.18492087721824646
vn -0.6628037691116333 0.72565752267837524 -0.18469507992267609
vn -0.65164721012115479 0.73563486337661743 -0.18492507934570312
vn -0.63952994346618652 0.74704217910766602 -0.18146480619907379
vn -0.62509524822235107 0.76044803857803345 -0.17599634826183319
vn -0.62074023485183716 0.76514303684234619 -0.17099043726921082
vn -0.60702919960021973 0.77811402082443237 -0.16141305863857269
vn -0.59167385101318359 0.7923816442489624 -0.1485038548707962
vn -0.57426589727401733 0.80797874927520752 -0.13186745345592499
vn -0.5625038743019104 0.81917458772659302 -0.11199287325143814
vn -0.55106198787689209 0.82932770252227783 -0.092446021735668182
vn -0.53952813148498535 0.83878034353256226 -0.073190756142139435
vn -0.53747451305389404 0.84239232540130615 -0.038681887090206146
vn -0.52881854772567749 0.84856116771697998 -0.01717086136341095
vn -0.5399060845375061 0.84172433614730835 -0.0012490794761106372
vn -0.53179425001144409 0.84664046764373779 0.019868763163685799
vn -0.53090685606002808 0.84654313325881958 0.038763981312513351
vn -0.53429949283599854 0.84339654445648193 0.05662459135055542
vn -0.53982484340667725 0.83864617347717285 0.072537831962108612
vn -0.54723876714706421 0.8325238823890686 0.086218774318695068
vn -0.55647027492523193 0.8251345157623291 0.097436338663101196
vn -0.56723582744598389 0.81660795211791992 0.10674723982810974
vn -0.57528692483901978 0.81024700403213501 0.11200351268053055
vn -0.58426642417907715 0.80350852012634277 0.11404746770858765
vn -0.59442836046218872 0.79600667953491211 0.11414147168397903
vn -0.60623300075531006 0.78731846809387207 0.11229950189590454
vn -0.63037246465682983 0.76984220743179321 0.099867537617683411
vn -0.62984341382980347 0.7709316611289978 0.094665966928005219
vn -0.651481032371521 0.75533193349838257 0.071035981178283691
vn -0.66406166553497314 0.7456468939781189 0.055070985108613968
vn -0.67146843671798706 0.74024170637130737 0.034240104258060455
vn -0.6781848669052124 0.73476564884185791 0.013592468574643135
vn -0.68498218059539795 0.72848993539810181 -0.010089199058711529
vn -0.69655084609985352 0.71710646152496338 -0.023983743041753769
vn -0.80108499526977539 0.59759515523910522 -0.033806677907705307
vn -0.79301595687866211 0.60611361265182495 -0.061253141611814499
vn -0.78387802839279175 0.616355299949646 -0.075109414756298065
vn -0.75367826223373413 0.64446431398391724 -0.12897612154483795
vn -0.7448994517326355 0.65208786725997925 -0.14108915627002716
vn -0.73331302404403687 0.66190659999847412 -0.15534350275993347
vn -0.71949589252471924 0.67468982934951782 -0.16467937827110291
vn -0.71013832092285156 0.68278336524963379 -0.17178614437580109
vn -0.70094633102416992 0.6910746693611145 -0.17632371187210083
vn -0.68946737051010132 0.70161068439483643 -0.1799367368221283
vn -0.67593830823898315 0.71382904052734375 -0.18318147957324982
vn -0.66514140367507935 0.7236860990524292 -0.18402530252933502
vn -0.63181561231613159 0.7540162205696106 -0.1796344667673111
vn -0.61510509252548218 0.76905238628387451 -0.17379344999790192
vn -0.60986757278442383 0.77442872524261475 -0.16829049587249756
vn -0.59410226345062256 0.78875195980072021 -0.15783791244029999
vn -0.5772596001625061 0.80348104238510132 -0.14556626975536346
vn -0.562183678150177 0.81598961353302002 -0.13457505404949188
vn -0.55278104543685913 0.82438331842422485 -0.12175879627466202
vn -0.52914869785308838 0.84428399801254272 -0.08477117121219635
vn -0.51939630508422852 0.852142333984375 -0.063882440328598022
vn -0.51090985536575317 0.85839349031448364 -0.046170070767402649
vn -0.51074564456939697 0.859630286693573 -0.013214750215411186
vn -0.52067166566848755 0.85375142097473145 0.0030799347441643476
vn -0.51200699806213379 0.85867762565612793 0.022838637232780457
vn -0.51641374826431274 0.85518842935562134 0.044379811733961105
vn -0.52255904674530029 0.85032004117965698 0.062352400273084641
vn -0.5311044454574585 0.84369152784347534 0.078183718025684357
vn -0.54194736480712891 0.83544975519180298 0.091196306049823761
vn -0.55363106727600098 0.82656043767929077 0.10144173353910446
vn -0.56425708532333374 0.81854832172393799 0.10766884684562683
vn -0.57095438241958618 0.81344497203826904 0.11098837107419968
vn -0.59530574083328247 0.79528331756591797 0.11461044102907181
vn -0.6081656813621521 0.78577470779418945 0.11266148090362549
vn -0.62889993190765381 0.77044862508773804 0.10437355190515518
vn -0.64180839061737061 0.7615664005279541 0.089992187917232513
vn -0.65735757350921631 0.74887138605117798 0.084099091589450836
vn -0.66359978914260864 0.74478083848953247 0.070262521505355835
vn -0.6814001202583313 0.73060572147369385 0.043694142252206802
vn -0.68834388256072998 0.7249341607093811 0.025556523352861404
vn -0.71404856443405151 0.69978296756744385 -0.020938802510499954
vn -0.81381547451019287 0.58003848791122437 -0.035492878407239914
vn -0.80449420213699341 0.59219294786453247 -0.045788917690515518
vn -0.79400688409805298 0.60307425260543823 -0.076514668762683868
vn -0.79241925477981567 0.6031830906867981 -0.090784631669521332
vn -0.77874487638473511 0.61864203214645386 -0.10410819947719574
vn -0.76022493839263916 0.63598573207855225 -0.13259048759937286
vn -0.74777764081954956 0.64720249176025391 -0.14818072319030762
vn -0.7228882908821106 0.6709018349647522 -0.16529741883277893
vn -0.71131819486618042 0.68150961399078369 -0.1719624400138855
vn -0.69763535261154175 0.69394516944885254 -0.17817145586013794
vn -0.68077915906906128 0.70924896001815796 -0.18304555118083954
vn -0.66633903980255127 0.7223237156867981 -0.18504247069358826
vn -0.65277951955795288 0.73481500148773193 -0.18418970704078674
vn -0.60282427072525024 0.77937710285186768 -0.1708046942949295
vn -0.59807455539703369 0.78404998779296875 -0.16604971885681152
vn -0.58014363050460815 0.79952114820480347 -0.15556123852729797
vn -0.56210052967071533 0.81452417373657227 -0.14350402355194092
vn -0.54642462730407715 0.82735800743103027 -0.12999548017978668
vn -0.53179168701171875 0.83920472860336304 -0.11372340470552444
vn -0.5181463360786438 0.85003072023391724 -0.094721220433712006
vn -0.50633722543716431 0.8591269850730896 -0.074319861829280853
vn -0.49666935205459595 0.86736631393432617 -0.031547870486974716
vn -0.49267354607582092 0.87016493082046509 -0.0092609785497188568
vn -0.50548672676086426 0.8628200888633728 0.0049612610600888729
vn -0.49215811491012573 0.87042921781539917 0.011548782698810101
vn -0.4967866837978363 0.86731988191604614 0.030970623716711998
vn -0.50312221050262451 0.86271363496780396 0.050923451781272888
vn -0.51282411813735962 0.85576677322387695 0.068371661007404327
vn -0.52511364221572876 0.84697705507278442 0.082978799939155579
vn -0.53892600536346436 0.83695501089096069 0.095210522413253784
vn -0.55446255207061768 0.82549530267715454 0.1054929718375206
vn -0.56722915172576904 0.81597393751144409 0.11152423173189163
vn -0.58247321844100952 0.80483120679855347 0.1138932853937149
vn -0.5956379771232605 0.79503321647644043 0.11461928486824036
vn -0.60993838310241699 0.78423678874969482 0.11378857493400574
vn -0.62328290939331055 0.77430230379104614 0.10942750424146652
vn -0.63959652185440063 0.76194131374359131 0.1017923429608345
vn -0.66821599006652832 0.73928433656692505 0.083342865109443665
vn -0.69368255138397217 0.71879386901855469 0.046259794384241104
vn -0.69546008110046387 0.7177424430847168 0.034366510808467865
vn -0.70505040884017944 0.70890188217163086 0.0190286785364151
vn -0.71593612432479858 0.69815737009048462 -0.0034355618990957737
vn -0.72936725616455078 0.68390870094299316 -0.017095714807510376
vn -0.82570993900299072 0.56284677982330322 -0.037504453212022781
vn -0.81637442111968994 0.57555747032165527 -0.047606751322746277
vn -0.81552165746688843 0.57542294263839722 -0.061748266220092773
vn -0.8063502311706543 0.58632767200469971 -0.077583223581314087
vn -0.800362229347229 0.59245210886001587 -0.091764658689498901
vn -0.78908252716064453 0.60547512769699097 -0.10367574542760849
vn -0.77591168880462646 0.61979597806930542 -0.11753300577402115
vn -0.76041275262832642 0.63375526666641235 -0.14186844229698181
vn -0.74796456098556519 0.64578986167907715 -0.15331168472766876
vn -0.73563307523727417 0.65789765119552612 -0.16129070520401001
vn -0.71121197938919067 0.68110144138336182 -0.17400661110877991
vn -0.69436323642730713 0.69654941558837891 -0.18077211081981659
vn -0.67441588640213013 0.71495300531387329 -0.18440547585487366
vn -0.65671843290328979 0.73091471195220947 -0.18570011854171753
vn -0.63947510719299316 0.74638581275939941 -0.18433621525764465
vn -0.60498279333114624 0.77666175365447998 -0.17547748982906342
vn -0.58573466539382935 0.79315537214279175 -0.16679146885871887
vn -0.56655400991439819 0.80936062335968018 -0.15476404130458832
vn -0.5446169376373291 0.82686698436737061 -0.14029745757579803
vn -0.52544593811035156 0.84182530641555786 -0.12343693524599075
vn -0.50895082950592041 0.85437685251235962 -0.10492498427629471
vn -0.49494001269340515 0.86472856998443604 -0.085316412150859833
vn -0.48465195298194885 0.87234252691268921 -0.064272776246070862
vn -0.47974354028701782 0.87709635496139526 -0.023411285132169724
vn -0.47628891468048096 0.87913721799850464 0.016329538077116013
vn -0.48212030529975891 0.87529116868972778 0.03775462880730629
vn -0.49232074618339539 0.86856251955032349 0.056740410625934601
vn -0.50562512874603271 0.85956525802612305 0.074099995195865631
vn -0.52055662870407104 0.84922212362289429 0.08855842798948288
vn -0.53590655326843262 0.83838772773742676 0.099550008773803711
vn -0.55032676458358765 0.828055739402771 0.10707097500562668
vn -0.56522440910339355 0.81739747524261475 0.11127793788909912
vn -0.58135223388671875 0.80563455820083618 0.11394078284502029
vn -0.59672331809997559 0.79427361488342285 0.1142396554350853
vn -0.6127898097038269 0.78218472003936768 0.11258632689714432
vn -0.62239652872085571 0.77474468946456909 0.11132495105266571
vn -0.63624024391174316 0.76407134532928467 0.10673968493938446
vn -0.65182322263717651 0.75187736749649048 0.099030084908008575
vn -0.66740632057189941 0.73930037021636963 0.089463993906974792
vn -0.69117003679275513 0.72008472681045532 0.061335194855928421
vn -0.70974111557006836 0.70296919345855713 0.045845534652471542
vn -0.72019875049591064 0.6931881308555603 0.028354337438941002
vn -0.72013610601425171 0.6936689019203186 0.015080487355589867
vn -0.74526536464691162 0.66661804914474487 -0.01413876935839653
vn -0.83583343029022217 0.54760104417800903 -0.038930557668209076
vn -0.82769429683685303 0.55884695053100586 -0.051110237836837769
vn -0.82065564393997192 0.56700015068054199 -0.070958837866783142
vn -0.80074530839920044 0.59034734964370728 -0.1014738529920578
vn -0.78758662939071655 0.60528576374053955 -0.11548327654600143
vn -0.78506457805633545 0.60650235414505005 -0.12581151723861694
vn -0.77193629741668701 0.62063091993331909 -0.13759234547615051
vn -0.74425625801086426 0.64864987134933472 -0.15917287766933441
vn -0.72679030895233154 0.66575163602828979 -0.16896916925907135
vn -0.7112841010093689 0.68054020404815674 -0.17589743435382843
vn -0.70188385248184204 0.6894676685333252 -0.178866907954216
vn -0.6828235387802124 0.70740878582000732 -0.18255075812339783
vn -0.66286766529083252 0.72570723295211792 -0.1842702329158783
vn -0.60924005508422852 0.77259212732315063 -0.17868395149707794
vn -0.58832323551177979 0.79016906023025513 -0.17178094387054443
vn -0.56713610887527466 0.80757677555084229 -0.161791130900383
vn -0.52281463146209717 0.84199494123458862 -0.13307641446590424
vn -0.50288677215576172 0.85648542642593384 -0.11635131388902664
vn -0.48549145460128784 0.86881721019744873 -0.097235254943370819
vn -0.47183331847190857 0.87844210863113403 -0.07558305561542511
vn -0.46318450570106506 0.88467979431152344 -0.052931245416402817
vn -0.46147990226745605 0.88675379753112793 -0.026533141732215881
vn -0.45754000544548035 0.88918858766555786 -0.00088901584967970848
vn -0.46045127511024475 0.88741552829742432 0.021868942305445671
vn -0.46741211414337158 0.88292813301086426 0.044314764440059662
vn -0.48443529009819031 0.87243193387985229 0.064691051840782166
vn -0.50061976909637451 0.86196678876876831 0.079956658184528351
vn -0.51811540126800537 0.85028058290481567 0.092624694108963013
vn -0.5342552661895752 0.83926761150360107 0.10100110620260239
vn -0.54558759927749634 0.83131253719329834 0.10608302801847458
vn -0.56404614448547363 0.81830614805221558 0.1105755940079689
vn -0.58186447620391846 0.80535978078842163 0.1132667064666748
vn -0.59971743822097778 0.79212307929992676 0.11349008232355118
vn -0.61871570348739624 0.77759426832199097 0.11197317391633987
vn -0.63800448179244995 0.76231437921524048 0.10875215381383896
vn -0.6465834379196167 0.7556833028793335 0.10427159070968628
vn -0.6798776388168335 0.7281336784362793 0.087107419967651367
vn -0.69621187448501587 0.71374118328094482 0.076567403972148895
vn -0.72107964754104614 0.69089263677597046 0.052072767168283463
vn -0.72861212491989136 0.68403023481369019 0.035028696060180664
vn -0.7595173716545105 0.65038979053497314 -0.01124776154756546
vn -0.84604215621948242 0.53161519765853882 -0.039974622428417206
vn -0.83350694179534912 0.54910784959793091 -0.061210494488477707
vn -0.82622545957565308 0.55751460790634155 -0.080801606178283691
vn -0.81271296739578247 0.57428097724914551 -0.098483704030513763
vn -0.79911506175994873 0.59048306941986084 -0.11289326846599579
vn -0.78192985057830811 0.60905909538269043 -0.13278830051422119
vn -0.77111548185348511 0.62046080827713013 -0.14286099374294281
vn -0.7565656304359436 0.63541829586029053 -0.15444119274616241
vn -0.73897016048431396 0.65322721004486084 -0.16497683525085449
vn -0.71095776557922363 0.68036913871765137 -0.17786765098571777
vn -0.69035643339157104 0.69987881183624268 -0.18324212729930878
vn -0.66971451044082642 0.71921283006668091 -0.1849740743637085
vn -0.64515167474746704 0.74167591333389282 -0.18356505036354065
vn -0.593422532081604 0.78558880090713501 -0.17521394789218903
vn -0.56967562437057495 0.8047482967376709 -0.1668827086687088
vn -0.52725803852081299 0.83626610040664673 -0.15052580833435059
vn -0.50142461061477661 0.85424613952636719 -0.13724732398986816
vn -0.50036901235580444 0.8564302921295166 -0.127113938331604
vn -0.47905844449996948 0.87109994888305664 -0.10811063647270203
vn -0.46118965744972229 0.88299232721328735 -0.087342195212841034
vn -0.44950142502784729 0.89083534479141235 -0.066036857664585114
vn -0.44280910491943359 0.89558857679367065 -0.04290970042347908
vn -0.43946093320846558 0.89807403087615967 -0.018359415233135223
vn -0.43991446495056152 0.89802402257919312 0.0052992505952715874
vn -0.44490495324134827 0.89521867036819458 0.025359820574522018
vn -0.44820412993431091 0.89306646585464478 0.039311293512582779
vn -0.46371069550514221 0.88432276248931885 0.054274044930934906
vn -0.48020979762077332 0.87431162595748901 0.070552878081798553
vn -0.49851280450820923 0.86268341541290283 0.08521898090839386
vn -0.52123564481735229 0.84771883487701416 0.098418146371841431
vn -0.54199725389480591 0.83362811803817749 0.10631651431322098
vn -0.5836523175239563 0.80410313606262207 0.11299614608287811
vn -0.60459339618682861 0.78839290142059326 0.11359336227178574
vn -0.62677669525146484 0.77114325761795044 0.11175468564033508
vn -0.64849412441253662 0.75361019372940063 0.10736402124166489
vn -0.66816157102584839 0.73723304271697998 0.10023734718561172
vn -0.69090765714645386 0.71777290105819702 0.086305320262908936
vn -0.70660495758056641 0.70345842838287354 0.076522216200828552
vn -0.7132880687713623 0.69775867462158203 0.065977431833744049
vn -0.73819261789321899 0.67330068349838257 0.041687328368425369
vn -0.74761927127838135 0.66376936435699463 0.021809019148349762
vn -0.76331734657287598 0.64579290151596069 0.017266130074858665
vn -0.76264679431915283 0.64680993556976318 0.0026041902601718903
vn -0.77302706241607666 0.6343122124671936 -0.0087888073176145554
vn -0.8551068902015686 0.51675766706466675 -0.041877426207065582
vn -0.85452187061309814 0.51669216156005859 -0.053118757903575897
vn -0.8412739634513855 0.53648650646209717 -0.066636435687541962
vn -0.83695191144943237 0.54110467433929443 -0.081958748400211334
vn -0.82298678159713745 0.55983799695968628 -0.096302628517150879
vn -0.80923044681549072 0.57705456018447876 -0.11024587601423264
vn -0.79739677906036377 0.58855068683624268 -0.13329082727432251
vn -0.77008098363876343 0.62021356821060181 -0.14936675131320953
vn -0.76975822448730469 0.61969131231307983 -0.15315023064613342
vn -0.75210553407669067 0.63912063837051392 -0.16081677377223969
vn -0.7313004732131958 0.66048359870910645 -0.17017923295497894
vn -0.72136384248733521 0.67005050182342529 -0.17511862516403198
vn -0.69783830642700195 0.69319599866867065 -0.18028032779693604
vn -0.67813307046890259 0.71154844760894775 -0.1839410662651062
vn -0.64846676588058472 0.73834168910980225 -0.18531697988510132
vn -0.60175317525863647 0.77842634916305542 -0.17873312532901764
vn -0.54798340797424316 0.82092684507369995 -0.16060277819633484
vn -0.52239692211151123 0.83918046951293945 -0.15125350654125214
vn -0.47602644562721252 0.87139832973480225 -0.11859083920717239
vn -0.45455807447433472 0.88515061140060425 -0.099425293505191803
vn -0.43763968348503113 0.89567101001739502 -0.079025119543075562
vn -0.4272003173828125 0.90241926908493042 -0.056029569357633591
vn -0.42176046967506409 0.90612208843231201 -0.032570499926805496
vn -0.42145758867263794 0.90678280591964722 -0.010885013267397881
vn -0.42455735802650452 0.90536171197891235 0.0084384791553020477
vn -0.42948603630065918 0.90268504619598389 0.026484137400984764
vn -0.44035962224006653 0.89674437046051025 0.043964996933937073
vn -0.45659768581390381 0.88757163286209106 0.061116140335798264
vn -0.47485300898551941 0.87662672996520996 0.077718690037727356
vn -0.49594703316688538 0.86358422040939331 0.090878233313560486
vn -0.51773291826248169 0.84972691535949707 0.099583439528942108
vn -0.54059815406799316 0.83456915616989136 0.10605662316083908
vn -0.56377971172332764 0.81848317384719849 0.11062426120042801
vn -0.58623158931732178 0.80215960741043091 0.11345700919628143
vn -0.58571809530258179 0.80226743221282959 0.11533113569021225
vn -0.61183232069015503 0.78272521495819092 0.1140282079577446
vn -0.66280394792556763 0.74149876832962036 0.10426145792007446
vn -0.6832459568977356 0.72381538152694702 0.096261382102966309
vn -0.70089185237884521 0.70805245637893677 0.08609464019536972
vn -0.72109991312026978 0.68958103656768799 0.067029431462287903
vn -0.73424452543258667 0.67614144086837769 0.060973301529884338
vn -0.75453352928161621 0.65551650524139404 0.03126070648431778
vn -0.77609211206436157 0.63060885667800903 0.0036756342742592096
vn -0.78572893142700195 0.61853921413421631 -0.0062626507133245468
vn -0.86417001485824585 0.50131940841674805 -0.043463017791509628
vn -0.86369806528091431 0.5008397102355957 -0.056437700986862183
vn -0.85013717412948608 0.52209383249282837 -0.068445935845375061
vn -0.84522330760955811 0.52799946069717407 -0.082547463476657867
vn -0.83219468593597412 0.54625481367111206 -0.09517185389995575
vn -0.82803261280059814 0.55025643110275269 -0.10760983824729919
vn -0.81312692165374756 0.56947064399719238 -0.12053121626377106
vn -0.76963603496551514 0.61880147457122803 -0.15730571746826172
vn -0.75397616624832153 0.63626152276992798 -0.1633746325969696
vn -0.71392267942428589 0.67726367712020874 -0.17784348130226135
vn -0.69057244062423706 0.6996917724609375 -0.18314240872859955
vn -0.66560709476470947 0.72280991077423096 -0.18577662110328674
vn -0.63907039165496826 0.74644571542739868 -0.18549349904060364
vn -0.59220659732818604 0.78547573089599609 -0.17977558076381683
vn -0.54630148410797119 0.82122975587844849 -0.1647312194108963
vn -0.4954412579536438 0.856800377368927 -0.14293710887432098
vn -0.47272303700447083 0.87204766273498535 -0.12675118446350098
vn -0.45331922173500061 0.88439708948135376 -0.11110135167837143
vn -0.42861840128898621 0.89864629507064819 -0.093386940658092499
vn -0.41311699151992798 0.90809512138366699 -0.068539150059223175
vn -0.40525916218757629 0.91301548480987549 -0.04655935987830162
vn -0.40413254499435425 0.91433238983154297 -0.025946320965886116
vn -0.40624845027923584 0.91374123096466064 -0.0062556522898375988
vn -0.40795913338661194 0.91290360689163208 0.013280243612825871
vn -0.41567012667655945 0.90892070531845093 0.032886568456888199
vn -0.43033403158187866 0.90123289823532104 0.050910249352455139
vn -0.44980514049530029 0.89063584804534912 0.066656813025474548
vn -0.47135421633720398 0.87832814455032349 0.079779908061027527
vn -0.49229001998901367 0.86564052104949951 0.091197535395622253
vn -0.51487487554550171 0.85146516561508179 0.099553517997264862
vn -0.56262904405593872 0.81899124383926392 0.11270254850387573
vn -0.57835209369659424 0.80769413709640503 0.11462575197219849
vn -0.60621798038482666 0.78681439161300659 0.11585713177919388
vn -0.63162386417388916 0.76701521873474121 0.11286720633506775
vn -0.65637302398681641 0.74675315618515015 0.10739737749099731
vn -0.69952899217605591 0.70863282680511475 0.09218820184469223
vn -0.73422056436538696 0.67526638507843018 0.070252805948257446
vn -0.75025773048400879 0.65870136022567749 0.056796316057443619
vn -0.77424699068069458 0.63202399015426636 0.032973840832710266
vn -0.79748910665512085 0.60332155227661133 -0.0037676279898732901
vn -0.87285232543945312 0.48592168092727661 -0.044820941984653473
vn -0.8560783863067627 0.51177150011062622 -0.072247348725795746
vn -0.84120315313339233 0.53242075443267822 -0.09436846524477005
vn -0.83761203289031982 0.53587180376052856 -0.10605444759130478
vn -0.82248640060424805 0.55636811256408691 -0.11819767951965332
vn -0.80201953649520874 0.58072519302368164 -0.1397244930267334
vn -0.7846449613571167 0.60139518976211548 -0.1505194753408432
vn -0.76660507917404175 0.62149369716644287 -0.16143783926963806
vn -0.73058021068572998 0.66021132469177246 -0.17428030073642731
vn -0.70753198862075806 0.68327713012695312 -0.18036310374736786
vn -0.68154722452163696 0.70842784643173218 -0.18336674571037292
vn -0.6545795202255249 0.7331271767616272 -0.18452700972557068
vn -0.6299927830696106 0.75443536043167114 -0.18421822786331177
vn -0.58067536354064941 0.79442876577377319 -0.17804223299026489
vn -0.56184279918670654 0.80911386013031006 -0.17224234342575073
vn -0.52815914154052734 0.83359849452972412 -0.16174514591693878
vn -0.49629274010658264 0.85526776313781738 -0.1490321159362793
vn -0.46787923574447632 0.87364882230758667 -0.13351701200008392
vn -0.44441628456115723 0.88839679956436157 -0.11508817225694656
vn -0.41525280475616455 0.90406054258346558 -0.10119124501943588
vn -0.39991244673728943 0.9131009578704834 -0.079477198421955109
vn -0.38924112915992737 0.91940373182296753 -0.056463316082954407
vn -0.38546997308731079 0.92205601930618286 -0.035007867962121964
vn -0.3906274139881134 0.92038309574127197 -0.017471009865403175
vn -0.38898643851280212 0.92124307155609131 -0.00089938758173957467
vn -0.39124876260757446 0.92008686065673828 0.019095256924629211
vn -0.40380695462226868 0.91408371925354004 0.037295259535312653
vn -0.42383113503456116 0.90415728092193604 0.053542684763669968
vn -0.44660162925720215 0.89198178052902222 0.070110887289047241
vn -0.44846877455711365 0.89039093255996704 0.077973023056983948
vn -0.48224151134490967 0.87132811546325684 0.090721771121025085
vn -0.5135655403137207 0.85199576616287231 0.10175300389528275
vn -0.54550862312316895 0.8308376669883728 0.11013213545084
vn -0.60036635398864746 0.79139125347137451 0.11515247821807861
vn -0.62565451860427856 0.77167278528213501 0.1143568828701973
vn -0.64987289905548096 0.75191497802734375 0.11085585504770279
vn -0.71626818180084229 0.6923072338104248 0.087581664323806763
vn -0.73295873403549194 0.67589890956878662 0.077020741999149323
vn -0.76080763339996338 0.64633238315582275 0.058533847332000732
vn -0.76842433214187622 0.63831019401550293 0.045651976019144058
vn -0.7968171238899231 0.60380542278289795 0.022393530234694481
vn -0.80871015787124634 0.58820539712905884 -0.0014989287592470646
vn -0.88161194324493408 0.46973651647567749 -0.045912433415651321
vn -0.87485700845718384 0.48126310110092163 -0.054872874170541763
vn -0.86435288190841675 0.49818664789199829 -0.068586520850658417
vn -0.85064041614532471 0.51745516061782837 -0.093011118471622467
vn -0.84691381454467773 0.52151906490325928 -0.10370556265115738
vn -0.83243817090988159 0.5418580174446106 -0.11591627448797226
vn -0.81273424625396729 0.56632626056671143 -0.13688544929027557
vn -0.79748529195785522 0.58518171310424805 -0.1468997448682785
vn -0.78140294551849365 0.60407024621963501 -0.15655228495597839
vn -0.76380884647369385 0.62415647506713867 -0.16439208388328552
vn -0.72509956359863281 0.66581624746322632 -0.17583896219730377
vn -0.69855993986129761 0.6922338604927063 -0.18118032813072205
vn -0.6683468222618103 0.72055286169052124 -0.18470536172389984
vn -0.63605189323425293 0.74899643659591675 -0.18558628857135773
vn -0.571907639503479 0.80101865530014038 -0.17689183354377747
vn -0.53554928302764893 0.82710617780685425 -0.17053546011447906
vn -0.46779727935791016 0.87269127368927002 -0.1399129182100296
vn -0.43396225571632385 0.89191281795501709 -0.12715454399585724
vn -0.40718463063240051 0.90682709217071533 -0.10892816632986069
vn -0.38753917813301086 0.91750901937484741 -0.089389927685260773
vn -0.37415385246276855 0.92490184307098389 -0.067568250000476837
vn -0.3638647198677063 0.93057727813720703 -0.040352638810873032
vn -0.37395226955413818 0.92728567123413086 -0.017348019406199455
vn -0.37115627527236938 0.92856651544570923 0.0026980058755725622
vn -0.37718942761421204 0.92587924003601074 0.021811725571751595
vn -0.3928353488445282 0.91860133409500122 0.043034464120864868
vn -0.42038434743881226 0.90512043237686157 0.063514113426208496
vn -0.42269596457481384 0.90370333194732666 0.068179190158843994
vn -0.45207437872886658 0.88817572593688965 0.082295879721641541
vn -0.48318088054656982 0.87035512924194336 0.094964295625686646
vn -0.51327788829803467 0.85167044401168823 0.10584563761949539
vn -0.54332989454269409 0.83205229043960571 0.11172119528055191
vn -0.57177275419235229 0.81252956390380859 0.11345309019088745
vn -0.59766858816146851 0.79364281892776489 0.11368074268102646
vn -0.6193387508392334 0.77681595087051392 0.11391443014144897
vn -0.64178389310836792 0.75857764482498169 0.11257614940404892
vn -0.66710186004638672 0.73711353540420532 0.10788316279649734
vn -0.69128149747848511 0.71550047397613525 0.10094030946493149
vn -0.7494385838508606 0.65826451778411865 0.070919506251811981
vn -0.7930341362953186 0.60809320211410522 0.036325287073850632
vn -0.80717557668685913 0.58985143899917603 0.023299733176827431
vn -0.81031954288482666 0.58590918779373169 0.0096242567524313927
vn -0.819011390209198 0.5737767219543457 0.00077372428495436907
vn -0.89008510112762451 0.45331627130508423 -0.047463934868574142
vn -0.88341152667999268 0.46531417965888977 -0.05537853017449379
vn -0.87335604429244995 0.48237812519073486 -0.06753174215555191
vn -0.87059646844863892 0.48558971285820007 -0.079147890210151672
vn -0.85964822769165039 0.50259965658187866 -0.091643042862415314
vn -0.85556399822235107 0.50760263204574585 -0.10173393040895462
vn -0.80846023559570312 0.57103413343429565 -0.14252036809921265
vn -0.7932087779045105 0.58968257904052734 -0.15196812152862549
vn -0.77996361255645752 0.60577088594436646 -0.15715719759464264
vn -0.76129734516143799 0.6269153356552124 -0.16553989052772522
vn -0.74346268177032471 0.64661461114883423 -0.17074194550514221
vn -0.7402956485748291 0.64922857284545898 -0.17454107105731964
vn -0.70185548067092896 0.68852096796035767 -0.18258628249168396
vn -0.67906159162521362 0.71018517017364502 -0.18577495217323303
vn -0.60180181264877319 0.77744966745376587 -0.18277470767498016
vn -0.56690031290054321 0.80429792404174805 -0.17812597751617432
vn -0.53156852722167969 0.82946521043777466 -0.17152942717075348
vn -0.49927839636802673 0.85124295949935913 -0.1615750640630722
vn -0.46133950352668762 0.87427306175231934 -0.15103806555271149
vn -0.42803314328193665 0.89365631341934204 -0.13478147983551025
vn -0.40148130059242249 0.90857517719268799 -0.11534237116575241
vn -0.37797951698303223 0.92080098390579224 -0.096213586628437042
vn -0.36180943250656128 0.9291415810585022 -0.076091207563877106
vn -0.34888643026351929 0.93555349111557007 -0.054935194551944733
vn -0.33941531181335449 0.94003689289093018 -0.033583935350179672
vn -0.35475790500640869 0.93481451272964478 -0.016390131786465645
vn -0.35325223207473755 0.93551391363143921 0.0051533011719584465
vn -0.36155408620834351 0.93203866481781006 0.024136872962117195
vn -0.3722091019153595 0.92726463079452515 0.040505692362785339
vn -0.3933597207069397 0.91770517826080322 0.055545605719089508
vn -0.420095294713974 0.90459233522415161 0.07233690470457077
vn -0.45012599229812622 0.88865107297897339 0.087668754160404205
vn -0.48244476318359375 0.87029671669006348 0.099149972200393677
vn -0.51527220010757446 0.8504602313041687 0.10588628798723221
vn -0.54834926128387451 0.82904434204101562 0.10953804105520248
vn -0.57967889308929443 0.80702602863311768 0.1126117929816246
vn -0.65620923042297363 0.74651145935058594 0.11004612594842911
vn -0.68228393793106079 0.72334009408950806 0.10614927113056183
vn -0.70907115936279297 0.69813257455825806 0.09914136677980423
vn -0.73247992992401123 0.67509102821350098 0.087893180549144745
vn -0.76874428987503052 0.63574635982513428 0.069705270230770111
vn -0.78350603580474854 0.61861503124237061 0.058597736060619354
vn -0.78833973407745361 0.61330276727676392 0.048786953091621399
vn -0.80399817228317261 0.59353381395339966 0.036118287593126297
vn -0.82872563600540161 0.55964815616607666 0.002790721831843257
vn -0.89821386337280273 0.4368622899055481 -0.048612195998430252
vn -0.88150882720947266 0.46738439798355103 -0.067037001252174377
vn -0.87867629528045654 0.47087839245796204 -0.078749746084213257
vn -0.86769783496856689 0.48878395557403564 -0.090502619743347168
vn -0.85003453493118286 0.51474535465240479 -0.11170706152915955
vn -0.83692282438278198 0.53370988368988037 -0.12130098044872284
vn -0.8316916823387146 0.5399736762046814 -0.12929582595825195
vn -0.81886541843414307 0.55724191665649414 -0.13762587308883667
vn -0.79932379722595215 0.58209514617919922 -0.14915323257446289
vn -0.77946174144744873 0.60548722743988037 -0.16070021688938141
vn -0.73399055004119873 0.656169593334198 -0.17521220445632935
vn -0.71585863828659058 0.67484229803085327 -0.17926035821437836
vn -0.63006162643432617 0.75472885370254517 -0.18277491629123688
vn -0.59446531534194946 0.78374940156936646 -0.17985516786575317
vn -0.56451040506362915 0.80606931447982788 -0.17770840227603912
vn -0.49658867716789246 0.85270404815673828 -0.16215892136096954
vn -0.4600735604763031 0.87475252151489258 -0.15211957693099976
vn -0.42436137795448303 0.89468085765838623 -0.13951200246810913
vn -0.39386683702468872 0.91064572334289551 -0.1248730793595314
vn -0.36785322427749634 0.92386388778686523 -0.10563871264457703
vn -0.34984412789344788 0.93290805816650391 -0.085390985012054443
vn -0.33624854683876038 0.93958389759063721 -0.064179658889770508
vn -0.31068044900894165 0.9491998553276062 -0.049972843378782272
vn -0.32903110980987549 0.94317346811294556 -0.046501290053129196
vn -0.31877613067626953 0.94734281301498413 -0.030386844649910927
vn -0.33596482872962952 0.9418521523475647 0.0064967125654220581
vn -0.34414038062095642 0.93859988451004028 0.024447573348879814
vn -0.36040124297142029 0.93180865049362183 0.042936913669109344
vn -0.38616207242012024 0.92035514116287231 0.061848998069763184
vn -0.41557705402374268 0.90618938207626343 0.078208304941654205
vn -0.44995021820068359 0.88851118087768555 0.089959248900413513
vn -0.4865628182888031 0.86811554431915283 0.098143026232719421
vn -0.52201789617538452 0.84641104936599731 0.10528846830129623
vn -0.55621784925460815 0.82360154390335083 0.11091542989015579
vn -0.58942264318466187 0.79968839883804321 0.1143651157617569
vn -0.61103558540344238 0.78339844942092896 0.11367645859718323
vn -0.62439775466918945 0.77262187004089355 0.11481697112321854
vn -0.64171433448791504 0.75861310958862305 0.11273343861103058
vn -0.66950130462646484 0.73464703559875488 0.10982570052146912
vn -0.71076273918151855 0.69637215137481689 0.099409028887748718
vn -0.73218357563018799 0.67481458187103271 0.092371158301830292
vn -0.7519533634185791 0.65366494655609131 0.085371501743793488
vn -0.7699434757232666 0.63366127014160156 0.075236029922962189
vn -0.78630363941192627 0.61457908153533936 0.063397228717803955
vn -0.80026310682296753 0.59765946865081787 0.048807185143232346
vn -0.82979679107666016 0.55772548913955688 0.019482752308249474
vn -0.83795571327209473 0.5456969141960144 0.0067111230455338955
vn -0.88893681764602661 0.45307862758636475 -0.067164704203605652
vn -0.88594949245452881 0.45708239078521729 -0.078544139862060547
vn -0.857288658618927 0.50271928310394287 -0.11103804409503937
vn -0.84363275766372681 0.52311652898788452 -0.12096644937992096
vn -0.83332967758178711 0.53664052486419678 -0.13258427381515503
vn -0.81498938798904419 0.56097060441970825 -0.14527302980422974
vn -0.7968595027923584 0.58392077684402466 -0.15508528053760529
vn -0.77873122692108154 0.60566306114196777 -0.16355407238006592
vn -0.75665766000747681 0.63113540410995483 -0.17069646716117859
vn -0.727469801902771 0.66241532564163208 -0.17886766791343689
vn -0.7027353048324585 0.68713021278381348 -0.18443208932876587
vn -0.67518198490142822 0.71390008926391602 -0.18567682802677155
vn -0.64175182580947876 0.74425053596496582 -0.18505586683750153
vn -0.4963441789150238 0.8524932861328125 -0.16400490701198578
vn -0.45817661285400391 0.87505340576171875 -0.15606337785720825
vn -0.42258569598197937 0.89516687393188477 -0.14176580309867859
vn -0.38977473974227905 0.91207462549209595 -0.12726147472858429
vn -0.35940507054328918 0.92658007144927979 -0.11080338060855865
vn -0.33690321445465088 0.93692886829376221 -0.093061618506908417
vn -0.32267123460769653 0.94365608692169189 -0.073460891842842102
vn -0.29852256178855896 0.95396625995635986 -0.028856011107563972
vn -0.31483310461044312 0.94908326864242554 -0.011003328487277031
vn -0.31802532076835632 0.94805318117141724 0.0074166422709822655
vn -0.32556721568107605 0.94507867097854614 0.028848953545093536
vn -0.35178366303443909 0.93476498126983643 0.049625299870967865
vn -0.38094398379325867 0.92223256826400757 0.0660967156291008
vn -0.41469189524650574 0.90654098987579346 0.078829094767570496
vn -0.45217746496200562 0.88710719347000122 0.092608712613582611
vn -0.49358105659484863 0.86332875490188599 0.1050771176815033
vn -0.52978819608688354 0.84079140424728394 0.1113298311829567
vn -0.56362015008926392 0.81794589757919312 0.11531182378530502
vn -0.59609508514404297 0.79430043697357178 0.11729218065738678
vn -0.622669517993927 0.77378541231155396 0.1163562536239624
vn -0.65812587738037109 0.7445712685585022 0.11173172295093536
vn -0.67717826366424561 0.72765374183654785 0.10931432247161865
vn -0.70464247465133667 0.7019616961479187 0.10357972979545593
vn -0.73145323991775513 0.67516779899597168 0.095522746443748474
vn -0.78777855634689331 0.61210745573043823 0.068770982325077057
vn -0.81623548269271851 0.57607674598693848 0.043533679097890854
vn -0.8291897177696228 0.55816251039505005 0.029983608052134514
vn -0.84069377183914185 0.54124575853347778 0.016940027475357056
vn -0.84904080629348755 0.52826762199401855 0.0079428842291235924
vn -0.90539896488189697 0.42165830731391907 -0.049567919224500656
vn -0.89845156669616699 0.43540868163108826 -0.056604567915201187
vn -0.89589941501617432 0.43908798694610596 -0.067572064697742462
vn -0.89247030019760132 0.44419154524803162 -0.078680381178855896
vn -0.8708338737487793 0.48126780986785889 -0.10014802217483521
vn -0.86413055658340454 0.49099257588386536 -0.1104746013879776
vn -0.84242379665374756 0.52286505699157715 -0.13013172149658203
vn -0.82614392042160034 0.5456618070602417 -0.14049696922302246
vn -0.81064856052398682 0.56617307662963867 -0.14932142198085785
vn -0.79772716760635376 0.58246642351150513 -0.15609034895896912
vn -0.78106516599655151 0.6024925708770752 -0.16413383185863495
vn -0.7664836049079895 0.61960166692733765 -0.16910538077354431
vn -0.74523133039474487 0.64345788955688477 -0.17490622401237488
vn -0.71836507320404053 0.67213547229766846 -0.17940317094326019
vn -0.68604922294616699 0.70400321483612061 -0.18361909687519073
vn -0.61625641584396362 0.76568299531936646 -0.18427586555480957
vn -0.57646095752716064 0.7968403697013855 -0.18093706667423248
vn -0.5331997275352478 0.82743674516677856 -0.17620006203651428
vn -0.49304533004760742 0.85292768478393555 -0.17152446508407593
vn -0.4564414918422699 0.87512099742889404 -0.16069984436035156
vn -0.38719829916954041 0.91188728809356689 -0.13615806400775909
vn -0.35438886284828186 0.92753142118453979 -0.11871790140867233
vn -0.3221205472946167 0.94162410497665405 -0.097889892756938934
vn -0.3075297474861145 0.94845318794250488 -0.076563872396945953
vn -0.29993528127670288 0.95206058025360107 -0.060162447392940521
vn -0.28714069724082947 0.95680338144302368 -0.045579221099615097
vn -0.29548263549804688 0.95529294013977051 -0.010267568752169609
vn -0.29764789342880249 0.95463967323303223 0.0082976333796977997
vn -0.30082821846008301 0.95345443487167358 0.020665433257818222
vn -0.32079240679740906 0.94649755954742432 0.035136044025421143
vn -0.346607506275177 0.93656384944915771 0.052070673555135727
vn -0.37753519415855408 0.92355805635452271 0.067139334976673126
vn -0.41107380390167236 0.90798640251159668 0.081111125648021698
vn -0.44077563285827637 0.89304351806640625 0.090499244630336761
vn -0.47180056571960449 0.87632960081100464 0.097214259207248688
vn -0.50270891189575195 0.85799741744995117 0.10547139495611191
vn -0.53663802146911621 0.83651214838027954 0.11075687408447266
vn -0.57056450843811035 0.81335186958312988 0.1136438325047493
vn -0.6045382022857666 0.78837734460830688 0.11399441212415695
vn -0.63604718446731567 0.76324260234832764 0.11359906196594238
vn -0.66617357730865479 0.73741859197616577 0.11147474497556686
vn -0.71917223930358887 0.68728601932525635 0.10212332755327225
vn -0.73975211381912231 0.6659272313117981 0.096476882696151733
vn -0.77237802743911743 0.62960326671600342 0.083856523036956787
vn -0.7711825966835022 0.63160181045532227 0.079727888107299805
vn -0.80408585071563721 0.59121197462081909 0.062564708292484283
vn -0.82981836795806885 0.55665946006774902 0.039138026535511017
vn -0.85696578025817871 0.51530545949935913 0.0083629479631781578
vn -0.91168665885925293 0.4077318012714386 -0.050815604627132416
vn -0.90209835767745972 0.42602312564849854 -0.068722769618034363
vn -0.8882148265838623 0.45103198289871216 -0.087433449923992157
vn -0.87896424531936646 0.46658849716186523 -0.098575100302696228
vn -0.87009632587432861 0.48033693432807922 -0.11049358546733856
vn -0.85601091384887695 0.50274133682250977 -0.12040119618177414
vn -0.84863615036010742 0.51280295848846436 -0.12980666756629944
vn -0.83301186561584473 0.53551113605499268 -0.13899286091327667
vn -0.80205076932907104 0.5764998197555542 -0.15608493983745575
vn -0.78458505868911743 0.59827196598052979 -0.16277900338172913
vn -0.76341313123703003 0.6233360767364502 -0.16927051544189453
vn -0.73703223466873169 0.65289044380187988 -0.17469272017478943
vn -0.70297402143478394 0.68801778554916382 -0.18016393482685089
vn -0.66969794034957886 0.71967768669128418 -0.1832176148891449
vn -0.52891796827316284 0.83012217283248901 -0.17647369205951691
vn -0.4528326690196991 0.87661874294281006 -0.16273324191570282
vn -0.41823327541351318 0.89552122354507446 -0.15206138789653778
vn -0.38944295048713684 0.9099421501159668 -0.14261673390865326
vn -0.35083207488059998 0.92785269021987915 -0.12651583552360535
vn -0.29461249709129333 0.95089375972747803 -0.094892077147960663
vn -0.28782802820205688 0.954417884349823 -0.079003132879734039
vn -0.28371000289916992 0.95692235231399536 -0.061710912734270096
vn -0.26650723814964294 0.9628029465675354 -0.044546574354171753
vn -0.27774754166603088 0.96025562286376953 -0.027666602283716202
vn -0.27509456872940063 0.96136528253555298 -0.0099873291328549385
vn -0.27847447991371155 0.96042770147323608 0.0055285468697547913
vn -0.29102152585983276 0.95648127794265747 0.021213743835687637
vn -0.31193146109580994 0.94931936264038086 0.038619972765445709
vn -0.34048411250114441 0.93859869241714478 0.05570511519908905
vn -0.37367156147956848 0.92480629682540894 0.07143421471118927
vn -0.40875780582427979 0.90871965885162354 0.084532104432582855
vn -0.44223034381866455 0.89204901456832886 0.093171440064907074
vn -0.46875745058059692 0.87784123420715332 0.09829152375459671
vn -0.50519990921020508 0.85676908493041992 0.10353650152683258
vn -0.54172825813293457 0.83353829383850098 0.10837134718894958
vn -0.57991749048233032 0.80707192420959473 0.11104302853345871
vn -0.61671888828277588 0.77898293733596802 0.1133287101984024
vn -0.68186187744140625 0.72302770614624023 0.11088413000106812
vn -0.70970261096954346 0.69660371541976929 0.10519266128540039
vn -0.73483133316040039 0.67106044292449951 0.09849279373884201
vn -0.75504696369171143 0.64922702312469482 0.091696836054325104
vn -0.80536341667175293 0.5889512300491333 0.067277170717716217
vn -0.83115339279174805 0.55367648601531982 0.051248587667942047
vn -0.8430178165435791 0.53680825233459473 0.034027948975563049
vn -0.85449302196502686 0.51909458637237549 0.019555587321519852
vn -0.86363941431045532 0.50396627187728882 0.012038541026413441
vn -0.91729831695556641 0.39477548003196716 -0.052116811275482178
vn -0.91096490621566772 0.40822029113769531 -0.05915355309844017
vn -0.89767676591873169 0.43347778916358948 -0.079205118119716644
vn -0.89054542779922485 0.44579404592514038 -0.09053456038236618
vn -0.88321346044540405 0.45800143480300903 -0.10083990544080734
vn -0.8752630352973938 0.47095489501953125 -0.11007340252399445
vn -0.85456931591033936 0.50292497873306274 -0.12952911853790283
vn -0.83904117345809937 0.52624678611755371 -0.13810943067073822
vn -0.82102268934249878 0.55148732662200928 -0.14759217202663422
vn -0.80530822277069092 0.57228630781173706 -0.15481309592723846
vn -0.78440374135971069 0.59858459234237671 -0.1625029593706131
vn -0.75952821969985962 0.62758368253707886 -0.17104271054267883
vn -0.73043811321258545 0.65876573324203491 -0.18024405837059021
vn -0.70034325122833252 0.68979322910308838 -0.18358823657035828
vn -0.66898941993713379 0.71995246410369873 -0.18472036719322205
vn -0.62902796268463135 0.75496000051498413 -0.18536229431629181
vn -0.5484699010848999 0.81649821996688843 -0.18030920624732971
vn -0.44746983051300049 0.88015323877334595 -0.15843296051025391
vn -0.37617731094360352 0.91612493991851807 -0.13858494162559509
vn -0.33325093984603882 0.93454718589782715 -0.12476137280464172
vn -0.31014028191566467 0.94431513547897339 -0.10991781204938889
vn -0.27411186695098877 0.95717787742614746 -0.093130126595497131
vn -0.26463451981544495 0.96126663684844971 -0.077038809657096863
vn -0.26307308673858643 0.96287524700164795 -0.060529287904500961
vn -0.25676515698432922 0.96610540151596069 -0.026684451848268509
vn -0.25612586736679077 0.96659260988235474 -0.0099144969135522842
vn -0.26275470852851868 0.96483421325683594 0.0074098538607358932
vn -0.27809697389602661 0.96019995212554932 0.026039846241474152
vn -0.30323407053947449 0.95188391208648682 0.044340468943119049
vn -0.33577099442481995 0.9399341344833374 0.061494935303926468
vn -0.37552961707115173 0.92373359203338623 0.075456872582435608
vn -0.42162507772445679 0.90233296155929565 0.089596450328826904
vn -0.46284359693527222 0.88085293769836426 0.099367663264274597
vn -0.50600391626358032 0.85614091157913208 0.10479895770549774
vn -0.59316432476043701 0.79670256376266479 0.11584952473640442
vn -0.61172151565551758 0.782886803150177 0.1135123074054718
vn -0.63169515132904053 0.76663637161254883 0.1150212362408638
vn -0.66738355159759521 0.73623526096343994 0.11205724626779556
vn -0.6992228627204895 0.70676958560943604 0.10753670334815979
vn -0.72683554887771606 0.67920893430709839 0.10190819203853607
vn -0.75172585248947144 0.65256655216217041 0.095211155712604523
vn -0.79267150163650513 0.60429805517196655 0.080596305429935455
vn -0.80553442239761353 0.58812928199768066 0.07223762571811676
vn -0.83817476034164429 0.54292625188827515 0.051904812455177307
vn -0.86384338140487671 0.50334072113037109 0.020560063421726227
vn -0.87160342931747437 0.49002662301063538 0.013466794043779373
vn -0.9221605658531189 0.38311856985092163 -0.053292311728000641
vn -0.91663742065429688 0.39493247866630554 -0.061677899211645126
vn -0.91030406951904297 0.40688237547874451 -0.076113484799861908
vn -0.90097498893737793 0.42599886655807495 -0.082274332642555237
vn -0.89374428987503052 0.43880546092987061 -0.093118004500865936
vn -0.86768335103988647 0.48234623670578003 -0.12028161436319351
vn -0.86043828725814819 0.49314618110656738 -0.12826843559741974
vn -0.84658122062683105 0.51441872119903564 -0.136651411652565
vn -0.82662582397460938 0.5433800220489502 -0.14638267457485199
vn -0.80547744035720825 0.57164210081100464 -0.15630561113357544
vn -0.80579477548599243 0.57027870416641235 -0.15961503982543945
vn -0.78184890747070312 0.60085254907608032 -0.16639865934848785
vn -0.75267195701599121 0.6348305344581604 -0.17457118630409241
vn -0.70542806386947632 0.68526244163513184 -0.18107086420059204
vn -0.67143732309341431 0.7176058292388916 -0.18496978282928467
vn -0.6437300443649292 0.7417864203453064 -0.18805466592311859
vn -0.5994611382484436 0.77837789058685303 -0.18647849559783936
vn -0.46695142984390259 0.8685644268989563 -0.16598844528198242
vn -0.40873628854751587 0.89968472719192505 -0.15330392122268677
vn -0.36520108580589294 0.92065572738647461 -0.13791736960411072
vn -0.31785005331039429 0.93986451625823975 -0.12500390410423279
vn -0.29123193025588989 0.95038789510726929 -0.10930141806602478
vn -0.24257497489452362 0.96715599298477173 -0.075938783586025238
vn -0.24155692756175995 0.96860665082931519 -0.058748718351125717
vn -0.24572503566741943 0.96837639808654785 -0.043201819062232971
vn -0.23638471961021423 0.97132027149200439 -0.025674173608422279
vn -0.23820000886917114 0.97118479013442993 -0.0077979476191103458
vn -0.24654443562030792 0.96906214952468872 0.011591543443500996
vn -0.26653748750686646 0.96332025527954102 0.0311738271266222
vn -0.29682543873786926 0.95367664098739624 0.04894382506608963
vn -0.33687198162078857 0.93919646739959717 0.066537290811538696
vn -0.38164860010147095 0.9208102822303772 0.080329298973083496
vn -0.41589123010635376 0.90501558780670166 0.089337721467018127
vn -0.45588770508766174 0.88447940349578857 0.099310845136642456
vn -0.49514782428741455 0.86224311590194702 0.10660869628190994
vn -0.57470154762268066 0.81034648418426514 0.11426594853401184
vn -0.64954012632369995 0.75193214416503906 0.11267523467540741
vn -0.68400716781616211 0.7209542989730835 0.11117149889469147
vn -0.71465039253234863 0.69104909896850586 0.10828661173582077
vn -0.74473053216934204 0.65959912538528442 0.10151567310094833
vn -0.77018779516220093 0.63120007514953613 0.091636113822460175
vn -0.78730487823486328 0.61033171415328979 0.087442792952060699
vn -0.81393265724182129 0.57660460472106934 0.070998497307300568
vn -0.83104181289672852 0.55276399850845337 0.061817780137062073
vn -0.84674614667892456 0.52941018342971802 0.052400428801774979
vn -0.86582612991333008 0.49926328659057617 0.032883219420909882
vn -0.87857735157012939 0.47735029458999634 0.015444929711520672
vn -0.9271388053894043 0.37092664837837219 -0.053170233964920044
vn -0.92313665151596069 0.38001814484596252 -0.058352112770080566
vn -0.90687167644500732 0.41263136267662048 -0.085551507771015167
vn -0.89759516716003418 0.43067401647567749 -0.094036437571048737
vn -0.89077776670455933 0.44244369864463806 -0.10372321307659149
vn -0.85814887285232544 0.49641153216362 -0.13098128139972687
vn -0.84144806861877441 0.52160578966140747 -0.14104074239730835
vn -0.82353615760803223 0.54686969518661499 -0.1507372260093689
vn -0.82269608974456787 0.5474434494972229 -0.15322144329547882
vn -0.78887432813644409 0.59181350469589233 -0.1656322181224823
vn -0.76498985290527344 0.62057435512542725 -0.17227284610271454
vn -0.73648101091384888 0.65302091836929321 -0.17652022838592529
vn -0.71737110614776611 0.67243599891662598 -0.18223205208778381
vn -0.65898627042770386 0.72912776470184326 -0.18468837440013885
vn -0.61701631546020508 0.76484858989715576 -0.18519581854343414
vn -0.52452188730239868 0.83233124017715454 -0.17916876077651978
vn -0.47157153487205505 0.86517095565795898 -0.17058591544628143
vn -0.38448953628540039 0.91037219762802124 -0.1529385894536972
vn -0.35104838013648987 0.92566698789596558 -0.1410873681306839
vn -0.30028489232063293 0.94565904140472412 -0.12473171949386597
vn -0.27269408106803894 0.95591109991073608 -0.10895846039056778
vn -0.25395935773849487 0.96276789903640747 -0.092642128467559814
vn -0.22145521640777588 0.97227305173873901 -0.075117841362953186
vn -0.21954680979251862 0.97390478849411011 -0.057521481066942215
vn -0.22521208226680756 0.97344499826431274 -0.04104132205247879
vn -0.21722128987312317 0.97584152221679688 -0.023414904251694679
vn -0.21952883899211884 0.97560000419616699 -0.0034150069113820791
vn -0.23228132724761963 0.972503662109375 0.016793347895145416
vn -0.25842982530593872 0.96540999412536621 0.034606091678142548
vn -0.28879088163375854 0.95602089166641235 0.051223691552877426
vn -0.32083359360694885 0.94491839408874512 0.064769409596920013
vn -0.36914694309234619 0.92598062753677368 0.079312071204185486
vn -0.40701660513877869 0.90902101993560791 0.089544788002967834
vn -0.44754093885421753 0.88876563310623169 0.099008820950984955
vn -0.53943544626235962 0.83473742008209229 0.11055714637041092
vn -0.58085542917251587 0.80576366186141968 0.11555042862892151
vn -0.62786900997161865 0.76957511901855469 0.11633870005607605
vn -0.66648054122924805 0.73682743310928345 0.11352984607219696
vn -0.70061254501342773 0.7050977349281311 0.10944956541061401
vn -0.72681653499603271 0.67867326736450195 0.10554759204387665
vn -0.74736893177032471 0.65692144632339478 0.09946807473897934
vn -0.77005100250244141 0.63077610731124878 0.095618963241577148
vn -0.78422337770462036 0.61391150951385498 0.09003525972366333
vn -0.80125260353088379 0.59240955114364624 0.083935804665088654
vn -0.82410353422164917 0.56209379434585571 0.070027835667133331
vn -0.83924782276153564 0.54020953178405762 0.061941161751747131
vn -0.87310546636581421 0.48633602261543274 0.034119099378585815
vn -0.88530206680297852 0.46469405293464661 0.017311520874500275
vn -0.93116599321365356 0.36052152514457703 -0.05435224249958992
vn -0.93048536777496338 0.36122328042984009 -0.060948234051465988
vn -0.91984111070632935 0.38436752557754517 -0.078447386622428894
vn -0.91121846437454224 0.40264394879341125 -0.08694099634885788
vn -0.8938717246055603 0.43582123517990112 -0.10513435304164886
vn -0.87059658765792847 0.47549179196357727 -0.12636922299861908
vn -0.85410493612289429 0.50159692764282227 -0.13749644160270691
vn -0.84960377216339111 0.50825381278991699 -0.14089532196521759
vn -0.83789116144180298 0.52583509683609009 -0.14640974998474121
vn -0.83266288042068481 0.53334534168243408 -0.14904779195785522
vn -0.78862643241882324 0.59180670976638794 -0.16683275997638702
vn -0.77241796255111694 0.61186033487319946 -0.17028644680976868
vn -0.73213803768157959 0.65759158134460449 -0.17761534452438354
vn -0.63195317983627319 0.7530178427696228 -0.18330103158950806
vn -0.54990732669830322 0.81611132621765137 -0.17766331136226654
vn -0.50710123777389526 0.84421783685684204 -0.17362198233604431
vn -0.45426338911056519 0.87500721216201782 -0.16735322773456573
vn -0.3313882052898407 0.93340212106704712 -0.13763131201267242
vn -0.28266403079032898 0.95145845413208008 -0.12176953256130219
vn -0.25469547510147095 0.96085244417190552 -0.10905429720878601
vn -0.23452980816364288 0.96770012378692627 -0.092478275299072266
vn -0.20151892304420471 0.97656923532485962 -0.075516216456890106
vn -0.19781327247619629 0.97855275869369507 -0.057484466582536697
vn -0.20457246899604797 0.97806358337402344 -0.039264392107725143
vn -0.1971142590045929 0.98016571998596191 -0.020522614941000938
vn -0.20134502649307251 0.97952038049697876 -4.1843264625640586E-05
vn -0.22499425709247589 0.97412139177322388 0.021566262468695641
vn -0.25356268882751465 0.96659666299819946 0.037374570965766907
vn -0.27392470836639404 0.96046543121337891 0.049712948501110077
vn -0.30828136205673218 0.94915366172790527 0.063795551657676697
vn -0.34743157029151917 0.93457764387130737 0.076523743569850922
vn -0.3974495530128479 0.91332811117172241 0.088688559830188751
vn -0.43813914060592651 0.89344727993011475 0.098924659192562103
vn -0.48766651749610901 0.86645132303237915 0.10697408020496368
vn -0.52911555767059326 0.84166485071182251 0.10787472128868103
vn -0.56610924005508423 0.81652706861495972 0.11315426975488663
vn -0.60724657773971558 0.78613001108169556 0.1151137575507164
vn -0.64877802133560181 0.75235158205032349 0.11425498127937317
vn -0.68793433904647827 0.71719437837600708 0.11125922948122025
vn -0.74516856670379639 0.65879106521606445 0.10352873802185059
vn -0.79362428188323975 0.60197067260742188 0.088271491229534149
vn -0.81353271007537842 0.57589197158813477 0.080702722072601318
vn -0.8182336688041687 0.5698503851890564 0.075922034680843353
vn -0.84343194961547852 0.53338140249252319 0.064240574836730957
vn -0.85466873645782471 0.51634955406188965 0.054078586399555206
vn -0.88002771139144897 0.47363391518592834 0.034959182143211365
vn -0.89174062013626099 0.45214435458183289 0.019081594422459602
vn -0.9351765513420105 0.34984174370765686 -0.055277436971664429
vn -0.93454945087432861 0.35043773055076599 -0.06173078715801239
vn -0.92755752801895142 0.36704537272453308 -0.070105217397212982
vn -0.92442053556442261 0.37311059236526489 -0.078962676227092743
vn -0.91566359996795654 0.39225402474403381 -0.087732166051864624
vn -0.9052472710609436 0.41353273391723633 -0.097560323774814606
vn -0.89423716068267822 0.43427276611328125 -0.10838377475738525
vn -0.88445115089416504 0.45156899094581604 -0.11760791391134262
vn -0.8744848370552063 0.46834602952003479 -0.1262071430683136
vn -0.86204952001571655 0.48869156837463379 -0.13435468077659607
vn -0.84708458185195923 0.5115654468536377 -0.1440434604883194
vn -0.82893162965774536 0.53768879175186157 -0.15415303409099579
vn -0.80722028017044067 0.56752663850784302 -0.16220024228096008
vn -0.76286965608596802 0.62319386005401611 -0.17221878468990326
vn -0.68747931718826294 0.7018159031867981 -0.18661884963512421
vn -0.64616727828979492 0.73963701725006104 -0.18816182017326355
vn -0.5474545955657959 0.81667500734329224 -0.18257975578308105
vn -0.48984578251838684 0.85372757911682129 -0.17663608491420746
vn -0.44303673505783081 0.88002216815948486 -0.17111244797706604
vn -0.36524927616119385 0.91896682977676392 -0.14863680303096771
vn -0.24293716251850128 0.9640994668006897 -0.10720913112163544
vn -0.21398955583572388 0.97251874208450317 -0.091737382113933563
vn -0.18571428954601288 0.97982114553451538 -0.073896996676921844
vn -0.17858953773975372 0.98211002349853516 -0.059713691473007202
vn -0.18037891387939453 0.98288094997406006 -0.037529014050960541
vn -0.18135154247283936 0.98325777053833008 -0.017770523205399513
vn -0.17611205577850342 0.98435688018798828 -0.0051062400452792645
vn -0.19703219830989838 0.98030763864517212 0.013240116648375988
vn -0.19203165173530579 0.98120540380477905 0.018968118354678154
vn -0.22869688272476196 0.97294986248016357 0.032654762268066406
vn -0.26074209809303284 0.96414774656295776 0.049321785569190979
vn -0.29829159379005432 0.95238673686981201 0.063100278377532959
vn -0.33927792310714722 0.93757140636444092 0.076487720012664795
vn -0.38905331492424011 0.91698801517486572 0.088150493800640106
vn -0.43438449501991272 0.89579111337661743 0.094172261655330658
vn -0.47842371463775635 0.87216579914093018 0.10216431319713593
vn -0.58048588037490845 0.80666226148605347 0.11105020344257355
vn -0.6260036826133728 0.77143305540084839 0.11406353861093521
vn -0.66157782077789307 0.74106216430664062 0.11463702470064163
vn -0.71804672479629517 0.68731689453125 0.10956450551748276
vn -0.76416933536529541 0.63729745149612427 0.099484458565711975
vn -0.7853807806968689 0.61196392774581909 0.093151308596134186
vn -0.8066331148147583 0.58477997779846191 0.08587995171546936
vn -0.82613289356231689 0.55800324678421021 0.078337892889976501
vn -0.85602933168411255 0.51360446214675903 0.058517362922430038
vn -0.86819440126419067 0.49337905645370483 0.053062126040458679
vn -0.86485999822616577 0.49940952658653259 0.051061823964118958
vn -0.88608384132385254 0.46208661794662476 0.03648766502737999
vn -0.89772945642471313 0.44005551934242249 0.020808650180697441
vn -0.93902713060379028 0.3392384946346283 -0.056082744151353836
vn -0.92865949869155884 0.36267831921577454 -0.077820241451263428
vn -0.92123836278915405 0.37912192940711975 -0.087100096046924591
vn -0.91172629594802856 0.39952182769775391 -0.095590367913246155
vn -0.90234708786010742 0.41851902008056641 -0.10301230102777481
vn -0.89456355571746826 0.43289625644683838 -0.11116121709346771
vn -0.88619393110275269 0.44727048277854919 -0.12086936086416245
vn -0.87469315528869629 0.46687522530555725 -0.13015159964561462
vn -0.86110478639602661 0.48894861340522766 -0.13938352465629578
vn -0.84516113996505737 0.51371121406555176 -0.14765989780426025
vn -0.82606273889541626 0.54184377193450928 -0.15500226616859436
vn -0.80478584766387939 0.57090860605239868 -0.16242875158786774
vn -0.78026562929153442 0.60157245397567749 -0.1711609810590744
vn -0.72777974605560303 0.66144901514053345 -0.18116781115531921
vn -0.69576066732406616 0.69430893659591675 -0.18398965895175934
vn -0.65731436014175415 0.73049938678741455 -0.18522551655769348
vn -0.61543482542037964 0.76598173379898071 -0.18577377498149872
vn -0.51833760738372803 0.83591526746749878 -0.18047653138637543
vn -0.46324363350868225 0.86922532320022583 -0.17277911305427551
vn -0.34649208188056946 0.92628419399261475 -0.14812451601028442
vn -0.23072369396686554 0.96611809730529785 -0.11568239331245422
vn -0.16400741040706635 0.98446446657180786 -0.062700040638446808
vn -0.15826980769634247 0.98643273115158081 -0.043602045625448227
vn -0.1623300164937973 0.98641687631607056 -0.025114784017205238
vn -0.15350930392742157 0.98808610439300537 -0.010987937450408936
vn -0.17315998673439026 0.98487591743469238 0.0059235836379230022
vn -0.18213477730751038 0.98309427499771118 0.018776146695017815
vn -0.21916308999061584 0.97511714696884155 0.033378563821315765
vn -0.25245919823646545 0.96636313199996948 0.049057837575674057
vn -0.29375919699668884 0.95372587442398071 0.06412910670042038
vn -0.34102046489715576 0.9369732141494751 0.076067507266998291
vn -0.50700229406356812 0.85463738441467285 0.11199832707643509
vn -0.60318630933761597 0.78897577524185181 0.11697673052549362
vn -0.65205758810043335 0.74925082921981812 0.11594858765602112
vn -0.68430012464523315 0.72023594379425049 0.11398933827877045
vn -0.71714335680007935 0.68809980154037476 0.11056260019540787
vn -0.74514597654342651 0.65868043899536133 0.10439133644104004
vn -0.7727387547492981 0.62687259912490845 0.099526397883892059
vn -0.79805278778076172 0.59546482563018799 0.092376239597797394
vn -0.81883639097213745 0.56776392459869385 0.084564395248889923
vn -0.83783334493637085 0.54071146249771118 0.075275249779224396
vn -0.85917520523071289 0.50812160968780518 0.060252740979194641
vn -0.87999981641769409 0.47275134921073914 0.045897021889686584
vn -0.90320688486099243 0.42861506342887878 0.022503752261400223
vn -0.94260227680206299 0.32903659343719482 -0.056884784251451492
vn -0.94176757335662842 0.33026418089866638 -0.06324053555727005
vn -0.93002068996429443 0.35860079526901245 -0.080417416989803314
vn -0.91455918550491333 0.39243456721305847 -0.097860321402549744
vn -0.906943678855896 0.40737742185592651 -0.10722298175096512
vn -0.89656949043273926 0.42766261100769043 -0.11518590152263641
vn -0.88695603609085083 0.44509592652320862 -0.12328258156776428
vn -0.87466913461685181 0.46660247445106506 -0.13128609955310822
vn -0.85988736152648926 0.49097597599029541 -0.13977234065532684
vn -0.84295773506164551 0.51720219850540161 -0.14806793630123138
vn -0.82376706600189209 0.54495757818222046 -0.15629792213439941
vn -0.80393761396408081 0.57181030511856079 -0.16345418989658356
vn -0.75633919239044189 0.63065034151077271 -0.17387104034423828
vn -0.7297137975692749 0.66007423400878906 -0.17838098108768463
vn -0.66336184740066528 0.72571855783462524 -0.18243792653083801
vn -0.62460178136825562 0.75928038358688354 -0.18266353011131287
vn -0.58468794822692871 0.7904091477394104 -0.18273857235908508
vn -0.54748618602752686 0.81717276573181152 -0.18024291098117828
vn -0.43132168054580688 0.88675892353057861 -0.16619326174259186
vn -0.2537570595741272 0.95834064483642578 -0.1311129629611969
vn -0.20473897457122803 0.97223436832427979 -0.11332397907972336
vn -0.18166147172451019 0.97871589660644531 -0.095468975603580475
vn -0.1527470201253891 0.98556780815124512 -0.072968527674674988
vn -0.12587091326713562 0.99108594655990601 -0.043647963553667068
vn -0.13927076756954193 0.98977041244506836 -0.030954746529459953
vn -0.13579416275024414 0.99066370725631714 -0.012056484818458557
vn -0.17163571715354919 0.98487287759780884 0.023804372176527977
vn -0.21014149487018585 0.97699630260467529 0.036314688622951508
vn -0.24779370427131653 0.96732622385025024 0.053649339824914932
vn -0.29499706625938416 0.95292198657989502 0.070117443799972534
vn -0.30170935392379761 0.95045709609985352 0.074851930141448975
vn -0.34918484091758728 0.93317079544067383 0.085218869149684906
vn -0.40779009461402893 0.90793156623840332 0.0967860147356987
vn -0.46693810820579529 0.87814974784851074 0.10402821004390717
vn -0.52113878726959229 0.84654736518859863 0.10849850624799728
vn -0.60559225082397461 0.78748708963394165 0.11455188691616058
vn -0.64617389440536499 0.75439286231994629 0.11554514616727829
vn -0.7151484489440918 0.69029265642166138 0.10981216281652451
vn -0.74524259567260742 0.65821576118469238 0.106609046459198
vn -0.76950687170028687 0.63055127859115601 0.10131285339593887
vn -0.79347366094589233 0.60110688209533691 0.095236651599407196
vn -0.81145203113555908 0.57756417989730835 0.0892476886510849
vn -0.84720224142074585 0.52616119384765625 0.073503166437149048
vn -0.85483521223068237 0.51462554931640625 0.066462434828281403
vn -0.87054681777954102 0.48885664343833923 0.056279513984918594
vn -0.8967939019203186 0.44067308306694031 0.039597935974597931
vn -0.90827816724777222 0.41767168045043945 0.024106498807668686
vn -0.94588762521743774 0.31929799914360046 -0.057839386165142059
vn -0.94531118869781494 0.31984135508537292 -0.063939236104488373
vn -0.93128746747970581 0.35442471504211426 -0.084183037281036377
vn -0.92334967851638794 0.37315618991851807 -0.090442605316638947
vn -0.91629153490066528 0.38785207271575928 -0.099903091788291931
vn -0.89784747362136841 0.42485743761062622 -0.11561184376478195
vn -0.88722974061965942 0.44443568587303162 -0.12369442731142044
vn -0.87391895055770874 0.46742168068885803 -0.13335168361663818
vn -0.85785943269729614 0.49344033002853394 -0.14350534975528717
vn -0.83918613195419312 0.52225780487060547 -0.15170183777809143
vn -0.82124799489974976 0.5482410192489624 -0.15806195139884949
vn -0.80573040246963501 0.56944221258163452 -0.1628928929567337
vn -0.78228992223739624 0.59956914186477661 -0.16893592476844788
vn -0.7827523946762085 0.59889507293701172 -0.16918449103832245
vn -0.72368866205215454 0.66718608140945435 -0.17645794153213501
vn -0.62880605459213257 0.75558805465698242 -0.18354746699333191
vn -0.46393764019012451 0.86862611770629883 -0.17392680048942566
vn -0.39743992686271667 0.90287280082702637 -0.16389705240726471
vn -0.16089051961898804 0.98251509666442871 -0.093692794442176819
vn -0.14096297323703766 0.98699748516082764 -0.077236220240592957
vn -0.12799310684204102 0.98996323347091675 -0.059921063482761383
vn -0.11683781445026398 0.99275535345077515 -0.0280300322920084
vn -0.11684249341487885 0.99310588836669922 -0.0094078145921230316
vn -0.19964885711669922 0.97878307104110718 0.046087775379419327
vn -0.24672935903072357 0.96721583604812622 0.060151491314172745
vn -0.36707779765129089 0.92600667476654053 0.088122300803661346
vn -0.42623606324195862 0.89943563938140869 0.096634998917579651
vn -0.48365065455436707 0.86907875537872314 0.10384657979011536
vn -0.68022853136062622 0.72429585456848145 0.11262645572423935
vn -0.71293973922729492 0.69247889518737793 0.11040785163640976
vn -0.73808515071868896 0.66592711210250854 0.10849598795175552
vn -0.76441407203674316 0.63625860214233398 0.10414466261863708
vn -0.79040986299514771 0.60482537746429443 0.097151719033718109
vn -0.8153185248374939 0.57216638326644897 0.088777139782905579
vn -0.85544037818908691 0.51268911361694336 0.073291085660457611
vn -0.87135565280914307 0.48629975318908691 0.065206490457057953
vn -0.87832146883010864 0.47464120388031006 0.05715874582529068
vn -0.89095026254653931 0.45147407054901123 0.048772770911455154
vn -0.90229052305221558 0.42921549081802368 0.04056892916560173
vn -0.91304969787597656 0.40704464912414551 0.025591740384697914
vn -0.9492335319519043 0.30907511711120605 -0.058551270514726639
vn -0.94368672370910645 0.32327207922935486 -0.070359982550144196
vn -0.93805450201034546 0.33861836791038513 -0.073425732553005219
vn -0.93752062320709229 0.33873376250267029 -0.079463884234428406
vn -0.93161869049072266 0.35282003879547119 -0.087204411625862122
vn -0.92488783597946167 0.368682861328125 -0.093034818768501282
vn -0.9177815318107605 0.38391202688217163 -0.10143296420574188
vn -0.90820443630218506 0.40434965491294861 -0.10800933092832565
vn -0.89872586727142334 0.42235222458839417 -0.11794266104698181
vn -0.88696092367172241 0.44358158111572266 -0.12859134376049042
vn -0.87168848514556885 0.47013953328132629 -0.13830406963825226
vn -0.85277527570724487 0.50059407949447632 -0.14892914891242981
vn -0.82885468006134033 0.53711509704589844 -0.15654820203781128
vn -0.81006795167922974 0.56268078088760376 -0.16486421227455139
vn -0.75320976972579956 0.63392913341522217 -0.17552472651004791
vn -0.71640974283218384 0.67365819215774536 -0.18149852752685547
vn -0.62884420156478882 0.75499951839447021 -0.1858241856098175
vn -0.52047139406204224 0.83443528413772583 -0.18118301033973694
vn -0.38713422417640686 0.90734726190567017 -0.16385354101657867
vn -0.35842806100845337 0.920387864112854 -0.15625473856925964
vn -0.30876973271369934 0.93967479467391968 -0.14721594750881195
vn -0.18296785652637482 0.97722041606903076 -0.10753127932548523
vn -0.12721605598926544 0.98869907855987549 -0.079310916364192963
vn -0.090400084853172302 0.99481582641601562 -0.046576227992773056
vn -0.098449684679508209 0.99473601579666138 -0.028423290699720383
vn -0.095160044729709625 0.99533510208129883 -0.01589178666472435
vn -0.12864154577255249 0.99154680967330933 0.016919834539294243
vn -0.15783381462097168 0.98698341846466064 0.030858259648084641
vn -0.27676805853843689 0.95865321159362793 0.066207528114318848
vn -0.38824611902236938 0.91716659069061279 0.089835360646247864
vn -0.50251299142837524 0.85766559839248657 0.10904313623905182
vn -0.55975544452667236 0.82084429264068604 0.11352730542421341
vn -0.64171063899993896 0.75815856456756592 0.11577167361974716
vn -0.71579986810684204 0.68949073553085327 0.110602967441082
vn -0.752937912940979 0.64951694011688232 0.10588771849870682
vn -0.7831646203994751 0.61356651782989502 0.10094220191240311
vn -0.80751270055770874 0.58224934339523315 0.09438718855381012
vn -0.82938683032989502 0.55163669586181641 0.088399395346641541
vn -0.84726721048355103 0.52492940425872803 0.081162974238395691
vn -0.86349725723266602 0.49908173084259033 0.072731710970401764
vn -0.87807178497314453 0.47410333156585693 0.06493048369884491
vn -0.88480377197265625 0.46242526173591614 0.057316705584526062
vn -0.89679437875747681 0.43970537185668945 0.049183648079633713
vn -0.90748608112335205 0.4180271327495575 0.041500497609376907
vn -0.91755414009094238 0.39669182896614075 0.02701917476952076
vn -0.9524039626121521 0.29887300729751587 -0.06001393124461174
vn -0.94850105047225952 0.30948799848556519 -0.067549601197242737
vn -0.94276010990142822 0.32476091384887695 -0.075721286237239838
vn -0.93604826927185059 0.34153291583061218 -0.084669426083564758
vn -0.92753463983535767 0.36154869198799133 -0.094667881727218628
vn -0.91894781589508057 0.3801044225692749 -0.10514533519744873
vn -0.90941524505615234 0.40071660280227661 -0.11131071299314499
vn -0.89957737922668457 0.41942593455314636 -0.12182925641536713
vn -0.88440299034118652 0.44764876365661621 -0.13206809759140015
vn -0.86971229314804077 0.47296047210693359 -0.14109891653060913
vn -0.85867929458618164 0.49102994799613953 -0.1468314528465271
vn -0.84365361928939819 0.51452726125717163 -0.15333050489425659
vn -0.80431771278381348 0.57029294967651367 -0.16685022413730621
vn -0.77874547243118286 0.60291200876235962 -0.17335686087608337
vn -0.74995231628417969 0.63709890842437744 -0.17797888815402985
vn -0.71334081888198853 0.67668592929840088 -0.18232116103172302
vn -0.62570780515670776 0.75759762525558472 -0.18583759665489197
vn -0.44822084903717041 0.87637943029403687 -0.17623037099838257
vn -0.39020323753356934 0.90493786334991455 -0.16979081928730011
vn -0.30745705962181091 0.94013577699661255 -0.1470198780298233
vn -0.23600977659225464 0.96299052238464355 -0.13018672168254852
vn -0.16042998433113098 0.98176479339599609 -0.10198117047548294
vn -0.12023086100816727 0.98899227380752563 -0.086248777806758881
vn -0.081553250551223755 0.99623864889144897 -0.029284792020916939
vn -0.09707186371088028 0.99526214599609375 0.0055088838562369347
vn -0.13283202052116394 0.99086844921112061 0.023139197379350662
vn -0.25006651878356934 0.96590507030487061 0.067038565874099731
vn -0.30935144424438477 0.94760006666183472 0.079723268747329712
vn -0.4080645740032196 0.90735435485839844 0.10095243155956268
vn -0.58568233251571655 0.80249518156051636 0.11391949653625488
vn -0.6626402735710144 0.73994684219360352 0.11570015549659729
vn -0.77259773015975952 0.62626898288726807 0.10430688410997391
vn -0.7990153431892395 0.59306377172470093 0.099246159195899963
vn -0.82321321964263916 0.56020867824554443 0.092120803892612457
vn -0.84025841951370239 0.53537470102310181 0.085672266781330109
vn -0.85524344444274902 0.51214820146560669 0.07913815975189209
vn -0.87024033069610596 0.48733308911323547 0.072029486298561096
vn -0.89079976081848145 0.4507598876953125 0.057369723916053772
vn -0.90210449695587158 0.42863976955413818 0.049753766506910324
vn -0.92180389165878296 0.38661330938339233 0.028419941663742065
vn -0.95617055892944336 0.286590576171875 -0.060030926018953323
vn -0.95246410369873047 0.29745295643806458 -0.06583259254693985
vn -0.94704431295394897 0.31242483854293823 -0.074147462844848633
vn -0.9413444995880127 0.32729354500770569 -0.082154817879199982
vn -0.93468284606933594 0.34370517730712891 -0.090745396912097931
vn -0.92715293169021606 0.36146757006645203 -0.098633885383605957
vn -0.92010152339935303 0.3772527277469635 -0.10532589256763458
vn -0.91191774606704712 0.39449670910835266 -0.11304143816232681
vn -0.90626472234725952 0.40549442172050476 -0.11940930783748627
vn -0.88878363370895386 0.43862950801849365 -0.13292050361633301
vn -0.8775709867477417 0.45920407772064209 -0.13784316182136536
vn -0.86256730556488037 0.48439782857894897 -0.14606998860836029
vn -0.82607513666152954 0.54024434089660645 -0.16042424738407135
vn -0.80440324544906616 0.5700337290763855 -0.16732296347618103
vn -0.77840119600296021 0.60334998369216919 -0.17337927222251892
vn -0.74787545204162598 0.63938254117965698 -0.17852815985679626
vn -0.67064464092254639 0.71829617023468018 -0.18516582250595093
vn -0.62478387355804443 0.7581944465637207 -0.1865108460187912
vn -0.50669097900390625 0.84218090772628784 -0.18437880277633667
vn -0.42938512563705444 0.88590109348297119 -0.175521120429039
vn -0.28797981142997742 0.9458959698677063 -0.14949382841587067
vn -0.20999296009540558 0.96930032968521118 -0.12790565192699432
vn -0.13743756711483002 0.98552727699279785 -0.099231690168380737
vn -0.099267005920410156 0.99153816699981689 -0.083654515445232391
vn -0.073286071419715881 0.99496281147003174 -0.068397283554077148
vn -0.058125510811805725 0.99691510200500488 -0.052741628140211105
vn -0.073963657021522522 0.99725443124771118 0.0036007077433168888
vn -0.17037789523601532 0.98426932096481323 0.046746890991926193
vn -0.38429901003837585 0.918346107006073 0.094629555940628052
vn -0.58985310792922974 0.79941278696060181 0.11407247185707092
vn -0.6898459792137146 0.71509057283401489 0.11295116692781448
vn -0.728779137134552 0.6757349967956543 0.11073929071426392
vn -0.76252126693725586 0.63803082704544067 0.10713538527488708
vn -0.79081279039382935 0.60358572006225586 0.10148605704307556
vn -0.81143444776535034 0.57637327909469604 0.096788182854652405
vn -0.82994580268859863 0.55037856101989746 0.090958520770072937
vn -0.86063605546951294 0.50305277109146118 0.079015448689460754
vn -0.87576693296432495 0.47732135653495789 0.072087548673152924
vn -0.88388460874557495 0.46318531036376953 0.064863972365856171
vn -0.89616143703460693 0.43998217582702637 0.05753616988658905
vn -0.90688282251358032 0.41835939884185791 0.050388459116220474
vn -0.92581212520599365 0.37680771946907043 0.029797179624438286
vn -0.95869624614715576 0.27798527479171753 -0.060213785618543625
vn -0.9558073878288269 0.28676402568817139 -0.064796842634677887
vn -0.95078980922698975 0.30116832256317139 -0.072776235640048981
vn -0.94532030820846558 0.31602632999420166 -0.08060319721698761
vn -0.93967217206954956 0.33079800009727478 -0.087114013731479645
vn -0.93393492698669434 0.34502020478248596 -0.093416348099708557
vn -0.92599314451217651 0.36336538195610046 -0.10248091816902161
vn -0.91706556081771851 0.38287100195884705 -0.11135786771774292
vn -0.91241085529327393 0.39206269383430481 -0.1174449548125267
vn -0.89979404211044312 0.4178166389465332 -0.12569792568683624
vn -0.87797725200653076 0.45828181505203247 -0.13832484185695648
vn -0.86513227224349976 0.47983378171920776 -0.14596487581729889
vn -0.77924889326095581 0.60231024026870728 -0.17318630218505859
vn -0.74715298414230347 0.64020121097564697 -0.17861902713775635
vn -0.71055716276168823 0.67948848009109497 -0.1827675849199295
vn -0.62258034944534302 0.75975275039672852 -0.18753533065319061
vn -0.46951335668563843 0.86480432748794556 -0.17796269059181213
vn -0.1617504358291626 0.9799460768699646 -0.11637194454669952
vn -0.11040099710226059 0.98908311128616333 -0.097602322697639465
vn -0.051069814711809158 0.99688261747360229 -0.060140460729598999
vn -0.041659355163574219 0.99820691347122192 -0.042981512844562531
vn -0.053549256175756454 0.99856293201446533 -0.0021391110494732857
vn -0.083056487143039703 0.99645507335662842 0.013373849913477898
vn -0.19678737223148346 0.97895354032516479 0.054079923778772354
vn -0.26220148801803589 0.96237409114837646 0.07131938636302948
vn -0.39647021889686584 0.91297078132629395 0.09641420841217041
vn -0.75283622741699219 0.64932280778884888 0.10778462141752243
vn -0.78304445743560791 0.61326444149017334 0.10367300361394882
vn -0.81041151285171509 0.57761615514755249 0.097942657768726349
vn -0.83465868234634399 0.54306840896606445 0.09176933765411377
vn -0.8489651083946228 0.52149689197540283 0.085435874760150909
vn -0.86595416069030762 0.49386289715766907 0.078884914517402649
vn -0.88913607597351074 0.45299270749092102 0.065073981881141663
vn -0.90103739500045776 0.42985302209854126 0.057948026806116104
vn -0.91126930713653564 0.40862399339675903 0.051133878529071808
vn -0.92098838090896606 0.38703998923301697 0.044502072036266327
vn -0.92958885431289673 0.36727917194366455 0.03115389496088028
vn -0.96072721481323242 0.27087131142616272 -0.060265254229307175
vn -0.95845222473144531 0.27802622318267822 -0.063802517950534821
vn -0.95463550090789795 0.28935912251472473 -0.070301733911037445
vn -0.94897019863128662 0.30531972646713257 -0.078964874148368835
vn -0.94684398174285889 0.31014195084571838 -0.085431121289730072
vn -0.93119668960571289 0.34984046220779419 -0.10239314287900925
vn -0.9238089919090271 0.36737456917762756 -0.10776284337043762
vn -0.90180438756942749 0.41317757964134216 -0.12662182748317719
vn -0.89027029275894165 0.43568909168243408 -0.13264177739620209
vn -0.85343807935714722 0.49858549237251282 -0.15184199810028076
vn -0.83085983991622925 0.53300398588180542 -0.15993347764015198
vn -0.80590540170669556 0.56796520948410034 -0.16712869703769684
vn -0.78003048896789551 0.60119080543518066 -0.17355693876743317
vn -0.75091522932052612 0.63615763187408447 -0.17728443443775177
vn -0.71044975519180298 0.6797940731048584 -0.18204720318317413
vn -0.44528111815452576 0.87862110137939453 -0.17248091101646423
vn -0.31923732161521912 0.93500345945358276 -0.15445420145988464
vn -0.27419900894165039 0.94986188411712646 -0.15025758743286133
vn -0.19962041079998016 0.97066324949264526 -0.13403208553791046
vn -0.028971634805202484 0.99828702211380005 -0.050829432904720306
vn -0.14382222294807434 0.98887854814529419 0.037872597575187683
vn -0.2179197371006012 0.97402894496917725 0.061470761895179749
vn -0.32816016674041748 0.94080501794815063 0.084834009408950806
vn -0.38594430685043335 0.91784858703613281 0.092741228640079498
vn -0.45081949234008789 0.88713240623474121 0.098781749606132507
vn -0.58828204870223999 0.80070024728775024 0.11315204948186874
vn -0.63653743267059326 0.76249825954437256 0.11582963168621063
vn -0.70945441722869873 0.69512975215911865 0.11605621874332428
vn -0.77533817291259766 0.62232393026351929 0.10753428936004639
vn -0.79783546924591064 0.59406185150146484 0.10270878672599792
vn -0.81858348846435547 0.5660969614982605 0.097238324582576752
vn -0.83995771408081055 0.53489172458648682 0.091443255543708801
vn -0.85418570041656494 0.51291120052337646 0.085374698042869568
vn -0.8808598518371582 0.46784210205078125 0.072178035974502563
vn -0.89405357837677002 0.44314423203468323 0.065508976578712463
vn -0.90559327602386475 0.42008271813392639 0.058577809482812881
vn -0.9154013991355896 0.39917659759521484 0.051945041865110397
vn -0.93313694000244141 0.35804802179336548 0.032513100653886795
vn -0.96260327100753784 0.26362308859825134 -0.062432378530502319
vn -0.95925301313400269 0.27438449859619141 -0.067430108785629272
vn -0.95357602834701538 0.29100427031517029 -0.077519789338111877
vn -0.93752586841583252 0.33358702063560486 -0.098817519843578339
vn -0.91576224565505981 0.38312318921089172 -0.12081456184387207
vn -0.90275144577026367 0.41032299399375916 -0.129131019115448
vn -0.87355059385299683 0.46471214294433594 -0.14474797248840332
vn -0.85595619678497314 0.49405506253242493 -0.1524747759103775
vn -0.80865448713302612 0.56443452835083008 -0.16580574214458466
vn -0.68890911340713501 0.70185607671737671 -0.18111409246921539
vn -0.62847745418548584 0.75535804033279419 -0.18560802936553955
vn -0.48887816071510315 0.85260701179504395 -0.18455199897289276
vn -0.42985230684280396 0.88539868593215942 -0.17690709233283997
vn -0.29336017370223999 0.94288480281829834 -0.15782299637794495
vn -0.22195456922054291 0.96462815999984741 -0.14222763478755951
vn -0.15703907608985901 0.97940289974212646 -0.1269201934337616
vn -0.050281491130590439 0.99539345502853394 -0.081631474196910858
vn 0.0019497353350743651 0.99898535013198853 -0.044994495809078217
vn -0.036414504051208496 0.99931138753890991 0.0071216844953596592
vn -0.072913356125354767 0.99709486961364746 0.0220333281904459
vn -0.16917242109775543 0.98429280519485474 0.050481490790843964
vn -0.26197850704193115 0.96224576234817505 0.073826640844345093
vn -0.39040768146514893 0.91586238145828247 0.093690760433673859
vn -0.52443766593933105 0.84456110000610352 0.10808191448450089
vn -0.79468375444412231 0.59806180000305176 0.10392225533723831
vn -0.79818129539489746 0.59362626075744629 0.10254009068012238
vn -0.8213382363319397 0.56217741966247559 0.096747420728206635
vn -0.84431678056716919 0.52790683507919312 0.091888807713985443
vn -0.85956966876983643 0.50383907556533813 0.085359171032905579
vn -0.87684011459350586 0.47435200214385986 0.078368552029132843
vn -0.88580030202865601 0.45840737223625183 0.07225315272808075
vn -0.89879536628723145 0.4333970844745636 0.065832413733005524
vn -0.90984922647476196 0.4106784462928772 0.059309758245944977
vn -0.91915214061737061 0.39029628038406372 0.053180359303951263
vn -0.92881882190704346 0.36755082011222839 0.046925656497478485
vn -0.92484372854232788 0.3776060938835144 0.045581907033920288
vn -0.93646681308746338 0.34912386536598206 0.0338006392121315
vn -0.96489876508712769 0.2553514838218689 -0.061367891728878021
vn -0.96252161264419556 0.26309883594512939 -0.065811611711978912
vn -0.95878618955612183 0.274748295545578 -0.072404384613037109
vn -0.95441114902496338 0.28760185837745667 -0.079903088510036469
vn -0.94303923845291138 0.31872695684432983 -0.095342405140399933
vn -0.93583923578262329 0.33700859546661377 -0.10310236364603043
vn -0.90387755632400513 0.40750107169151306 -0.13018549978733063
vn -0.87531507015228271 0.46116170287132263 -0.14544224739074707
vn -0.8579477071762085 0.49052193760871887 -0.15268915891647339
vn -0.83714056015014648 0.5228266716003418 -0.16077300906181335
vn -0.80703091621398926 0.56665647029876709 -0.16613708436489105
vn -0.76811361312866211 0.61631554365158081 -0.17365668714046478
vn -0.72192245721817017 0.66773182153701782 -0.18155489861965179
vn -0.60476434230804443 0.77387291193008423 -0.18809783458709717
vn -0.53704160451889038 0.82280552387237549 -0.18594990670681
vn -0.46267971396446228 0.86802756786346436 -0.18015436828136444
vn -0.38009944558143616 0.90862590074539185 -0.17298388481140137
vn -0.30193924903869629 0.93928933143615723 -0.1629975289106369
vn -0.23532897233963013 0.96032750606536865 -0.14963744580745697
vn -0.17812849581241608 0.97448545694351196 -0.13655894994735718
vn -0.11856020987033844 0.98582631349563599 -0.11870098859071732
vn 0.013617796823382378 0.9992794394493103 -0.035427592694759369
vn -0.014190472662448883 0.99989867210388184 -0.0011051900219172239
vn -0.09117705374956131 0.99533724784851074 0.03147265687584877
vn -0.13792240619659424 0.98927563428878784 0.048074595630168915
vn -0.19814187288284302 0.9782259464263916 0.061755754053592682
vn -0.32557949423789978 0.94148731231689453 0.087175808846950531
vn -0.46493425965309143 0.87899547815322876 0.10584448277950287
vn -0.53323256969451904 0.83805465698242188 0.11544416844844818
vn -0.63912123441696167 0.75999391078948975 0.11803945153951645
vn -0.73600715398788452 0.66744071245193481 0.11320936679840088
vn -0.82472193241119385 0.55669808387756348 0.099604234099388123
vn -0.86574506759643555 0.49315309524536133 0.085354894399642944
vn -0.883553147315979 0.46178975701332092 0.078000389039516449
vn -0.89099133014678955 0.44826671481132507 0.072051212191581726
vn -0.90346258878707886 0.42353186011314392 0.066152311861515045
vn -0.91330355405807495 0.40270298719406128 0.06088406965136528
vn -0.92959731817245483 0.36524313688278198 0.049459584057331085
vn -0.93970924615859985 0.34021967649459839 0.034599743783473969
vn -0.96661943197250366 0.24831761419773102 -0.063128866255283356
vn -0.96619492769241333 0.24880322813987732 -0.067559882998466492
vn -0.96235716342926025 0.26164433360099792 -0.073559001088142395
vn -0.95883649587631226 0.27347120642662048 -0.076459482312202454
vn -0.94918298721313477 0.30230289697647095 -0.087547779083251953
vn -0.947956383228302 0.30502334237098694 -0.09132087230682373
vn -0.94218194484710693 0.32023060321807861 -0.098719201982021332
vn -0.92469698190689087 0.36290845274925232 -0.11503437161445618
vn -0.8604971170425415 0.48639896512031555 -0.15152807533740997
vn -0.84106487035751343 0.51722759008407593 -0.15838402509689331
vn -0.75959157943725586 0.62530052661895752 -0.17894093692302704
vn -0.68850356340408325 0.70148271322250366 -0.18407823145389557
vn -0.61722350120544434 0.76368463039398193 -0.18926423788070679
vn -0.51106876134872437 0.84049355983734131 -0.1799425333738327
vn -0.43861517310142517 0.88130372762680054 -0.17584227025508881
vn -0.2367805689573288 0.96029376983642578 -0.14754940569400787
vn -0.17431589961051941 0.97561800479888916 -0.13335484266281128
vn -0.066003575921058655 0.99281829595565796 -0.099776461720466614
vn -0.00011343049845891073 0.99713611602783203 -0.075627520680427551
vn 0.024998672306537628 0.99932825565338135 -0.026796519756317139
vn 0.014210578054189682 0.99984210729598999 -0.010671148076653481
vn -0.0095273060724139214 0.99994581937789917 0.0041959453374147415
vn -0.082875020802021027 0.99599224328994751 0.033632960170507431
vn -0.19145026803016663 0.97949177026748657 0.062790296971797943
vn -0.25448030233383179 0.96405136585235596 0.076451107859611511
vn -0.32350873947143555 0.94205248355865479 0.088765174150466919
vn -0.39696872234344482 0.91262125968933105 0.097663968801498413
vn -0.47431430220603943 0.8738018274307251 0.10722065716981888
vn -0.55511987209320068 0.82413315773010254 0.11245661228895187
vn -0.61901909112930298 0.77686744928359985 0.11529263854026794
vn -0.71755439043045044 0.68711197376251221 0.11398622393608093
vn -0.78668880462646484 0.60820716619491577 0.10585266351699829
vn -0.84763878583908081 0.52221262454986572 0.093821398913860321
vn -0.86323815584182739 0.49689778685569763 0.088952295482158661
vn -0.87731307744979858 0.47248402237892151 0.084146670997142792
vn -0.89708602428436279 0.43603396415710449 0.071491904556751251
vn -0.90746724605560303 0.41486826539039612 0.066238783299922943
vn -0.91546851396560669 0.39764410257339478 0.061615847051143646
vn -0.92705178260803223 0.37038499116897583 0.058222759515047073
vn -0.92435741424560547 0.37733113765716553 0.05643245205283165
vn -0.94278556108474731 0.3314780592918396 0.035744849592447281
vn -0.96874654293060303 0.23991213738918304 -0.063026316463947296
vn -0.96379435062408447 0.25626116991043091 -0.073692642152309418
vn -0.9591834545135498 0.27135163545608521 -0.079595513641834259
vn -0.95391666889190674 0.28789243102073669 -0.084622673690319061
vn -0.94449698925018311 0.31302705407142639 -0.099697187542915344
vn -0.90637660026550293 0.40174651145935059 -0.13069513440132141
vn -0.87788587808609009 0.45625185966491699 -0.14543256163597107
vn -0.86179709434509277 0.48431318998336792 -0.15081946551799774
vn -0.8181004524230957 0.55042034387588501 -0.16658058762550354
vn -0.72149366140365601 0.66813713312149048 -0.1817680299282074
vn -0.67543470859527588 0.71366280317306519 -0.18567001819610596
vn -0.48219895362854004 0.85615456104278564 -0.18569754064083099
vn -0.42122790217399597 0.88886541128158569 -0.18023693561553955
vn -0.36889144778251648 0.91363739967346191 -0.17083838582038879
vn -0.30330649018287659 0.939250648021698 -0.16066557168960571
vn -0.23749329149723053 0.96019589900970459 -0.14704003930091858
vn -0.072950795292854309 0.99162620306015015 -0.10656268894672394
vn 0.024442419409751892 0.99750381708145142 -0.066247701644897461
vn 0.039407070726156235 0.99794465303421021 -0.050532564520835876
vn -0.078363306820392609 0.99621409177780151 0.037638969719409943
vn -0.18734142184257507 0.98016870021820068 0.064594589173793793
vn -0.25201490521430969 0.96457785367965698 0.077962107956409454
vn -0.52470672130584717 0.84397411346435547 0.111313097178936
vn -0.59406942129135132 0.79672271013259888 0.11097064614295959
vn -0.77014774084091187 0.62858009338378906 0.108441561460495
vn -0.7944905161857605 0.59815764427185059 0.10484365373849869
vn -0.8215712308883667 0.56110543012619019 0.10090304166078568
vn -0.83743244409561157 0.53799492120742798 0.096272371709346771
vn -0.86897993087768555 0.48689162731170654 0.08837677538394928
vn -0.89830774068832397 0.43263557553291321 0.076613642275333405
vn -0.90600168704986572 0.41750237345695496 0.069661222398281097
vn -0.9176565408706665 0.3922305703163147 0.063730984926223755
vn -0.93182164430618286 0.35923275351524353 0.051577389240264893
vn -0.93882232904434204 0.34119203686714172 0.046910285949707031
vn -0.94563013315200806 0.3231351375579834 0.036977563053369522
vn -0.97037357091903687 0.23309268057346344 -0.063584193587303162
vn -0.96795094013214111 0.24183529615402222 -0.067725010216236115
vn -0.9653664231300354 0.25005576014518738 -0.074429787695407867
vn -0.96069043874740601 0.26575672626495361 -0.08029504120349884
vn -0.94596445560455322 0.30824315547943115 -0.10068471729755402
vn -0.92462223768234253 0.36141327023506165 -0.12022531032562256
vn -0.90344619750976562 0.40676546096801758 -0.13537652790546417
vn -0.89050287008285522 0.43227830529212952 -0.14191591739654541
vn -0.87763833999633789 0.45622345805168152 -0.14700719714164734
vn -0.84219425916671753 0.51531898975372314 -0.15860369801521301
vn -0.78973698616027832 0.58860290050506592 -0.172806516289711
vn -0.75593864917755127 0.62991231679916382 -0.1782337874174118
vn -0.7255929708480835 0.66375815868377686 -0.18149374425411224
vn -0.65498143434524536 0.73258012533187866 -0.18527202308177948
vn -0.55139762163162231 0.81354755163192749 -0.18466478586196899
vn -0.44125482439994812 0.87979578971862793 -0.17678689956665039
vn -0.29518979787826538 0.94242674112319946 -0.15714596211910248
vn -0.2425641268491745 0.95806318521499634 -0.15256999433040619
vn -0.13236804306507111 0.98234188556671143 -0.1322237104177475
vn -0.033310871571302414 0.99434119462966919 -0.10087604820728302
vn -0.0046714111231267452 0.99605667591094971 -0.088596418499946594
vn 0.046183265745639801 0.99719512462615967 -0.058898176997900009
vn 0.054887950420379639 0.99754792451858521 -0.043421648442745209
vn 0.034722782671451569 0.99935436248779297 -0.0092277806252241135
vn -9.4805054686730728E-06 0.99983674287796021 0.0180687066167593
vn -0.074536330997943878 0.9964137077331543 0.040051396936178207
vn -0.18347349762916565 0.98087400197982788 0.064989812672138214
vn -0.25199905037879944 0.96450144052505493 0.078951932489871979
vn -0.33859175443649292 0.93639183044433594 0.092336088418960571
vn -0.41883623600006104 0.90233290195465088 0.10184086114168167
vn -0.49613606929779053 0.86128020286560059 0.10975136607885361
vn -0.56778168678283691 0.81516021490097046 0.11461991816759109
vn -0.69312268495559692 0.71158695220947266 0.11499976366758347
vn -0.7666211724281311 0.63265532255172729 0.10972330719232559
vn -0.88078397512435913 0.4656711220741272 0.085848413407802582
vn -0.89008814096450806 0.44852018356323242 0.081072352826595306
vn -0.9106789231300354 0.40708404779434204 0.070331133902072906
vn -0.93035954236984253 0.36184617877006531 0.059147480875253677
vn -0.9346320629119873 0.35164415836334229 0.053002536296844482
vn -0.94156074523925781 0.333415687084198 0.047930609434843063
vn -0.94830465316772461 0.31506597995758057 0.038101103156805038
vn -0.97190564870834351 0.22638405859470367 -0.06441749632358551
vn -0.96223503351211548 0.25989973545074463 -0.080968625843524933
vn -0.95835000276565552 0.271596759557724 -0.08832048624753952
vn -0.94700109958648682 0.30507156252861023 -0.1005992665886879
vn -0.94032561779022217 0.3228813111782074 -0.10740302503108978
vn -0.93243658542633057 0.34290492534637451 -0.11392181366682053
vn -0.91295987367630005 0.38710469007492065 -0.12905104458332062
vn -0.89147353172302246 0.43067625164985657 -0.14068737626075745
vn -0.86182427406311035 0.4835125207901001 -0.153214231133461
vn -0.75679123401641846 0.62901496887207031 -0.1777840256690979
vn -0.71315443515777588 0.67680567502975464 -0.18260574340820312
vn -0.58514171838760376 0.78929978609085083 -0.18605117499828339
vn -0.50690352916717529 0.84221655130386353 -0.18363027274608612
vn -0.42089319229125977 0.88952809572219849 -0.17773202061653137
vn -0.33108323812484741 0.92858326435089111 -0.16768109798431396
vn -0.24090026319026947 0.95838838815689087 -0.15316243469715118
vn -0.20709781348705292 0.96759170293807983 -0.14448784291744232
vn -0.077248319983482361 0.98993855714797974 -0.118551105260849
vn -0.028002355247735977 0.99427968263626099 -0.10307182371616364
vn 0.054400663822889328 0.998451828956604 -0.01160008367151022
vn -0.016503762453794479 0.99955219030380249 0.024960165843367577
vn -0.1534145325422287 0.98618400096893311 0.06249082088470459
vn -0.37941116094589233 0.92018604278564453 0.0964617058634758
vn -0.45822057127952576 0.88257580995559692 0.10532749444246292
vn -0.658233642578125 0.74335312843322754 0.11897312104701996
vn -0.77932870388031006 0.61659204959869385 0.11162890493869781
vn -0.8297998309135437 0.54879558086395264 0.10127034783363342
vn -0.90295135974884033 0.42300623655319214 0.075792737305164337
vn -0.91438239812850952 0.39865568280220032 0.0705580934882164
vn -0.92461401224136353 0.37535262107849121 0.064802207052707672
vn -0.93365669250488281 0.35306590795516968 0.060246307402849197
vn -0.93782675266265869 0.34289154410362244 0.053910441696643829
vn -0.95081615447998047 0.3072858452796936 0.039038471877574921
vn -0.97350317239761353 0.21938204765319824 -0.06452169269323349
vn -0.95963042974472046 0.26686972379684448 -0.088825315237045288
vn -0.92554169893264771 0.35766762495040894 -0.12428375333547592
vn -0.91618829965591431 0.37855905294418335 -0.13149936497211456
vn -0.90666806697845459 0.39984685182571411 -0.13444502651691437
vn -0.84518074989318848 0.50953090190887451 -0.16139309108257294
vn -0.82163524627685547 0.54529803991317749 -0.16602887213230133
vn -0.79284465312957764 0.58500844240188599 -0.17077009379863739
vn -0.75602573156356812 0.6299557089805603 -0.17771017551422119
vn -0.61658459901809692 0.76516753435134888 -0.18531617522239685
vn -0.46197858452796936 0.86815285682678223 -0.18134601414203644
vn -0.37399327754974365 0.91079968214035034 -0.17485141754150391
vn -0.28513157367706299 0.94414764642715454 -0.16518227756023407
vn -0.14760614931583405 0.97976142168045044 -0.13520343601703644
vn -0.070312522351741791 0.99019956588745117 -0.12066864967346191
vn -0.022630453109741211 0.99435937404632568 -0.10362076014280319
vn 0.060102082788944244 0.99819225072860718 -5.6210341426776722E-05
vn 0.025689918547868729 0.99959611892700195 0.012150278314948082
vn -0.13384775817394257 0.98908042907714844 0.061682499945163727
vn -0.26940491795539856 0.959098219871521 0.08690015971660614
vn -0.45570161938667297 0.8839801549911499 0.1044754832983017
vn -0.51713812351226807 0.84914487600326538 0.10733658820390701
vn -0.62022227048873901 0.77606189250946045 0.11424653977155685
vn -0.6773684024810791 0.72670519351959229 0.11433134227991104
vn -0.71030890941619873 0.69402605295181274 0.1174270361661911
vn -0.81192803382873535 0.57383602857589722 0.10716835409402847
vn -0.88075441122055054 0.4652213454246521 0.088547907769680023
vn -0.92217057943344116 0.38053947687149048 0.06921812891960144
vn -0.92650514841079712 0.370493084192276 0.065749935805797577
vn -0.94187718629837036 0.3316788375377655 0.053446289151906967
vn -0.95311248302459717 0.30000519752502441 0.039666358381509781
vn -0.97492069005966187 0.2130938321352005 -0.064192816615104675
vn -0.96356713771820068 0.25355449318885803 -0.085137978196144104
vn -0.95858472585678101 0.26942220330238342 -0.092341728508472443
vn -0.90895563364028931 0.39518052339553833 -0.13278576731681824
vn -0.89426583051681519 0.42451688647270203 -0.14168301224708557
vn -0.85382479429244995 0.49618452787399292 -0.15742991864681244
vn -0.82411199808120728 0.54206264019012451 -0.16433961689472198
vn -0.70404577255249023 0.68657201528549194 -0.18148954212665558
vn -0.64744335412979126 0.73925894498825073 -0.18523848056793213
vn -0.57965290546417236 0.7934117317199707 -0.18574266135692596
vn -0.41553318500518799 0.89205992221832275 -0.17765489220619202
vn -0.16825065016746521 0.97548574209213257 -0.141842320561409
vn -0.12061679363250732 0.98309993743896484 -0.13771757483482361
vn 0.0064451927319169044 0.9997069239616394 0.023335129022598267
vn -0.039072286337614059 0.99858444929122925 0.036090083420276642
vn -0.12509772181510925 0.99015945196151733 0.062728464603424072
vn -0.25504869222640991 0.96367716789245605 0.079224556684494019
vn -0.33756306767463684 0.93694072961807251 0.090516567230224609
vn -0.38411441445350647 0.91808903217315674 0.097819536924362183
vn -0.49575722217559814 0.86150985956192017 0.10966116189956665
vn -0.63969987630844116 0.76014554500579834 0.11385461688041687
vn -0.69479268789291382 0.71010297536849976 0.1140914186835289
vn -0.89050745964050293 0.44680845737457275 0.08578239381313324
vn -0.9111517071723938 0.40522834658622742 0.074783675372600555
vn -0.91683590412139893 0.3922429084777832 0.074548177421092987
vn -0.94696462154388428 0.31719577312469482 0.051428411155939102
vn -0.9533998966217041 0.2983306348323822 0.045027643442153931
vn -0.95494002103805542 0.29411947727203369 0.039790332317352295
vn -0.97612231969833374 0.20719362795352936 -0.065237931907176971
vn -0.97331970930099487 0.21767941117286682 -0.072556421160697937
vn -0.9664422869682312 0.24261151254177094 -0.084432847797870636
vn -0.95751583576202393 0.2716062068939209 -0.096920154988765717
vn -0.93716365098953247 0.32828834652900696 -0.11811444163322449
vn -0.92926287651062012 0.34739404916763306 -0.12565001845359802
vn -0.91899824142456055 0.37217983603477478 -0.13009385764598846
vn -0.90451765060424805 0.40328866243362427 -0.13858602941036224
vn -0.7499963641166687 0.63775837421417236 -0.17541287839412689
vn -0.7324562668800354 0.65603452920913696 -0.18200701475143433
vn -0.67854797840118408 0.7106928825378418 -0.18571016192436218
vn -0.53981465101242065 0.82094275951385498 -0.18615353107452393
vn -0.36890488862991333 0.91266173124313354 -0.17594811320304871
vn -0.32757362723350525 0.9297785758972168 -0.16795049607753754
vn -0.24387581646442413 0.95724940299987793 -0.15555772185325623
vn -0.063713081181049347 0.99027055501937866 -0.12371308356523514
vn -0.012258692644536495 0.99372035264968872 -0.11121871322393417
vn 0.033492714166641235 0.99486786127090454 -0.095478802919387817
vn 0.069835111498832703 0.99438881874084473 -0.079460278153419495
vn 0.11060834676027298 0.9932708740234375 -0.034333933144807816
vn 0.11021427065134048 0.9936862587928772 -0.02098570391535759
vn 0.069473899900913239 0.99757355451583862 0.0045186006464064121
vn -0.062839224934577942 0.99656420946121216 0.053953796625137329
vn -0.28522935509681702 0.95431017875671387 0.08908582478761673
vn -0.369538813829422 0.9237830638885498 0.10032917559146881
vn -0.53210508823394775 0.83868527412414551 0.11606539040803909
vn -0.60250210762023926 0.78907322883605957 0.1198107972741127
vn -0.66200143098831177 0.73971927165985107 0.12070411443710327
vn -0.71216851472854614 0.69166362285614014 0.12007264047861099
vn -0.74985760450363159 0.65077173709869385 0.11920435726642609
vn -0.81640875339508057 0.56753647327423096 0.10667255520820618
vn -0.84293937683105469 0.52834868431091309 0.10149302333593369
vn -0.88354694843292236 0.45918753743171692 0.092149734497070312
vn -0.89904284477233887 0.42925304174423218 0.086393401026725769
vn -0.91188263893127441 0.40249994397163391 0.080398328602313995
vn -0.92276906967163086 0.37812158465385437 0.074305720627307892
vn -0.93204659223556519 0.35582110285758972 0.068414092063903809
vn -0.95147579908370972 0.30335056781768799 0.051694128662347794
vn -0.9566115140914917 0.28835618495941162 0.041774705052375793
vn -0.9772026538848877 0.20209087431430817 -0.065070986747741699
vn -0.97555512189865112 0.20823079347610474 -0.070229373872280121
vn -0.97252058982849121 0.22003385424613953 -0.076084047555923462
vn -0.96908301115036011 0.23262873291969299 -0.082231022417545319
vn -0.9652482271194458 0.24593813717365265 -0.088376149535179138
vn -0.96096211671829224 0.26007989048957825 -0.094394192099571228
vn -0.95597773790359497 0.27571201324462891 -0.10044638067483902
vn -0.95005142688751221 0.2931218147277832 -0.10715354979038239
vn -0.94308358430862427 0.31218215823173523 -0.11461062729358673
vn -0.9347342848777771 0.33402064442634583 -0.12125182896852493
vn -0.92558097839355469 0.35610413551330566 -0.12841227650642395
vn -0.91302621364593506 0.38444593548774719 -0.13632464408874512
vn -0.89835953712463379 0.4147772490978241 -0.14460274577140808
vn -0.88012737035751343 0.44940170645713806 -0.15301617980003357
vn -0.85804963111877441 0.48756390810012817 -0.16134512424468994
vn -0.83114945888519287 0.52980327606201172 -0.16881655156612396
vn -0.79846853017807007 0.57564133405685425 -0.17630952596664429
vn -0.75822591781616211 0.62564730644226074 -0.18346372246742249
vn -0.70846110582351685 0.67989987134933472 -0.1892591267824173
vn -0.64815729856491089 0.73667043447494507 -0.19289571046829224
vn -0.57710891962051392 0.79323875904083252 -0.19421002268791199
vn -0.49698880314826965 0.84624826908111572 -0.19200527667999268
vn -0.41013363003730774 0.89294105768203735 -0.18559820950031281
vn -0.32091876864433289 0.93054592609405518 -0.17633886635303497
vn -0.23511342704296112 0.9578779935836792 -0.16489814221858978
vn -0.15546630322933197 0.97611808776855469 -0.1517355740070343
vn -0.085549168288707733 0.98686701059341431 -0.13702143728733063
vn -0.026499340310692787 0.99235415458679199 -0.12054485827684402
vn 0.022788498550653458 0.99420970678329468 -0.10501293838024139
vn 0.062846451997756958 0.99392157793045044 -0.09038957953453064
vn 0.091917678713798523 0.99297642707824707 -0.074491262435913086
vn 0.11053451895713806 0.99216508865356445 -0.058228116482496262
vn 0.11959227919578552 0.9918476939201355 -0.043997801840305328
vn 0.11897342652082443 0.99249297380447388 -0.028337318450212479
vn 0.11183841526508331 0.99363017082214355 -0.01382871437817812
vn 0.091024912893772125 0.99584835767745972 -0.00074261653935536742
vn 0.062229789793491364 0.99795591831207275 0.014542101882398129
vn 0.022532640025019646 0.99929237365722656 0.030116528272628784
vn -0.029413303360342979 0.99856853485107422 0.044673405587673187
vn -0.084571927785873413 0.99461489915847778 0.059906784445047379
vn -0.1575731635093689 0.98475384712219238 0.073692701756954193
vn -0.23595966398715973 0.96784454584121704 0.08717801421880722
vn -0.32128512859344482 0.94177204370498657 0.099203199148178101
vn -0.40804955363273621 0.90649145841598511 0.10848385840654373
vn -0.49125531315803528 0.8634762167930603 0.11435475200414658
vn -0.56652319431304932 0.81558054685592651 0.11781300604343414
vn -0.63111340999603271 0.76635092496871948 0.12000909447669983
vn -0.68607521057128906 0.71751666069030762 0.1202937513589859
vn -0.73263365030288696 0.67011284828186035 0.11914994567632675
vn -0.76928895711898804 0.62824517488479614 0.1162000447511673
vn -0.80335885286331177 0.58464068174362183 0.11318047344684601
vn -0.8321651816368103 0.54403543472290039 0.10736165195703506
vn -0.85632014274597168 0.50634753704071045 0.10162662714719772
vn -0.87631362676620483 0.47206449508666992 0.096070550382137299
vn -0.8930201530456543 0.44096183776855469 0.089820221066474915
vn -0.90695732831954956 0.41284650564193726 0.083583049476146698
vn -0.91855120658874512 0.38768342137336731 0.07723516970872879
vn -0.92842668294906616 0.36468547582626343 0.070911556482315063
vn -0.93677657842636108 0.34378647804260254 0.065272323787212372
vn -0.94346779584884644 0.32590153813362122 0.060470622032880783
vn -0.94956123828887939 0.30856302380561829 0.055877797305583954
vn -0.95567840337753296 0.29011669754981995 0.050110764801502228
vn -0.95846158266067505 0.28195708990097046 0.043030098080635071
vn -0.95646995306015015 0.28816252946853638 0.046125777065753937
vn -0.95291620492935181 0.30024728178977966 0.042452860623598099
vn -0.94767582416534424 0.31634384393692017 0.042861159890890121
vn -0.94244968891143799 0.33183839917182922 0.040888387709856033
vn -0.93619531393051147 0.34925568103790283 0.039481360465288162
vn -0.92113524675369263 0.38767072558403015 0.034946039319038391
vn -0.96227520704269409 0.25650003552436829 -0.090742245316505432
vn -0.54410558938980103 0.81844872236251831 -0.18463674187660217
vn -0.91204667091369629 0.40880399942398071 0.032405611127614975
vn -0.55160826444625854 0.81245076656341553 -0.18881756067276001
vn 0.10488414764404297 0.99318784475326538 -0.050766509026288986
vn -0.57075399160385132 0.80021274089813232 -0.18411791324615479
vn -0.67686659097671509 0.71250367164611816 -0.1849057674407959
vn -0.57923394441604614 0.79413765668869019 -0.18393872678279877
vn 0.054128352552652359 0.99818497896194458 -0.026398791000247002
vn 0.072061881422996521 0.99739575386047363 -0.0029615496750921011
vn -0.58964669704437256 0.78678244352340698 -0.18245576322078705
vn -0.94049626588821411 0.32095342874526978 -0.11160514503717422
vn -0.95700985193252563 0.27661603689193726 -0.087267719209194183
vn -0.97011834383010864 0.2296663224697113 -0.07825431227684021
vn -0.016823722049593925 0.99921256303787231 0.035933859646320343
vn -0.58798599243164062 0.78845232725143433 -0.18059736490249634
vn -0.84270423650741577 0.51331734657287598 -0.16234202682971954
vn 0.061080113053321838 0.99689888954162598 -0.049616854637861252
vn -0.76796162128448486 0.63108170032501221 0.10941144824028015
vn -0.78937447071075439 0.58995181322097778 -0.16983744502067566
vn -0.28192299604415894 0.9448816180229187 -0.1664876788854599
vn 0.028649091720581055 0.99865430593490601 -0.043229416012763977
vn 0.058032140135765076 0.99523341655731201 -0.078375563025474548
vn 0.030361322686076164 0.99953019618988037 0.0041902870871126652
vn -0.66816949844360352 0.72010093927383423 -0.1870938241481781
vn -0.7404172420501709 0.66233658790588379 0.11442273855209351
vn -0.8908388614654541 0.45354029536247253 0.02659529447555542
vn 0.017394475638866425 0.99983060359954834 -0.0060205110348761082
vn -0.60544538497924805 0.77492660284042358 -0.18145143985748291
vn -0.6716916561126709 0.7173580527305603 -0.1850074976682663
vn -0.94946843385696411 0.29980826377868652 -0.092869073152542114
vn -0.78974056243896484 0.58832991123199463 -0.17371751368045807
vn -0.9759402871131897 0.20725201070308685 -0.067728832364082336
vn -0.68141573667526245 0.72299134731292725 0.11382509022951126
vn -0.93123292922973633 0.35876545310020447 0.063973426818847656
vn -0.96751433610916138 0.23983383178710938 -0.079973369836807251
vn -0.36263176798820496 0.91599541902542114 -0.17161184549331665
vn -0.92352831363677979 0.3638027012348175 -0.12142109125852585
vn -0.0015613571740686893 0.99960535764694214 -0.028048748150467873
vn -0.59844046831130981 0.78009879589080811 -0.18252371251583099
vn -0.84964394569396973 0.5180133581161499 0.098829708993434906
vn -0.5314173698425293 0.83957910537719727 0.11270523816347122
vn -0.90126967430114746 0.4113118052482605 -0.13614536821842194
vn 0.020802674815058708 0.998008131980896 -0.059556905180215836
vn -0.65159207582473755 0.74995088577270508 0.11402367800474167
vn -0.89709705114364624 0.43429288268089294 0.081281132996082306
vn -0.1087067723274231 0.99278354644775391 0.05063227191567421
vn -0.41368582844734192 0.89502036571502686 -0.16674122214317322
vn -0.93199694156646729 0.34525194764137268 -0.11037586629390717
vn -0.037160612642765045 0.99909818172454834 0.020541731268167496
vn -0.65714532136917114 0.74512755870819092 0.11377599835395813
vn -0.58904850482940674 0.79915904998779297 0.11986096948385239
vn -0.62065809965133667 0.76203656196594238 -0.18461814522743225
vn -0.74764138460159302 0.63986712694168091 -0.17777065932750702
vn -0.028600562363862991 0.99904626607894897 -0.032994210720062256
vn -0.91416347026824951 0.38549068570137024 -0.12530809640884399
vn -0.87805616855621338 0.45643123984336853 -0.14383280277252197
vn -0.0039054206572473049 0.99841266870498657 -0.056185893714427948
vn -0.49565225839614868 0.8516731858253479 -0.17023991048336029
vn -0.62808346748352051 0.75656938552856445 -0.18197239935398102
vn -0.94448614120483398 0.31576445698738098 -0.090767242014408112
vn -0.34383586049079895 0.93409883975982666 0.096105426549911499
vn -0.86393952369689941 0.49533024430274963 0.090865038335323334
vn -0.032408200204372406 0.99527209997177124 -0.091559864580631256
vn -0.39297425746917725 0.91415834426879883 0.099427349865436554
vn -0.87783259153366089 0.47838649153709412 0.023585392162203789
vn -0.68265020847320557 0.70662802457809448 -0.18618689477443695
vn -0.73972851037979126 0.66391491889953613 0.10963006317615509
vn -0.036510985344648361 0.99917697906494141 -0.017672291025519371
vn -0.71755784749984741 0.68746328353881836 0.11182575672864914
vn -0.49555349349975586 0.85227876901626587 -0.16747434437274933
vn -0.89122927188873291 0.43224444985389709 -0.13738682866096497
vn -0.92159473896026611 0.37092873454093933 -0.1143462285399437
vn -0.29847031831741333 0.950367271900177 0.087849751114845276
vn -0.069580554962158203 0.99669080972671509 -0.042024049907922745
vn -0.20845857262611389 0.97607916593551636 0.061761405318975449
vn -0.61507415771484375 0.78001052141189575 0.11518397927284241
vn -0.4590991735458374 0.88229280710220337 0.10386228561401367
vn -0.52985715866088867 0.84076309204101562 0.11121506243944168
vn -0.047815322875976562 0.99650353193283081 -0.068516120314598083
vn -0.057766437530517578 0.99418151378631592 -0.090918682515621185
vn -0.83092701435089111 0.54769772291183472 0.097915731370449066
vn -0.059693269431591034 0.99818211793899536 0.0083189746364951134
vn -0.24482640624046326 0.95921587944030762 -0.14129747450351715
vn -0.54597318172454834 0.8206208348274231 -0.16880366206169128
vn -0.066366404294967651 0.99773180484771729 -0.011260388419032097
vn -0.26491409540176392 0.95360612869262695 -0.14302395284175873
vn -0.5966985821723938 0.7942548394203186 0.11449940502643585
vn -0.68868392705917358 0.70185846090316772 -0.18195904791355133
vn -0.12317465245723724 0.98660111427307129 -0.10698704421520233
vn -0.5471840500831604 0.82933330535888672 0.11311895400285721
vn -0.87921756505966187 0.45566308498382568 -0.13909579813480377
vn -0.96955078840255737 0.23512741923332214 -0.068457059562206268
vn -0.30993357300758362 0.93957698345184326 -0.14538301527500153
vn -0.95043784379959106 0.30790272355079651 0.043172549456357956
vn -0.94504517316818237 0.32423213124275208 0.041990462690591812
vn -0.93973416090011597 0.33959248661994934 0.039706598967313766
vn -0.83037203550338745 0.5524565577507019 0.072622805833816528
vn -0.92523419857025146 0.37766298651695251 0.03622683510184288
vn -0.9167400598526001 0.39806255698204041 0.03367210179567337
vn 0.095253303647041321 0.99539780616760254 -0.01049162819981575
vn -0.9070848822593689 0.41979473829269409 0.031135659664869308
vn -0.58340466022491455 0.7911449670791626 -0.18365372717380524
vn 0.096518553793430328 0.99463242292404175 -0.037289131432771683
vn 0.093328423798084259 0.99347478151321411 -0.065556414425373077
vn 0.084450386464595795 0.99635249376296997 -0.012242798693478107
vn -0.5745576024055481 0.79733657836914062 -0.18476463854312897
vn -0.94539308547973633 0.30662247538566589 -0.11051957309246063
vn 0.034733746200799942 0.99922859668731689 0.018323780968785286
vn 0.08455359935760498 0.99439233541488647 -0.063518717885017395
vn -0.81255537271499634 0.55742043256759644 -0.17040039598941803
vn -0.89659535884857178 0.44195207953453064 0.028197437524795532
vn 0.040529180318117142 0.9991229772567749 0.010521043092012405
vn -0.95117008686065674 0.29419851303100586 -0.093395538628101349
vn -0.75467211008071899 0.64608317613601685 0.11422154307365417
vn -0.91841858625411987 0.37396356463432312 -0.1290678083896637
vn -0.9362713098526001 0.34557232260704041 0.063053630292415619
vn 0.049354098737239838 0.99672770500183105 -0.064015895128250122
vn -0.86379283666610718 0.47860339283943176 -0.15748259425163269
vn -0.6079254150390625 0.77236098051071167 -0.1840793639421463
vn -0.29853171110153198 0.9408910870552063 -0.160008504986763
vn 0.012328701093792915 0.9998319149017334 0.013568839989602566
vn -0.092565752565860748 0.99449414014816284 0.049122735857963562
vn 0.0225367471575737 0.99543851613998413 -0.092705167829990387
vn -0.59810060262680054 0.79271781444549561 0.11778862774372101
vn -0.8927651047706604 0.42713618278503418 -0.14326617121696472
vn -0.93879276514053345 0.32728075981140137 -0.10749602317810059
vn -0.67393708229064941 0.71529078483581543 -0.18484567105770111
vn -0.011500568129122257 0.99987912178039551 -0.010460593737661839
vn -0.87296414375305176 0.4790961742401123 0.091654166579246521
vn -0.69929546117782593 0.70558845996856689 0.1145896390080452
vn -0.35992118716239929 0.91853511333465576 -0.16355416178703308
vn -0.63025116920471191 0.7540321946144104 -0.18498368561267853
vn -0.82227593660354614 0.55928230285644531 0.1051931232213974
vn -0.066049367189407349 0.99706649780273438 0.038676649332046509
vn -0.88452631235122681 0.46581536531448364 0.025084502995014191
vn -0.9154166579246521 0.3819848895072937 -0.12688538432121277
vn 0.011766912415623665 0.99645733833312988 -0.083272285759449005
vn -0.056755237281322479 0.99110239744186401 -0.12039444595575333
vn -0.61143451929092407 0.76969844102859497 -0.1836087703704834
vn -0.97064369916915894 0.2285667359828949 -0.074887208640575409
vn -0.75581282377243042 0.64543098211288452 0.11029864102602005
vn -0.96317493915557861 0.25557580590248108 -0.083516381680965424
vn -0.40767157077789307 0.89847695827484131 -0.1629202663898468
vn -0.6911429762840271 0.71352064609527588 0.11493322998285294
vn -0.41938549280166626 0.90195673704147339 0.10290707647800446
vn -0.45110249519348145 0.88572108745574951 0.10956589877605438
vn -0.049963511526584625 0.99864351749420166 0.014654380269348621
vn -0.63189995288848877 0.75316482782363892 -0.18288025259971619
vn -0.81950235366821289 0.54853916168212891 -0.16589340567588806
vn -0.67073947191238403 0.73263669013977051 0.1155509352684021
vn -0.93399828672409058 0.34091374278068542 -0.10688767582178116
vn -0.69726955890655518 0.69330525398254395 -0.18205222487449646
vn -0.18113783001899719 0.98106926679611206 0.068499520421028137
vn -0.64274287223815918 0.74351316690444946 -0.18458008766174316
vn -0.52185356616973877 0.84616070985794067 0.10807832330465317
vn -0.8769068717956543 0.45856693387031555 -0.14405106008052826
vn -0.94442176818847656 0.32355627417564392 0.058128263801336288
vn -0.025667533278465271 0.99706548452377319 -0.072121821343898773
vn -0.14971587061882019 0.98752903938293457 0.048698879778385162
vn -0.83335578441619873 0.52919459342956543 -0.15959720313549042
vn -0.63858640193939209 0.74765723943710327 -0.18225274980068207
vn -0.53387802839279175 0.8276134729385376 -0.17329202592372894
vn -0.74467283487319946 0.65778583288192749 0.11304943263530731
vn -0.03233250230550766 0.99945086240768433 -0.0072504300624132156
vn -0.49648535251617432 0.86119413375854492 0.10884352028369904
vn -0.5002061128616333 0.8591575026512146 0.10789928585290909
vn -0.60654670000076294 0.78684377670288086 0.11392062902450562
vn -0.92112702131271362 0.38384169340133667 0.064734868705272675
vn -0.39420565962791443 0.91392844915390015 0.096626557409763336
vn -0.92210125923156738 0.37036865949630737 -0.11205525696277618
vn -0.10158719122409821 0.98880434036254883 -0.10929793119430542
vn -0.87090796232223511 0.49095556139945984 0.021953053772449493
vn -0.82814353704452515 0.5370822548866272 -0.16037763655185699
vn -0.097822122275829315 0.9949345588684082 0.023152617737650871
vn -0.85172504186630249 0.51574248075485229 0.092596843838691711
vn -0.078370667994022369 0.99310749769210815 -0.087152391672134399
vn -0.65707743167877197 0.73110336065292358 -0.1836765855550766
vn -0.32592678070068359 0.94169038534164429 0.083612009882926941
vn -0.86984217166900635 0.47178316116333008 -0.14420554041862488
vn -0.64325636625289917 0.75724810361862183 0.11312181502580643
vn -0.28202113509178162 0.9490889310836792 -0.14033621549606323
vn -0.57359409332275391 0.80121749639511108 -0.17041213810443878
vn -0.74023240804672241 0.66324335336685181 0.1102917417883873
vn -0.82476639747619629 0.54207313060760498 -0.16098794341087341
vn -0.14803791046142578 0.98826044797897339 0.037763513624668121
vn -0.34631830453872681 0.93364995718002319 0.091440513730049133
vn -0.74812018871307373 0.63967865705490112 -0.17642967402935028
vn -0.12800887227058411 0.99041330814361572 0.051915243268013
vn -0.12554633617401123 0.9838489294052124 -0.12759073078632355
vn -0.3841368556022644 0.91741305589675903 0.10388512909412384
vn -0.25769037008285522 0.96331787109375 0.074928700923919678
vn -0.93835240602493286 0.33999460935592651 -0.062437135726213455
vn -0.85004401206970215 0.52651530504226685 0.014381853863596916
vn -0.92638695240020752 0.37181004881858826 -0.059703659266233444
vn -0.86363917589187622 0.49981153011322021 0.06569487601518631
vn -0.68249708414077759 0.70854204893112183 -0.17934852838516235
vn -0.82033896446228027 0.57177364826202393 0.010904467664659023
vn -0.83165919780731201 0.550986647605896 0.0689687579870224
vn -0.86828702688217163 0.49410590529441833 0.044011209160089493
vn -0.8496357798576355 0.51332992315292358 -0.12087776511907578
vn -0.89117288589477539 0.450173020362854 -0.056171100586652756
vn -0.69937270879745483 0.69576454162597656 -0.16367490589618683
vn -0.78632968664169312 0.60267442464828491 -0.13590125739574432
vn -0.78776180744171143 0.61594706773757935 0.0063687893562018871
vn -0.84199059009552002 0.52758461236953735 -0.11272218823432922
vn -0.84204119443893433 0.51578629016876221 -0.15789587795734406
vn -0.74148339033126831 0.66146624088287354 0.11253773421049118
vn -0.49250334501266479 0.86346334218978882 0.10895637422800064
vn 0.072005830705165863 0.99707192182540894 -0.025744795799255371
vn -0.62232279777526855 0.76029586791992188 -0.18618404865264893
vn -0.47234147787094116 0.86308151483535767 -0.17884035408496857
vn -0.95289212465286255 0.2864261269569397 -0.099783390760421753
vn -0.72027915716171265 0.66943097114562988 -0.1818244606256485
vn -0.52102714776992798 0.83467304706573486 -0.17847020924091339
vn -0.75663822889328003 0.6449282169342041 0.10754638165235519
vn -0.86794829368591309 0.47228935360908508 -0.15365083515644073
vn 0.072920896112918854 0.9946475625038147 -0.073203414678573608
vn -0.74568909406661987 0.66289019584655762 0.067263863980770111
vn -0.93171787261962891 0.34400078654289246 -0.11647024750709534
vn 0.039001461118459702 0.9961426854133606 -0.078604511916637421
vn 0.0027977502904832363 0.99995583295822144 0.0089717386290431023
vn -0.86504548788070679 0.49212846159934998 0.097498074173927307
vn -0.73810732364654541 0.65106678009033203 -0.17694523930549622
vn -0.82821774482727051 0.55114448070526123 0.10146471858024597
vn -0.86274802684783936 0.4816555380821228 -0.15386278927326202
vn -0.0071670110337436199 0.99456977844238281 -0.10382498055696487
vn -0.63648617267608643 0.76267373561859131 0.11495256423950195
vn -0.1993812620639801 0.96793490648269653 -0.15280406177043915
vn -0.74058711528778076 0.6626855731010437 0.11125888675451279
vn 0.024834549054503441 0.99692940711975098 -0.074262715876102448
vn -0.013202073983848095 0.99906617403030396 -0.04114053025841713
vn -0.67212188243865967 0.7312883734703064 0.1160581037402153
vn -0.79372572898864746 0.58333885669708252 -0.1723809540271759
vn -0.86174923181533813 0.498259037733078 0.0955309197306633
vn -0.079291738569736481 0.98995876312255859 -0.11702346056699753
vn -0.59546691179275513 0.78180539608001709 -0.18493102490901947
vn -0.63665294647216797 0.74857044219970703 -0.18524405360221863
vn -0.56822055578231812 0.8037227988243103 -0.17650787532329559
vn -0.35999816656112671 0.91832536458969116 -0.16455942392349243
vn -0.56932085752487183 0.81425988674163818 0.11337807029485703
vn -0.055818278342485428 0.99768257141113281 -0.038908291608095169
vn -0.67226392030715942 0.73125243186950684 0.11546028405427933
vn -0.95549166202545166 0.28205189108848572 -0.086501225829124451
vn -0.61887633800506592 0.77699840068817139 0.11517609655857086
vn -0.6588330864906311 0.7292822003364563 -0.18462513387203217
vn -0.85744255781173706 0.50639802217483521 0.091396518051624298
vn -0.6057162880897522 0.7746894359588623 -0.18156005442142487
vn -0.56010818481445312 0.82072031497955322 0.11268097907304764
vn -0.33710300922393799 0.92900747060775757 -0.15266519784927368
vn -0.052007265388965607 0.99860429763793945 -0.0092040980234742165
vn -0.71188253164291382 0.67856085300445557 -0.181048184633255
vn -0.40445822477340698 0.90024083852767944 -0.16118305921554565
vn -0.46740636229515076 0.87752163410186768 0.10717755556106567
vn -0.41895249485969543 0.89382100105285645 -0.15988373756408691
vn -0.54453414678573608 0.82544732093811035 -0.14872555434703827
vn -0.78123575448989868 0.60000813007354736 -0.17222362756729126
vn -0.088333718478679657 0.99123436212539673 -0.098242513835430145
vn -0.84981036186218262 0.50449126958847046 -0.15267913043498993
vn -0.56631010770797729 0.81682783365249634 0.10993227362632751
vn -0.19637247920036316 0.9790915846824646 0.053080633282661438
vn -0.49313449859619141 0.86372983455657959 0.10387095063924789
vn -0.52902674674987793 0.84690648317337036 -0.053666908293962479
vn -0.69225430488586426 0.71397805213928223 0.10497315973043442
vn -0.67913389205932617 0.72705614566802979 0.10082925111055374
vn -0.87593048810958862 0.45844656229019165 -0.15024162828922272
vn -0.81847614049911499 0.55018550157546997 -0.16550739109516144
vn -0.10468863695859909 0.98617565631866455 -0.12844410538673401
vn -0.92716419696807861 0.36825346946716309 0.068963654339313507
vn -0.94475603103637695 0.32416835427284241 0.048485737293958664
vn -0.2221195250749588 0.97202843427658081 0.076313093304634094
vn -0.83460754156112671 0.52739298343658447 -0.15901865065097809
vn -0.54831123352050781 0.83417403697967529 -0.059231992810964584
vn -0.88366419076919556 0.45370671153068542 -0.11527271568775177
vn -0.86178326606750488 0.49279472231864929 -0.12034513801336288
vn -0.6090092658996582 0.78651297092437744 0.10249415785074234
vn -0.75925737619400024 0.63369196653366089 -0.14819826185703278
vn -0.73590385913848877 0.65822839736938477 -0.15868470072746277
vn -0.89233613014221191 0.43026214838027954 -0.13642087578773499
vn -0.64005076885223389 0.76372575759887695 0.084011435508728027
vn -0.68481296300888062 0.72277814149856567 0.092860154807567596
vn -0.13217875361442566 0.98998528718948364 0.049577102065086365
vn -0.61409938335418701 0.76667898893356323 -0.187310591340065
vn -0.79472768306732178 0.59447872638702393 -0.12248630076646805
vn -0.6524125337600708 0.73512476682662964 -0.18425372242927551
vn -0.74901688098907471 0.66255086660385132 0.00020701500761788338
vn -0.3260093629360199 0.94149690866470337 0.085448496043682098
vn -0.57028496265411377 0.81384718418121338 0.11148010939359665
vn -0.032700181007385254 0.99906814098358154 0.028169950470328331
vn -0.035443488508462906 0.99464929103851318 -0.097038961946964264
vn -0.65355449914932251 0.73384016752243042 -0.18532441556453705
vn 0.081597626209259033 0.99594545364379883 -0.037874486297369003
vn -0.80262094736099243 0.59380102157592773 0.056567773222923279
vn -0.33246779441833496 0.939350426197052 0.084177911281585693
vn 0.070455677807331085 0.99743461608886719 -0.012658270075917244
vn -0.50698351860046387 0.84264874458312988 -0.18141339719295502
vn -0.51400744915008545 0.83851498365402222 -0.18080097436904907
vn 0.03474532812833786 0.9992174506187439 -0.018900904804468155
vn -0.93439596891403198 0.33621248602867126 -0.11775141954421997
vn -0.53235340118408203 0.82602876424789429 -0.18513874709606171
vn 0.071871452033519745 0.99609994888305664 -0.051180101931095123
vn -0.70316648483276367 0.71092450618743896 -0.011969859711825848
vn 0.042740046977996826 0.99535298347473145 -0.086288824677467346
vn -0.53084260225296021 0.82830852270126343 -0.17919589579105377
vn -0.075737558305263519 0.9960142970085144 0.047110158950090408
vn -0.70388782024383545 0.70103764533996582 0.1144036278128624
vn 0.0072010415606200695 0.99978762865066528 -0.019309438765048981
vn -0.57027286291122437 0.80037254095077515 -0.18491241335868835
vn -0.77360188961029053 0.62415742874145508 0.10939645767211914
vn 0.0086675789207220078 0.99584227800369263 -0.090680897235870361
vn -0.71170985698699951 0.67834782600402832 -0.18251945078372955
vn -0.68140929937362671 0.72320681810379028 0.11248673498630524
vn -0.57619684934616089 0.79669195413589478 -0.18242561817169189
vn -0.92305624485015869 0.36590734124183655 -0.11865510791540146
vn -0.14662244915962219 0.98477292060852051 -0.093402869999408722
vn -0.5669330358505249 0.80358177423477173 -0.18122713267803192
vn -0.0019875033758580685 0.99778926372528076 -0.066427402198314667
vn -0.69952452182769775 0.69182074069976807 -0.17902366816997528
vn -0.65309262275695801 0.75708019733428955 -0.017308812588453293
vn -0.66762113571166992 0.72183376550674438 -0.18231292068958282
vn -0.81635826826095581 0.57655447721481323 0.033824671059846878
vn -0.047327283769845963 0.99858450889587402 -0.024271989241242409
vn -0.6551240086555481 0.73206323385238647 -0.18680453300476074
vn -0.37014278769493103 0.91570496559143066 -0.15645694732666016
vn -0.11770045757293701 0.99239510297775269 0.036035280674695969
vn -0.97134703397750854 0.22756628692150116 -0.068545833230018616
vn -0.40941923856735229 0.89972347021102905 -0.15124022960662842
vn -0.72548955678939819 0.66456830501556396 -0.17892436683177948
vn -0.62423813343048096 0.75993019342422485 -0.18119823932647705
vn -0.074692904949188232 0.99413537979125977 -0.078204058110713959
vn -0.92968356609344482 0.35237297415733337 -0.10733947157859802
vn -0.083198189735412598 0.99644011259078979 -0.013605603948235512
vn -0.62245786190032959 0.76188939809799194 -0.17908307909965515
vn -0.078180290758609772 0.99520081281661987 -0.058848775923252106
vn -0.72408998012542725 0.66928625106811523 -0.16658219695091248
vn -0.90167135000228882 0.42175742983818054 -0.095443576574325562
vn -0.79020881652832031 0.60784107446670532 0.078097507357597351
vn -0.42394620180130005 0.8878135085105896 -0.17904408276081085
vn -0.93851202726364136 0.32919514179229736 -0.10404705256223679
vn -0.18312877416610718 0.97254502773284912 -0.14359679818153381
vn -0.934520423412323 0.35307323932647705 0.044842943549156189
vn -0.94145691394805908 0.32536491751670837 -0.088297821581363678
vn -0.72670942544937134 0.67766499519348145 0.11253253370523453
vn -0.60979592800140381 0.78491610288619995 0.10979835689067841
vn -0.31843572854995728 0.94365543127059937 0.09007253497838974
vn -0.47923097014427185 0.87672597169876099 -0.041100449860095978
vn -0.91933441162109375 0.38777238130569458 -0.06675952672958374
vn -0.81734597682952881 0.57387495040893555 0.051118530333042145
vn -0.75134903192520142 0.63880056142807007 -0.1655549556016922
vn -0.93505537509918213 0.3472839891910553 -0.071170903742313385
vn -0.80672883987426758 0.58567821979522705 0.078546568751335144
vn -0.53347218036651611 0.83819764852523804 0.11327894032001495
vn -0.78797680139541626 0.59851133823394775 -0.14448800683021545
vn -0.67405009269714355 0.73503506183624268 0.073348283767700195
vn -0.9045296311378479 0.40620848536491394 -0.12969492375850677
vn -0.69625979661941528 0.71124225854873657 0.096730217337608337
vn -0.55736887454986572 0.82245129346847534 0.11363887041807175
vn -0.8607105016708374 0.50724190473556519 0.043394424021244049
vn -0.67450135946273804 0.73207962512969971 0.09543251246213913
vn -0.733112633228302 0.67505699396133423 0.082728177309036255
vn -0.28256106376647949 0.95018965005874634 -0.13152499496936798
vn -0.88698619604110718 0.4504198431968689 -0.10186980664730072
vn -0.38720133900642395 0.90638959407806396 -0.16891710460186005
vn -0.92809450626373291 0.35154274106025696 -0.1227123811841011
vn -0.80142438411712646 0.58862411975860596 0.10602176189422607
vn -0.94707822799682617 0.30369609594345093 -0.10397817939519882
vn -0.17500549554824829 0.98382484912872314 0.038232099264860153
vn -0.81976711750030518 0.54829132556915283 -0.16540421545505524
vn -0.84101063013076782 0.54041862487792969 0.025471476837992668
vn -0.20624952018260956 0.97142815589904785 -0.11742419749498367
vn -0.49193671345710754 0.85291552543640137 -0.17473806440830231
vn -0.045238170772790909 0.998848557472229 0.015970759093761444
vn -0.53155779838562012 0.82960134744644165 -0.17090314626693726
vn -0.89438456296920776 0.43982335925102234 0.081435278058052063
vn -0.7027207612991333 0.70858770608901978 0.063929609954357147
vn -0.88992804288864136 0.43467649817466736 -0.13814617693424225
vn -0.17961184680461884 0.97572487592697144 -0.12530167400836945
vn -0.12225419282913208 0.99205005168914795 0.029843693599104881
vn -0.93957042694091797 0.33743011951446533 0.0578652024269104
vn -0.90508091449737549 0.42133888602256775 -0.057463560253381729
vn -0.67367386817932129 0.71593058109283447 -0.18332184851169586
vn -0.63916909694671631 0.7611159086227417 0.11029701679944992
vn -0.74521780014038086 0.66509968042373657 0.047883506864309311
vn -0.25923851132392883 0.95653283596038818 -0.13356764614582062
vn -0.79974347352981567 0.60029041767120361 0.0078596053645014763
vn -0.88438183069229126 0.45308694243431091 -0.1121651753783226
vn -0.66301751136779785 0.74226647615432739 0.097202114760875702
vn -0.75946611166000366 0.62801450490951538 -0.1697319895029068
vn -0.85314911603927612 0.51994293928146362 0.042377859354019165
vn -0.83106648921966553 0.55427294969558716 0.045935124158859253
vn -0.82784032821655273 0.54692888259887695 -0.12469631433486938
vn -0.63795965909957886 0.76859289407730103 0.04766986146569252
vn -0.69170743227005005 0.70220077037811279 -0.16868600249290466
vn -0.26666855812072754 0.96112310886383057 0.071625955402851105
vn -0.39556324481964111 0.90320044755935669 -0.16660939157009125
vn -0.12114383280277252 0.98547893762588501 -0.11897679418325424
vn -0.36709052324295044 0.91496306657791138 -0.16759219765663147
vn -0.33448123931884766 0.93898063898086548 0.080234915018081665
vn -0.94666934013366699 0.30388471484184265 -0.10710396617650986
vn -0.70241707563400269 0.68851995468139648 -0.18041776120662689
vn -0.18269161880016327 0.97635269165039062 -0.11558195203542709
vn -0.45351815223693848 0.88451659679412842 0.10932370275259018
vn -0.65440976619720459 0.75046110153198242 0.092498540878295898
vn -0.83922410011291504 0.53412866592407227 0.10202668607234955
vn -0.90489131212234497 0.41802439093589783 0.080170609056949615
vn -0.89210003614425659 0.43002352118492126 -0.1386987715959549
vn -0.62206053733825684 0.77436643838882446 0.11574679613113403
vn -0.10741391777992249 0.99421405792236328 -0.00082097150152549148
vn -0.43990913033485413 0.88243573904037476 -0.16669479012489319
vn -0.81163448095321655 0.57778185606002808 -0.086125366389751434
vn -0.93938261270523071 0.32979404926300049 -0.093788087368011475
vn -0.44054722785949707 0.89206880331039429 0.10065484791994095
vn -0.8844449520111084 0.45922470092773438 0.082884281873703003
vn -0.78909045457839966 0.6098712682723999 0.073439128696918488
vn -0.9486469030380249 0.31285357475280762 0.046814974397420883
vn -0.16297468543052673 0.98615294694900513 0.030685283243656158
vn -0.14270308613777161 0.98837399482727051 -0.052466418594121933
vn -0.73380476236343384 0.67915934324264526 0.016526831313967705
vn -0.43664982914924622 0.89405792951583862 0.099986433982849121
vn -0.62950754165649414 0.76927840709686279 0.10922902077436447
vn -0.85308676958084106 0.52094477415084839 0.029318073764443398
vn -0.82338827848434448 0.55202847719192505 -0.13151517510414124
vn -0.76814651489257812 0.6319502592086792 -0.10290657728910446
vn -0.82984471321105957 0.55207592248916626 0.081054985523223877
vn -0.59402817487716675 0.79622936248779297 0.11467048525810242
vn -0.67640215158462524 0.71381646394729614 -0.18151079118251801
vn -0.93158817291259766 0.35657414793968201 -0.070698842406272888
vn -0.64329147338867188 0.75705450773239136 0.11421281844377518
vn -0.5600210428237915 0.82460254430770874 -0.080044321715831757
vn -0.55693811178207397 0.82941371202468872 -0.043506670743227005
vn -0.75394940376281738 0.65078818798065186 0.089638195931911469
vn -0.77222907543182373 0.63496690988540649 0.021892867982387543
vn -0.81852805614471436 0.56409043073654175 -0.10869145393371582
vn -0.11369523406028748 0.99161720275878906 -0.061389997601509094
vn -0.96707040071487427 0.24199889600276947 -0.078811898827552795
vn -0.85230398178100586 0.51406103372573853 0.096535623073577881
vn -0.87835437059402466 0.45454779267311096 -0.14791841804981232
vn -0.80209571123123169 0.58782511949539185 0.10537601262331009
vn -0.7706490159034729 0.62831348180770874 0.10640619695186615
vn -0.50536566972732544 0.84847790002822876 -0.15713308751583099
vn -0.3713841438293457 0.92403531074523926 0.09073369950056076
vn -0.95190292596817017 0.28837749361991882 -0.10353385657072067
vn -0.79123479127883911 0.60153871774673462 0.10999413579702377
vn -0.6940230131149292 0.7119176983833313 0.10726242512464523
vn -0.54923927783966064 0.81550401449203491 -0.1824537068605423
vn -0.91475927829742432 0.38511094450950623 -0.12208596616983414
vn -0.59216481447219849 0.79793566465377808 0.11242561787366867
vn -0.85358595848083496 0.51454341411590576 -0.081462375819683075
vn -0.807686448097229 0.56540036201477051 -0.16722749173641205
vn -0.64333558082580566 0.74413561820983887 -0.17994865775108337
vn -0.17647328972816467 0.97529631853103638 -0.1328691840171814
vn -0.32119327783584595 0.94248932600021362 0.09245937317609787
vn -0.88800203800201416 0.43932467699050903 -0.13581682741641998
vn -0.63330292701721191 0.76530659198760986 0.11503565311431885
vn -0.091778263449668884 0.99301457405090332 -0.074153713881969452
vn -0.71406912803649902 0.6939234733581543 0.092603631317615509
vn -0.78620624542236328 0.61758559942245483 0.021627176553010941
vn -0.87504428625106812 0.47625401616096497 0.0864848792552948
vn -0.9499046802520752 0.30080276727676392 -0.08484581857919693
vn -0.22880037128925323 0.96550518274307251 -0.12429850548505783
vn -0.8183901309967041 0.57181376218795776 0.057154465466737747
vn -0.76588970422744751 0.63214832544326782 -0.11747968941926956
vn -0.78231531381607056 0.60608524084091187 -0.14367806911468506
vn -0.69379770755767822 0.6981082558631897 -0.17688849568367004
vn -0.96341824531555176 0.25925305485725403 -0.067920438945293427
vn -0.028548585250973701 0.99923151731491089 0.026858454570174217
vn -0.14799144864082336 0.98897558450698853 0.0050810547545552254
vn -0.87283271551132202 0.47282364964485168 -0.12083393335342407
vn -0.75114083290100098 0.65569460391998291 0.076498433947563171
vn -0.71763980388641357 0.69161486625671387 0.081621468067169189
vn -0.28545328974723816 0.95518845319747925 0.078303344547748566
vn -0.0010866658994928002 0.99665355682373047 -0.081734627485275269
vn -0.68405735492706299 0.70777243375778198 -0.17641913890838623
vn -0.87118995189666748 0.48457875847816467 0.078813113272190094
vn -0.78325539827346802 0.59872221946716309 -0.16745944321155548
vn -0.89336031675338745 0.43077898025512695 -0.1278153657913208
vn -0.62335556745529175 0.77781593799591064 0.080188721418380737
vn -0.3943118155002594 0.91456067562103271 0.089983217418193817
vn 0.086512558162212372 0.99592745304107666 -0.025379277765750885
vn -0.5785144567489624 0.79434072971343994 -0.18532091379165649
vn -0.58930933475494385 0.78627032041549683 -0.18572427332401276
vn 0.067529849708080292 0.99695700407028198 -0.03894226998090744
vn -0.91546320915222168 0.394948810338974 -0.07708827406167984
vn -0.64092528820037842 0.74523800611495972 -0.1839432418346405
vn -0.78187084197998047 0.61704438924789429 -0.089074082672595978
vn -0.71350598335266113 0.67656826972961426 -0.18211153149604797
vn -0.62441420555114746 0.75859367847442627 -0.18612514436244965
vn -0.62828326225280762 0.76971900463104248 0.11310531198978424
vn -0.93053054809570312 0.34744897484779358 -0.11572442948818207
vn -0.0527484230697155 0.99791568517684937 0.037174150347709656
vn 0.012697272934019566 0.99865233898162842 -0.050321251153945923
vn -0.601063072681427 0.79115790128707886 0.11310336738824844
vn -0.8172265887260437 0.56187242269515991 -0.12821890413761139
vn -0.68808150291442871 0.71673554182052612 0.11328722536563873
vn -0.58630150556564331 0.79369920492172241 -0.16214829683303833
vn -0.20349718630313873 0.97610950469970703 0.076152049005031586
vn -0.97329443693161011 0.21953636407852173 -0.067095272243022919
vn -0.73101586103439331 0.67379695177078247 -0.10776595771312714
vn -0.55976802110671997 0.82093673944473267 0.112794429063797
vn -0.52214568853378296 0.83452308177947998 -0.17588381469249725
vn -0.020750617608428001 0.99789696931838989 -0.061408482491970062
vn -0.65059977769851685 0.75085681676864624 0.11372756958007812
vn -0.64888375997543335 0.73850125074386597 -0.18320983648300171
vn -0.53029966354370117 0.84042418003082275 0.11166703701019287
vn -0.47500893473625183 0.87996131181716919 -0.0058829779736697674
vn -0.10974708944559097 0.99295854568481445 -0.044596504420042038
vn -0.93924736976623535 0.3372245728969574 0.06398368626832962
vn -0.88492065668106079 0.46326553821563721 0.047963690012693405
vn -0.69135284423828125 0.70060521364212036 -0.17658868432044983
vn -0.73580747842788696 0.66672223806381226 -0.11861211061477661
vn -0.61868494749069214 0.77832061052322388 0.10698608309030533
vn -0.77803105115890503 0.62638646364212036 0.04803861677646637
vn -0.72972935438156128 0.68142020702362061 0.056227955967187881
vn -0.41734123229980469 0.90305185317993164 0.1016053706407547
vn -0.4578549861907959 0.87203925848007202 -0.17296330630779266
vn -0.51748991012573242 0.85505300760269165 -0.032992471009492874
vn -0.57499837875366211 0.81661653518676758 -0.050143066793680191
vn -0.68350380659103394 0.72592949867248535 0.076478086411952972
vn -0.52343565225601196 0.84005975723266602 -0.14252978563308716
vn -0.91681337356567383 0.39694136381149292 0.043483372777700424
vn -0.82907158136367798 0.55905205011367798 0.01005508191883564
vn -0.68249022960662842 0.70714092254638672 -0.18482102453708649
vn -0.84282475709915161 0.51395183801651001 -0.1596868485212326
vn -0.88213300704956055 0.46246793866157532 -0.089245304465293884
vn 0.046108189970254898 0.99893611669540405 0.00079425831791013479
vn -0.90639573335647583 0.39988657832145691 -0.13615265488624573
vn -0.0029689157381653786 0.9996868371963501 0.02484750933945179
vn -0.68642830848693848 0.71933448314666748 0.10664908587932587
vn -0.51725882291793823 0.84157365560531616 -0.15555401146411896
vn -0.76798444986343384 0.63335102796554565 0.095217660069465637
vn -0.87529474496841431 0.48156842589378357 0.044170279055833817
vn -0.66084247827529907 0.75021487474441528 0.021559957414865494
vn 0.068150930106639862 0.99560779333114624 -0.064192004501819611
vn -0.64838498830795288 0.73845088481903076 -0.18516784906387329
vn -0.60008561611175537 0.77766680717468262 -0.18743431568145752
vn -0.88009512424468994 0.46168851852416992 -0.11079846322536469
vn -0.90193504095077515 0.43084505200386047 0.029761817306280136
vn -0.77244800329208374 0.62915807962417603 0.08651115745306015
vn -0.90700483322143555 0.41506144404411316 -0.071177467703819275
vn -0.53947144746780396 0.83467066287994385 0.11088480055332184
vn -0.13780556619167328 0.98371565341949463 -0.11538267135620117
vn -0.80551767349243164 0.58341085910797119 0.10379312932491302
vn -0.51750749349594116 0.8359028697013855 -0.18290001153945923
vn -0.54086977243423462 0.83465486764907837 -0.10397697240114212
vn -0.76550531387329102 0.64010673761367798 -0.065306968986988068
vn -0.72012782096862793 0.67178118228912354 -0.17356839776039124
vn -0.38045588135719299 0.92089939117431641 0.084838762879371643
vn -0.45693466067314148 0.87061804533004761 -0.18230459094047546
vn -0.86346131563186646 0.49424868822097778 -0.10076131671667099
vn -0.19882999360561371 0.97718983888626099 0.074609726667404175
vn -0.2246285080909729 0.97240012884140015 0.063087284564971924
vn -0.16136768460273743 0.98689055442810059 0.002730200532823801
vn -0.9026067852973938 0.42180752754211426 -0.085903182625770569
vn -0.22351920604705811 0.97329503297805786 0.052306324243545532
vn -0.64251071214675903 0.76022046804428101 0.09614989161491394
vn -0.56104898452758789 0.80630230903625488 -0.18735173344612122
vn -0.97061347961425781 0.22953294217586517 -0.07227817177772522
vn -0.61977940797805786 0.77793186902999878 0.1034189835190773
vn -0.94116640090942383 0.31861171126365662 -0.11266050487756729
vn -0.13677194714546204 0.99053311347961426 0.011727339588105679
vn -0.66638481616973877 0.7218746542930603 -0.18662324547767639
vn -0.95247691869735718 0.28972887992858887 -0.09404744952917099
vn -0.76108181476593018 0.64740502834320068 0.040263738483190536
vn -0.91286313533782959 0.39003309607505798 -0.1206442266702652
vn -0.79142439365386963 0.58651673793792725 -0.17217890918254852
vn -0.9234047532081604 0.37757954001426697 -0.068973712623119354
vn -0.87878888845443726 0.45293304324150085 -0.15027214586734772
vn -0.200465127825737 0.96754360198974609 -0.15386079251766205
vn -0.83889222145080566 0.5422176718711853 -0.047538124024868011
vn -0.20331710577011108 0.97818070650100708 0.042715560644865036
vn -0.01903211884200573 0.99953711032867432 -0.023735558614134789
vn -0.88553190231323242 0.45652481913566589 0.086129896342754364
vn -0.84457945823669434 0.52677053213119507 0.095907829701900482
vn -0.72158372402191162 0.66907364130020142 -0.17792525887489319
vn -0.83809864521026611 0.53950214385986328 0.080796591937541962
vn -0.18262484669685364 0.97966980934143066 -0.083037517964839935
vn -0.73432749509811401 0.67879146337509155 -0.0023019849322736263
vn -0.84440761804580688 0.5313105583190918 0.06844610720872879
vn -0.4709688127040863 0.87565422058105469 0.10685554891824722
vn -0.86169445514678955 0.48413985967636108 -0.1519581526517868
vn -0.90474176406860352 0.41286054253578186 -0.10482615977525711
vn -0.71944230794906616 0.69061213731765747 0.073876090347766876
vn -0.81789219379425049 0.57492601871490479 0.022636355832219124
vn -0.77367526292800903 0.62037175893783569 -0.12870696187019348
vn -0.82112425565719604 0.56738919019699097 0.061842393130064011
vn -0.83670657873153687 0.52457731962203979 -0.15729178488254547
vn -0.74734967947006226 0.64222270250320435 -0.17034809291362762
vn -0.46564653515815735 0.87276846170425415 -0.14645309746265411
vn -0.49894484877586365 0.86499148607254028 -0.053326673805713654
vn -0.813953697681427 0.57204508781433105 0.10121147334575653
vn -0.92705017328262329 0.35798117518424988 -0.1114785447716713
vn -0.84585350751876831 0.53096950054168701 -0.051021847873926163
vn -0.8620796799659729 0.50042635202407837 -0.079950630664825439
vn -0.84484332799911499 0.53347325325012207 0.040570743381977081
vn -0.71125584840774536 0.69401067495346069 0.11164370179176331
vn -0.4949662983417511 0.85074669122695923 -0.17674398422241211
vn -0.7622150182723999 0.64575672149658203 -0.045017432421445847
vn -0.75138640403747559 0.65474212169647217 0.082043834030628204
vn -0.50139844417572021 0.84554225206375122 -0.18346086144447327
vn -0.6736600399017334 0.71599501371383667 -0.18312087655067444
vn -0.6784406304359436 0.7322850227355957 0.058965839445590973
vn -0.78284108638763428 0.62126630544662476 0.034468099474906921
vn -0.67395657300949097 0.73131930828094482 0.10466437041759491
vn -0.89169186353683472 0.44593620300292969 0.077630862593650818
vn -0.91783618927001953 0.39069181680679321 0.070261381566524506
vn -0.74278700351715088 0.65590465068817139 -0.13437451422214508
vn -0.17257912456989288 0.98287177085876465 0.064649403095245361
vn -0.066359668970108032 0.99742740392684937 -0.02710963599383831
vn -0.57206183671951294 0.7993970513343811 -0.18360188603401184
vn -0.97396165132522583 0.21607553958892822 -0.068630024790763855
vn -0.84671890735626221 0.50945019721984863 -0.15338703989982605
vn 0.099669121205806732 0.99472832679748535 -0.024117859080433846
vn -0.91231763362884521 0.40727317333221436 0.042486201971769333
vn -0.54638421535491943 0.82292354106903076 -0.15575991570949554
vn -0.69591993093490601 0.71810263395309448 0.004908569622784853
vn -0.028131386265158653 0.99615901708602905 -0.082920849323272705
vn -0.57378256320953369 0.7971642017364502 -0.18789045512676239
vn -0.3317815363407135 0.92980855703353882 -0.15930178761482239
vn -0.65975964069366455 0.72816085815429688 -0.18573886156082153
vn -0.95378118753433228 0.28490671515464783 -0.095549061894416809
vn -0.93263673782348633 0.35873657464981079 0.038687724620103836
vn -0.92200726270675659 0.38323023915290833 0.055111132562160492
vn -0.67789781093597412 0.71243834495544434 -0.18134526908397675
vn -0.61895906925201416 0.76434236764907837 -0.18074969947338104
vn -0.92023628950119019 0.37072354555130005 -0.12541626393795013
vn -0.72386825084686279 0.68065100908279419 0.11282265186309814
vn -0.89144504070281982 0.45152413845062256 0.038100384175777435
vn -0.96707785129547119 0.24300526082515717 -0.075557291507720947
vn -0.57969546318054199 0.79399394989013672 -0.18310333788394928
vn -0.12114773690700531 0.99125993251800537 0.052220199257135391
vn -0.85852020978927612 0.5118105411529541 0.031512539833784103
vn -0.74186575412750244 0.6621209979057312 0.10597634315490723
vn 0.087725147604942322 0.99484926462173462 -0.050786729902029037
vn -0.93634968996047974 0.34807229042053223 0.045770127326250076
vn -0.77667689323425293 0.60460585355758667 -0.17670530080795288
vn -0.88822764158248901 0.43543213605880737 -0.1464599072933197
vn -0.93976068496704102 0.32445874810218811 -0.10759354382753372
vn 0.041538409888744354 0.99855291843414307 -0.034155763685703278
vn -0.87511920928955078 0.47553792595863342 -0.089610733091831207
vn -0.74676847457885742 0.64074033498764038 -0.17829377949237823
vn -0.9194445013999939 0.37333258986473083 -0.12346915900707245
vn -0.55950349569320679 0.82067376375198364 0.11597595363855362
vn -0.80666011571884155 0.57647079229354858 -0.13031066954135895
vn -0.77710878849029541 0.60583639144897461 -0.1704820841550827
vn -0.87103396654129028 0.48266929388046265 0.091269969940185547
vn -0.10107166320085526 0.99256414175033569 -0.067829817533493042
vn -0.57563096284866333 0.79889917373657227 -0.17438209056854248
vn -0.076377592980861664 0.99084895849227905 -0.11128690838813782
vn -0.12781022489070892 0.98216927051544189 -0.13786995410919189
vn -0.78118300437927246 0.61405283212661743 0.11265966296195984
vn -0.92904448509216309 0.3680594265460968 0.037531532347202301
vn -0.65642660856246948 0.74728769063949585 0.10327256470918655
vn -0.45131480693817139 0.88628923892974854 0.10395362973213196
vn -0.65750938653945923 0.73047852516174316 -0.18461449444293976
vn -0.72171038389205933 0.68417948484420776 0.1050359308719635
vn -0.21631616353988647 0.97122502326965332 -0.099645808339118958
vn -0.7079315185546875 0.70557278394699097 0.031623002141714096
vn -0.76915866136550903 0.63601428270339966 0.062296058982610703
vn -0.10707718133926392 0.99403911828994751 0.02051209844648838
vn -0.65148764848709106 0.7544177770614624 0.080110706388950348
vn -0.2200273722410202 0.96624881029129028 -0.13398204743862152
vn -0.42135688662528992 0.89434051513671875 -0.15037764608860016
vn -0.24821409583091736 0.96688097715377808 0.059421684592962265
vn -0.25934255123138428 0.95880955457687378 -0.11586907505989075
vn -0.67523163557052612 0.72862374782562256 0.11475901305675507
vn -0.8032381534576416 0.58289825916290283 -0.12262988090515137
vn -0.75593698024749756 0.62988758087158203 -0.17832823097705841
vn -0.73932826519012451 0.65164798498153687 -0.16955409944057465
vn -0.43794053792953491 0.89070945978164673 -0.12183879315853119
vn -0.75398164987564087 0.64613556861877441 -0.11840797960758209
vn -0.61416196823120117 0.78447467088699341 0.086049564182758331
vn -0.80538409948348999 0.58948224782943726 -0.062185991555452347
vn -0.35727062821388245 0.93078398704528809 0.077452272176742554
vn -0.75790500640869141 0.62892919778823853 -0.17328602075576782
vn -0.50225722789764404 0.85806649923324585 0.10704957693815231
vn -0.93309110403060913 0.34590417146682739 -0.098444223403930664
vn -0.7479671835899353 0.66055005788803101 -0.064951390027999878
vn -0.58323287963867188 0.80767285823822021 -0.086625173687934875
vn -0.56895911693572998 0.81450676918029785 0.11342068016529083
vn -0.43884298205375671 0.89246487617492676 0.10451448708772659
vn -0.73530995845794678 0.65577441453933716 -0.1711115688085556
vn -0.84373688697814941 0.52995002269744873 0.085211798548698425
vn -0.64828252792358398 0.75281500816345215 0.114014632999897
vn -0.61712098121643066 0.77919614315032959 0.10961327701807022
vn -0.54836541414260864 0.82871317863464355 0.11193691194057465
vn -0.3094903826713562 0.94154644012451172 -0.13306394219398499
vn -0.53943938016891479 0.83511543273925781 0.10764434933662415
vn -0.9489283561706543 0.30926743149757385 -0.062358878552913666
vn -0.81565266847610474 0.5594061017036438 -0.14756540954113007
vn -0.75965350866317749 0.62627655267715454 -0.17522622644901276
vn -0.56343555450439453 0.81858748197555542 0.11160147190093994
vn -0.81115913391113281 0.56294876337051392 -0.15845975279808044
vn -0.9066738486289978 0.41496801376342773 0.075789511203765869
vn -0.86271566152572632 0.48765924572944641 -0.13382863998413086
vn -0.47116187214851379 0.87638920545578003 0.099742107093334198
vn -0.33429735898971558 0.94237989187240601 -0.012860493734478951
vn -0.32540777325630188 0.93908935785293579 -0.11054864525794983
vn -0.46779471635818481 0.87999057769775391 0.082368873059749603
vn -0.39900994300842285 0.91523504257202148 0.05599888414144516
f 2//2 1//1 44//44
f 45//45 3//3 2420//2420
f 47//47 46//46 2253//2253
f 46//46 48//48 6//6
f 7//7 48//48 49//49
f 52//52 1946//1946 51//51
f 52//52 2136//2136 1946//1946
f 9//9 53//53 54//54
f 54//54 10//10 9//9
f 12//12 55//55 56//56
f 56//56 57//57 13//13
f 14//14 57//57 58//58
f 15//15 58//58 59//59
f 16//16 59//59 60//60
f 17//17 60//60 61//61
f 61//61 2421//2421 18//18
f 2421//2421 19//19 18//18
f 62//62 20//20 19//19
f 22//22 65//65 23//23
f 65//65 66//66 23//23
f 24//24 66//66 67//67
f 25//25 67//67 68//68
f 26//26 68//68 69//69
f 27//27 69//69 70//70
f 28//28 70//70 71//71
f 29//29 71//71 72//72
f 30//30 72//72 73//73
f 31//31 73//73 74//74
f 32//32 74//74 75//75
f 33//33 76//76 34//34
f 2019//2019 78//78 36//36
f 40//40 80//80 81//81
f 81//81 41//41 40//40
f 2062//2062 123//123 82//82
f 44//44 2340//2340 2420//2420
f 45//45 85//85 86//86
f 85//85 45//45 2420//2420
f 130//130 2253//2253 86//86
f 88//88 49//49 48//48
f 50//50 89//89 90//90
f 51//51 91//91 2252//2252
f 92//92 53//53 1940//1940
f 53//53 93//93 54//54
f 94//94 95//95 2193//2193
f 94//94 2193//2193 55//55
f 2193//2193 97//97 56//56
f 57//57 97//97 98//98
f 58//58 98//98 99//99
f 59//59 99//99 100//100
f 60//60 100//100 101//101
f 61//61 101//101 102//102
f 2172//2172 2421//2421 102//102
f 2421//2421 63//63 62//62
f 149//149 2173//2173 2016//2016
f 104//104 64//64 103//103
f 66//66 104//104 105//105
f 67//67 105//105 106//106
f 68//68 106//106 107//107
f 69//69 107//107 108//108
f 70//70 108//108 109//109
f 71//71 109//109 110//110
f 72//72 110//110 111//111
f 73//73 111//111 112//112
f 74//74 112//112 113//113
f 75//75 113//113 114//114
f 2168//2168 75//75 114//114
f 77//77 115//115 116//116
f 78//78 117//117 118//118
f 79//79 120//120 2135//2135
f 122//122 123//123 2062//2062
f 124//124 82//82 123//123
f 84//84 125//125 126//126
f 84//84 127//127 2288//2288
f 128//128 2288//2288 127//127
f 85//85 129//129 86//86
f 2253//2253 130//130 87//87
f 90//90 133//133 134//134
f 134//134 2207//2207 91//91
f 92//92 2207//2207 136//136
f 136//136 137//137 92//92
f 2362//2362 137//137 138//138
f 95//95 2362//2362 139//139
f 95//95 139//139 140//140
f 142//142 96//96 141//141
f 98//98 142//142 143//143
f 99//99 143//143 144//144
f 100//100 144//144 145//145
f 146//146 147//147 102//102
f 104//104 151//151 105//105
f 151//151 152//152 105//105
f 106//106 152//152 153//153
f 107//107 153//153 154//154
f 108//108 154//154 155//155
f 156//156 109//109 155//155
f 110//110 157//157 111//111
f 158//158 111//111 157//157
f 114//114 159//159 160//160
f 160//160 161//161 114//114
f 2235//2235 161//161 162//162
f 2301//2301 2087//2087 2254//2254
f 2023//2023 119//119 118//118
f 119//119 165//165 120//120
f 166//166 120//120 165//165
f 122//122 168//168 169//169
f 123//123 169//169 124//124
f 126//126 127//127 84//84
f 127//127 173//173 128//128
f 132//132 175//175 176//176
f 132//132 176//176 133//133
f 177//177 133//133 176//176
f 177//177 178//178 134//134
f 179//179 178//178 220//220
f 135//135 180//180 136//136
f 136//136 181//181 137//137
f 138//138 181//181 182//182
f 2246//2246 182//182 224//224
f 183//183 184//184 141//141
f 185//185 141//141 184//184
f 143//143 185//185 186//186
f 144//144 186//186 187//187
f 145//145 187//187 188//188
f 189//189 145//145 188//188
f 146//146 2287//2287 147//147
f 194//194 150//150 193//193
f 152//152 194//194 195//195
f 153//153 195//195 196//196
f 154//154 196//196 197//197
f 197//197 198//198 155//155
f 156//156 198//198 199//199
f 157//157 199//199 200//200
f 159//159 201//201 202//202
f 162//162 203//203 204//204
f 2254//2254 2427//2427 205//205
f 2403//2403 208//208 165//165
f 166//166 209//209 167//167
f 167//167 210//210 168//168
f 2358//2358 168//168 210//210
f 126//126 213//213 172//172
f 2205//2205 2166//2166 216//216
f 217//217 2205//2205 261//261
f 175//175 174//174 217//217
f 218//218 175//175 217//217
f 176//176 2021//2021 219//219
f 179//179 220//220 221//221
f 180//180 221//221 222//222
f 182//182 222//222 223//223
f 268//268 224//224 223//223
f 184//184 226//226 185//185
f 186//186 226//226 227//227
f 187//187 227//227 228//228
f 228//228 188//188 187//187
f 229//229 189//189 188//188
f 229//229 230//230 189//189
f 231//231 2287//2287 230//230
f 193//193 233//233 234//234
f 193//193 235//235 194//194
f 235//235 236//236 195//195
f 237//237 195//195 236//236
f 238//238 239//239 197//197
f 198//198 239//239 240//240
f 242//242 200//200 241//241
f 202//202 242//242 243//243
f 203//203 244//244 245//245
f 245//245 204//204 203//203
f 291//291 290//290 2163//2163
f 207//207 206//206 2298//2298
f 2097//2097 249//249 2261//2261
f 250//250 251//251 209//209
f 252//252 2358//2358 210//210
f 254//254 211//211 253//253
f 256//256 212//212 255//255
f 258//258 2415//2415 257//257
f 260//260 261//261 216//216
f 2327//2327 217//217 261//261
f 262//262 218//218 217//217
f 218//218 263//263 2021//2021
f 264//264 2021//2021 263//263
f 220//220 2078//2078 265//265
f 221//221 266//266 222//222
f 266//266 267//267 222//222
f 223//223 267//267 268//268
f 269//269 224//224 268//268
f 2076//2076 270//270 225//225
f 227//227 2238//2238 272//272
f 272//272 273//273 228//228
f 273//273 274//274 229//229
f 230//230 274//274 275//275
f 231//231 232//232 190//190
f 276//276 277//277 232//232
f 236//236 2248//2248 279//279
f 237//237 279//279 280//280
f 238//238 280//280 281//281
f 282//282 283//283 240//240
f 241//241 283//283 284//284
f 242//242 284//284 285//285
f 243//243 285//285 286//286
f 245//245 287//287 288//288
f 246//246 288//288 289//289
f 247//247 2427//2427 204//204
f 247//247 291//291 248//248
f 292//292 2146//2146 248//248
f 2261//2261 249//249 293//293
f 294//294 295//295 250//250
f 2400//2400 251//251 250//250
f 256//256 255//255 300//300
f 257//257 256//256 300//300
f 258//258 257//257 301//301
f 2153//2153 258//258 301//301
f 306//306 307//307 264//264
f 308//308 309//309 266//266
f 310//310 266//266 309//309
f 267//267 311//311 268//268
f 1898//1898 352//352 1803//1803
f 271//271 313//313 314//314
f 274//274 315//315 316//316
f 316//316 317//317 275//275
f 276//276 317//317 318//318
f 2089//2089 233//233 2332//2332
f 2248//2248 321//321 279//279
f 321//321 322//322 279//279
f 280//280 322//322 323//323
f 324//324 281//281 323//323
f 324//324 325//325 282//282
f 283//283 325//325 326//326
f 284//284 326//326 327//327
f 285//285 327//327 328//328
f 286//286 328//328 329//329
f 330//330 286//286 329//329
f 288//288 330//330 331//331
f 332//332 289//289 331//331
f 333//333 2163//2163 332//332
f 2130//2130 334//334 2395//2395
f 293//293 2130//2130 335//335
f 378//378 337//337 2118//2118
f 338//338 2161//2161 296//296
f 300//300 2312//2312 341//341
f 344//344 304//304 303//303
f 306//306 348//348 307//307
f 2289//2289 349//349 309//309
f 309//309 350//350 310//310
f 311//311 352//352 1898//1898
f 2367//2367 352//352 1892//1892
f 316//316 357//357 358//358
f 317//317 359//359 318//318
f 360//360 318//318 359//359
f 320//320 319//319 361//361
f 321//321 362//362 363//363
f 322//322 363//363 364//364
f 323//323 364//364 365//365
f 365//365 366//366 323//323
f 324//324 366//366 367//367
f 325//325 367//367 368//368
f 326//326 368//368 369//369
f 328//328 369//369 370//370
f 329//329 371//371 330//330
f 331//331 371//371 372//372
f 333//333 373//373 374//374
f 375//375 374//374 420//420
f 376//376 377//377 336//336
f 423//423 378//378 377//377
f 380//380 338//338 379//379
f 382//382 380//380 381//381
f 383//383 339//339 382//382
f 2335//2335 384//384 385//385
f 386//386 342//342 341//341
f 343//343 342//342 388//388
f 389//389 2027//2027 344//344
f 346//346 347//347 2020//2020
f 395//395 349//349 394//394
f 395//395 396//396 349//349
f 350//350 396//396 397//397
f 397//397 351//351 350//350
f 1796//1796 1892//1892 398//398
f 1926//1926 353//353 399//399
f 356//356 402//402 357//357
f 402//402 403//403 358//358
f 359//359 403//403 404//404
f 360//360 404//404 405//405
f 405//405 406//406 361//361
f 362//362 406//406 407//407
f 363//363 407//407 408//408
f 364//364 408//408 409//409
f 365//365 409//409 410//410
f 410//410 411//411 366//366
f 367//367 411//411 412//412
f 368//368 412//412 413//413
f 413//413 414//414 369//369
f 370//370 414//414 415//415
f 416//416 370//370 415//415
f 419//419 417//417 418//418
f 419//419 372//372 417//417
f 420//420 374//374 2125//2125
f 2102//2102 2024//2024 376//376
f 423//423 2256//2256 378//378
f 426//426 383//383 382//382
f 387//387 431//431 432//432
f 388//388 387//387 432//432
f 432//432 2176//2176 388//388
f 2176//2176 434//434 2409//2409
f 2176//2176 2409//2409 389//389
f 2096//2096 2206//2206 390//390
f 436//436 435//435 2092//2092
f 2411//2411 393//393 436//436
f 2424//2424 476//476 437//437
f 2124//2124 396//396 438//438
f 398//398 440//440 1796//1796
f 1883//1883 1796//1796 440//440
f 442//442 1926//1926 2390//2390
f 356//356 444//444 402//402
f 444//444 445//445 402//402
f 403//403 445//445 446//446
f 404//404 446//446 447//447
f 447//447 448//448 405//405
f 406//406 448//448 449//449
f 407//407 449//449 450//450
f 450//450 451//451 408//408
f 409//409 451//451 452//452
f 410//410 453//453 411//411
f 455//455 412//412 454//454
f 414//414 456//456 457//457
f 418//418 458//458 459//459
f 418//418 459//459 460//460
f 460//460 419//419 418//418
f 461//461 419//419 460//460
f 421//421 2008//2008 463//463
f 464//464 424//424 2325//2325
f 2175//2175 2306//2306 466//466
f 1948//1948 2128//2128 467//467
f 469//469 512//512 2191//2191
f 433//433 470//470 471//471
f 472//472 2386//2386 434//434
f 2096//2096 2386//2386 473//473
f 474//474 475//475 435//435
f 476//476 477//477 437//437
f 477//477 438//438 437//437
f 440//440 480//480 1883//1883
f 441//441 482//482 2390//2390
f 482//482 483//483 442//442
f 484//484 2272//2272 483//483
f 484//484 443//443 2272//2272
f 443//443 485//485 444//444
f 444//444 486//486 445//445
f 486//486 487//487 446//446
f 488//488 446//446 487//487
f 488//488 489//489 447//447
f 448//448 489//489 490//490
f 449//449 490//490 491//491
f 450//450 492//492 451//451
f 493//493 494//494 452//452
f 453//453 494//494 495//495
f 454//454 495//495 496//496
f 2441//2441 496//496 497//497
f 498//498 2441//2441 497//497
f 457//457 498//498 499//499
f 2430//2430 499//499 500//500
f 459//459 501//501 460//460
f 460//460 502//502 461//461
f 462//462 503//503 2346//2346
f 462//462 2346//2346 2008//2008
f 504//504 505//505 2213//2213
f 505//505 1962//1962 464//464
f 2200//2200 466//466 2345//2345
f 2128//2128 551//551 509//509
f 511//511 468//468 510//510
f 431//431 2191//2191 470//470
f 513//513 471//471 470//470
f 515//515 514//514 1949//1949
f 473//473 474//474 2096//2096
f 474//474 518//518 475//475
f 2330//2330 520//520 476//476
f 520//520 477//477 476//476
f 521//521 522//522 478//478
f 481//481 1828//1828 482//482
f 2412//2412 526//526 527//527
f 528//528 2412//2412 527//527
f 487//487 528//528 529//529
f 488//488 529//529 530//530
f 489//489 530//530 531//531
f 490//490 532//532 491//491
f 492//492 532//532 533//533
f 493//493 533//533 534//534
f 494//494 534//534 535//535
f 497//497 536//536 537//537
f 539//539 498//498 538//538
f 540//540 499//499 539//539
f 540//540 541//541 500//500
f 542//542 541//541 2422//2422
f 501//501 542//542 543//543
f 543//543 544//544 501//501
f 502//502 544//544 545//545
f 506//506 548//548 2401//2401
f 506//506 2255//2255 507//507
f 513//513 2336//2336 557//557
f 557//557 514//514 513//513
f 2134//2134 2165//2165 516//516
f 560//560 517//517 559//559
f 560//560 561//561 518//518
f 561//561 519//519 518//518
f 2317//2317 563//563 564//564
f 2317//2317 565//565 521//521
f 566//566 2066//2066 522//522
f 1876//1876 1783//1783 567//567
f 524//524 567//567 568//568
f 525//525 524//524 568//568
f 2331//2331 570//570 571//571
f 527//527 2331//2331 572//572
f 527//527 572//572 573//573
f 528//528 573//573 574//574
f 529//529 574//574 575//575
f 530//530 575//575 576//576
f 576//576 577//577 531//531
f 531//531 578//578 532//532
f 533//533 578//578 579//579
f 534//534 579//579 580//580
f 535//535 580//580 581//581
f 582//582 2442//2442 581//581
f 583//583 537//537 582//582
f 583//583 584//584 538//538
f 539//539 584//584 585//585
f 540//540 585//585 586//586
f 541//541 586//586 587//587
f 588//588 2422//2422 587//587
f 545//545 546//546 503//503
f 590//590 547//547 546//546
f 2103//2103 2199//2199 592//592
f 2341//2341 2212//2212 592//592
f 593//593 2401//2401 2212//2212
f 549//549 2255//2255 595//595
f 596//596 550//550 549//549
f 2326//2326 550//550 596//596
f 1941//1941 2264//2264 597//597
f 553//553 1945//1945 554//554
f 600//600 556//556 599//599
f 601//601 600//600 2382//2382
f 558//558 602//602 1949//1949
f 604//604 2165//2165 603//603
f 561//561 607//607 562//562
f 2131//2131 562//562 607//607
f 564//564 2131//2131 608//608
f 565//565 1832//1832 566//566
f 1832//1832 1989//1989 566//566
f 569//569 612//612 2116//2116
f 571//571 615//615 572//572
f 573//573 572//572 616//616
f 574//574 573//573 617//617
f 575//575 574//574 618//618
f 576//576 575//575 619//619
f 619//619 620//620 621//621
f 621//621 622//622 577//577
f 577//577 2439//2439 578//578
f 580//580 623//623 624//624
f 581//581 624//624 625//625
f 625//625 626//626 582//582
f 583//583 626//626 627//627
f 584//584 627//627 628//628
f 585//585 628//628 629//629
f 586//586 629//629 630//630
f 587//587 630//630 631//631
f 588//588 631//631 632//632
f 633//633 588//588 632//632
f 2231//2231 543//543 633//633
f 2231//2231 635//635 589//589
f 635//635 636//636 589//589
f 592//592 591//591 638//638
f 2341//2341 640//640 593//593
f 641//641 594//594 593//593
f 2064//2064 2326//2326 596//596
f 644//644 2264//2264 643//643
f 1945//1945 599//599 554//554
f 604//604 648//648 649//649
f 2143//2143 654//654 655//655
f 610//610 1772//1772 611//611
f 615//615 614//614 660//660
f 616//616 615//615 661//661
f 617//617 616//616 662//662
f 618//618 617//617 663//663
f 619//619 618//618 664//664
f 620//620 664//664 711//711
f 622//622 665//665 666//666
f 666//666 667//667 623//623
f 624//624 667//667 668//668
f 668//668 669//669 625//625
f 626//626 669//669 670//670
f 627//627 670//670 671//671
f 628//628 671//671 672//672
f 629//629 672//672 673//673
f 630//630 673//673 674//674
f 631//631 675//675 632//632
f 634//634 676//676 677//677
f 634//634 678//678 635//635
f 678//678 636//636 635//635
f 2064//2064 683//683 684//684
f 685//685 684//684 2112//2112
f 685//685 644//644 643//643
f 688//688 1945//1945 598//598
f 2267//2267 646//646 690//690
f 650//650 695//695 651//651
f 695//695 696//696 651//651
f 652//652 696//696 697//697
f 653//653 697//697 698//698
f 699//699 653//653 698//698
f 654//654 700//700 655//655
f 701//701 2277//2277 656//656
f 703//703 702//702 1863//1863
f 704//704 703//703 2059//2059
f 1906//1906 704//704 1814//1814
f 2405//2405 659//659 706//706
f 661//661 660//660 707//707
f 662//662 661//661 708//708
f 663//663 662//662 709//709
f 664//664 663//663 710//710
f 711//711 712//712 620//620
f 665//665 712//712 758//758
f 667//667 713//713 714//714
f 668//668 714//714 715//715
f 715//715 716//716 668//668
f 669//669 716//716 717//717
f 670//670 717//717 718//718
f 671//671 718//718 719//719
f 672//672 719//719 720//720
f 721//721 2438//2438 720//720
f 722//722 721//721 768//768
f 722//722 723//723 674//674
f 675//675 723//723 724//724
f 676//676 724//724 725//725
f 677//677 725//725 726//726
f 726//726 2426//2426 677//677
f 681//681 728//728 729//729
f 731//731 2174//2174 730//730
f 683//683 733//733 684//684
f 2112//2112 778//778 779//779
f 2123//2123 687//687 735//735
f 688//688 2123//2123 689//689
f 690//690 737//737 2267//2267
f 691//691 2382//2382 2267//2267
f 738//738 692//692 691//691
f 693//693 740//740 741//741
f 694//694 2432//2432 695//695
f 697//697 743//743 744//744
f 698//698 744//744 745//745
f 699//699 745//745 746//746
f 748//748 701//701 747//747
f 1802//1802 750//750 705//705
f 707//707 2405//2405 752//752
f 709//709 708//708 2440//2440
f 710//710 709//709 755//755
f 711//711 710//710 756//756
f 712//712 757//757 758//758
f 758//758 759//759 713//713
f 714//714 759//759 760//760
f 715//715 760//760 761//761
f 716//716 761//761 762//762
f 717//717 762//762 763//763
f 718//718 763//763 764//764
f 719//719 764//764 765//765
f 720//720 765//765 766//766
f 721//721 766//766 767//767
f 723//723 768//768 769//769
f 724//724 769//769 770//770
f 725//725 770//770 771//771
f 2245//2245 772//772 727//727
f 728//728 774//774 729//729
f 775//775 730//730 2174//2174
f 731//731 2157//2157 682//682
f 776//776 2204//2204 732//732
f 2112//2112 779//779 1937//1937
f 779//779 734//734 1937//1937
f 739//739 785//785 786//786
f 2018//2018 739//739 786//786
f 2018//2018 741//741 740//740
f 693//693 742//742 694//694
f 789//789 790//790 743//743
f 744//744 790//790 791//791
f 745//745 791//791 792//792
f 747//747 746//746 793//793
f 794//794 793//793 2071//2071
f 1981//1981 795//795 796//796
f 1980//1980 2056//2056 797//797
f 752//752 751//751 799//799
f 753//753 799//799 800//800
f 754//754 802//802 803//803
f 755//755 754//754 803//803
f 756//756 755//755 804//804
f 757//757 804//804 851//851
f 759//759 805//805 806//806
f 760//760 806//806 807//807
f 761//761 807//807 808//808
f 762//762 808//808 809//809
f 763//763 809//809 810//810
f 764//764 810//810 811//811
f 765//765 811//811 812//812
f 767//767 812//812 813//813
f 817//817 815//815 816//816
f 815//815 817//817 771//771
f 2245//2245 818//818 772//772
f 773//773 819//819 820//820
f 821//821 820//820 866//866
f 821//821 775//775 774//774
f 823//823 2328//2328 776//776
f 869//869 2328//2328 823//823
f 2337//2337 2164//2164 778//778
f 825//825 780//780 779//779
f 829//829 2282//2282 828//828
f 784//784 783//783 830//830
f 834//834 787//787 833//833
f 790//790 835//835 836//836
f 838//838 836//836 837//837
f 839//839 792//792 838//838
f 839//839 793//793 792//792
f 841//841 840//840 1810//1810
f 2056//2056 2188//2188 2243//2243
f 844//844 1802//1802 2243//2243
f 846//846 2070//2070 845//845
f 800//800 846//846 847//847
f 801//801 800//800 848//848
f 802//802 801//801 848//848
f 803//803 802//802 849//849
f 804//804 803//803 850//850
f 757//757 851//851 805//805
f 851//851 852//852 805//805
f 806//806 852//852 853//853
f 807//807 853//853 854//854
f 808//808 854//854 855//855
f 809//809 855//855 856//856
f 810//810 856//856 857//857
f 858//858 811//811 857//857
f 858//858 859//859 812//812
f 813//813 859//859 860//860
f 2418//2418 860//860 861//861
f 908//908 2418//2418 861//861
f 816//816 863//863 817//817
f 864//864 818//818 863//863
f 820//820 821//821 774//774
f 867//867 866//866 2273//2273
f 2273//2273 868//868 867//867
f 2328//2328 870//870 824//824
f 824//824 2132//2132 2337//2337
f 2374//2374 1916//1916 825//825
f 1916//1916 1809//1809 873//873
f 875//875 828//828 827//827
f 828//828 2090//2090 829//829
f 876//876 2296//2296 829//829
f 834//834 879//879 880//880
f 835//835 880//880 881//881
f 837//837 881//881 882//882
f 837//837 882//882 2435//2435
f 838//838 883//883 884//884
f 839//839 884//884 885//885
f 840//840 885//885 886//886
f 886//886 1810//1810 840//840
f 1810//1810 1896//1896 887//887
f 843//843 888//888 2352//2352
f 847//847 892//892 893//893
f 848//848 847//847 894//894
f 849//849 896//896 897//897
f 850//850 849//849 897//897
f 851//851 850//850 898//898
f 852//852 898//898 899//899
f 853//853 899//899 900//900
f 854//854 900//900 901//901
f 855//855 901//901 902//902
f 856//856 902//902 903//903
f 903//903 904//904 857//857
f 857//857 905//905 858//858
f 859//859 905//905 906//906
f 860//860 906//906 907//907
f 2428//2428 908//908 862//862
f 910//910 911//911 863//863
f 864//864 911//911 912//912
f 865//865 912//912 913//913
f 866//866 913//913 914//914
f 915//915 2273//2273 914//914
f 868//868 917//917 2094//2094
f 919//919 870//870 918//918
f 1916//1916 872//872 1809//1809
f 876//876 925//925 2079//2079
f 878//878 877//877 2079//2079
f 2017//2017 2129//2129 926//926
f 879//879 927//927 928//928
f 930//930 928//928 929//929
f 882//882 930//930 931//931
f 883//883 933//933 884//884
f 1931//1931 884//884 933//933
f 1896//1896 934//934 1995//1995
f 935//935 888//888 887//887
f 1759//1759 2352//2352 888//888
f 889//889 936//936 937//937
f 1998//1998 2152//2152 890//890
f 891//891 892//892 845//845
f 893//893 892//892 939//939
f 894//894 893//893 941//941
f 895//895 894//894 942//942
f 896//896 942//942 943//943
f 897//897 896//896 944//944
f 898//898 897//897 945//945
f 899//899 945//945 946//946
f 900//900 946//946 947//947
f 948//948 901//901 947//947
f 902//902 949//949 903//903
f 949//949 950//950 903//903
f 904//904 950//950 951//951
f 953//953 2416//2416 952//952
f 907//907 953//953 954//954
f 955//955 907//907 954//954
f 909//909 2095//2095 957//957
f 957//957 958//958 909//909
f 910//910 958//958 959//959
f 911//911 959//959 960//960
f 914//914 2398//2398 961//961
f 915//915 962//962 916//916
f 917//917 962//962 963//963
f 1879//1879 920//920 967//967
f 972//972 924//924 971//971
f 927//927 976//976 977//977
f 978//978 2437//2437 977//977
f 979//979 929//929 978//978
f 931//931 979//979 980//980
f 2435//2435 981//981 932//932
f 1995//1995 2383//2383 1031//1031
f 2343//2343 984//984 935//935
f 2278//2278 985//985 1759//1759
f 937//937 938//938 890//890
f 1998//1998 890//890 938//938
f 988//988 891//891 1998//1998
f 939//939 988//988 2429//2429
f 941//941 940//940 989//989
f 942//942 941//941 990//990
f 943//943 990//990 991//991
f 944//944 943//943 992//992
f 945//945 944//944 993//993
f 946//946 993//993 994//994
f 994//994 995//995 947//947
f 947//947 995//995 996//996
f 998//998 996//996 997//997
f 998//998 999//999 950//950
f 951//951 999//999 1000//1000
f 952//952 1000//1000 1001//1001
f 952//952 1002//1002 953//953
f 954//954 1002//1002 1003//1003
f 954//954 1004//1004 955//955
f 956//956 1834//1834 1005//1005
f 1006//1006 1005//1005 1050//1050
f 961//961 1008//1008 1054//1054
f 915//915 1009//1009 1010//1010
f 962//962 1010//1010 1011//1011
f 1012//1012 963//963 1011//1011
f 1058//1058 2321//2321 1012//1012
f 1770//1770 967//967 1016//1016
f 970//970 1018//1018 1936//1936
f 971//971 2170//2170 972//972
f 973//973 972//972 1020//1020
f 974//974 973//973 1021//1021
f 975//975 974//974 1022//1022
f 975//975 1022//1022 1023//1023
f 976//976 1024//1024 977//977
f 1024//1024 1025//1025 977//977
f 978//978 1025//1025 1026//1026
f 979//979 1026//1026 1027//1027
f 980//980 1027//1027 1028//1028
f 981//981 1028//1028 1029//1029
f 981//981 1030//1030 932//932
f 2051//2051 1034//1034 1754//1754
f 988//988 1037//1037 2429//2429
f 939//939 2429//2429 940//940
f 940//940 2407//2407 989//989
f 990//990 989//989 2399//2399
f 991//991 990//990 2319//2319
f 992//992 991//991 1039//1039
f 1040//1040 992//992 1039//1039
f 993//993 1041//1041 994//994
f 1041//1041 1042//1042 995//995
f 997//997 1043//1043 2295//2295
f 997//997 1045//1045 998//998
f 999//999 1045//1045 1046//1046
f 1000//1000 1046//1046 1047//1047
f 1001//1001 1047//1047 1048//1048
f 1048//1048 2290//2290 1001//1001
f 2385//2385 1834//1834 1049//1049
f 1051//1051 1006//1006 1050//1050
f 1008//1008 2237//2237 1053//1053
f 1053//1053 1054//1054 1008//1008
f 1009//1009 1054//1054 1055//1055
f 1010//1010 1055//1055 1056//1056
f 1056//1056 1057//1057 1011//1011
f 1057//1057 1012//1012 1011//1011
f 2321//2321 1059//1059 1013//1013
f 1059//1059 1106//1106 1014//1014
f 2370//2370 1016//1016 1060//1060
f 1108//1108 2280//2280 1845//1845
f 1020//1020 1019//1019 1064//1064
f 1021//1021 1020//1020 1065//1065
f 2324//2324 1023//1023 1022//1022
f 1024//1024 1067//1067 1068//1068
f 1025//1025 1068//1068 1069//1069
f 1026//1026 1069//1069 1070//1070
f 1027//1027 1070//1070 1071//1071
f 1028//1028 1071//1071 1072//1072
f 1029//1029 1072//1072 1073//1073
f 1754//1754 1077//1077 1078//1078
f 1079//1079 1078//1078 2047//2047
f 1039//1039 2319//2319 1084//1084
f 1084//1084 2160//2160 1039//1039
f 1044//1044 1089//1089 1045//1045
f 1046//1046 1089//1089 1090//1090
f 1090//1090 1047//1047 1046//1046
f 1094//1094 2221//2221 1093//1093
f 1049//1049 1095//1095 1096//1096
f 1097//1097 1924//1924 1098//1098
f 1052//1052 1099//1099 1053//1053
f 1053//1053 1100//1100 1054//1054
f 1055//1055 1100//1100 1101//1101
f 1055//1055 1102//1102 1056//1056
f 1102//1102 1103//1103 1056//1056
f 1057//1057 1103//1103 2167//2167
f 1106//1106 2251//2251 1060//1060
f 1062//1062 1063//1063 1936//1936
f 1020//1020 1112//1112 1065//1065
f 1065//1065 1112//1112 1113//1113
f 1114//1114 1067//1067 1066//1066
f 1068//1068 1114//1114 1115//1115
f 1069//1069 1115//1115 1116//1116
f 1070//1070 1116//1116 1117//1117
f 1071//1071 1117//1117 1118//1118
f 1072//1072 1118//1118 1119//1119
f 1073//1073 1119//1119 1120//1120
f 1122//1122 1074//1074 1121//1121
f 1751//1751 1078//1078 1124//1124
f 1993//1993 1126//1126 1168//1168
f 1083//1083 1082//1082 1127//1127
f 1084//1084 1083//1083 1128//1128
f 2160//2160 1129//1129 1085//1085
f 2303//2303 1088//1088 2210//2210
f 1090//1090 2313//2313 1133//1133
f 1133//1133 1091//1091 1090//1090
f 1133//1133 1092//1092 1091//1091
f 1093//1093 1134//1134 1094//1094
f 1099//1099 2055//2055 1138//1138
f 1139//1139 2375//2375 1138//1138
f 1101//1101 2375//2375 1140//1140
f 1101//1101 1141//1141 1102//1102
f 1142//1142 2167//2167 1103//1103
f 2167//2167 2318//2318 1104//1104
f 1939//1939 1104//1104 1143//1143
f 1939//1939 1145//1145 1106//1106
f 1145//1145 1146//1146 2251//2251
f 1107//1107 1146//1146 1147//1147
f 1111//1111 1152//1152 1153//1153
f 1112//1112 1111//1111 1154//1154
f 1066//1066 1156//1156 1114//1114
f 1156//1156 1157//1157 1114//1114
f 1115//1115 1157//1157 1158//1158
f 1116//1116 1158//1158 1159//1159
f 1117//1117 1159//1159 1160//1160
f 1161//1161 1118//1118 1160//1160
f 1120//1120 1161//1161 1162//1162
f 1122//1122 1120//1120 1162//1162
f 1122//1122 2000//2000 1163//1163
f 2366//2366 1871//1871 1165//1165
f 1850//1850 1751//1751 1165//1165
f 1169//1169 1993//1993 1168//1168
f 2203//2203 1925//1925 2127//2127
f 1925//1925 2203//2203 1081//1081
f 1082//1082 1170//1170 1127//1127
f 1128//1128 1127//1127 1171//1171
f 2177//2177 2249//2249 1129//1129
f 1172//1172 1173//1173 2249//2249
f 1131//1131 1173//1173 1174//1174
f 2303//2303 1175//1175 2159//2159
f 2159//2159 1132//1132 2313//2313
f 2406//2406 1092//1092 1133//1133
f 2322//2322 2162//2162 1222//1222
f 1180//1180 1179//1179 2247//2247
f 1831//1831 1180//1180 1911//1911
f 1141//1141 1184//1184 1185//1185
f 1185//1185 1186//1186 1142//1142
f 1143//1143 2318//2318 1187//1187
f 1188//1188 1143//1143 1187//1187
f 1144//1144 1188//1188 1189//1189
f 1144//1144 1190//1190 1145//1145
f 1146//1146 1190//1190 1191//1191
f 1147//1147 1191//1191 1192//1192
f 1746//1746 1147//1147 1192//1192
f 1746//1746 1843//1843 1193//1193
f 1194//1194 2431//2431 1149//1149
f 1196//1196 1150//1150 1195//1195
f 1152//1152 1150//1150 1196//1196
f 1197//1197 1152//1152 1196//1196
f 1154//1154 1153//1153 1198//1198
f 1155//1155 1154//1154 1198//1198
f 1200//1200 1155//1155 1199//1199
f 1156//1156 1200//1200 1157//1157
f 1157//1157 1201//1201 1158//1158
f 1202//1202 1158//1158 1201//1201
f 1159//1159 1203//1203 1160//1160
f 1203//1203 1204//1204 1160//1160
f 1928//1928 2329//2329 1205//1205
f 1162//1162 2329//2329 1928//1928
f 1164//1164 1209//1209 1871//1871
f 1871//1871 1773//1773 1210//1210
f 1210//1210 1850//1850 1165//1165
f 1749//1749 1850//1850 1210//1210
f 1166//1166 2258//2258 1125//1125
f 1215//1215 1170//1170 2113//2113
f 1172//1172 1818//1818 1217//1217
f 1175//1175 1218//1218 1219//1219
f 1135//1135 1178//1178 2162//2162
f 1182//1182 2049//2049 1927//1927
f 1184//1184 1225//1225 1226//1226
f 1226//1226 1227//1227 1185//1185
f 1186//1186 1227//1227 1228//1228
f 1187//1187 1228//1228 1229//1229
f 1188//1188 1229//1229 1230//1230
f 1189//1189 1230//1230 1272//1272
f 1191//1191 1231//1231 1232//1232
f 1192//1192 1232//1232 2356//2356
f 1843//1843 2356//2356 1743//1743
f 1195//1195 1194//1194 1235//1235
f 1237//1237 1197//1197 1196//1196
f 1198//1198 1197//1197 1238//1238
f 1239//1239 1199//1199 1198//1198
f 1199//1199 1241//1241 1200//1200
f 1201//1201 1241//1241 1242//1242
f 1285//1285 2219//2219 1242//1242
f 1244//1244 1204//1204 1203//1203
f 1247//1247 1917//1917 1324//1324
f 2054//2054 1209//1209 1249//1249
f 1251//1251 2230//2230 1250//1250
f 1212//1212 1211//1211 1253//1253
f 2361//2361 1254//1254 1830//1830
f 1168//1168 1213//1213 1169//1169
f 2113//2113 1214//1214 2144//2144
f 2198//2198 2077//2077 2389//2389
f 1829//1829 2351//2351 2065//2065
f 2402//2402 1929//1929 1219//1219
f 2214//2214 2294//2294 1300//1300
f 1220//1220 2214//2214 1221//1221
f 1262//1262 2155//2155 1222//1222
f 1822//1822 1992//1992 1910//1910
f 2171//2171 1263//1263 1988//1988
f 1927//1927 1265//1265 1266//1266
f 1267//1267 1225//1225 1266//1266
f 1267//1267 1268//1268 1226//1226
f 1227//1227 1268//1268 1269//1269
f 1227//1227 2425//2425 1228//1228
f 1270//1270 1271//1271 1230//1230
f 1272//1272 1230//1230 1271//1271
f 1272//1272 1273//1273 1231//1231
f 1232//1232 1273//1273 1274//1274
f 1235//1235 1234//1234 1277//1277
f 1236//1236 1235//1235 1278//1278
f 1237//1237 1236//1236 1279//1279
f 1238//1238 1280//1280 1281//1281
f 1239//1239 1238//1238 1281//1281
f 1286//1286 1245//1245 1244//1244
f 1246//1246 2354//2354 1917//1917
f 1288//1288 1248//1248 1324//1324
f 1289//1289 1288//1288 1797//1797
f 1251//1251 1768//1768 1291//1291
f 2223//2223 1291//1291 1846//1846
f 1292//1292 1253//1253 1252//1252
f 1329//1329 1254//1254 1875//1875
f 1256//1256 1294//1294 1257//1257
f 1259//1259 1258//1258 1295//1295
f 1985//1985 1259//1259 1296//1296
f 1918//1918 1298//1298 1826//1826
f 2037//2037 1262//1262 1930//1930
f 1997//1997 2155//2155 1301//1301
f 1267//1267 1303//1303 1304//1304
f 1304//1304 1303//1303 1342//1342
f 1304//1304 1305//1305 1269//1269
f 1306//1306 1269//1269 1305//1305
f 1306//1306 1307//1307 1270//1270
f 1271//1271 1307//1307 1346//1346
f 1273//1273 1308//1308 1309//1309
f 1274//1274 1309//1309 1310//1310
f 1311//1311 2263//2263 1310//1310
f 1311//1311 1842//1842 2263//2263
f 1842//1842 1311//1311 2394//2394
f 1277//1277 1276//1276 1314//1314
f 1278//1278 1277//1277 1315//1315
f 1279//1279 1278//1278 1316//1316
f 1316//1316 2085//2085 1279//1279
f 2085//2085 1281//1281 1280//1280
f 1319//1319 2419//2419 1318//1318
f 1282//1282 1319//1319 1283//1283
f 1319//1319 1284//1284 1283//1283
f 1285//1285 1320//1320 1321//1321
f 1321//1321 1835//1835 1286//1286
f 1923//1923 2196//2196 1357//1357
f 1322//1322 1904//1904 1323//1323
f 2192//2192 1904//1904 1359//1359
f 1288//1288 1325//1325 1797//1797
f 1797//1797 1325//1325 1326//1326
f 1290//1290 1797//1797 1327//1327
f 1327//1327 1768//1768 1290//1290
f 1827//1827 1329//1329 1330//1330
f 1294//1294 1920//1920 2073//2073
f 1332//1332 1295//1295 1823//1823
f 1332//1332 1798//1798 1296//1296
f 1798//1798 1812//1812 2065//2065
f 1812//1812 1908//1908 1297//1297
f 1299//1299 1371//1371 1334//1334
f 1335//1335 1300//1300 2137//2137
f 1337//1337 2423//2423 1336//1336
f 1986//1986 1894//1894 1340//1340
f 1813//1813 1340//1340 1907//1907
f 2182//2182 1907//1907 1811//1811
f 1304//1304 1342//1342 1343//1343
f 1305//1305 1343//1343 1344//1344
f 1305//1305 1345//1345 1306//1306
f 1271//1271 1346//1346 1308//1308
f 1346//1346 1347//1347 1308//1308
f 1309//1309 1347//1347 1348//1348
f 1310//1310 1348//1348 1349//1349
f 1314//1314 1313//1313 1352//1352
f 1315//1315 1314//1314 1352//1352
f 2074//2074 1318//1318 1354//1354
f 1356//1356 1355//1355 1394//1394
f 1846//1846 2028//2028 1361//1361
f 2138//2138 1983//1983 1329//1329
f 1364//1364 1330//1330 1983//1983
f 1366//1366 1331//1331 1365//1365
f 1367//1367 2244//2244 1823//1823
f 2244//2244 1975//1975 1332//1332
f 1918//1918 1370//1370 2068//2068
f 2068//2068 1370//1370 1411//1411
f 1371//1371 1299//1299 1333//1333
f 2137//2137 1922//1922 1335//1335
f 1913//1913 1821//1821 1373//1373
f 1894//1894 1794//1794 2338//2338
f 2217//2217 1381//1381 1346//1346
f 1347//1347 1381//1381 1382//1382
f 1348//1348 1382//1382 1383//1383
f 1349//1349 1383//1383 1384//1384
f 1352//1352 1351//1351 1389//1389
f 1389//1389 1390//1390 1352//1352
f 1390//1390 1353//1353 1352//1352
f 1804//1804 2202//2202 1431//1431
f 1804//1804 1392//1392 1354//1354
f 2074//2074 1816//1816 1914//1914
f 2119//2119 1815//1815 1395//1395
f 1358//1358 1396//1396 2015//2015
f 1397//1397 2015//2015 1396//1396
f 1398//1398 2387//2387 1359//1359
f 1399//1399 1398//1398 1977//1977
f 1967//1967 1399//1399 1400//1400
f 1360//1360 1400//1400 2304//2304
f 2299//2299 1401//1401 1402//1402
f 1362//1362 2081//2081 1363//1363
f 1405//1405 1364//1364 1780//1780
f 1364//1364 1406//1406 1365//1365
f 1407//1407 1366//1366 1365//1365
f 1902//1902 1801//1801 2244//2244
f 1801//1801 1368//1368 2244//2244
f 1368//1368 1409//1409 1782//1782
f 2050//2050 1872//1872 1782//1782
f 1903//1903 1411//1411 1412//1412
f 1913//1913 1414//1414 1453//1453
f 1374//1374 1416//1416 2190//2190
f 2190//2190 1795//1795 1417//1417
f 1419//1419 1378//1378 1377//1377
f 1380//1380 1421//1421 1422//1422
f 1382//1382 1422//1422 1423//1423
f 1383//1383 1423//1423 1424//1424
f 1385//1385 1384//1384 2365//2365
f 1425//1425 2084//2084 1385//1385
f 1742//1742 1840//1840 1426//1426
f 1427//1427 2208//2208 1388//1388
f 1430//1430 2208//2208 1429//1429
f 1393//1393 1392//1392 1433//1433
f 1393//1393 2074//2074 1354//1354
f 1895//1895 1792//1792 1434//1434
f 2098//2098 1394//1394 2189//2189
f 1396//1396 1435//1435 1397//1397
f 1436//1436 1893//1893 1397//1397
f 1400//1400 1437//1437 1477//1477
f 2372//2372 1440//1440 1402//1402
f 1404//1404 1441//1441 1481//1481
f 2359//2359 1902//1902 1824//1824
f 2050//2050 1409//1409 1446//1446
f 1447//1447 2050//2050 1446//1446
f 1414//1414 1451//1451 1452//1452
f 1453//1453 1452//1452 1808//1808
f 1454//1454 1808//1808 1890//1890
f 1976//1976 1788//1788 1874//1874
f 1885//1885 1457//1457 1973//1973
f 2333//2333 2285//2285 1458//1458
f 1420//1420 1461//1461 1421//1421
f 1423//1423 1462//1462 1463//1463
f 1424//1424 1463//1463 1464//1464
f 1430//1430 1470//1470 1471//1471
f 1433//1433 1774//1774 1472//1472
f 1895//1895 1433//1433 2082//2082
f 2384//2384 1473//1473 1799//1799
f 2022//2022 2098//2098 1473//1473
f 1477//1477 2410//2410 2229//2229
f 1478//1478 1477//1477 2229//2229
f 2286//2286 1747//1747 2224//2224
f 1482//1482 1404//1404 1481//1481
f 1445//1445 1485//1485 1787//1787
f 1450//1450 2025//2025 1488//1488
f 1451//1451 1488//1488 1489//1489
f 1808//1808 2195//2195 1934//1934
f 1491//1491 1971//1971 1788//1788
f 1458//1458 1492//1492 1493//1493
f 1493//1493 2333//2333 1458//1458
f 1919//1919 1990//1990 1496//1496
f 1461//1461 2156//2156 2347//2347
f 1912//1912 1465//1465 1499//1499
f 1465//1465 1500//1500 1466//1466
f 1500//1500 1501//1501 2377//2377
f 1839//1839 1741//1741 1501//1501
f 1470//1470 1506//1506 1987//1987
f 1472//1472 1507//1507 1870//1870
f 1781//1781 1880//1880 1508//1508
f 1509//1509 1510//1510 2149//2149
f 1552//1552 2323//2323 1511//1511
f 1480//1480 1518//1518 2140//2140
f 2140//2140 1481//1481 1480//1480
f 1520//1520 1864//1864 1519//1519
f 1483//1483 1520//1520 2083//2083
f 1933//1933 2083//2083 1521//1521
f 2139//2139 2391//2391 1484//1484
f 1485//1485 1524//1524 1486//1486
f 1526//1526 2041//2041 1752//1752
f 1767//1767 1965//1965 1526//1526
f 1878//1878 2373//2373 1528//1528
f 1489//1489 1529//1529 1530//1530
f 1890//1890 1533//1533 1490//1490
f 1868//1868 1534//1534 1785//1785
f 1971//1971 1868//1868 1568//1568
f 1536//1536 1493//1493 1492//1492
f 1497//1497 1538//1538 1571//1571
f 1498//1498 1499//1499 1464//1464
f 1857//1857 2305//2305 1507//1507
f 1547//1547 2380//2380 1507//1507
f 2380//2380 1549//1549 2232//2232
f 1509//1509 2149//2149 1473//1473
f 1511//1511 2180//2180 1552//1552
f 1515//1515 1554//1554 2265//2265
f 2034//2034 2265//2265 1554//1554
f 1954//1954 2034//2034 1555//1555
f 2140//2140 2106//2106 1519//1519
f 1560//1560 1519//1519 1559//1559
f 1590//1590 1521//1521 1560//1560
f 1562//1562 1522//1522 1561//1561
f 1563//1563 1767//1767 1526//1526
f 1878//1878 2233//2233 1790//1790
f 1530//1530 2014//2014 1817//1817
f 1533//1533 1534//1534 1490//1490
f 2108//2108 1602//1602 1570//1570
f 1570//1570 2179//2179 2316//2316
f 1806//1806 2388//2388 1537//1537
f 2436//2436 1789//1789 1631//1631
f 1573//1573 1912//1912 1572//1572
f 1575//1575 1542//1542 1541//1541
f 1963//1963 2042//2042 1579//1579
f 1580//1580 2368//2368 1579//1579
f 1786//1786 1550//1550 1581//1581
f 1584//1584 2308//2308 1583//1583
f 1553//1553 1584//1584 1585//1585
f 1745//1745 1555//1555 1586//1586
f 1558//1558 1557//1557 1588//1588
f 1562//1562 1592//1592 2053//2053
f 2276//2276 1861//1861 1964//1964
f 1856//1856 1593//1593 1753//1753
f 1564//1564 1594//1594 2270//2270
f 2014//2014 2293//2293 1596//1596
f 1596//1596 1817//1817 2014//2014
f 2100//2100 1952//1952 1598//1598
f 2100//2100 1599//1599 1868//1868
f 1568//1568 1599//1599 1600//1600
f 2179//2179 2147//2147 1978//1978
f 1575//1575 1606//1606 2013//2013
f 1606//1606 2158//2158 2013//2013
f 1886//1886 1578//1578 1546//1546
f 1956//1956 2363//2363 1610//1610
f 1755//1755 2109//2109 2142//2142
f 2302//2302 2142//2142 1851//1851
f 1582//1582 1583//1583 2266//2266
f 1584//1584 1614//1614 1763//1763
f 1616//1616 1617//1617 1586//1586
f 2342//2342 1617//1617 1647//1647
f 1620//1620 1591//1591 1590//1590
f 1853//1853 2276//2276 1766//1766
f 2376//2376 1847//1847 2035//2035
f 1847//1847 2222//2222 2035//2035
f 1849//1849 1844//1844 1753//1753
f 1622//1622 1621//1621 1758//1758
f 2048//2048 1866//1866 1622//1622
f 1625//1625 2088//2088 1624//1624
f 1889//1889 1626//1626 1597//1597
f 1628//1628 1662//1662 1663//1663
f 1662//1662 1628//1628 2031//2031
f 1600//1600 1629//1629 2086//2086
f 1858//1858 1762//1762 2186//2186
f 1873//1873 1966//1966 1668//1668
f 1604//1604 1605//1605 2348//2348
f 1884//1884 1757//1757 1779//1779
f 2178//2178 1609//1609 1886//1886
f 1610//1610 1744//1744 1639//1639
f 1641//1641 2107//2107 1640//1640
f 1612//1612 2379//2379 2009//2009
f 1615//1615 1644//1644 1645//1645
f 1646//1646 1645//1645 1693//1693
f 1882//1882 2011//2011 1651//1651
f 1852//1852 1621//1621 1856//1856
f 1659//1659 1660//1660 1625//1625
f 2393//2393 1951//1951 1665//1665
f 2186//2186 2181//2181 1877//1877
f 1671//1671 1632//1632 1670//1670
f 1738//1738 1634//1634 1673//1673
f 1776//1776 1676//1676 1637//1637
f 1757//1757 1637//1637 1677//1677
f 1638//1638 1679//1679 1744//1744
f 1744//1744 1680//1680 1639//1639
f 2142//2142 2185//2185 1851//1851
f 1851//1851 1683//1683 1640//1640
f 1684//1684 1640//1640 1683//1683
f 1685//1685 1641//1641 1684//1684
f 1685//1685 1686//1686 1642//1642
f 1643//1643 1686//1686 1687//1687
f 1688//1688 2379//2379 1687//1687
f 1689//1689 1960//1960 1688//1688
f 1690//1690 1760//1760 1689//1689
f 1691//1691 1854//1854 1690//1690
f 2378//2378 1692//1692 1645//1645
f 1645//1645 1692//1692 1693//1693
f 1646//1646 1693//1693 1694//1694
f 1695//1695 2026//2026 1694//1694
f 1647//1647 1695//1695 1696//1696
f 1648//1648 1764//1764 1649//1649
f 1764//1764 1699//1699 2311//2311
f 2011//2011 2392//2392 1651//1651
f 1702//1702 1652//1652 1651//1651
f 1652//1652 1703//1703 1653//1653
f 1653//1653 1704//1704 1654//1654
f 1654//1654 1848//1848 1961//1961
f 1748//1748 1848//1848 1706//1706
f 1748//1748 1707//1707 1655//1655
f 1708//1708 1656//1656 1655//1655
f 1709//1709 1656//1656 1708//1708
f 1710//1710 1844//1844 1709//1709
f 1711//1711 1657//1657 1710//1710
f 1712//1712 1852//1852 1711//1711
f 1713//1713 1758//1758 1712//1712
f 1714//1714 1658//1658 1713//1713
f 1715//1715 1623//1623 1714//1714
f 1716//1716 2239//2239 1715//1715
f 1659//1659 1716//1716 1717//1717
f 1660//1660 1717//1717 1718//1718
f 2145//2145 1718//1718 1719//1719
f 1661//1661 1719//1719 1720//1720
f 1721//1721 1662//1662 1720//1720
f 1663//1663 1721//1721 1722//1722
f 1723//1723 1664//1664 1722//1722
f 1665//1665 1723//1723 1724//1724
f 1725//1725 1666//1666 2393//2393
f 1726//1726 1666//1666 1725//1725
f 1727//1727 1667//1667 1726//1726
f 1728//1728 1966//1966 1727//1727
f 1668//1668 1728//1728 1729//1729
f 1669//1669 1729//1729 1730//1730
f 1670//1670 1730//1730 1731//1731
f 1732//1732 1671//1671 1731//1731
f 1672//1672 1732//1732 1733//1733
f 2250//2250 1733//1733 1734//1734
f 1735//1735 1901//1901 1734//1734
f 1736//1736 1673//1673 1735//1735
f 1//1 43//43 44//44
f 44//44 2420//2420 2//2
f 3//3 45//45 4//4
f 4//4 45//45 2241//2241
f 2241//2241 5//5 4//4
f 1946//1946 49//49 50//50
f 1940//1940 52//52 2252//2252
f 1940//1940 2169//2169 2216//2216
f 9//9 2169//2169 53//53
f 10//10 54//54 1921//1921
f 11//11 1921//1921 55//55
f 13//13 12//12 56//56
f 14//14 13//13 57//57
f 15//15 14//14 58//58
f 16//16 15//15 59//59
f 17//17 16//16 60//60
f 18//18 17//17 61//61
f 20//20 2260//2260 21//21
f 2173//2173 2260//2260 63//63
f 22//22 21//21 64//64
f 65//65 22//22 64//64
f 24//24 23//23 66//66
f 25//25 24//24 67//67
f 26//26 25//25 68//68
f 27//27 26//26 69//69
f 28//28 27//27 70//70
f 29//29 28//28 71//71
f 30//30 29//29 72//72
f 31//31 30//30 73//73
f 32//32 31//31 74//74
f 33//33 32//32 75//75
f 76//76 33//33 75//75
f 115//115 76//76 2168//2168
f 37//37 79//79 38//38
f 38//38 2135//2135 39//39
f 41//41 81//81 2062//2062
f 41//41 2062//2062 42//42
f 83//83 2340//2340 43//43
f 2253//2253 2241//2241 86//86
f 47//47 88//88 48//48
f 50//50 88//88 89//89
f 51//51 2252//2252 52//52
f 2252//2252 92//92 1940//1940
f 93//93 53//53 92//92
f 2193//2193 95//95 96//96
f 55//55 2193//2193 56//56
f 57//57 56//56 97//97
f 58//58 57//57 98//98
f 59//59 58//58 99//99
f 60//60 59//59 100//100
f 61//61 60//60 101//101
f 61//61 102//102 2421//2421
f 65//65 64//64 104//104
f 66//66 65//65 104//104
f 67//67 66//66 105//105
f 68//68 67//67 106//106
f 69//69 68//68 107//107
f 70//70 69//69 108//108
f 71//71 70//70 109//109
f 72//72 71//71 110//110
f 73//73 72//72 111//111
f 74//74 73//73 112//112
f 75//75 74//74 113//113
f 75//75 2168//2168 76//76
f 77//77 76//76 115//115
f 2275//2275 81//81 80//80
f 125//125 84//84 83//83
f 128//128 85//85 2288//2288
f 86//86 129//129 130//130
f 131//131 89//89 88//88
f 133//133 90//90 89//89
f 137//137 2362//2362 93//93
f 95//95 140//140 96//96
f 96//96 142//142 97//97
f 98//98 97//97 142//142
f 99//99 98//98 143//143
f 100//100 99//99 144//144
f 101//101 100//100 145//145
f 102//102 101//101 146//146
f 2172//2172 147//147 148//148
f 2016//2016 148//148 2006//2006
f 103//103 149//149 150//150
f 151//151 104//104 103//103
f 106//106 105//105 152//152
f 107//107 106//106 153//153
f 108//108 107//107 154//154
f 108//108 155//155 109//109
f 157//157 110//110 156//156
f 158//158 113//113 112//112
f 114//114 113//113 159//159
f 115//115 2235//2235 2087//2087
f 2087//2087 2301//2301 116//116
f 164//164 2301//2301 163//163
f 164//164 117//117 2301//2301
f 2023//2023 118//118 164//164
f 169//169 123//123 122//122
f 171//171 126//126 125//125
f 129//129 2413//2413 130//130
f 87//87 2349//2349 131//131
f 180//180 135//135 179//179
f 181//181 136//136 180//180
f 138//138 137//137 181//181
f 138//138 2246//2246 139//139
f 141//141 140//140 183//183
f 143//143 142//142 185//185
f 144//144 143//143 186//186
f 145//145 144//144 187//187
f 145//145 146//146 101//101
f 2287//2287 146//146 189//189
f 190//190 148//148 147//147
f 2332//2332 191//191 232//232
f 2259//2259 2006//2006 192//192
f 150//150 194//194 151//151
f 152//152 151//151 194//194
f 153//153 152//152 195//195
f 154//154 153//153 196//196
f 155//155 154//154 197//197
f 156//156 155//155 198//198
f 157//157 156//156 199//199
f 200//200 158//158 157//157
f 159//159 158//158 201//201
f 160//160 159//159 202//202
f 160//160 203//203 161//161
f 162//162 161//161 203//203
f 165//165 208//208 166//166
f 2344//2344 166//166 208//208
f 210//210 167//167 209//209
f 169//169 2358//2358 2045//2045
f 2045//2045 170//170 169//169
f 171//171 212//212 213//213
f 213//213 2415//2415 172//172
f 214//214 173//173 172//172
f 214//214 215//215 2228//2228
f 2228//2228 216//216 2166//2166
f 2166//2166 2205//2205 2413//2413
f 2205//2205 217//217 174//174
f 175//175 132//132 2349//2349
f 176//176 219//219 177//177
f 220//220 178//178 219//219
f 180//180 179//179 221//221
f 181//181 180//180 222//222
f 182//182 181//181 222//222
f 2246//2246 1905//1905 183//183
f 183//183 2076//2076 184//184
f 226//226 184//184 225//225
f 187//187 186//186 227//227
f 188//188 228//228 229//229
f 232//232 231//231 276//276
f 233//233 192//192 2332//2332
f 235//235 193//193 234//234
f 195//195 194//194 235//235
f 196//196 238//238 197//197
f 198//198 197//197 239//239
f 199//199 198//198 240//240
f 199//199 241//241 200//200
f 202//202 201//201 242//242
f 160//160 244//244 203//203
f 204//204 245//245 246//246
f 247//247 204//204 246//246
f 248//248 205//205 247//247
f 163//163 2298//2298 206//206
f 251//251 210//210 209//209
f 2045//2045 253//253 211//211
f 212//212 256//256 213//213
f 256//256 257//257 2415//2415
f 2415//2415 258//258 214//214
f 215//215 259//259 260//260
f 261//261 2205//2205 216//216
f 2078//2078 219//219 2021//2021
f 221//221 220//220 265//265
f 266//266 221//221 265//265
f 223//223 222//222 267//267
f 225//225 2238//2238 226//226
f 228//228 227//227 272//272
f 228//228 273//273 229//229
f 230//230 229//229 274//274
f 231//231 230//230 275//275
f 276//276 231//231 275//275
f 2089//2089 2332//2332 277//277
f 278//278 2248//2248 234//234
f 236//236 235//235 234//234
f 237//237 236//236 279//279
f 238//238 237//237 280//280
f 239//239 238//238 281//281
f 240//240 239//239 282//282
f 241//241 240//240 283//283
f 242//242 241//241 284//284
f 243//243 242//242 285//285
f 243//243 244//244 202//202
f 245//245 244//244 287//287
f 246//246 245//245 288//288
f 297//297 2400//2400 296//296
f 297//297 296//296 2161//2161
f 252//252 297//297 253//253
f 2161//2161 2320//2320 297//297
f 255//255 299//299 300//300
f 300//300 301//301 257//257
f 258//258 2153//2153 259//259
f 303//303 302//302 344//344
f 2327//2327 303//303 304//304
f 305//305 2327//2327 304//304
f 266//266 265//265 308//308
f 311//311 267//267 310//310
f 2076//2076 2072//2072 270//270
f 270//270 271//271 225//225
f 315//315 1999//1999 2262//2262
f 274//274 273//273 315//315
f 275//275 274//274 316//316
f 276//276 275//275 317//317
f 276//276 318//318 277//277
f 2248//2248 320//320 321//321
f 280//280 279//279 322//322
f 281//281 280//280 323//323
f 281//281 282//282 239//239
f 283//283 282//282 325//325
f 284//284 283//283 326//326
f 285//285 284//284 327//327
f 286//286 285//285 328//328
f 286//286 287//287 243//243
f 288//288 287//287 330//330
f 289//289 288//288 331//331
f 290//290 291//291 247//247
f 334//334 291//291 2163//2163
f 295//295 294//294 2118//2118
f 296//296 2400//2400 295//295
f 2400//2400 297//297 252//252
f 254//254 2320//2320 298//298
f 340//340 2312//2312 299//299
f 342//342 301//301 341//341
f 302//302 343//343 344//344
f 389//389 343//343 388//388
f 345//345 305//305 304//304
f 346//346 2020//2020 305//305
f 2289//2289 307//307 348//348
f 307//307 2289//2289 308//308
f 309//309 308//308 2289//2289
f 350//350 309//309 349//349
f 310//310 351//351 311//311
f 1898//1898 1803//1803 2072//2072
f 2072//2072 1803//1803 312//312
f 314//314 2357//2357 1999//1999
f 315//315 357//357 316//316
f 317//317 316//316 358//358
f 359//359 317//317 358//358
f 318//318 319//319 277//277
f 360//360 361//361 319//319
f 320//320 361//361 362//362
f 321//321 320//320 362//362
f 322//322 321//321 363//363
f 323//323 322//322 364//364
f 324//324 323//323 366//366
f 325//325 324//324 367//367
f 326//326 325//325 368//368
f 327//327 326//326 369//369
f 328//328 327//327 369//369
f 329//329 328//328 370//370
f 331//331 330//330 371//371
f 332//332 331//331 372//372
f 333//333 332//332 373//373
f 374//374 2395//2395 333//333
f 335//335 2102//2102 376//376
f 337//337 379//379 338//338
f 2161//2161 338//338 380//380
f 2029//2029 382//382 339//339
f 386//386 2335//2335 385//385
f 2335//2335 386//386 341//341
f 1947//1947 2027//2027 2409//2409
f 2027//2027 1947//1947 345//345
f 350//350 349//349 396//396
f 397//397 2397//2397 351//351
f 354//354 353//353 1926//1926
f 314//314 313//313 354//354
f 400//400 354//354 1926//1926
f 355//355 356//356 2262//2262
f 358//358 357//357 402//402
f 359//359 358//358 403//403
f 360//360 359//359 404//404
f 361//361 360//360 405//405
f 362//362 361//361 406//406
f 363//363 362//362 407//407
f 364//364 363//363 408//408
f 365//365 364//364 409//409
f 366//366 365//365 410//410
f 368//368 367//367 412//412
f 369//369 368//368 413//413
f 370//370 369//369 414//414
f 416//416 371//371 329//329
f 372//372 371//371 417//417
f 372//372 373//373 332//332
f 373//373 419//419 2125//2125
f 422//422 421//421 463//463
f 422//422 376//376 2024//2024
f 2325//2325 377//377 422//422
f 379//379 2126//2126 425//425
f 381//381 425//425 2175//2175
f 381//381 426//426 382//382
f 428//428 385//385 384//384
f 385//385 430//430 386//386
f 431//431 387//387 430//430
f 2176//2176 432//432 433//433
f 2409//2409 434//434 390//390
f 1947//1947 2206//2206 391//391
f 392//392 391//391 2206//2206
f 2424//2424 436//436 2092//2092
f 394//394 2411//2411 395//395
f 395//395 437//437 396//396
f 439//439 2124//2124 438//438
f 398//398 2124//2124 439//439
f 1892//1892 1796//1796 399//399
f 442//442 401//401 400//400
f 444//444 356//356 443//443
f 403//403 402//402 445//445
f 404//404 403//403 446//446
f 405//405 404//404 447//447
f 406//406 405//405 448//448
f 407//407 406//406 449//449
f 408//408 407//407 450//450
f 410//410 409//409 452//452
f 453//453 410//410 452//452
f 411//411 454//454 412//412
f 456//456 413//413 455//455
f 414//414 413//413 456//456
f 415//415 414//414 457//457
f 415//415 2430//2430 2434//2434
f 416//416 2434//2434 417//417
f 417//417 2434//2434 418//418
f 420//420 421//421 375//375
f 2213//2213 422//422 463//463
f 424//424 2126//2126 2256//2256
f 427//427 426//426 1948//1948
f 468//468 429//429 428//428
f 2191//2191 431//431 469//469
f 472//472 471//471 515//515
f 2386//2386 2096//2096 390//390
f 436//436 2424//2424 2411//2411
f 438//438 477//477 478//478
f 1796//1796 1883//1883 441//441
f 1796//1796 441//441 399//399
f 1926//1926 442//442 400//400
f 401//401 2272//2272 443//443
f 485//485 443//443 484//484
f 486//486 444//444 485//485
f 446//446 445//445 486//486
f 448//448 447//447 489//489
f 449//449 448//448 490//490
f 450//450 449//449 491//491
f 492//492 450//450 491//491
f 451//451 493//493 452//452
f 453//453 452//452 494//494
f 454//454 453//453 495//495
f 455//455 454//454 496//496
f 455//455 2441//2441 456//456
f 457//457 456//456 498//498
f 457//457 2430//2430 415//415
f 2430//2430 500//500 458//458
f 500//500 459//459 458//458
f 502//502 460//460 501//501
f 502//502 503//503 461//461
f 503//503 462//462 461//461
f 2099//2099 463//463 2008//2008
f 504//504 463//463 2099//2099
f 2306//2306 507//507 466//466
f 2200//2200 1948//1948 2175//2175
f 512//512 469//469 429//429
f 513//513 2191//2191 2336//2336
f 471//471 472//472 433//433
f 517//517 473//473 516//516
f 475//475 518//518 519//519
f 475//475 2330//2330 2092//2092
f 477//477 520//520 521//521
f 2066//2066 523//523 522//522
f 1991//1991 1883//1883 480//480
f 1828//1828 481//481 524//524
f 483//483 482//482 1828//1828
f 2183//2183 1828//1828 525//525
f 485//485 2412//2412 486//486
f 487//487 486//486 2412//2412
f 488//488 487//487 529//529
f 489//489 488//488 530//530
f 490//490 489//489 531//531
f 532//532 490//490 531//531
f 492//492 491//491 532//532
f 493//493 492//492 533//533
f 494//494 493//493 534//534
f 495//495 494//494 535//535
f 496//496 495//495 536//536
f 497//497 496//496 536//536
f 498//498 497//497 538//538
f 500//500 542//542 459//459
f 501//501 459//459 542//542
f 502//502 501//501 544//544
f 503//503 502//502 545//545
f 504//504 2199//2199 2103//2103
f 2199//2199 504//504 2099//2099
f 548//548 505//505 2103//2103
f 1962//1962 548//548 506//506
f 2200//2200 2345//2345 508//508
f 508//508 549//549 550//550
f 510//510 553//553 554//554
f 554//554 511//511 510//510
f 556//556 2336//2336 555//555
f 514//514 557//557 558//558
f 2134//2134 2236//2236 515//515
f 517//517 560//560 518//518
f 519//519 562//562 563//563
f 519//519 563//563 2330//2330
f 520//520 2330//2330 563//563
f 563//563 2317//2317 520//520
f 521//521 565//565 566//566
f 522//522 479//479 478//478
f 1991//1991 480//480 523//523
f 567//567 1991//1991 523//523
f 570//570 2331//2331 2183//2183
f 527//527 526//526 2331//2331
f 528//528 527//527 573//573
f 529//529 528//528 574//574
f 530//530 529//529 575//575
f 531//531 530//530 576//576
f 578//578 531//531 577//577
f 533//533 532//532 578//578
f 534//534 533//533 579//579
f 535//535 534//534 580//580
f 537//537 536//536 2442//2442
f 537//537 538//538 497//497
f 539//539 538//538 584//584
f 540//540 539//539 585//585
f 541//541 540//540 586//586
f 543//543 542//542 2422//2422
f 544//544 2231//2231 545//545
f 546//546 589//589 590//590
f 591//591 2199//2199 547//547
f 592//592 2212//2212 2103//2103
f 552//552 551//551 1941//1941
f 599//599 1945//1945 645//645
f 599//599 555//555 554//554
f 556//556 601//601 557//557
f 558//558 557//557 601//601
f 559//559 516//516 2165//2165
f 605//605 604//604 649//649
f 559//559 606//606 560//560
f 607//607 561//561 606//606
f 560//560 606//606 561//561
f 564//564 563//563 562//562
f 2317//2317 609//609 565//565
f 1832//1832 565//565 609//609
f 2066//2066 1989//1989 1876//1876
f 1783//1783 568//568 567//567
f 568//568 569//569 525//525
f 569//569 570//570 525//525
f 571//571 570//570 613//613
f 615//615 571//571 614//614
f 572//572 615//615 616//616
f 573//573 616//616 617//617
f 574//574 617//617 618//618
f 575//575 618//618 619//619
f 576//576 621//621 577//577
f 2439//2439 577//577 622//622
f 579//579 578//578 2439//2439
f 580//580 579//579 623//623
f 581//581 580//580 624//624
f 582//582 581//581 625//625
f 583//583 582//582 626//626
f 584//584 583//583 627//627
f 585//585 584//584 628//628
f 586//586 585//585 629//629
f 587//587 586//586 630//630
f 588//588 587//587 631//631
f 633//633 635//635 2231//2231
f 636//636 590//590 589//589
f 591//591 590//590 2007//2007
f 591//591 637//637 638//638
f 595//595 594//594 642//642
f 596//596 595//595 642//642
f 2326//2326 2064//2064 643//643
f 1945//1945 688//688 645//645
f 645//645 646//646 600//600
f 645//645 600//600 599//599
f 652//652 651//651 696//696
f 564//564 562//562 2131//2131
f 608//608 2131//2131 653//653
f 2143//2143 608//608 654//654
f 608//608 2143//2143 609//609
f 1989//1989 2063//2063 610//610
f 1982//1982 612//612 611//611
f 614//614 659//659 660//660
f 615//615 660//660 661//661
f 616//616 661//661 662//662
f 617//617 662//662 663//663
f 618//618 663//663 664//664
f 620//620 619//619 664//664
f 622//622 621//621 620//620
f 623//623 2439//2439 666//666
f 624//624 623//623 667//667
f 625//625 624//624 668//668
f 626//626 625//625 669//669
f 627//627 626//626 670//670
f 628//628 627//627 671//671
f 629//629 628//628 672//672
f 630//630 629//629 673//673
f 631//631 630//630 674//674
f 675//675 631//631 674//674
f 632//632 676//676 634//634
f 634//634 633//633 632//632
f 2426//2426 634//634 677//677
f 2271//2271 678//678 679//679
f 681//681 637//637 680//680
f 681//681 638//638 637//637
f 640//640 682//682 641//641
f 642//642 2036//2036 683//683
f 689//689 690//690 646//646
f 692//692 647//647 691//691
f 1944//1944 693//693 649//649
f 650//650 649//649 694//694
f 695//695 650//650 694//694
f 653//653 652//652 697//697
f 653//653 654//654 608//608
f 700//700 654//654 699//699
f 2116//2116 1982//1982 1906//1906
f 2116//2116 658//658 613//613
f 2405//2405 660//660 659//659
f 660//660 2405//2405 707//707
f 661//661 707//707 708//708
f 662//662 708//708 709//709
f 663//663 709//709 710//710
f 664//664 710//710 711//711
f 665//665 620//620 712//712
f 666//666 665//665 713//713
f 667//667 666//666 713//713
f 668//668 667//667 714//714
f 669//669 668//668 716//716
f 670//670 669//669 717//717
f 671//671 670//670 718//718
f 672//672 671//671 719//719
f 672//672 2438//2438 673//673
f 673//673 722//722 674//674
f 675//675 674//674 723//723
f 676//676 675//675 724//724
f 677//677 676//676 725//725
f 2426//2426 726//726 727//727
f 679//679 2187//2187 680//680
f 728//728 680//680 2187//2187
f 2174//2174 729//729 775//775
f 640//640 731//731 682//682
f 682//682 2036//2036 641//641
f 2036//2036 732//732 2091//2091
f 733//733 683//683 2091//2091
f 684//684 685//685 643//643
f 686//686 685//685 1937//1937
f 736//736 689//689 2123//2123
f 693//693 1944//1944 740//740
f 742//742 693//693 741//741
f 2432//2432 694//694 742//742
f 696//696 695//695 2432//2432
f 697//697 696//696 743//743
f 698//698 697//697 744//744
f 699//699 698//698 745//745
f 699//699 746//746 700//700
f 2277//2277 701//701 748//748
f 703//703 1772//1772 702//702
f 705//705 706//706 1814//1814
f 750//750 706//706 705//705
f 751//751 2405//2405 706//706
f 753//753 707//707 752//752
f 753//753 708//708 707//707
f 709//709 754//754 755//755
f 710//710 755//755 756//756
f 712//712 711//711 756//756
f 665//665 758//758 713//713
f 714//714 713//713 759//759
f 715//715 714//714 760//760
f 716//716 715//715 761//761
f 717//717 716//716 762//762
f 718//718 717//717 763//763
f 719//719 718//718 764//764
f 720//720 719//719 765//765
f 721//721 720//720 766//766
f 723//723 722//722 768//768
f 724//724 723//723 769//769
f 725//725 724//724 770//770
f 726//726 725//725 771//771
f 771//771 2245//2245 726//726
f 729//729 774//774 775//775
f 2157//2157 730//730 2080//2080
f 2133//2133 2204//2204 777//777
f 2091//2091 2133//2133 733//733
f 778//778 2112//2112 733//733
f 782//782 781//781 828//828
f 784//784 737//737 783//783
f 743//743 2432//2432 789//789
f 744//744 743//743 790//790
f 745//745 744//744 791//791
f 746//746 745//745 792//792
f 702//702 2277//2277 1863//1863
f 1863//1863 1980//1980 2059//2059
f 797//797 2059//2059 1980//1980
f 1802//1802 797//797 2243//2243
f 2070//2070 799//799 751//751
f 753//753 800//800 801//801
f 754//754 2440//2440 801//801
f 755//755 803//803 804//804
f 757//757 756//756 804//804
f 758//758 757//757 805//805
f 759//759 758//758 805//805
f 760//760 759//759 806//806
f 761//761 760//760 807//807
f 762//762 761//761 808//808
f 763//763 762//762 809//809
f 764//764 763//763 810//810
f 765//765 764//764 811//811
f 766//766 765//765 812//812
f 767//767 766//766 812//812
f 767//767 814//814 768//768
f 769//769 768//768 814//814
f 769//769 2428//2428 770//770
f 771//771 770//770 815//815
f 2245//2245 817//817 818//818
f 2187//2187 772//772 773//773
f 774//774 773//773 820//820
f 2080//2080 776//776 2157//2157
f 2164//2164 779//779 778//778
f 831//831 784//784 830//830
f 2105//2105 785//785 831//831
f 787//787 834//834 788//788
f 788//788 835//835 789//789
f 790//790 789//789 835//835
f 791//791 790//790 836//836
f 791//791 838//838 792//792
f 793//793 839//839 2071//2071
f 793//793 794//794 747//747
f 747//747 795//795 748//748
f 797//797 2056//2056 2243//2243
f 2070//2070 846//846 799//799
f 800//800 847//847 848//848
f 802//802 848//848 895//895
f 803//803 849//849 850//850
f 804//804 850//850 851//851
f 806//806 805//805 852//852
f 807//807 806//806 853//853
f 808//808 807//807 854//854
f 809//809 808//808 855//855
f 810//810 809//809 856//856
f 811//811 810//810 857//857
f 813//813 812//812 859//859
f 2418//2418 813//813 860//860
f 814//814 2418//2418 2428//2428
f 2428//2428 862//862 815//815
f 816//816 815//815 862//862
f 818//818 817//817 863//863
f 818//818 819//819 772//772
f 819//819 865//865 820//820
f 866//866 865//865 913//913
f 2281//2281 821//821 867//867
f 868//868 2094//2094 822//822
f 869//869 823//823 822//822
f 777//777 2328//2328 824//824
f 2132//2132 824//824 871//871
f 2374//2374 2132//2132 872//872
f 826//826 825//825 1916//1916
f 875//875 827//827 874//874
f 831//831 2296//2296 877//877
f 831//831 877//877 2105//2105
f 832//832 833//833 787//787
f 834//834 833//833 879//879
f 835//835 834//834 880//880
f 836//836 835//835 881//881
f 837//837 836//836 881//881
f 838//838 837//837 883//883
f 839//839 838//838 884//884
f 841//841 794//794 840//840
f 842//842 796//796 841//841
f 843//843 796//796 842//842
f 843//843 2188//2188 2056//2056
f 2339//2339 889//889 890//890
f 2152//2152 845//845 844//844
f 892//892 846//846 845//845
f 847//847 893//893 894//894
f 848//848 894//894 895//895
f 895//895 849//849 802//802
f 850//850 897//897 898//898
f 852//852 851//851 898//898
f 853//853 852//852 899//899
f 854//854 853//853 900//900
f 855//855 854//854 901//901
f 856//856 855//855 902//902
f 857//857 856//856 903//903
f 905//905 857//857 904//904
f 859//859 858//858 905//905
f 860//860 859//859 906//906
f 861//861 860//860 907//907
f 908//908 909//909 862//862
f 816//816 910//910 863//863
f 864//864 863//863 911//911
f 865//865 864//864 912//912
f 822//822 2281//2281 867//867
f 2094//2094 918//918 869//869
f 872//872 2132//2132 2101//2101
f 920//920 872//872 2101//2101
f 922//922 923//923 1938//1938
f 2226//2226 2309//2309 924//924
f 2226//2226 2090//2090 2309//2309
f 878//878 2279//2279 2105//2105
f 2211//2211 2017//2017 927//927
f 2211//2211 927//927 879//879
f 880//880 879//879 928//928
f 880//880 930//930 881//881
f 882//882 881//881 930//930
f 837//837 2435//2435 883//883
f 933//933 883//883 932//932
f 884//884 1931//1931 885//885
f 886//886 1931//1931 934//934
f 887//887 888//888 842//842
f 893//893 939//939 940//940
f 893//893 940//940 941//941
f 894//894 941//941 942//942
f 896//896 943//943 944//944
f 897//897 944//944 945//945
f 899//899 898//898 945//945
f 900//900 899//899 946//946
f 901//901 900//900 947//947
f 949//949 902//902 948//948
f 904//904 903//903 950//950
f 904//904 2416//2416 905//905
f 905//905 2416//2416 906//906
f 907//907 906//906 953//953
f 907//907 955//955 861//861
f 2095//2095 861//861 955//955
f 910//910 909//909 958//958
f 911//911 910//910 959//959
f 912//912 911//911 960//960
f 960//960 2398//2398 912//912
f 914//914 913//913 2398//2398
f 915//915 914//914 961//961
f 964//964 2094//2094 917//917
f 1942//1942 918//918 964//964
f 1942//1942 919//919 918//918
f 966//966 965//965 1013//1013
f 920//920 1943//1943 967//967
f 923//923 969//969 970//970
f 971//971 923//923 970//970
f 974//974 925//925 973//973
f 974//974 926//926 2079//2079
f 976//976 927//927 2017//2017
f 2437//2437 927//927 977//977
f 928//928 2437//2437 929//929
f 931//931 930//930 929//929
f 2435//2435 980//980 981//981
f 982//982 933//933 932//932
f 934//934 1896//1896 886//886
f 2352//2352 1759//1759 936//936
f 1996//1996 938//938 987//987
f 988//988 939//939 891//891
f 941//941 989//989 990//990
f 943//943 991//991 992//992
f 944//944 992//992 993//993
f 946//946 945//945 993//993
f 947//947 946//946 994//994
f 948//948 947//947 996//996
f 948//948 998//998 949//949
f 950//950 949//949 998//998
f 952//952 951//951 1000//1000
f 1002//1002 952//952 1001//1001
f 1004//1004 954//954 1003//1003
f 957//957 1005//1005 958//958
f 958//958 1006//1006 959//959
f 961//961 2398//2398 1008//1008
f 961//961 1009//1009 915//915
f 962//962 915//915 1010//1010
f 963//963 962//962 1011//1011
f 965//965 1942//1942 1841//1841
f 2321//2321 965//965 1841//1841
f 1879//1879 1770//1770 968//968
f 1018//1018 970//970 969//969
f 2170//2170 970//970 1936//1936
f 972//972 1019//1019 1020//1020
f 973//973 1020//1020 1021//1021
f 1065//1065 2324//2324 1021//1021
f 976//976 2017//2017 975//975
f 1024//1024 976//976 1023//1023
f 978//978 977//977 1025//1025
f 979//979 978//978 1026//1026
f 981//981 980//980 1028//1028
f 1030//1030 981//981 1029//1029
f 2383//2383 934//934 982//982
f 1031//1031 983//983 1995//1995
f 984//984 983//983 1033//1033
f 985//985 2278//2278 2051//2051
f 1036//1036 986//986 1035//1035
f 986//986 1036//1036 987//987
f 1887//1887 1996//1996 987//987
f 1038//1038 2407//2407 2104//2104
f 2407//2407 2399//2399 989//989
f 990//990 2399//2399 2319//2319
f 991//991 2319//2319 1039//1039
f 992//992 1040//1040 993//993
f 1041//1041 993//993 1040//1040
f 995//995 994//994 1041//1041
f 1043//1043 995//995 1042//1042
f 997//997 996//996 1043//1043
f 1045//1045 997//997 1044//1044
f 999//999 998//998 1045//1045
f 1000//1000 999//999 1046//1046
f 1001//1001 1000//1000 1047//1047
f 2005//2005 956//956 1004//1004
f 1007//1007 1051//1051 2237//2237
f 961//961 1054//1054 1009//1009
f 1010//1010 1009//1009 1055//1055
f 1011//1011 1010//1010 1056//1056
f 1012//1012 1057//1057 1058//1058
f 2321//2321 1841//1841 1012//1012
f 1059//1059 1014//1014 1013//1013
f 1060//1060 2274//2274 1014//1014
f 1770//1770 1855//1855 1017//1017
f 1936//1936 2093//2093 2170//2170
f 1020//1020 1064//1064 1112//1112
f 1024//1024 1023//1023 1067//1067
f 1025//1025 1024//1024 1068//1068
f 1026//1026 1025//1025 1069//1069
f 1027//1027 1026//1026 1070//1070
f 1028//1028 1027//1027 1071//1071
f 1029//1029 1028//1028 1072//1072
f 1073//1073 2218//2218 1029//1029
f 2417//2417 2433//2433 2218//2218
f 1030//1030 2383//2383 982//982
f 1035//1035 2051//2051 1079//1079
f 1035//1035 2114//2114 1036//1036
f 1837//1837 2067//2067 1993//1993
f 1081//1081 1038//1038 2104//2104
f 1083//1083 2399//2399 1038//1038
f 1084//1084 2319//2319 1083//1083
f 2160//2160 1086//1086 1040//1040
f 1086//1086 1042//1042 1041//1041
f 2295//2295 1042//1042 1087//1087
f 997//997 2295//2295 1044//1044
f 1089//1089 1044//1044 1088//1088
f 1046//1046 1045//1045 1089//1089
f 1091//1091 1093//1093 1048//1048
f 2290//2290 2221//2221 1003//1003
f 2221//2221 2396//2396 1003//1003
f 1100//1100 1053//1053 1099//1099
f 1055//1055 1054//1054 1100//1100
f 1102//1102 1055//1055 1101//1101
f 1057//1057 1056//1056 1103//1103
f 1105//1105 1058//1058 1104//1104
f 2321//2321 1105//1105 1059//1059
f 2370//2370 1855//1855 1016//1016
f 1063//1063 1109//1109 1110//1110
f 1151//1151 1064//1064 2093//2093
f 1064//1064 1111//1111 1112//1112
f 1066//1066 1113//1113 1156//1156
f 1068//1068 1067//1067 1114//1114
f 1069//1069 1068//1068 1115//1115
f 1070//1070 1069//1069 1116//1116
f 1071//1071 1070//1070 1117//1117
f 1072//1072 1071//1071 1118//1118
f 1073//1073 1072//1072 1119//1119
f 2417//2417 1075//1075 1031//1031
f 2061//2061 1032//1032 1075//1075
f 1033//1033 1077//1077 1034//1034
f 2047//2047 2114//2114 1079//1079
f 1083//1083 1127//1127 1128//1128
f 1128//1128 1129//1129 1084//1084
f 1087//1087 1130//1130 1131//1131
f 2303//2303 2210//2210 1131//1131
f 1088//1088 2313//2313 1089//1089
f 1092//1092 2141//2141 1134//1134
f 2003//2003 2385//2385 1096//1096
f 1098//1098 1924//1924 2055//2055
f 2375//2375 1099//1099 1138//1138
f 1141//1141 1101//1101 1140//1140
f 1102//1102 1142//1142 1103//1103
f 2167//2167 1142//1142 2318//2318
f 1145//1145 1939//1939 1144//1144
f 1107//1107 2251//2251 1146//1146
f 2280//2280 1107//1107 1845//1845
f 1149//1149 1110//1110 1109//1109
f 1110//1110 1150//1150 1151//1151
f 1111//1111 1153//1153 1154//1154
f 1154//1154 1113//1113 1112//1112
f 1113//1113 1155//1155 1156//1156
f 1115//1115 1114//1114 1157//1157
f 1116//1116 1115//1115 1158//1158
f 1117//1117 1116//1116 1159//1159
f 1118//1118 1117//1117 1160//1160
f 1120//1120 1119//1119 1161//1161
f 1120//1120 1122//1122 1121//1121
f 1074//1074 1123//1123 1075//1075
f 2366//2366 1165//1165 1124//1124
f 1078//1078 1751//1751 2047//2047
f 1166//1166 2047//2047 1751//1751
f 1125//1125 1791//1791 1126//1126
f 1169//1169 1925//1925 1993//1993
f 1082//1082 2203//2203 1170//1170
f 1127//1127 2058//2058 1171//1171
f 2177//2177 1128//1128 1171//1171
f 2249//2249 1130//1130 1085//1085
f 1174//1174 2151//2151 1131//1131
f 2151//2151 2303//2303 1131//1131
f 1176//1176 2159//2159 1175//1175
f 1133//1133 1132//1132 2406//2406
f 1177//1177 2141//2141 1092//1092
f 1178//1178 1134//1134 2141//2141
f 1095//1095 1136//1136 1096//1096
f 1137//1137 1138//1138 2055//2055
f 1138//1138 1182//1182 1139//1139
f 1140//1140 1183//1183 1184//1184
f 1141//1141 1140//1140 1184//1184
f 1142//1142 1141//1141 1185//1185
f 1186//1186 2318//2318 1142//1142
f 1190//1190 1144//1144 1189//1189
f 1146//1146 1145//1145 1190//1190
f 1147//1147 1146//1146 1191//1191
f 1147//1147 1845//1845 1107//1107
f 1845//1845 1746//1746 1148//1148
f 2431//2431 1194//1194 1195//1195
f 1150//1150 1152//1152 1151//1151
f 1152//1152 1197//1197 1153//1153
f 1153//1153 1197//1197 1198//1198
f 1155//1155 1198//1198 1199//1199
f 1200//1200 1156//1156 1155//1155
f 1201//1201 1157//1157 1200//1200
f 1203//1203 1159//1159 1202//1202
f 1204//1204 2329//2329 1160//1160
f 2329//2329 1162//1162 1161//1161
f 2000//2000 1122//1122 1162//1162
f 1871//1871 2366//2366 1164//1164
f 1166//1166 1850//1850 2040//2040
f 2040//2040 1850//1850 1749//1749
f 1213//1213 1168//1168 1167//1167
f 1215//1215 1216//1216 2058//2058
f 2058//2058 1216//1216 1171//1171
f 2198//2198 2389//2389 1216//1216
f 1174//1174 1173//1173 1217//1217
f 1219//1219 2110//2110 1176//1176
f 1177//1177 2406//2406 2297//2297
f 1221//1221 2184//2184 2141//2141
f 1181//1181 2197//2197 2408//2408
f 1183//1183 1927//1927 1225//1225
f 1184//1184 1183//1183 1225//1225
f 1185//1185 1184//1184 1226//1226
f 1186//1186 1185//1185 1227//1227
f 1187//1187 1186//1186 1228//1228
f 1188//1188 1187//1187 1229//1229
f 1189//1189 1188//1188 1230//1230
f 1190//1190 1189//1189 1231//1231
f 1191//1191 1190//1190 1231//1231
f 1192//1192 1191//1191 1232//1232
f 1192//1192 1843//1843 1746//1746
f 1194//1194 1234//1234 1235//1235
f 1237//1237 1196//1196 1236//1236
f 1197//1197 1237//1237 1238//1238
f 1198//1198 1238//1238 1239//1239
f 1199//1199 1239//1239 1240//1240
f 1241//1241 1199//1199 1240//1240
f 1201//1201 1200//1200 1241//1241
f 2219//2219 1201//1201 1242//1242
f 1202//1202 1244//1244 1203//1203
f 1204//1204 1244//1244 1245//1245
f 1773//1773 1871//1871 1209//1209
f 2040//2040 1749//1749 1252//1252
f 1211//1211 2040//2040 1252//1252
f 2361//2361 1875//1875 1254//1254
f 1167//1167 2361//2361 1213//1213
f 1293//1293 2144//2144 1255//1255
f 1256//1256 1216//1216 1215//1215
f 2077//2077 2198//2198 1258//1258
f 2075//2075 1829//1829 1218//1218
f 1218//1218 1260//1260 2402//2402
f 2297//2297 2004//2004 1220//1220
f 1930//1930 1221//1221 2214//2214
f 1930//1930 1222//1222 2184//2184
f 2162//2162 2322//2322 1179//1179
f 2247//2247 1910//1910 1992//1992
f 1927//1927 1266//1266 1225//1225
f 1225//1225 1267//1267 1226//1226
f 1227//1227 1226//1226 1268//1268
f 2425//2425 1227//1227 1269//1269
f 1229//1229 1228//1228 2425//2425
f 1230//1230 1229//1229 1270//1270
f 1232//1232 1231//1231 1273//1273
f 2356//2356 1232//1232 1274//1274
f 1234//1234 1276//1276 1277//1277
f 1235//1235 1277//1277 1278//1278
f 1236//1236 1278//1278 1279//1279
f 1280//1280 1238//1238 1237//1237
f 1239//1239 1281//1281 1282//1282
f 1242//1242 1283//1283 1284//1284
f 1283//1283 1242//1242 1241//1241
f 2219//2219 1285//1285 1243//1243
f 1243//1243 1321//1321 1286//1286
f 1287//1287 1245//1245 1286//1286
f 1245//1245 2354//2354 1205//1205
f 1246//1246 1247//1247 1206//1206
f 1247//1247 1248//1248 1207//1207
f 1207//1207 1248//1248 1249//1249
f 1209//1209 2054//2054 1773//1773
f 2360//2360 1252//1252 1749//1749
f 1253//1253 2138//2138 1875//1875
f 2404//2404 1255//1255 1830//1830
f 1257//1257 2073//2073 1258//1258
f 1259//1259 1985//1985 1818//1818
f 1818//1818 2351//2351 1217//1217
f 1929//1929 2121//2121 1261//1261
f 1910//1910 2155//2155 1997//1997
f 1263//1263 2171//2171 1820//1820
f 1813//1813 1265//1265 1264//1264
f 1268//1268 1267//1267 1304//1304
f 1269//1269 1268//1268 1304//1304
f 1271//1271 1270//1270 1307//1307
f 1272//1272 1271//1271 1308//1308
f 1273//1273 1272//1272 1308//1308
f 1274//1274 1273//1273 1309//1309
f 1743//1743 2356//2356 2263//2263
f 1743//1743 1842//1842 1275//1275
f 1276//1276 1313//1313 1314//1314
f 1277//1277 1314//1314 1315//1315
f 1278//1278 1315//1315 1316//1316
f 2154//2154 2085//2085 1317//1317
f 2085//2085 2419//2419 1281//1281
f 1319//1319 1282//1282 2419//2419
f 1284//1284 1285//1285 1242//1242
f 1287//1287 1286//1286 1835//1835
f 1248//1248 1289//1289 1249//1249
f 1289//1289 1290//1290 2054//2054
f 1250//1250 1290//1290 1768//1768
f 2360//2360 2223//2223 2043//2043
f 1958//1958 2043//2043 2223//2223
f 1983//1983 1328//1328 1363//1363
f 1254//1254 1827//1827 2404//2404
f 1254//1254 2404//2404 1830//1830
f 2120//2120 1833//1833 1293//1293
f 1994//1994 1812//1812 1297//1297
f 1297//1297 1298//1298 1260//1260
f 2121//2121 1333//1333 1261//1261
f 1261//1261 1299//1299 2294//2294
f 1335//1335 2037//2037 1300//1300
f 1301//1301 1335//1335 1336//1336
f 1997//1997 1909//1909 1822//1822
f 1813//1813 1302//1302 1265//1265
f 1341//1341 1302//1302 1907//1907
f 1305//1305 1304//1304 1343//1343
f 1345//1345 1305//1305 1344//1344
f 1307//1307 1306//1306 1345//1345
f 1309//1309 1308//1308 1347//1347
f 1310//1310 1309//1309 1348//1348
f 1311//1311 1310//1310 1349//1349
f 2263//2263 1842//1842 1743//1743
f 1313//1313 1351//1351 1352//1352
f 1315//1315 1352//1352 1353//1353
f 1318//1318 1914//1914 1319//1319
f 2307//2307 1284//1284 1914//1914
f 1320//1320 2196//2196 1321//1321
f 1357//1357 1322//1322 1923//1923
f 1327//1327 2028//2028 1768//1768
f 1363//1363 1328//1328 2039//2039
f 1983//1983 1780//1780 1364//1364
f 1915//1915 2284//2284 1366//1366
f 1833//1833 2284//2284 2001//2001
f 1920//1920 2001//2001 1367//1367
f 1370//1370 1918//1918 1826//1826
f 1918//1918 2068//2068 1333//1333
f 1334//1334 1819//1819 2137//2137
f 1334//1334 2137//2137 1300//1300
f 1899//1899 1337//1337 1821//1821
f 1894//1894 1986//1986 1339//1339
f 1340//1340 2338//2338 1811//1811
f 1341//1341 1376//1376 1342//1342
f 1343//1343 1376//1376 1377//1377
f 1343//1343 1377//1377 1344//1344
f 1379//1379 1344//1344 1378//1378
f 1345//1345 2217//2217 1307//1307
f 1346//1346 1307//1307 2217//2217
f 1347//1347 1346//1346 1381//1381
f 1348//1348 1347//1347 1382//1382
f 1349//1349 1348//1348 1383//1383
f 1312//1312 2394//2394 1350//1350
f 1388//1388 1389//1389 1351//1351
f 1391//1391 1353//1353 1390//1390
f 2202//2202 1804//1804 1317//1317
f 1359//1359 2387//2387 1325//1325
f 1327//1327 1360//1360 2028//2028
f 1846//1846 1361//1361 2299//2299
f 2081//2081 1403//1403 1404//1404
f 2081//2081 1780//1780 1363//1363
f 1824//1824 1367//1367 2001//2001
f 2314//2314 1872//1872 1908//1908
f 1872//1872 1369//1369 1908//1908
f 1369//1369 1891//1891 1370//1370
f 2068//2068 1371//1371 1333//1333
f 1413//1413 1372//1372 1819//1819
f 2030//2030 1373//1373 1922//1922
f 2150//2150 1894//1894 1339//1339
f 2338//2338 1794//1794 1888//1888
f 1379//1379 1378//1378 1420//1420
f 1382//1382 1381//1381 1422//1422
f 1383//1383 1382//1382 1423//1423
f 1424//1424 2365//2365 1384//1384
f 1387//1387 2364//2364 1742//1742
f 2208//2208 1430//1430 1390//1390
f 2334//2334 1816//1816 2074//2074
f 1815//1815 2119//2119 1394//1394
f 1398//1398 1397//1397 1893//1893
f 2387//2387 1399//1399 1967//1967
f 1440//1440 1403//1403 1402//1402
f 1444//1444 1824//1824 1915//1915
f 2060//2060 2234//2234 1801//1801
f 1903//1903 1413//1413 1819//1819
f 1935//1935 1414//1414 2030//2030
f 1795//1795 2190//2190 1416//1416
f 1888//1888 1417//1417 1976//1976
f 1959//1959 2052//2052 1375//1375
f 1459//1459 1420//1420 1378//1378
f 1461//1461 1420//1420 1460//1460
f 1423//1423 1422//1422 1462//1462
f 1424//1424 1423//1423 1463//1463
f 2365//2365 1464//1464 1466//1466
f 1425//1425 2365//2365 1466//1466
f 1742//1742 1385//1385 2084//2084
f 1468//1468 1428//1428 1427//1427
f 1428//1428 1469//1469 1429//1429
f 1471//1471 1470//1470 1987//1987
f 1471//1471 1774//1774 1432//1432
f 1774//1774 1433//1433 1432//1432
f 2098//2098 2189//2189 1799//1799
f 1435//1435 1475//1475 1436//1436
f 1476//1476 1893//1893 1436//1436
f 1775//1775 1476//1476 2010//2010
f 1400//1400 1477//1477 1438//1438
f 1747//1747 2372//2372 1439//1439
f 1480//1480 1441//1441 1479//1479
f 2194//2194 1442//1442 1483//1483
f 1484//1484 1408//1408 2139//2139
f 1445//1445 1807//1807 2215//2215
f 1787//1787 1765//1765 2234//2234
f 1410//1410 1447//1447 1448//1448
f 1448//1448 1793//1793 2115//2115
f 2025//2025 1449//1449 1487//1487
f 1935//1935 1451//1451 1414//1414
f 1453//1453 1454//1454 1415//1415
f 1455//1455 1416//1416 1454//1454
f 1455//1455 1456//1456 1795//1795
f 1456//1456 1976//1976 1417//1417
f 1976//1976 1874//1874 1457//1457
f 1418//1418 1457//1457 1885//1885
f 1419//1419 1825//1825 1459//1459
f 1460//1460 1459//1459 1919//1919
f 1461//1461 2347//2347 1421//1421
f 1462//1462 1498//1498 1463//1463
f 1464//1464 1463//1463 1498//1498
f 2377//2377 1840//1840 2084//2084
f 1840//1840 1741//1741 1467//1467
f 1506//1506 1470//1470 1469//1469
f 1987//1987 1857//1857 1774//1774
f 1472//1472 1870//1870 2082//2082
f 1792//1792 2232//2232 2057//2057
f 2384//2384 2232//2232 1508//1508
f 1473//1473 1880//1880 1509//1509
f 2149//2149 2022//2022 1473//1473
f 1475//1475 2323//2323 1950//1950
f 1516//1516 1439//1439 1478//1478
f 2106//2106 2140//2140 1518//1518
f 2140//2140 1864//1864 1481//1481
f 1864//1864 1483//1483 1482//1482
f 2391//2391 2033//2033 1484//1484
f 1523//1523 2033//2033 1522//1522
f 1523//1523 2215//2215 2033//2033
f 2381//2381 1525//1525 1752//1752
f 2041//2041 1771//1771 1447//1447
f 2032//2032 1793//1793 1965//1965
f 2025//2025 1932//1932 1488//1488
f 1488//1488 1932//1932 1529//1529
f 1531//1531 2195//2195 1530//1530
f 1874//1874 1777//1777 2369//2369
f 1973//1973 1536//1536 1492//1492
f 1539//1539 1498//1498 1497//1497
f 1912//1912 1539//1539 1572//1572
f 1541//1541 1501//1501 1500//1500
f 1741//1741 1839//1839 1502//1502
f 1503//1503 1836//1836 1504//1504
f 1836//1836 1505//1505 1504//1504
f 1506//1506 1756//1756 1987//1987
f 2305//2305 1857//1857 1756//1756
f 1549//1549 2380//2380 1548//1548
f 2232//2232 1549//1549 1508//1508
f 1880//1880 1781//1781 1550//1550
f 1550//1550 1509//1509 1880//1880
f 1510//1510 1511//1511 1474//1474
f 2010//2010 1512//1512 2111//2111
f 2010//2010 2111//2111 1513//1513
f 2410//2410 1514//1514 2229//2229
f 2229//2229 1514//1514 1515//1515
f 1478//1478 2229//2229 1516//1516
f 1954//1954 2224//2224 1516//1516
f 1861//1861 1761//1761 1524//1524
f 1965//1965 1767//1767 1527//1527
f 1527//1527 2209//2209 2032//2032
f 1932//1932 2373//2373 1529//1529
f 2373//2373 2350//2350 1529//1529
f 1530//1530 1817//1817 1531//1531
f 1531//1531 1532//1532 1934//1934
f 1532//1532 1567//1567 1533//1533
f 1785//1785 1533//1533 1567//1567
f 1534//1534 1971//1971 1491//1491
f 1569//1569 1536//1536 1769//1769
f 1494//1494 1570//1570 2316//2316
f 1496//1496 2201//2201 2156//2156
f 1539//1539 1571//1571 1572//1572
f 1542//1542 1575//1575 2013//2013
f 1577//1577 2069//2069 1544//1544
f 2363//2363 1547//1547 2305//2305
f 1547//1547 2109//2109 1548//1548
f 2269//2269 1580//1580 1859//1859
f 1551//1551 1786//1786 1581//1581
f 2180//2180 1551//1551 1869//1869
f 2229//2229 2265//2265 1516//1516
f 1555//1555 1556//1556 1517//1517
f 1972//1972 1559//1559 1589//1589
f 1979//1979 1590//1590 1591//1591
f 1592//1592 1562//1562 1979//1979
f 2044//2044 2225//2225 1761//1761
f 1752//1752 1953//1953 1563//1563
f 1767//1767 1563//1563 2268//2268
f 1865//1865 1767//1767 2268//2268
f 1530//1530 2350//2350 2014//2014
f 1817//1817 1805//1805 1566//1566
f 1566//1566 1567//1567 1532//1532
f 1889//1889 1952//1952 1567//1567
f 1952//1952 2100//2100 1785//1785
f 1601//1601 1535//1535 1568//1568
f 1769//1769 1858//1858 1569//1569
f 1569//1569 1858//1858 2186//2186
f 2348//2348 2436//2436 1631//1631
f 2348//2348 1573//1573 1572//1572
f 1576//1576 1740//1740 1838//1838
f 1608//1608 2240//2240 1577//1577
f 2353//2353 2300//2300 2240//2240
f 1779//1779 2178//2178 1884//1884
f 2363//2363 1546//1546 1578//1578
f 1548//1548 1755//1755 1963//1963
f 1869//1869 1612//1612 2310//2310
f 1969//1969 1862//1862 1582//1582
f 1614//1614 1584//1584 1583//1583
f 1585//1585 1763//1763 1644//1644
f 1585//1585 1957//1957 1554//1554
f 1554//1554 1750//1750 2034//2034
f 1556//1556 1745//1745 1587//1587
f 1617//1617 2342//2342 1745//1745
f 1649//1649 1588//1588 1618//1618
f 1867//1867 1766//1766 1964//1964
f 2276//2276 2376//2376 2044//2044
f 1953//1953 2222//2222 2038//2038
f 2038//2038 1849//1849 1593//1593
f 1593//1593 1594//1594 2268//2268
f 2233//2233 1622//1622 1866//1866
f 1790//1790 1866//1866 1565//1565
f 1897//1897 2293//2293 1595//1595
f 2186//2186 1602//1602 1569//1569
f 2147//2147 1570//1570 1602//1602
f 1978//1978 1873//1873 1603//1603
f 1789//1789 2315//2315 1603//1603
f 1605//1605 1778//1778 1574//1574
f 1574//1574 2122//2122 1606//1606
f 1634//1634 2158//2158 1633//1633
f 1838//1838 1739//1739 1607//1607
f 1636//1636 2353//2353 1608//1608
f 2353//2353 1637//1637 1884//1884
f 1638//1638 1779//1779 1757//1757
f 2185//2185 2142//2142 1956//1956
f 1755//1755 2302//2302 2042//2042
f 1579//1579 2107//2107 1859//1859
f 1859//1859 1642//1642 1611//1611
f 2310//2310 1969//1969 2180//2180
f 1613//1613 1614//1614 1582//1582
f 1750//1750 1615//1615 1616//1616
f 2342//2342 1647//1647 2291//2291
f 1882//1882 1652//1652 1970//1970
f 2046//2046 1970//1970 1653//1653
f 1853//1853 1961//1961 1848//1848
f 1748//1748 1853//1853 1848//1848
f 1748//1748 1847//1847 2376//2376
f 2222//2222 2355//2355 1849//1849
f 1593//1593 1856//1856 1594//1594
f 1595//1595 2048//2048 1623//1623
f 1623//1623 2239//2239 1897//1897
f 1625//1625 1626//1626 2088//2088
f 1877//1877 2181//2181 1968//1968
f 1966//1966 1873//1873 1784//1784
f 1630//1630 2148//2148 1789//1789
f 1778//1778 1604//1604 2012//2012
f 2122//2122 1860//1860 1901//1901
f 2122//2122 1901//1901 1633//1633
f 1633//1633 1673//1673 1634//1634
f 1634//1634 1635//1635 1739//1739
f 1675//1675 1776//1776 1636//1636
f 1637//1637 1757//1757 1884//1884
f 1678//1678 1638//1638 1757//1757
f 1682//1682 2185//2185 1681//1681
f 1764//1764 1648//1648 1698//1698
f 1700//1700 2392//2392 2311//2311
f 1848//1848 1654//1654 1705//1705
f 1753//1753 1657//1657 1856//1856
f 1621//1621 1852//1852 1758//1758
f 2250//2250 1860//1860 1672//1672
f 1633//1633 1901//1901 1673//1673
f 1634//1634 1738//1738 1674//1674
f 1738//1738 1737//1737 1674//1674
f 1739//1739 1635//1635 1607//1607
f 2158//2158 1739//1739 1838//1838
f 1741//1741 1502//1502 1467//1467
f 2377//2377 1741//1741 1840//1840
f 1742//1742 1426//1426 1387//1387
f 1386//1386 2394//2394 1311//1311
f 1743//1743 1275//1275 1233//1233
f 1843//1843 1743//1743 1233//1233
f 1744//1744 1679//1679 1680//1680
f 1745//1745 1586//1586 1617//1617
f 1656//1656 1709//1709 1844//1844
f 1746//1746 1193//1193 1148//1148
f 1517//1517 1556//1556 1955//1955
f 1517//1517 1954//1954 1555//1555
f 1479//1479 1440//1440 1747//1747
f 1748//1748 1706//1706 1707//1707
f 2299//2299 1402//1402 1362//1362
f 1610//1610 1609//1609 1744//1744
f 1657//1657 1711//1711 1852//1852
f 1646//1646 1694//1694 2026//2026
f 2280//2280 1108//1108 1061//1061
f 1853//1853 1748//1748 2376//2376
f 1554//1554 1957//1957 1750//1750
f 1751//1751 1124//1124 1165//1165
f 1641//1641 1685//1685 1642//1642
f 1752//1752 2041//2041 2381//2381
f 1753//1753 1593//1593 1849//1849
f 1754//1754 1079//1079 2051//2051
f 1654//1654 1704//1704 1705//1705
f 1692//1692 2378//2378 1691//1691
f 1755//1755 2042//2042 1963//1963
f 2109//2109 1755//1755 1548//1548
f 2009//2009 2379//2379 1960//1960
f 1664//1664 1723//1723 1665//1665
f 1733//1733 2250//2250 1672//1672
f 1757//1757 1677//1677 1678//1678
f 1478//1478 1438//1438 1477//1477
f 1758//1758 1713//1713 1658//1658
f 1758//1758 1852//1852 1712//1712
f 1760//1760 1690//1690 1854//1854
f 1613//1613 1760//1760 1614//1614
f 2044//2044 1761//1761 1861//1861
f 2186//2186 1762//1762 2181//2181
f 1650//1650 1649//1649 1764//1764
f 1764//1764 1698//1698 1699//1699
f 1360//1360 2304//2304 1361//1361
f 1327//1327 1967//1967 1360//1360
f 1629//1629 1600//1600 1628//1628
f 1613//1613 2009//2009 1960//1960
f 1765//1765 1409//1409 2234//2234
f 1446//1446 2381//2381 2041//2041
f 1668//1668 1729//1729 1669//1669
f 1667//1667 1727//1727 1966//1966
f 1667//1667 1666//1666 1726//1726
f 1863//1863 1981//1981 1980//1980
f 1580//1580 2269//2269 1581//1581
f 1662//1662 1721//1721 1663//1663
f 1621//1621 2270//2270 1856//1856
f 1731//1731 1671//1671 1670//1670
f 2369//2369 1769//1769 1536//1536
f 1770//1770 1017//1017 968//968
f 1965//1965 1448//1448 1771//1771
f 2041//2041 1447//1447 1446//1446
f 1652//1652 1653//1653 1970//1970
f 1702//1702 1703//1703 1652//1652
f 2111//2111 1583//1583 2308//2308
f 1772//1772 703//703 1982//1982
f 1405//1405 1482//1482 1442//1442
f 1482//1482 1481//1481 1864//1864
f 1773//1773 1250//1250 2230//2230
f 1432//1432 1392//1392 1431//1431
f 1774//1774 1471//1471 1987//1987
f 1776//1776 1637//1637 2353//2353
f 1776//1776 1675//1675 1676//1676
f 2048//2048 1595//1595 1866//1866
f 1777//1777 1788//1788 1971//1971
f 1782//1782 1975//1975 1368//1368
f 1881//1881 1974//1974 1523//1523
f 1881//1881 1964//1964 1861//1861
f 2031//2031 1661//1661 1662//1662
f 1876//1876 610//610 1783//1783
f 2392//2392 1701//1701 1651//1651
f 2147//2147 1877//1877 1784//1784
f 1329//1329 1875//1875 2138//2138
f 2323//2323 1552//1552 1512//1512
f 1510//1510 1551//1551 1511//1511
f 1787//1787 2060//2060 1445//1445
f 1491//1491 1456//1456 1455//1455
f 1630//1630 1603//1603 1873//1873
f 1591//1591 1592//1592 1979//1979
f 2350//2350 2373//2373 1790//1790
f 2057//2057 1434//1434 1792//1792
f 1369//1369 1410//1410 1891//1891
f 1076//1076 1033//1033 1032//1032
f 1620//1620 1972//1972 1619//1619
f 1036//1036 1080//1080 1887//1887
f 1950//1950 1436//1436 1475//1475
f 1597//1597 1627//1627 1598//1598
f 1660//1660 2145//2145 2257//2257
f 1660//1660 1659//1659 1717//1717
f 1490//1490 1534//1534 1491//1491
f 1416//1416 1455//1455 1795//1795
f 1985//1985 1296//1296 2065//2065
f 2098//2098 1799//1799 1473//1473
f 2189//2189 2057//2057 1799//1799
f 935//935 984//984 2278//2278
f 2343//2343 1896//1896 1995//1995
f 1450//1450 1488//1488 1451//1451
f 1560//1560 1521//1521 2083//2083
f 1800//1800 1474//1474 1475//1475
f 2022//2022 1900//1900 1815//1815
f 1902//1902 2244//2244 1367//1367
f 1624//1624 2239//2239 1659//1659
f 1317//1317 1804//1804 2154//2154
f 2201//2201 1806//1806 1537//1537
f 1374//1374 1984//1984 1899//1899
f 1912//1912 1540//1540 1465//1465
f 2015//2015 1398//1398 1359//1359
f 1809//1809 921//921 873//873
f 1370//1370 1891//1891 1411//1411
f 1505//1505 1545//1545 1506//1506
f 1810//1810 887//887 842//842
f 1338//1338 1988//1988 2242//2242
f 1341//1341 2182//2182 1376//1376
f 1340//1340 1811//1811 1907//1907
f 1406//1406 1443//1443 1407//1407
f 269//269 1905//1905 224//224
f 659//659 1814//1814 706//706
f 1986//1986 2171//2171 1988//1988
f 2334//2334 1355//1355 1816//1816
f 1495//1495 1990//1990 1919//1919
f 2333//2333 1495//1495 1825//1825
f 1566//1566 1531//1531 1817//1817
f 1819//1819 1372//1372 2137//2137
f 1820//1820 1992//1992 1263//1263
f 1909//1909 1899//1899 2242//2242
f 1822//1822 1910//1910 1997//1997
f 1074//1074 1163//1163 1123//1123
f 139//139 2246//2246 140//140
f 1823//1823 1295//1295 2073//2073
f 2244//2244 1332//1332 1823//1823
f 569//569 613//613 570//570
f 1323//1323 1917//1917 2002//2002
f 2001//2001 1915//1915 1824//1824
f 1825//1825 1495//1495 1919//1919
f 1908//1908 1826//1826 1297//1297
f 657//657 2277//2277 702//702
f 2143//2143 656//656 2063//2063
f 2294//2294 1299//1299 1300//1300
f 1921//1921 94//94 55//55
f 1831//1831 2283//2283 1180//1180
f 1828//1828 2183//2183 483//483
f 2423//2423 1909//1909 1997//1997
f 1031//1031 1075//1075 1032//1032
f 2030//2030 1913//1913 1373//1373
f 1181//1181 1924//1924 1831//1831
f 1831//1831 1097//1097 2003//2003
f 1265//1265 1927//1927 2049//2049
f 1173//1173 1130//1130 2249//2249
f 1098//1098 1050//1050 1097//1097
f 1246//1246 1928//1928 1205//1205
f 1460//1460 1496//1496 1461//1461
f 1177//1177 2297//2297 1220//1220
f 1284//1284 1319//1319 1914//1914
f 1136//1136 2283//2283 1096//1096
f 1466//1466 1499//1499 1465//1465
f 1834//1834 2005//2005 1049//1049
f 1604//1604 1631//1631 1632//1632
f 1835//1835 1321//1321 2196//2196
f 934//934 2383//2383 1995//1995
f 982//982 1931//1931 933//933
f 1836//1836 1503//1503 1544//1544
f 1218//1218 2402//2402 1219//1219
f 1262//1262 1301//1301 2155//2155
f 1837//1837 1993//1993 1925//1925
f 353//353 313//313 312//312
f 134//134 178//178 135//135
f 638//638 2341//2341 592//592
f 90//90 51//51 50//50
f 2213//2213 464//464 2325//2325
f 207//207 249//249 2097//2097
f 1634//1634 1674//1674 1635//1635
f 119//119 120//120 79//79
f 1838//1838 1607//1607 1576//1576
f 2013//2013 1838//1838 1740//1740
f 1839//1839 1543//1543 1502//1502
f 1839//1839 1501//1501 1542//1542
f 1104//1104 1939//1939 1105//1105
f 1840//1840 1467//1467 1426//1426
f 167//167 2275//2275 121//121
f 2281//2281 775//775 821//821
f 1841//1841 964//964 963//963
f 1387//1387 1350//1350 2364//2364
f 2274//2274 967//967 1943//1943
f 291//291 334//334 292//292
f 971//971 2309//2309 923//923
f 1842//1842 1312//1312 1275//1275
f 1843//1843 1233//1233 1193//1193
f 2282//2282 736//736 782//782
f 1647//1647 1617//1617 2026//2026
f 1745//1745 1556//1556 1555//1555
f 1655//1655 1707//1707 1708//1708
f 2286//2286 2224//2224 1517//1517
f 1609//1609 1610//1610 1578//1578
f 1657//1657 1844//1844 1710//1710
f 1401//1401 2372//2372 1402//1402
f 1846//1846 2299//2299 2039//2039
f 1655//1655 2355//2355 1847//1847
f 1848//1848 1705//1705 1706//1706
f 1684//1684 1641//1641 1640//1640
f 1682//1682 1851//1851 2185//2185
f 2026//2026 1616//1616 1646//1646
f 1615//1615 1646//1646 1616//1616
f 1850//1850 1166//1166 1751//1751
f 1678//1678 1679//1679 1638//1638
f 689//689 645//645 688//688
f 2265//2265 2034//2034 1954//1954
f 1078//1078 1077//1077 1124//1124
f 2225//2225 1953//1953 1752//1752
f 1724//1724 2393//2393 1665//1665
f 1643//1643 1642//1642 1686//1686
f 1861//1861 2276//2276 2044//2044
f 2378//2378 1644//1644 1763//1763
f 1854//1854 1614//1614 1760//1760
f 1526//1526 1752//1752 1563//1563
f 1855//1855 1061//1061 1017//1017
f 1629//1629 1663//1663 1664//1664
f 2304//2304 1400//1400 1438//1438
f 2270//2270 1622//1622 2233//2233
f 1548//1548 1963//1963 1549//1549
f 470//470 433//433 432//432
f 1653//1653 1654//1654 2046//2046
f 1653//1653 1703//1703 1704//1704
f 1857//1857 1472//1472 1774//1774
f 1756//1756 1857//1857 1987//1987
f 1658//1658 1714//1714 1623//1623
f 2048//2048 1758//1758 1658//1658
f 1589//1589 1650//1650 1972//1972
f 1966//1966 1728//1728 1668//1668
f 1637//1637 1676//1676 1677//1677
f 796//796 2056//2056 1980//1980
f 1669//1669 1730//1730 1670//1670
f 1612//1612 2269//2269 1611//1611
f 1579//1579 1859//1859 1580//1580
f 1860//1860 2012//2012 1672//1672
f 1648//1648 1697//1697 1698//1698
f 1601//1601 1568//1568 1600//1600
f 1558//1558 1519//1519 2106//2106
f 1974//1974 1524//1524 1485//1485
f 1862//1862 1613//1613 1582//1582
f 1781//1781 2368//2368 1550//1550
f 1666//1666 1667//1667 1968//1968
f 2209//2209 1878//1878 1528//1528
f 1565//1565 1866//1866 1595//1595
f 2270//2270 2233//2233 1564//1564
f 1867//1867 1592//1592 1970//1970
f 1867//1867 1970//1970 2046//2046
f 1874//1874 2369//2369 1973//1973
f 1534//1534 1868//1868 1971//1971
f 1165//1165 1871//1871 1210//1210
f 1512//1512 2010//2010 1950//1950
f 1651//1651 1701//1701 1702//1702
f 1400//1400 1399//1399 1437//1437
f 2314//2314 1782//1782 1872//1872
f 1603//1603 1630//1630 1789//1789
f 1874//1874 1973//1973 1457//1457
f 1598//1598 1627//1627 2031//2031
f 1253//1253 1875//1875 1212//1212
f 1718//1718 2145//2145 1660//1660
f 2061//2061 2366//2366 1076//1076
f 1167//1167 1168//1168 1791//1791
f 1879//1879 968//968 921//921
f 1809//1809 1879//1879 921//921
f 1431//1431 1392//1392 1804//1804
f 1432//1432 1431//1431 1471//1471
f 2244//2244 1368//1368 1975//1975
f 1417//1417 1795//1795 1456//1456
f 1881//1881 1523//1523 1522//1522
f 1881//1881 1562//1562 2053//2053
f 1885//1885 1458//1458 2052//2052
f 2371//2371 2178//2178 1886//1886
f 938//938 986//986 987//987
f 1623//1623 1715//1715 2239//2239
f 555//555 512//512 511//511
f 2338//2338 1959//1959 1811//1811
f 1902//1902 2359//2359 2060//2060
f 2033//2033 2215//2215 1807//1807
f 1889//1889 1597//1597 1952//1952
f 1566//1566 1889//1889 1567//1567
f 1597//1597 2257//2257 1627//1627
f 1793//1793 1449//1449 2115//2115
f 1490//1490 1455//1455 1454//1454
f 1808//1808 1454//1454 1453//1453
f 1410//1410 1369//1369 1872//1872
f 2124//2124 2397//2397 397//397
f 1355//1355 2189//2189 1394//1394
f 2065//2065 1812//1812 1994//1994
f 2343//2343 887//887 1896//1896
f 2025//2025 1412//1412 1449//1449
f 1624//1624 1596//1596 2293//2293
f 1899//1899 1338//1338 2242//2242
f 1531//1531 1566//1566 1532//1532
f 1332//1332 1296//1296 1295//1295
f 1984//1984 1374//1374 2190//2190
f 1899//1899 1909//1909 1337//1337
f 1436//1436 1397//1397 1435//1435
f 1537//1537 2117//2117 1538//1538
f 2071//2071 840//840 794//794
f 1671//1671 1732//1732 1672//1672
f 1901//1901 1735//1735 1673//1673
f 1163//1163 1208//1208 1164//1164
f 1406//1406 1407//1407 1365//1365
f 1903//1903 1412//1412 1413//1413
f 1484//1484 1807//1807 1444//1444
f 1904//1904 2192//2192 1323//1323
f 2350//2350 1790//1790 1565//1565
f 2246//2246 224//224 1905//1905
f 613//613 658//658 614//614
f 1302//1302 1341//1341 1303//1303
f 2419//2419 2085//2085 2154//2154
f 1224//1224 1264//1264 2049//2049
f 2197//2197 1820//1820 1224//1224
f 1909//1909 2242//2242 1822//1822
f 1299//1299 1334//1334 1300//1300
f 1331//1331 1330//1330 1365//1365
f 1357//1357 2119//2119 1395//1395
f 2351//2351 2075//2075 1217//1217
f 1911//1911 2197//2197 1181//1181
f 1465//1465 1540//1540 1541//1541
f 1913//1913 1453//1453 1415//1415
f 1913//1913 2030//2030 1414//1414
f 2362//2362 95//95 94//94
f 1469//1469 1470//1470 1429//1429
f 1505//1505 1506//1506 1469//1469
f 1075//1075 1123//1123 2061//2061
f 1106//1106 1105//1105 1939//1939
f 525//525 570//570 2183//2183
f 524//524 525//525 1828//1828
f 1495//1495 2333//2333 1494//1494
f 2283//2283 1831//1831 2003//2003
f 1916//1916 873//873 826//826
f 1298//1298 1918//1918 2121//2121
f 1496//1496 1460//1460 1919//1919
f 2063//2063 656//656 657//657
f 1179//1179 1180//1180 2283//2283
f 2294//2294 2214//2214 1220//1220
f 1816//1816 2307//2307 1914//1914
f 2283//2283 2003//2003 1096//1096
f 1301//1301 2037//2037 1335//1335
f 2390//2390 482//482 442//442
f 1336//1336 1373//1373 1337//1337
f 1830//1830 1214//1214 1213//1213
f 1260//1260 1218//1218 1829//1829
f 1923//1923 2002//2002 1287//1287
f 1287//1287 1835//1835 1923//1923
f 1833//1833 2120//2120 2284//2284
f 1098//1098 2055//2055 1052//1052
f 1924//1924 1097//1097 1831//1831
f 522//522 521//521 566//566
f 1182//1182 1138//1138 1137//1137
f 2396//2396 1049//1049 2005//2005
f 2357//2357 400//400 355//355
f 260//260 216//216 215//215
f 1927//1927 1183//1183 1182//1182
f 2162//2162 1136//1136 1135//1135
f 1206//1206 1162//1162 1928//1928
f 1929//1929 2004//2004 2110//2110
f 2073//2073 1257//1257 1294//1294
f 1377//1377 1375//1375 1419//1419
f 2104//2104 1837//1837 1081//1081
f 2347//2347 1497//1497 1498//1498
f 920//920 1809//1809 872//872
f 1916//1916 2374//2374 872//872
f 178//178 177//177 219//219
f 205//205 2298//2298 163//163
f 1614//1614 1854//1854 1763//1763
f 2020//2020 262//262 305//305
f 1932//1932 1487//1487 1528//1528
f 88//88 50//50 49//49
f 2391//2391 2139//2139 1933//1933
f 1933//1933 1521//1521 1561//1561
f 1890//1890 1532//1532 1533//1533
f 2178//2178 2300//2300 1884//1884
f 1371//1371 1903//1903 1819//1819
f 1573//1573 2348//2348 1605//1605
f 1935//1935 1413//1413 1450//1450
f 1380//1380 2217//2217 1379//1379
f 825//825 826//826 780//780
f 2208//2208 1390//1390 1389//1389
f 1538//1538 2156//2156 2201//2201
f 2220//2220 118//118 119//119
f 1464//1464 2365//2365 1424//1424
f 253//253 2045//2045 2358//2358
f 387//387 388//388 342//342
f 678//678 2271//2271 636//636
f 1062//1062 1936//1936 1018//1018
f 547//547 2346//2346 546//546
f 975//975 1023//1023 976//976
f 638//638 639//639 2341//2341
f 681//681 2174//2174 639//639
f 1937//1937 734//734 686//686
f 1937//1937 685//685 2112//2112
f 1938//1938 874//874 922//922
f 1938//1938 923//923 2309//2309
f 652//652 2131//2131 607//607
f 103//103 150//150 151//151
f 464//464 2213//2213 505//505
f 868//868 2273//2273 916//916
f 348//348 306//306 347//347
f 393//393 392//392 436//436
f 2216//2216 52//52 1940//1940
f 735//735 782//782 2123//2123
f 2123//2123 782//782 736//736
f 377//377 376//376 422//422
f 423//423 377//377 2325//2325
f 1941//1941 597//597 552//552
f 551//551 550//550 1941//1941
f 775//775 2281//2281 730//730
f 1942//1942 964//964 1841//1841
f 1942//1942 965//965 919//919
f 474//474 435//435 2096//2096
f 925//925 2226//2226 924//924
f 1943//1943 1015//1015 2274//2274
f 263//263 306//306 264//264
f 1581//1581 1869//1869 1551//1551
f 86//86 2241//2241 45//45
f 2236//2236 516//516 473//473
f 1946//1946 2136//2136 8//8
f 1946//1946 50//50 51//51
f 346//346 345//345 1947//1947
f 1948//1948 467//467 427//427
f 1948//1948 426//426 2175//2175
f 1016//1016 1855//1855 1770//1770
f 1949//1949 602//602 603//603
f 1612//1612 2009//2009 2310//2310
f 1609//1609 1638//1638 1744//1744
f 1656//1656 2355//2355 1655//1655
f 1951//1951 1664//1664 1665//1665
f 2026//2026 1695//1695 1647//1647
f 1952//1952 1597//1597 1598//1598
f 1639//1639 1680//1680 1681//1681
f 641//641 593//593 640//640
f 1283//1283 1241//1241 1240//1240
f 1395//1395 1358//1358 1357//1357
f 1396//1396 1395//1395 1900//1900
f 2034//2034 1750//1750 1586//1586
f 1697//1697 2291//2291 1696//1696
f 1959//1959 2182//2182 1811//1811
f 1953//1953 2038//2038 1563//1563
f 1953//1953 2225//2225 2035//2035
f 1856//1856 1657//1657 1852//1852
f 1657//1657 1753//1753 1844//1844
f 1440//1440 1441//1441 1403//1403
f 1439//1439 2224//2224 1747//1747
f 2227//2227 1478//1478 1439//1439
f 2378//2378 1645//1645 1644//1644
f 1362//1362 2039//2039 2299//2299
f 1361//1361 1401//1401 2299//2299
f 1957//1957 1615//1615 1750//1750
f 1958//1958 1328//1328 1292//1292
f 2223//2223 1846//1846 1958//1958
f 1771//1771 2041//2041 1526//1526
f 1959//1959 1375//1375 2182//2182
f 1418//1418 2052//2052 1959//1959
f 1865//1865 1594//1594 1564//1564
f 1960//1960 1689//1689 1760//1760
f 2046//2046 1961//1961 1766//1766
f 1553//1553 1515//1515 1514//1514
f 1321//1321 1243//1243 1285//1285
f 1663//1663 1722//1722 1664//1664
f 7//7 6//6 48//48
f 2230//2230 1749//1749 1210//1210
f 465//465 506//506 507//507
f 1963//1963 1781//1781 1549//1549
f 479//479 440//440 439//439
f 1524//1524 1525//1525 1486//1486
f 1438//1438 1478//1478 2227//2227
f 2410//2410 1437//1437 1775//1775
f 1628//1628 1599//1599 2031//2031
f 2308//2308 1584//1584 1553//1553
f 1583//1583 2111//2111 2266//2266
f 1857//1857 1507//1507 1472//1472
f 2363//2363 2305//2305 1546//1546
f 1409//1409 1765//1765 1446//1446
f 1867//1867 1964//1964 2053//2053
f 2048//2048 1658//1658 1623//1623
f 1079//1079 1754//1754 1078//1078
f 1965//1965 1527//1527 2032//2032
f 1873//1873 1668//1668 1630//1630
f 1967//1967 1326//1326 2387//2387
f 1034//1034 1077//1077 1754//1754
f 1764//1764 2311//2311 1650//1650
f 1784//1784 1667//1667 1966//1966
f 1969//1969 1582//1582 2266//2266
f 1969//1969 1552//1552 2180//2180
f 2413//2413 87//87 130//130
f 1661//1661 1720//1720 1662//1662
f 936//936 985//985 937//937
f 936//936 1759//1759 985//985
f 2148//2148 1670//1670 1632//1632
f 506//506 2401//2401 2255//2255
f 2050//2050 1410//1410 1872//1872
f 1971//1971 1535//1535 1777//1777
f 1972//1972 1590//1590 1559//1559
f 1885//1885 1973//1973 1492//1492
f 1866//1866 1790//1790 2233//2233
f 2384//2384 1508//1508 1880//1880
f 2352//2352 2188//2188 843//843
f 1445//1445 2215//2215 1485//1485
f 1975//1975 1782//1782 2314//2314
f 1457//1457 1888//1888 1976//1976
f 842//842 888//888 843//843
f 1810//1810 842//842 841//841
f 1625//1625 2257//2257 1626//1626
f 1877//1877 1602//1602 2186//2186
f 1209//1209 1208//1208 1249//1249
f 1456//1456 1491//1491 1788//1788
f 1893//1893 1977//1977 1398//1398
f 1482//1482 1483//1483 1442//1442
f 2388//2388 2179//2179 1978//1978
f 1474//1474 1511//1511 2323//2323
f 1474//1474 2149//2149 1510//1510
f 1562//1562 1561//1561 1979//1979
f 1970//1970 1591//1591 1882//1882
f 2059//2059 797//797 749//749
f 1794//1794 1894//1894 2150//2150
f 1432//1432 1433//1433 1392//1392
f 1981//1981 796//796 1980//1980
f 1981//1981 748//748 795//795
f 1537//1537 2315//2315 2117//2117
f 1405//1405 1406//1406 1364//1364
f 1908//1908 1369//1369 1826//1826
f 703//703 1906//1906 1982//1982
f 611//611 1772//1772 1982//1982
f 2118//2118 336//336 378//378
f 2338//2338 1340//1340 1894//1894
f 1325//1325 2387//2387 1326//1326
f 1288//1288 2192//2192 1325//1325
f 1364//1364 1365//1365 1330//1330
f 2150//2150 1338//1338 1984//1984
f 1338//1338 1899//1899 1984//1984
f 657//657 702//702 1772//1772
f 1435//1435 1396//1396 1900//1900
f 1895//1895 1434//1434 2334//2334
f 2065//2065 1296//1296 1798//1798
f 1986//1986 1340//1340 1813//1813
f 1254//1254 1329//1329 1827//1827
f 1783//1783 612//612 568//568
f 121//121 166//166 167//167
f 165//165 119//119 2023//2023
f 1820//1820 2171//2171 1224//1224
f 1989//1989 610//610 1876//1876
f 1217//1217 2075//2075 1174//1174
f 1821//1821 1415//1415 1374//1374
f 1248//1248 1288//1288 1289//1289
f 1247//1247 1324//1324 1248//1248
f 2201//2201 1496//1496 1990//1990
f 1991//1991 524//524 481//481
f 1883//1883 1991//1991 481//481
f 1992//1992 1820//1820 1223//1223
f 1992//1992 1223//1223 2247//2247
f 1126//1126 2067//2067 1080//1080
f 1529//1529 1489//1489 1488//1488
f 1260//1260 1994//1994 1297//1297
f 1994//1994 1829//1829 2065//2065
f 887//887 2343//2343 935//935
f 1408//1408 1443//1443 2139//2139
f 1998//1998 1996//1996 988//988
f 1037//1037 1887//1887 2067//2067
f 1301//1301 2423//2423 1997//1997
f 2152//2152 891//891 845//845
f 1180//1180 1223//1223 1911//1911
f 1999//1999 272//272 314//314
f 399//399 441//441 2390//2390
f 2408//2408 2197//2197 1224//1224
f 1373//1373 1336//1336 1922//1922
f 380//380 425//425 381//381
f 337//337 2256//2256 379//379
f 1924//1924 1181//1181 1137//1137
f 750//750 751//751 706//706
f 1299//1299 1261//1261 1333//1333
f 1258//1258 1259//1259 2077//2077
f 2073//2073 1295//1295 1258//1258
f 613//613 614//614 571//571
f 659//659 658//658 1814//1814
f 1673//1673 1736//1736 1738//1738
f 1208//1208 2000//2000 1207//1207
f 2001//2001 2284//2284 1915//1915
f 1280//1280 1279//1279 2085//2085
f 1320//1320 2307//2307 1356//1356
f 885//885 840//840 2071//2071
f 1917//1917 1323//1323 1324//1324
f 2002//2002 1923//1923 1322//1322
f 1260//1260 1298//1298 2402//2402
f 352//352 2397//2397 1892//1892
f 1136//1136 1179//1179 2283//2283
f 2285//2285 1419//1419 1375//1375
f 1910//1910 2322//2322 2155//2155
f 1834//1834 2385//2385 1050//1050
f 1471//1471 1391//1391 1430//1430
f 1214//1214 1255//1255 2144//2144
f 747//747 794//794 795//795
f 1261//1261 2294//2294 2004//2004
f 1504//1504 1505//1505 1469//1469
f 2417//2417 1121//1121 1074//1074
f 311//311 1898//1898 268//268
f 1833//1833 1294//1294 1293//1293
f 1085//1085 1130//1130 1086//1086
f 1050//1050 1005//1005 1834//1834
f 2005//2005 1834//1834 956//956
f 1003//1003 2005//2005 1004//1004
f 1052//1052 1051//1051 1098//1098
f 1218//1218 2151//2151 2075//2075
f 1136//1136 1095//1095 1135//1135
f 1094//1094 1135//1135 1095//1095
f 2006//2006 191//191 192//192
f 2006//2006 2259//2259 149//149
f 637//637 2007//2007 2271//2271
f 2292//2292 602//602 558//558
f 1859//1859 2107//2107 1642//1642
f 2009//2009 1613//1613 1862//1862
f 1643//1643 1612//1612 1611//1611
f 1513//1513 2410//2410 1775//1775
f 1950//1950 2010//2010 1476//1476
f 1620//1620 1619//1619 2011//2011
f 1619//1619 2392//2392 2011//2011
f 1778//1778 1860//1860 2122//2122
f 1606//1606 1575//1575 1574//1574
f 2015//2015 1359//1359 1904//1904
f 1396//1396 1358//1358 1395//1395
f 1912//1912 1573//1573 1540//1540
f 1571//1571 1539//1539 1497//1497
f 2377//2377 1501//1501 1741//1741
f 1500//1500 2377//2377 1425//1425
f 1928//1928 1246//1246 1206//1206
f 1243//1243 1286//1286 1244//1244
f 472//472 515//515 2236//2236
f 515//515 471//471 514//514
f 1386//1386 1349//1349 1384//1384
f 506//506 465//465 1962//1962
f 2173//2173 149//149 103//103
f 685//685 686//686 644//644
f 1067//1067 2324//2324 1066//1066
f 552//552 509//509 551//551
f 2357//2357 314//314 354//354
f 1493//1493 1536//1536 2108//2108
f 277//277 2332//2332 232//232
f 233//233 2089//2089 278//278
f 426//426 427//427 383//383
f 606//606 650//650 651//651
f 1785//1785 1567//1567 1952//1952
f 2088//2088 1596//1596 1624//1624
f 926//926 975//975 2017//2017
f 2018//2018 740//740 739//739
f 832//832 787//787 2018//2018
f 1951//1951 1762//1762 2086//2086
f 2181//2181 2393//2393 1666//1666
f 278//278 2089//2089 320//320
f 607//607 606//606 651//651
f 867//867 821//821 866//866
f 875//875 874//874 1938//1938
f 90//90 91//91 51//51
f 1836//1836 2069//2069 2371//2371
f 1014//1014 1106//1106 1060//1060
f 2274//2274 1060//1060 1016//1016
f 345//345 346//346 305//305
f 604//604 605//605 2165//2165
f 2226//2226 925//925 876//876
f 2382//2382 600//600 646//646
f 638//638 681//681 639//639
f 738//738 785//785 739//739
f 2157//2157 732//732 682//682
f 306//306 263//263 2020//2020
f 347//347 346//346 391//391
f 738//738 2267//2267 737//737
f 739//739 692//692 738//738
f 264//264 2078//2078 2021//2021
f 1800//1800 1900//1900 2022//2022
f 2022//2022 2149//2149 1800//1800
f 966//966 2101//2101 871//871
f 2261//2261 293//293 335//335
f 1532//1532 1890//1890 1934//1934
f 302//302 259//259 2153//2153
f 2243//2243 2188//2188 2339//2339
f 2025//2025 1487//1487 1932//1932
f 1617//1617 1616//1616 2026//2026
f 1282//1282 1240//1240 1239//1239
f 1091//1091 1047//1047 1090//1090
f 1093//1093 1091//1091 1092//1092
f 2224//2224 1954//1954 1517//1517
f 1669//1669 1630//1630 1668//1668
f 1947//1947 2409//2409 390//390
f 2337//2337 2374//2374 2164//2164
f 773//773 728//728 2187//2187
f 772//772 2187//2187 727//727
f 1030//1030 982//982 932//932
f 2028//2028 1291//1291 1768//1768
f 2028//2028 1360//1360 1361//1361
f 736//736 2282//2282 783//783
f 224//224 182//182 223//223
f 478//478 439//439 438//438
f 479//479 439//439 478//478
f 1521//1521 1979//1979 1561//1561
f 2029//2029 339//339 298//298
f 1589//1589 1559//1559 1558//1558
f 1288//1288 1324//1324 2192//2192
f 1372//1372 1935//1935 2030//2030
f 2031//2031 1599//1599 2100//2100
f 2031//2031 1627//1627 1661//1661
f 2209//2209 1527//1527 1865//1865
f 1163//1163 1164//1164 1123//1123
f 1164//1164 1208//1208 1209//1209
f 1933//1933 2194//2194 2083//2083
f 2194//2194 1933//1933 2139//2139
f 1844//1844 1849//1849 2355//2355
f 132//132 89//89 131//131
f 1151//1151 1152//1152 1111//1111
f 1302//1302 1266//1266 1265//1265
f 2215//2215 1523//1523 1974//1974
f 2368//2368 1963//1963 1579//1579
f 2019//2019 117//117 78//78
f 343//343 302//302 2153//2153
f 2034//2034 1586//1586 1555//1555
f 1587//1587 2342//2342 1618//1618
f 2156//2156 1461//1461 1496//1496
f 1421//1421 1380//1380 1420//1420
f 1556//1556 1557//1557 1955//1955
f 2225//2225 1525//1525 1761//1761
f 2035//2035 2044//2044 2376//2376
f 642//642 683//683 2064//2064
f 2036//2036 642//642 641//641
f 1518//1518 2286//2286 1955//1955
f 2130//2130 2395//2395 2102//2102
f 80//80 40//40 39//39
f 1032//1032 983//983 1031//1031
f 1402//1402 1403//1403 1362//1362
f 1441//1441 1440//1440 1479//1479
f 1961//1961 1853//1853 1766//1766
f 1408//1408 1444//1444 1915//1915
f 2304//2304 2227//2227 1401//1401
f 1593//1593 2268//2268 2038//2038
f 1644//1644 1615//1615 1957//1957
f 2039//2039 1328//1328 1958//1958
f 1981//1981 2277//2277 748//748
f 2093//2093 1936//1936 1063//1063
f 1553//1553 1585//1585 1554//1554
f 2381//2381 1446//1446 1765//1765
f 2043//2043 1292//1292 1252//1252
f 1768//1768 1251//1251 1250//1250
f 2119//2119 2196//2196 1356//1356
f 1826//1826 1369//1369 1370//1370
f 2004//2004 2297//2297 2110//2110
f 1378//1378 1419//1419 1459//1459
f 2188//2188 2352//2352 889//889
f 2045//2045 211//211 170//170
f 1629//1629 1628//1628 1663//1663
f 1769//1769 1601//1601 1858//1858
f 1470//1470 1430//1430 1429//1429
f 2361//2361 1830//1830 1213//1213
f 1594//1594 1865//1865 2268//2268
f 1582//1582 1614//1614 1583//1583
f 1125//1125 2047//2047 1166//1166
f 2048//2048 1622//1622 1758//1758
f 567//567 524//524 1991//1991
f 2049//2049 2408//2408 1224//1224
f 1264//1264 1265//1265 2049//2049
f 2050//2050 1447//1447 1410//1410
f 2050//2050 1782//1782 1409//1409
f 956//956 955//955 1004//1004
f 1667//1667 1784//1784 1968//1968
f 1485//1485 1486//1486 1787//1787
f 1974//1974 1861//1861 1524//1524
f 1255//1255 1214//1214 1830//1830
f 2234//2234 1409//1409 1368//1368
f 1510//1510 1786//1786 1551//1551
f 888//888 935//935 1759//1759
f 1773//1773 2054//2054 1250//1250
f 2054//2054 1249//1249 1289//1289
f 2055//2055 1099//1099 1052//1052
f 1798//1798 1975//1975 2314//2314
f 2353//2353 1636//1636 1776//1776
f 1546//1546 1545//1545 1886//1886
f 795//795 841//841 796//796
f 1603//1603 2388//2388 1978//1978
f 2058//2058 1170//1170 1215//1215
f 1398//1398 1399//1399 2387//2387
f 1996//1996 1998//1998 938//938
f 2059//2059 703//703 1863//1863
f 1925//1925 1081//1081 1837//1837
f 1406//1406 1405//1405 1442//1442
f 1814//1814 704//704 705//705
f 1123//1123 2366//2366 2061//2061
f 1982//1982 2116//2116 612//612
f 46//46 6//6 5//5
f 46//46 47//47 48//48
f 2062//2062 82//82 42//42
f 2063//2063 657//657 610//610
f 2351//2351 1985//1985 2065//2065
f 511//511 512//512 429//429
f 1808//1808 1452//1452 2195//2195
f 2307//2307 1816//1816 1355//1355
f 1295//1295 1296//1296 1259//1259
f 1887//1887 1037//1037 1996//1996
f 386//386 387//387 342//342
f 1207//1207 1206//1206 1247//1247
f 2069//2069 1836//1836 1544//1544
f 1172//1172 1217//1217 1173//1173
f 886//886 1896//1896 1810//1810
f 891//891 2152//2152 1998//1998
f 751//751 750//750 2070//2070
f 2070//2070 798//798 845//845
f 658//658 659//659 614//614
f 2072//2072 269//269 1898//1898
f 1257//1257 2198//2198 1216//1216
f 1920//1920 1294//1294 1833//1833
f 311//311 351//351 352//352
f 2151//2151 1218//1218 1175//1175
f 1284//1284 1320//1320 1285//1285
f 2076//2076 225//225 184//184
f 2076//2076 183//183 1905//1905
f 2177//2177 2389//2389 1172//1172
f 2078//2078 220//220 219//219
f 2078//2078 307//307 265//265
f 2195//2195 1489//1489 1530//1530
f 2148//2148 1632//1632 1631//1631
f 2079//2079 877//877 876//876
f 878//878 926//926 2129//2129
f 2080//2080 730//730 2281//2281
f 2080//2080 822//822 823//823
f 515//515 1949//1949 2134//2134
f 602//602 2292//2292 647//647
f 218//218 262//262 263//263
f 1253//1253 1292//1292 2138//2138
f 1035//1035 986//986 985//985
f 1433//1433 1472//1472 2082//2082
f 1792//1792 1870//1870 2232//2232
f 2083//2083 2194//2194 1483//1483
f 2083//2083 1520//1520 1560//1560
f 1604//1604 2348//2348 1631//1631
f 2135//2135 121//121 80//80
f 1421//1421 1462//1462 1422//1422
f 1931//1931 982//982 934//934
f 1092//1092 1134//1134 1093//1093
f 2084//2084 1840//1840 1742//1742
f 1500//1500 1425//1425 1466//1466
f 1427//1427 1428//1428 2208//2208
f 1468//1468 1504//1504 1428//1428
f 1316//1316 1317//1317 2085//2085
f 1279//1279 1280//1280 1237//1237
f 1465//1465 1541//1541 1500//1500
f 49//49 8//8 7//7
f 49//49 1946//1946 8//8
f 2345//2345 466//466 507//507
f 965//965 966//966 919//919
f 480//480 479//479 523//523
f 2086//2086 1629//1629 1951//1951
f 1843//1843 1192//1192 2356//2356
f 63//63 2172//2172 2016//2016
f 94//94 54//54 93//93
f 193//193 2259//2259 233//233
f 2354//2354 2002//2002 1917//1917
f 1940//1940 53//53 2169//2169
f 1318//1318 2074//2074 1914//1914
f 1632//1632 2012//2012 1604//1604
f 2087//2087 162//162 2254//2254
f 1128//1128 2177//2177 1129//1129
f 2378//2378 1763//1763 1854//1854
f 2088//2088 1805//1805 1596//1596
f 2090//2090 875//875 1938//1938
f 2091//2091 683//683 2036//2036
f 1581//1581 1550//1550 2368//2368
f 1786//1786 1509//1509 1550//1550
f 828//828 781//781 827//827
f 2324//2324 1067//1067 1023//1023
f 1968//1968 2181//2181 1666//1666
f 596//596 642//642 2064//2064
f 1063//1063 1151//1151 2093//2093
f 77//77 34//34 76//76
f 35//35 77//77 2019//2019
f 917//917 868//868 916//916
f 2094//2094 869//869 822//822
f 680//680 637//637 2271//2271
f 2095//2095 908//908 861//861
f 956//956 957//957 2095//2095
f 870//870 871//871 824//824
f 347//347 306//306 2020//2020
f 248//248 291//291 292//292
f 2146//2146 293//293 249//249
f 648//648 603//603 602//602
f 2033//2033 2391//2391 1522//1522
f 736//736 690//690 689//689
f 294//294 2344//2344 2097//2097
f 2118//2118 2261//2261 336//336
f 2098//2098 2022//2022 1815//1815
f 463//463 504//504 2213//2213
f 2100//2100 1598//1598 2031//2031
f 2101//2101 1943//1943 920//920
f 871//871 919//919 966//966
f 547//547 2099//2099 2346//2346
f 1482//1482 1405//1405 1404//1404
f 1610//1610 1639//1639 1956//1956
f 398//398 439//439 440//440
f 465//465 2126//2126 424//424
f 423//423 2325//2325 424//424
f 166//166 2344//2344 209//209
f 556//556 600//600 601//601
f 1886//1886 1609//1609 1578//1578
f 2102//2102 375//375 2024//2024
f 1080//1080 1036//1036 2114//2114
f 1889//1889 1805//1805 1626//1626
f 433//433 472//472 434//434
f 375//375 421//421 2024//2024
f 505//505 548//548 1962//1962
f 1037//1037 988//988 1996//1996
f 1837//1837 2104//2104 1037//1037
f 831//831 785//785 784//784
f 1955//1955 2106//2106 1518//1518
f 558//558 601//601 2292//2292
f 1476//1476 1775//1775 1977//1977
f 1862//1862 2310//2310 2009//2009
f 1086//1086 1087//1087 1042//1042
f 1904//1904 1358//1358 2015//2015
f 1972//1972 1620//1620 1590//1590
f 916//916 962//962 917//917
f 1188//1188 1144//1144 1143//1143
f 1890//1890 1808//1808 1934//1934
f 1086//1086 2160//2160 1085//1085
f 1930//1930 2214//2214 2037//2037
f 1587//1587 1618//1618 1588//1588
f 271//271 272//272 2238//2238
f 2320//2320 254//254 253//253
f 2107//2107 1641//1641 1642//1642
f 2107//2107 2042//2042 1640//1640
f 740//740 692//692 739//739
f 2108//2108 1569//1569 1602//1602
f 2109//2109 1956//1956 2142//2142
f 1166//1166 2040//2040 2258//2258
f 1211//1211 1167//1167 2258//2258
f 2207//2207 134//134 135//135
f 2153//2153 301//301 342//342
f 1542//1542 2013//2013 1740//1740
f 2110//2110 1132//1132 1176//1176
f 1219//1219 1929//1929 2110//2110
f 700//700 701//701 655//655
f 1513//1513 2308//2308 1514//1514
f 2220//2220 79//79 37//37
f 2112//2112 684//684 733//733
f 1619//1619 1972//1972 1650//1650
f 55//55 12//12 11//11
f 1169//1169 2127//2127 1925//1925
f 2127//2127 1213//1213 1214//1214
f 1052//1052 1053//1053 2237//2237
f 1519//1519 1560//1560 1520//1520
f 2032//2032 1528//1528 1487//1487
f 1487//1487 1793//1793 2032//2032
f 1080//1080 2114//2114 1125//1125
f 1080//1080 1125//1125 1126//1126
f 2147//2147 2179//2179 1570//1570
f 890//890 889//889 937//937
f 1449//1449 1411//1411 2115//2115
f 1891//1891 2115//2115 1411//1411
f 797//797 1802//1802 749//749
f 658//658 2116//2116 1906//1906
f 172//172 127//127 126//126
f 469//469 431//431 430//430
f 2117//2117 1571//1571 1538//1538
f 295//295 338//338 296//296
f 2118//2118 294//294 2261//2261
f 441//441 1883//1883 481//481
f 705//705 704//704 749//749
f 1489//1489 1452//1452 1451//1451
f 1331//1331 1366//1366 2284//2284
f 1407//1407 1408//1408 1366//1366
f 2367//2367 399//399 353//353
f 2367//2367 1892//1892 399//399
f 1075//1075 2417//2417 1074//1074
f 1895//1895 2334//2334 1393//1393
f 1293//1293 2404//2404 2120//2120
f 2121//2121 1929//1929 2402//2402
f 1293//1293 1256//1256 2144//2144
f 2122//2122 1633//1633 1606//1606
f 1778//1778 2122//2122 1574//1574
f 128//128 129//129 85//85
f 128//128 2166//2166 129//129
f 555//555 599//599 556//556
f 177//177 134//134 133//133
f 749//749 1802//1802 705//705
f 431//431 470//470 432//432
f 2124//2124 397//397 396//396
f 2124//2124 398//398 2397//2397
f 589//589 546//546 545//545
f 1540//1540 1575//1575 1541//1541
f 428//428 429//429 385//385
f 429//429 468//468 511//511
f 2183//2183 484//484 483//483
f 373//373 2125//2125 374//374
f 462//462 420//420 2125//2125
f 2391//2391 1933//1933 1561//1561
f 341//341 301//301 300//300
f 2004//2004 1929//1929 1261//1261
f 392//392 435//435 436//436
f 2012//2012 1671//1671 1672//1672
f 1505//1505 2371//2371 1545//1545
f 2300//2300 2353//2353 1884//1884
f 465//465 2306//2306 2126//2126
f 1236//1236 1196//1196 1195//1195
f 830//830 783//783 2282//2282
f 148//148 2016//2016 2172//2172
f 247//247 246//246 290//290
f 1648//1648 1618//1618 2291//2291
f 567//567 523//523 1876//1876
f 1147//1147 1746//1746 1845//1845
f 1815//1815 1394//1394 2098//2098
f 178//178 179//179 135//135
f 2242//2242 1263//1263 1822//1822
f 2127//2127 1169//1169 1213//1213
f 2203//2203 2127//2127 2113//2113
f 1181//1181 1831//1831 1911//1911
f 1591//1591 1970//1970 1592//1592
f 964//964 917//917 963//963
f 1022//1022 974//974 1021//1021
f 2128//2128 509//509 467//467
f 1948//1948 2200//2200 2128//2128
f 678//678 2426//2426 679//679
f 1629//1629 1664//1664 1951//1951
f 2259//2259 193//193 150//150
f 116//116 2019//2019 77//77
f 1376//1376 1343//1343 1342//1342
f 926//926 878//878 2079//2079
f 172//172 173//173 127//127
f 421//421 422//422 2024//2024
f 475//475 519//519 2330//2330
f 2130//2130 293//293 292//292
f 62//62 63//63 2260//2260
f 652//652 607//607 651//651
f 2131//2131 652//652 653//653
f 1014//1014 1015//1015 1013//1013
f 1805//1805 1889//1889 1566//1566
f 2132//2132 871//871 2101//2101
f 2133//2133 778//778 733//733
f 2133//2133 2091//2091 2204//2204
f 647//647 648//648 602//602
f 692//692 1944//1944 647//647
f 391//391 346//346 1947//1947
f 391//391 393//393 347//347
f 2261//2261 294//294 2097//2097
f 1950//1950 1476//1476 1436//1436
f 1585//1585 1584//1584 1763//1763
f 2019//2019 36//36 35//35
f 206//206 2023//2023 164//164
f 1481//1481 1441//1441 1480//1480
f 973//973 924//924 972//972
f 2029//2029 380//380 382//382
f 1858//1858 1601//1601 2086//2086
f 1074//1074 1122//1122 1163//1163
f 787//787 741//741 2018//2018
f 120//120 121//121 2135//2135
f 1219//1219 1176//1176 1175//1175
f 1604//1604 1778//1778 1605//1605
f 658//658 1906//1906 1814//1814
f 878//878 2105//2105 877//877
f 1454//1454 1416//1416 1415//1415
f 1494//1494 2108//2108 1570//1570
f 1868//1868 1785//1785 2100//2100
f 606//606 559//559 605//605
f 785//785 2105//2105 786//786
f 215//215 258//258 259//259
f 1108//1108 1845//1845 1148//1148
f 1922//1922 1372//1372 2030//2030
f 2138//2138 1292//1292 1328//1328
f 1827//1827 1331//1331 2120//2120
f 1479//1479 1518//1518 1480//1480
f 2140//2140 1519//1519 1864//1864
f 1302//1302 1813//1813 1907//1907
f 2141//2141 1177//1177 1221//1221
f 88//88 47//47 131//131
f 2185//2185 1956//1956 1639//1639
f 595//595 596//596 549//549
f 732//732 2036//2036 682//682
f 1557//1557 1558//1558 2106//2106
f 1587//1587 1557//1557 1556//1556
f 1132//1132 2110//2110 2297//2297
f 1651//1651 1652//1652 1882//1882
f 2144//2144 1215//1215 2113//2113
f 1256//1256 1215//1215 2144//2144
f 1627//1627 2145//2145 1661//1661
f 1791//1791 2258//2258 1167//1167
f 207//207 2298//2298 2146//2146
f 293//293 2146//2146 292//292
f 2147//2147 1602//1602 1877//1877
f 1211//1211 2258//2258 2040//2040
f 1211//1211 1252//1252 1253//1253
f 2148//2148 1631//1631 1789//1789
f 2149//2149 1474//1474 1800//1800
f 986//986 937//937 985//985
f 844//844 845//845 798//798
f 79//79 2220//2220 119//119
f 1302//1302 1303//1303 1266//1266
f 1303//1303 1341//1341 1342//1342
f 2190//2190 1794//1794 2150//2150
f 1338//1338 2150//2150 1339//1339
f 2151//2151 1174//1174 2075//2075
f 967//967 1770//1770 1879//1879
f 2117//2117 2436//2436 1571//1571
f 270//270 313//313 271//271
f 342//342 343//343 2153//2153
f 169//169 170//170 124//124
f 891//891 939//939 892//892
f 2154//2154 1804//1804 1354//1354
f 1371//1371 1819//1819 1334//1334
f 1900//1900 1800//1800 1435//1435
f 1780//1780 1404//1404 1405//1405
f 208//208 207//207 2097//2097
f 2322//2322 1910//1910 2247//2247
f 2156//2156 1497//1497 2347//2347
f 355//355 400//400 401//401
f 734//734 779//779 780//780
f 689//689 646//646 645//645
f 141//141 96//96 140//140
f 956//956 1005//1005 957//957
f 2101//2101 966//966 1943//1943
f 918//918 870//870 869//869
f 2157//2157 731//731 730//730
f 2157//2157 776//776 732//732
f 590//590 591//591 547//547
f 1606//1606 1633//1633 2158//2158
f 2158//2158 1838//1838 2013//2013
f 461//461 462//462 2125//2125
f 959//959 1006//1006 1007//1007
f 1006//1006 958//958 1005//1005
f 2303//2303 2159//2159 1088//1088
f 2159//2159 1176//1176 1132//1132
f 2160//2160 1084//1084 1129//1129
f 2160//2160 1040//1040 1039//1039
f 1121//1121 1073//1073 1120//1120
f 2161//2161 2029//2029 2320//2320
f 2162//2162 2184//2184 1222//1222
f 1386//1386 1311//1311 1349//1349
f 2163//2163 333//333 334//334
f 2163//2163 290//290 289//289
f 2374//2374 2337//2337 2132//2132
f 2164//2164 825//825 779//779
f 2165//2165 605//605 559//559
f 603//603 2134//2134 1949//1949
f 216//216 2228//2228 215//215
f 2166//2166 2413//2413 129//129
f 474//474 517//517 518//518
f 2167//2167 1104//1104 1058//1058
f 161//161 2235//2235 2168//2168
f 2168//2168 114//114 161//161
f 2051//2051 1035//1035 985//985
f 2170//2170 971//971 970//970
f 2170//2170 1019//1019 972//972
f 737//737 784//784 738//738
f 478//478 477//477 521//521
f 1893//1893 1476//1476 1977//1977
f 1443//1443 1406//1406 1442//1442
f 554//554 555//555 511//511
f 2171//2171 1264//1264 1224//1224
f 1986//1986 1988//1988 1339//1339
f 1767//1767 1865//1865 1527//1527
f 1592//1592 1867//1867 2053//2053
f 959//959 1007//1007 960//960
f 1564//1564 2233//2233 1878//1878
f 1391//1391 1471//1471 1431//1431
f 833//833 832//832 2211//2211
f 1420//1420 1380//1380 1379//1379
f 337//337 295//295 2118//2118
f 974//974 2079//2079 925//925
f 2172//2172 102//102 147//147
f 2173//2173 63//63 2016//2016
f 2173//2173 103//103 64//64
f 1251//1251 1291//1291 2223//2223
f 2174//2174 681//681 729//729
f 1618//1618 1648//1648 1649//1649
f 117//117 2019//2019 116//116
f 164//164 163//163 206//206
f 2200//2200 2175//2175 466//466
f 2175//2175 425//425 2306//2306
f 2081//2081 1404//1404 1780//1780
f 190//190 191//191 148//148
f 304//304 2027//2027 345//345
f 319//319 320//320 2089//2089
f 260//260 303//303 261//261
f 393//393 391//391 392//392
f 389//389 388//388 2176//2176
f 2176//2176 433//433 434//434
f 2092//2092 435//435 475//475
f 1788//1788 1976//1976 1456//1456
f 923//923 922//922 969//969
f 2389//2389 1171//1171 1216//1216
f 2177//2177 1172//1172 2249//2249
f 2380//2380 2232//2232 1870//1870
f 1244//1244 2219//2219 1243//1243
f 688//688 598//598 687//687
f 1824//1824 1444//1444 2359//2359
f 2371//2371 2300//2300 2178//2178
f 2178//2178 1779//1779 1609//1609
f 1371//1371 2068//2068 1903//1903
f 1992//1992 1822//1822 1263//1263
f 429//429 469//469 430//430
f 90//90 134//134 91//91
f 2179//2179 1806//1806 2316//2316
f 2180//2180 1511//1511 1551//1551
f 2180//2180 1869//1869 2310//2310
f 1113//1113 1066//1066 1065//1065
f 308//308 265//265 307//307
f 2073//2073 1920//1920 1823//1823
f 1501//1501 1541//1541 1542//1542
f 2181//2181 1762//1762 2393//2393
f 1049//1049 2396//2396 1095//1095
f 777//777 2337//2337 2133//2133
f 750//750 1802//1802 798//798
f 2182//2182 1341//1341 1907//1907
f 2183//2183 526//526 484//484
f 1832//1832 609//609 2143//2143
f 441//441 481//481 482//482
f 435//435 392//392 2096//2096
f 1479//1479 1747//1747 2286//2286
f 1545//1545 1546//1546 1756//1756
f 1959//1959 2338//2338 1418//1418
f 1825//1825 1919//1919 1459//1459
f 2316//2316 1990//1990 1495//1495
f 1917//1917 1247//1247 1246//1246
f 1353//1353 1391//1391 2202//2202
f 1131//1131 2210//2210 1087//1087
f 1353//1353 1316//1316 1315//1315
f 2340//2340 2288//2288 2420//2420
f 1490//1490 1491//1491 1455//1455
f 2184//2184 1178//1178 2141//2141
f 2185//2185 1639//1639 1681//1681
f 1851//1851 1682//1682 1683//1683
f 2042//2042 2107//2107 1579//1579
f 1640//1640 2302//2302 1851//1851
f 1805//1805 1817//1817 1596//1596
f 479//479 480//480 440//440
f 522//522 523//523 479//479
f 687//687 2123//2123 688//688
f 1613//1613 1960//1960 1760//1760
f 1600//1600 2086//2086 1601//1601
f 1762//1762 1858//1858 2086//2086
f 116//116 115//115 2087//2087
f 611//611 612//612 1783//1783
f 2290//2290 1003//1003 1002//1002
f 1048//1048 2221//2221 2290//2290
f 2130//2130 2102//2102 335//335
f 1605//1605 1574//1574 1573//1573
f 1328//1328 1983//1983 2138//2138
f 1543//1543 1740//1740 1576//1576
f 909//909 816//816 862//862
f 1433//1433 1895//1895 1393//1393
f 1921//1921 11//11 10//10
f 2243//2243 2339//2339 844//844
f 1558//1558 1559//1559 1519//1519
f 1126//1126 1993//1993 2067//2067
f 1168//1168 1126//1126 1791//1791
f 2189//2189 1434//1434 2057//2057
f 2190//2190 1417//1417 1794//1794
f 1162//1162 1206//1206 2000//2000
f 513//513 470//470 2191//2191
f 2191//2191 512//512 2336//2336
f 960//960 2237//2237 1008//1008
f 2192//2192 1324//1324 1323//1323
f 1443//1443 1442//1442 2194//2194
f 1372//1372 1413//1413 1935//1935
f 875//875 2090//2090 828//828
f 829//829 2090//2090 2226//2226
f 2295//2295 2210//2210 1044//1044
f 1354//1354 1318//1318 2154//2154
f 2195//2195 1531//1531 1934//1934
f 1590//1590 1560//1560 1559//1559
f 1330//1330 1331//1331 1827//1827
f 1832//1832 2063//2063 1989//1989
f 1832//1832 2143//2143 2063//2063
f 786//786 832//832 2018//2018
f 786//786 2105//2105 2279//2279
f 1392//1392 1393//1393 1354//1354
f 1601//1601 1769//1769 1535//1535
f 1137//1137 2408//2408 1182//1182
f 259//259 302//302 260//260
f 656//656 655//655 701//701
f 1301//1301 1262//1262 2037//2037
f 1087//1087 1086//1086 1130//1130
f 2198//2198 1257//1257 1258//1258
f 2199//2199 2099//2099 547//547
f 1151//1151 1063//1063 1110//1110
f 684//684 643//643 2064//2064
f 731//731 639//639 2174//2174
f 728//728 681//681 680//680
f 208//208 2403//2403 207//207
f 1855//1855 2370//2370 2280//2280
f 2200//2200 508//508 2128//2128
f 1977//1977 1775//1775 1437//1437
f 176//176 218//218 2021//2021
f 2201//2201 1537//1537 1538//1538
f 2201//2201 1990//1990 1806//1806
f 1565//1565 1595//1595 2293//2293
f 2007//2007 637//637 591//591
f 1317//1317 1353//1353 2202//2202
f 2202//2202 1391//1391 1431//1431
f 1644//1644 1957//1957 1585//1585
f 2203//2203 2113//2113 1170//1170
f 1081//1081 2203//2203 1082//1082
f 1466//1466 1464//1464 1499//1499
f 523//523 2066//2066 1876//1876
f 336//336 377//377 378//378
f 336//336 335//335 376//376
f 2204//2204 2091//2091 732//732
f 776//776 2328//2328 2204//2204
f 1509//1509 1786//1786 1510//1510
f 2205//2205 174//174 2413//2413
f 392//392 2206//2206 2096//2096
f 2206//2206 1947//1947 390//390
f 2172//2172 63//63 2421//2421
f 1132//1132 2297//2297 2406//2406
f 508//508 550//550 551//551
f 2207//2207 92//92 2252//2252
f 2207//2207 135//135 136//136
f 2059//2059 749//749 704//704
f 1864//1864 1520//1520 1483//1483
f 1869//1869 1581//1581 2269//2269
f 2111//2111 1512//1512 2266//2266
f 2071//2071 839//839 885//885
f 96//96 97//97 2193//2193
f 1038//1038 1081//1081 1082//1082
f 2208//2208 1428//1428 1429//1429
f 1134//1134 1135//1135 1094//1094
f 1322//1322 1357//1357 1358//1358
f 337//337 378//378 2256//2256
f 1182//1182 1183//1183 1139//1139
f 1865//1865 1564//1564 2209//2209
f 2209//2209 1528//1528 2032//2032
f 776//776 2080//2080 823//823
f 2210//2210 1088//1088 1044//1044
f 2211//2211 879//879 833//833
f 2211//2211 832//832 2279//2279
f 1589//1589 1558//1558 1588//1588
f 2008//2008 421//421 420//420
f 517//517 474//474 473//473
f 290//290 246//246 289//289
f 430//430 387//387 386//386
f 2212//2212 548//548 2103//2103
f 2401//2401 593//593 594//594
f 2285//2285 1375//1375 2052//2052
f 1375//1375 1376//1376 2182//2182
f 1974//1974 1881//1881 1861//1861
f 505//505 504//504 2103//2103
f 422//422 2213//2213 2325//2325
f 35//35 34//34 77//77
f 1221//1221 1930//1930 2184//2184
f 149//149 2016//2016 2006//2006
f 785//785 738//738 784//784
f 2215//2215 1974//1974 1485//1485
f 1807//1807 1445//1445 2359//2359
f 252//252 251//251 2400//2400
f 1033//1033 1076//1076 1077//1077
f 205//205 163//163 2254//2254
f 2055//2055 1924//1924 1137//1137
f 2017//2017 2211//2211 2129//2129
f 2217//2217 1380//1380 1381//1381
f 1345//1345 1379//1379 2217//2217
f 1899//1899 1821//1821 1374//1374
f 983//983 1032//1032 1033//1033
f 1264//1264 1986//1986 1813//1813
f 1264//1264 2171//2171 1986//1986
f 2076//2076 269//269 2072//2072
f 315//315 273//273 1999//1999
f 1073//1073 1121//1121 2218//2218
f 420//420 462//462 2008//2008
f 1415//1415 1416//1416 1374//1374
f 89//89 132//132 133//133
f 2047//2047 1125//1125 2114//2114
f 1460//1460 1420//1420 1459//1459
f 1632//1632 1671//1671 2012//2012
f 1591//1591 1620//1620 1882//1882
f 207//207 2146//2146 249//249
f 1058//1058 1057//1057 2167//2167
f 2219//2219 1202//1202 1201//1201
f 2414//2414 78//78 2220//2220
f 2220//2220 78//78 118//118
f 2221//2221 1094//1094 2396//2396
f 2221//2221 1048//1048 1093//1093
f 963//963 1012//1012 1841//1841
f 648//648 604//604 603//603
f 1522//1522 1562//1562 1881//1881
f 94//94 1921//1921 54//54
f 122//122 81//81 2275//2275
f 1204//1204 1245//1245 1205//1205
f 1408//1408 1484//1484 1444//1444
f 1978//1978 1784//1784 1873//1873
f 1384//1384 1385//1385 1386//1386
f 2365//2365 1425//1425 1385//1385
f 2222//2222 1849//1849 2038//2038
f 2222//2222 1953//1953 2035//2035
f 270//270 312//312 313//313
f 2043//2043 1958//1958 1292//1292
f 2223//2223 2360//2360 1251//1251
f 1740//1740 1839//1839 1542//1542
f 1439//1439 1516//1516 2224//2224
f 2225//2225 1752//1752 1525//1525
f 2225//2225 2044//2044 2035//2035
f 191//191 2006//2006 148//148
f 1922//1922 1336//1336 1335//1335
f 925//925 924//924 973//973
f 2226//2226 876//876 829//829
f 2227//2227 1439//1439 2372//2372
f 2304//2304 1438//1438 2227//2227
f 471//471 513//513 514//514
f 2109//2109 1547//1547 2363//2363
f 1291//1291 2028//2028 1846//1846
f 2046//2046 1766//1766 1867//1867
f 1654//1654 1961//1961 2046//2046
f 2228//2228 173//173 214//214
f 2228//2228 2166//2166 128//128
f 1514//1514 2410//2410 1513//1513
f 401//401 443//443 356//356
f 1360//1360 1967//1967 1400//1400
f 2385//2385 2003//2003 1097//1097
f 1251//1251 2360//2360 2230//2230
f 2230//2230 1210//1210 1773//1773
f 2020//2020 263//263 262//262
f 966//966 1015//1015 1943//1943
f 1326//1326 1967//1967 1327//1327
f 2231//2231 589//589 545//545
f 2057//2057 2384//2384 1799//1799
f 1870//1870 1792//1792 2082//2082
f 2145//2145 1719//1719 1661//1661
f 2234//2234 1368//1368 1801//1801
f 1787//1787 2234//2234 2060//2060
f 2235//2235 115//115 2168//2168
f 2235//2235 162//162 2087//2087
f 1106//1106 1059//1059 1105//1105
f 876//876 877//877 2296//2296
f 2296//2296 831//831 830//830
f 1888//1888 1457//1457 1418//1418
f 1794//1794 1417//1417 1888//1888
f 348//348 347//347 393//393
f 2236//2236 473//473 2386//2386
f 2236//2236 2134//2134 516//516
f 2237//2237 960//960 1007//1007
f 2238//2238 227//227 226//226
f 272//272 271//271 314//314
f 2394//2394 1386//1386 2364//2364
f 1624//1624 1659//1659 1625//1625
f 2239//2239 1624//1624 1897//1897
f 1626//1626 1805//1805 2088//2088
f 2240//2240 2069//2069 1577//1577
f 2240//2240 1608//1608 2353//2353
f 2241//2241 46//46 5//5
f 727//727 2187//2187 679//679
f 1988//1988 1338//1338 1339//1339
f 1263//1263 2242//2242 1988//1988
f 2339//2339 2188//2188 889//889
f 1173//1173 1131//1131 1130//1130
f 1802//1802 844//844 798//798
f 1887//1887 1080//1080 2067//2067
f 1367//1367 1823//1823 1920//1920
f 1356//1356 1394//1394 2119//2119
f 1434//1434 1355//1355 2334//2334
f 1223//1223 1820//1820 2197//2197
f 2108//2108 1494//1494 1493//1493
f 2245//2245 771//771 817//817
f 1414//1414 1452//1452 1453//1453
f 1829//1829 1994//1994 1260//1260
f 2246//2246 183//183 140//140
f 2247//2247 1223//1223 1180//1180
f 236//236 234//234 2248//2248
f 2248//2248 278//278 320//320
f 1931//1931 886//886 885//885
f 2402//2402 1298//1298 2121//2121
f 2272//2272 442//442 483//483
f 1377//1377 1378//1378 1344//1344
f 425//425 380//380 379//379
f 568//568 612//612 569//569
f 2375//2375 1101//1101 1100//1100
f 1139//1139 1140//1140 2375//2375
f 1235//1235 1236//1236 1195//1195
f 1901//1901 1860//1860 2250//2250
f 2250//2250 1734//1734 1901//1901
f 2251//2251 1106//1106 1145//1145
f 1107//1107 2370//2370 2251//2251
f 2252//2252 91//91 2207//2207
f 2253//2253 46//46 2241//2241
f 87//87 47//47 2253//2253
f 52//52 2216//2216 2136//2136
f 2427//2427 162//162 204//204
f 250//250 295//295 2400//2400
f 294//294 250//250 2344//2344
f 2255//2255 2401//2401 595//595
f 549//549 2345//2345 2255//2255
f 2256//2256 2126//2126 379//379
f 514//514 558//558 1949//1949
f 700//700 747//747 701//701
f 2257//2257 2145//2145 1627//1627
f 2257//2257 1625//1625 1660//1660
f 2258//2258 1791//1791 1125//1125
f 1944//1944 648//648 647//647
f 2259//2259 192//192 233//233
f 2259//2259 150//150 149//149
f 1385//1385 1742//1742 2364//2364
f 1638//1638 1609//1609 1779//1779
f 591//591 592//592 2199//2199
f 64//64 2260//2260 2173//2173
f 2260//2260 20//20 62//62
f 1303//1303 1267//1267 1266//1266
f 2261//2261 335//335 336//336
f 2262//2262 356//356 357//357
f 2262//2262 2357//2357 355//355
f 2093//2093 1064//1064 1019//1019
f 1111//1111 1064//1064 1151//1151
f 1498//1498 1462//1462 2347//2347
f 1262//1262 1222//1222 1930//1930
f 292//292 334//334 2130//2130
f 1905//1905 269//269 2076//2076
f 268//268 1898//1898 269//269
f 2263//2263 1274//1274 1310//1310
f 2264//2264 644//644 597//597
f 1941//1941 2326//2326 2264//2264
f 866//866 820//820 865//865
f 2265//2265 1954//1954 1516//1516
f 2266//2266 1512//1512 1552//1552
f 657//657 656//656 2277//2277
f 783//783 690//690 736//736
f 738//738 691//691 2267//2267
f 2268//2268 1563//1563 2038//2038
f 2269//2269 1859//1859 1611//1611
f 2269//2269 1612//1612 1869//1869
f 1549//1549 1781//1781 1508//1508
f 305//305 262//262 2327//2327
f 1206//1206 1207//1207 2000//2000
f 93//93 92//92 137//137
f 1971//1971 1568//1568 1535//1535
f 2270//2270 1621//1621 1622//1622
f 2270//2270 1594//1594 1856//1856
f 1245//1245 1287//1287 2354//2354
f 1824//1824 1902//1902 1367//1367
f 1807//1807 1484//1484 2033//2033
f 1140//1140 1139//1139 1183//1183
f 726//726 2245//2245 727//727
f 205//205 248//248 2298//2298
f 1047//1047 1091//1091 1048//1048
f 1860//1860 1778//1778 2012//2012
f 2395//2395 374//374 375//375
f 126//126 171//171 213//213
f 1390//1390 1430//1430 1391//1391
f 2271//2271 2007//2007 636//636
f 2271//2271 679//679 680//680
f 401//401 442//442 2272//2272
f 2078//2078 264//264 307//307
f 2011//2011 1882//1882 1620//1620
f 128//128 173//173 2228//2228
f 2273//2273 915//915 916//916
f 2273//2273 866//866 914//914
f 2274//2274 1015//1015 1014//1014
f 2274//2274 1016//1016 967//967
f 919//919 871//871 870//870
f 1792//1792 1895//1895 2082//2082
f 1410//1410 2115//2115 1891//1891
f 419//419 461//461 2125//2125
f 590//590 636//636 2007//2007
f 1521//1521 1590//1590 1979//1979
f 1574//1574 1575//1575 1540//1540
f 2275//2275 80//80 121//121
f 2275//2275 167//167 168//168
f 1380//1380 1422//1422 1381//1381
f 278//278 234//234 233//233
f 277//277 319//319 2089//2089
f 2276//2276 1964//1964 1766//1766
f 2276//2276 1853//1853 2376//2376
f 2277//2277 1981//1981 1863//1863
f 2278//2278 1759//1759 935//935
f 984//984 1034//1034 2278//2278
f 2360//2360 2043//2043 1252//1252
f 2279//2279 2129//2129 2211//2211
f 2279//2279 832//832 786//786
f 1945//1945 553//553 598//598
f 2280//2280 1061//1061 1855//1855
f 2280//2280 2370//2370 1107//1107
f 380//380 2029//2029 2161//2161
f 1379//1379 1345//1345 1344//1344
f 822//822 867//867 868//868
f 2281//2281 822//822 2080//2080
f 1769//1769 2369//2369 1535//1535
f 2282//2282 829//829 830//830
f 828//828 2282//2282 782//782
f 1389//1389 1388//1388 2208//2208
f 2328//2328 869//869 870//870
f 2196//2196 2119//2119 1357//1357
f 566//566 1989//1989 2066//2066
f 2072//2072 312//312 270//270
f 1803//1803 2367//2367 312//312
f 2170//2170 2093//2093 1019//1019
f 2284//2284 2120//2120 1331//1331
f 2285//2285 1825//1825 1419//1419
f 2285//2285 2052//2052 1458//1458
f 1797//1797 1290//1290 1289//1289
f 1326//1326 1327//1327 1797//1797
f 1051//1051 1050//1050 1098//1098
f 1518//1518 1479//1479 2286//2286
f 2286//2286 1517//1517 1955//1955
f 2287//2287 231//231 190//190
f 2287//2287 189//189 230//230
f 2288//2288 2340//2340 84//84
f 2288//2288 85//85 2420//2420
f 2410//2410 1477//1477 1437//1437
f 1030//1030 1029//1029 2218//2218
f 348//348 394//394 2289//2289
f 218//218 176//176 175//175
f 1499//1499 1539//1539 1912//1912
f 1492//1492 1458//1458 1885//1885
f 251//251 252//252 210//210
f 1486//1486 1765//1765 1787//1787
f 2290//2290 1002//1002 1001//1001
f 2291//2291 1647//1647 1696//1696
f 2291//2291 1697//1697 1648//1648
f 2292//2292 691//691 647//647
f 601//601 2382//2382 2292//2292
f 1847//1847 1748//1748 1655//1655
f 343//343 389//389 344//344
f 2293//2293 2014//2014 1565//1565
f 2293//2293 1897//1897 1624//1624
f 2294//2294 1220//1220 2004//2004
f 639//639 640//640 2341//2341
f 1540//1540 1573//1573 1574//1574
f 1586//1586 1750//1750 1616//1616
f 2295//2295 1043//1043 1042//1042
f 1087//1087 2210//2210 2295//2295
f 2296//2296 830//830 829//829
f 1177//1177 1220//1220 1221//1221
f 206//206 207//207 2403//2403
f 2298//2298 248//248 2146//2146
f 303//303 260//260 302//302
f 2039//2039 1362//1362 1363//1363
f 2300//2300 2371//2371 2069//2069
f 2300//2300 2069//2069 2240//2240
f 562//562 519//519 561//561
f 1821//1821 1913//1913 1415//1415
f 1337//1337 1373//1373 1821//1821
f 122//122 2062//2062 81//81
f 1587//1587 1588//1588 1557//1557
f 2301//2301 2254//2254 163//163
f 2301//2301 117//117 116//116
f 2302//2302 1640//1640 2042//2042
f 2302//2302 1755//1755 2142//2142
f 225//225 271//271 2238//2238
f 2303//2303 2151//2151 1175//1175
f 2304//2304 1401//1401 1361//1361
f 2305//2305 1756//1756 1546//1546
f 2305//2305 1547//1547 1507//1507
f 2306//2306 425//425 2126//2126
f 2306//2306 465//465 507//507
f 2307//2307 1355//1355 1356//1356
f 2307//2307 1320//1320 1284//1284
f 1216//1216 1256//1256 1257//1257
f 2052//2052 1418//1418 1885//1885
f 2308//2308 1553//1553 1514//1514
f 2308//2308 1513//1513 2111//2111
f 1589//1589 1649//1649 1650//1650
f 2309//2309 2090//2090 1938//1938
f 2309//2309 971//971 924//924
f 955//955 956//956 2095//2095
f 2310//2310 1862//1862 1969//1969
f 2311//2311 1619//1619 1650//1650
f 2311//2311 1699//1699 1700//1700
f 526//526 485//485 484//484
f 1076//1076 1124//1124 1077//1077
f 1670//1670 2148//2148 1669//1669
f 1784//1784 1877//1877 1968//1968
f 2114//2114 1035//1035 1079//1079
f 2312//2312 300//300 299//299
f 340//340 2335//2335 2312//2312
f 2313//2313 1090//1090 1089//1089
f 2313//2313 1132//1132 1133//1133
f 937//937 986//986 938//938
f 1475//1475 1435//1435 1800//1800
f 2314//2314 1908//1908 1812//1812
f 1812//1812 1798//1798 2314//2314
f 1240//1240 1282//1282 1283//1283
f 1789//1789 2117//2117 2315//2315
f 2315//2315 1537//1537 2388//2388
f 649//649 650//650 605//605
f 649//649 693//693 694//694
f 78//78 2414//2414 36//36
f 2316//2316 1806//1806 1990//1990
f 2316//2316 1495//1495 1494//1494
f 1398//1398 2015//2015 1397//1397
f 2393//2393 1762//1762 1951//1951
f 1207//1207 1249//1249 1208//1208
f 1983//1983 1330//1330 1329//1329
f 1015//1015 966//966 1013//1013
f 2317//2317 564//564 609//609
f 1815//1815 1900//1900 1395//1395
f 1040//1040 1086//1086 1041//1041
f 2194//2194 2139//2139 1443//1443
f 2318//2318 1186//1186 1187//1187
f 1939//1939 1143//1143 1144//1144
f 1223//1223 2197//2197 1911//1911
f 1935//1935 1450//1450 1451//1451
f 2320//2320 2029//2029 298//298
f 2320//2320 253//253 297//297
f 2321//2321 1013//1013 965//965
f 2321//2321 1058//1058 1105//1105
f 2322//2322 2247//2247 1179//1179
f 2322//2322 1222//1222 2155//2155
f 975//975 926//926 974//974
f 2323//2323 1512//1512 1950//1950
f 2323//2323 1475//1475 1474//1474
f 2324//2324 1022//1022 1021//1021
f 2324//2324 1065//1065 1066//1066
f 1490//1490 1454//1454 1890//1890
f 424//424 464//464 465//465
f 2326//2326 1941//1941 550//550
f 2326//2326 643//643 2264//2264
f 798//798 2070//2070 750//750
f 2327//2327 261//261 303//303
f 2327//2327 262//262 217//217
f 1595//1595 1623//1623 1897//1897
f 2328//2328 777//777 2204//2204
f 1630//1630 1669//1669 2148//2148
f 2329//2329 1161//1161 1160//1160
f 2329//2329 1204//1204 1205//1205
f 2158//2158 1634//1634 1739//1739
f 394//394 348//348 393//393
f 394//394 349//349 2289//2289
f 353//353 354//354 313//313
f 2330//2330 476//476 2092//2092
f 789//789 742//742 788//788
f 995//995 1043//1043 996//996
f 2331//2331 526//526 2183//2183
f 2331//2331 571//571 572//572
f 516//516 559//559 517//517
f 2134//2134 603//603 2165//2165
f 192//192 191//191 2332//2332
f 1375//1375 1377//1377 1376//1376
f 2333//2333 1493//1493 1494//1494
f 2333//2333 1825//1825 2285//2285
f 610//610 611//611 1783//1783
f 610//610 657//657 1772//1772
f 2334//2334 2074//2074 1393//1393
f 2335//2335 340//340 384//384
f 2335//2335 341//341 2312//2312
f 2336//2336 512//512 555//555
f 2336//2336 556//556 557//557
f 728//728 773//773 774//774
f 2337//2337 778//778 2133//2133
f 2337//2337 777//777 824//824
f 2338//2338 1888//1888 1418//1418
f 304//304 344//344 2027//2027
f 1965//1965 1771//1771 1526//1526
f 168//168 122//122 2275//2275
f 190//190 147//147 2287//2287
f 2152//2152 844//844 2339//2339
f 2339//2339 890//890 2152//2152
f 2340//2340 44//44 43//43
f 2340//2340 83//83 84//84
f 2341//2341 593//593 2212//2212
f 2342//2342 2291//2291 1618//1618
f 2342//2342 1587//1587 1745//1745
f 80//80 39//39 2135//2135
f 2135//2135 38//38 79//79
f 351//351 310//310 350//350
f 1525//1525 1524//1524 1761//1761
f 892//892 847//847 846//846
f 1798//1798 1332//1332 1975//1975
f 521//521 520//520 2317//2317
f 1788//1788 1777//1777 1874//1874
f 190//190 232//232 191//191
f 1063//1063 1062//1062 1109//1109
f 983//983 984//984 2343//2343
f 2343//2343 1995//1995 983//983
f 1143//1143 1104//1104 2318//2318
f 385//385 429//429 430//430
f 2344//2344 208//208 2097//2097
f 2344//2344 250//250 209//209
f 1564//1564 1878//1878 2209//2209
f 2345//2345 507//507 2255//2255
f 2345//2345 549//549 508//508
f 2346//2346 503//503 546//546
f 2346//2346 2099//2099 2008//2008
f 2347//2347 1462//1462 1421//1421
f 2436//2436 1572//1572 1571//1571
f 2349//2349 132//132 131//131
f 2349//2349 174//174 175//175
f 1127//1127 1170//1170 2058//2058
f 1756//1756 1506//1506 1545//1545
f 2350//2350 1565//1565 2014//2014
f 2350//2350 1530//1530 1529//1529
f 1793//1793 1487//1487 1449//1449
f 2351//2351 1829//1829 2075//2075
f 2351//2351 1818//1818 1985//1985
f 2352//2352 936//936 889//889
f 1780//1780 1983//1983 1363//1363
f 1903//1903 2068//2068 1411//1411
f 605//605 650//650 606//606
f 1404//1404 1403//1403 1441//1441
f 2354//2354 1246//1246 1205//1205
f 2354//2354 1287//1287 2002//2002
f 2355//2355 2222//2222 1847//1847
f 2355//2355 1656//1656 1844//1844
f 2356//2356 1274//1274 2263//2263
f 2357//2357 2262//2262 1999//1999
f 2357//2357 354//354 400//400
f 2358//2358 169//169 168//168
f 2358//2358 252//252 253//253
f 2359//2359 1444//1444 1807//1807
f 2359//2359 1445//1445 2060//2060
f 1915//1915 1366//1366 1408//1408
f 1399//1399 1977//1977 1437//1437
f 1944//1944 649//649 648//648
f 1612//1612 1643//1643 2379//2379
f 2360//2360 1749//1749 2230//2230
f 2361//2361 1167//1167 1212//1212
f 1515//1515 1553//1553 1554//1554
f 2362//2362 94//94 93//93
f 2362//2362 138//138 139//139
f 1958//1958 1846//1846 2039//2039
f 2363//2363 1578//1578 1610//1610
f 2363//2363 1956//1956 2109//2109
f 1515//1515 2265//2265 2229//2229
f 1294//1294 1256//1256 1293//1293
f 2364//2364 1386//1386 1385//1385
f 318//318 360//360 319//319
f 1424//1424 1384//1384 1383//1383
f 1034//1034 984//984 1033//1033
f 2051//2051 2278//2278 1034//1034
f 1211//1211 1212//1212 1167//1167
f 1738//1738 1736//1736 1737//1737
f 2061//2061 1076//1076 1032//1032
f 1123//1123 1164//1164 2366//2366
f 2367//2367 353//353 312//312
f 2367//2367 1803//1803 352//352
f 2159//2159 2313//2313 1088//1088
f 1955//1955 1557//1557 2106//2106
f 289//289 332//332 2163//2163
f 2368//2368 1580//1580 1581//1581
f 2368//2368 1781//1781 1963//1963
f 1051//1051 1007//1007 1006//1006
f 1052//1052 2237//2237 1051//1051
f 2369//2369 1777//1777 1535//1535
f 2369//2369 1536//1536 1973//1973
f 2370//2370 1060//1060 2251//2251
f 2371//2371 1886//1886 1545//1545
f 2371//2371 1505//1505 1836//1836
f 2372//2372 1747//1747 1440//1440
f 2372//2372 1401//1401 2227//2227
f 2373//2373 1878//1878 1790//1790
f 2373//2373 1932//1932 1528//1528
f 2257//2257 1597//1597 1626//1626
f 551//551 2128//2128 508//508
f 2249//2249 1085//1085 1129//1129
f 1984//1984 2190//2190 2150//2150
f 655//655 656//656 2143//2143
f 2374//2374 825//825 2164//2164
f 2184//2184 2162//2162 1178//1178
f 273//273 272//272 1999//1999
f 1646//1646 1615//1615 1645//1645
f 64//64 21//21 2260//2260
f 1809//1809 920//920 1879//1879
f 1504//1504 1468//1468 1503//1503
f 1428//1428 1504//1504 1469//1469
f 2375//2375 1100//1100 1099//1099
f 2377//2377 2084//2084 1425//1425
f 401//401 356//356 355//355
f 2378//2378 1854//1854 1691//1691
f 47//47 87//87 131//131
f 1599//1599 1568//1568 1868//1868
f 1628//1628 1600//1600 1599//1599
f 1452//1452 1489//1489 2195//2195
f 117//117 164//164 118//118
f 121//121 120//120 166//166
f 2379//2379 1688//1688 1960//1960
f 2379//2379 1643//1643 1687//1687
f 1135//1135 1134//1134 1178//1178
f 2380//2380 1547//1547 1548//1548
f 2380//2380 1870//1870 1507//1507
f 2381//2381 1765//1765 1486//1486
f 2381//2381 1486//1486 1525//1525
f 639//639 731//731 640//640
f 1172//1172 2077//2077 1818//1818
f 2077//2077 1259//1259 1818//1818
f 1589//1589 1588//1588 1649//1649
f 646//646 2267//2267 2382//2382
f 2382//2382 691//691 2292//2292
f 692//692 740//740 1944//1944
f 465//465 464//464 1962//1962
f 594//594 595//595 2401//2401
f 641//641 642//642 594//594
f 1448//1448 1447//1447 1771//1771
f 1250//1250 2054//2054 1290//1290
f 2053//2053 1964//1964 1881//1881
f 2095//2095 909//909 908//908
f 746//746 747//747 700//700
f 792//792 793//793 746//746
f 1002//1002 954//954 953//953
f 2094//2094 964//964 918//918
f 2175//2175 426//426 381//381
f 783//783 737//737 690//690
f 2384//2384 1880//1880 1473//1473
f 2384//2384 2057//2057 2232//2232
f 2385//2385 1097//1097 1050//1050
f 2385//2385 1049//1049 1096//1096
f 1533//1533 1785//1785 1534//1534
f 2386//2386 472//472 2236//2236
f 2386//2386 390//390 434//434
f 1359//1359 1325//1325 2192//2192
f 2388//2388 1603//1603 2315//2315
f 2388//2388 1806//1806 2179//2179
f 2239//2239 1716//1716 1659//1659
f 987//987 1036//1036 1887//1887
f 226//226 186//186 185//185
f 2060//2060 1801//1801 1902//1902
f 2389//2389 2077//2077 1172//1172
f 2389//2389 2177//2177 1171//1171
f 1362//1362 1403//1403 2081//2081
f 1407//1407 1443//1443 1408//1408
f 437//437 438//438 396//396
f 2390//2390 1926//1926 399//399
f 2391//2391 1561//1561 1522//1522
f 2392//2392 1700//1700 1701//1701
f 2392//2392 1619//1619 2311//2311
f 2393//2393 1724//1724 1725//1725
f 1355//1355 1434//1434 2189//2189
f 2394//2394 1312//1312 1842//1842
f 2394//2394 2364//2364 1350//1350
f 1904//1904 1322//1322 1358//1358
f 1323//1323 2002//2002 1322//1322
f 2395//2395 375//375 2102//2102
f 2395//2395 334//334 333//333
f 1214//1214 2113//2113 2127//2127
f 2396//2396 2005//2005 1003//1003
f 2396//2396 1094//1094 1095//1095
f 1297//1297 1826//1826 1298//1298
f 1163//1163 2000//2000 1208//1208
f 2397//2397 398//398 1892//1892
f 2397//2397 352//352 351//351
f 1552//1552 1969//1969 2266//2266
f 794//794 841//841 795//795
f 2398//2398 913//913 912//912
f 2398//2398 960//960 1008//1008
f 543//543 2231//2231 544//544
f 633//633 634//634 635//635
f 1083//1083 1038//1038 1082//1082
f 2399//2399 1083//1083 2319//2319
f 2001//2001 1920//1920 1833//1833
f 338//338 295//295 337//337
f 2401//2401 548//548 2212//2212
f 2156//2156 1538//1538 1497//1497
f 2403//2403 165//165 2023//2023
f 2023//2023 206//206 2403//2403
f 1923//1923 1835//1835 2196//2196
f 2404//2404 1293//1293 1255//1255
f 2404//2404 1827//1827 2120//2120
f 215//215 214//214 258//258
f 2067//2067 1837//1837 1037//1037
f 2162//2162 1179//1179 1136//1136
f 1922//1922 2137//2137 1372//1372
f 1300//1300 2037//2037 2214//2214
f 2256//2256 423//423 424//424
f 2405//2405 751//751 752//752
f 1244//1244 1202//1202 2219//2219
f 2406//2406 1177//1177 1092//1092
f 2407//2407 2429//2429 2104//2104
f 2407//2407 1038//1038 2399//2399
f 2279//2279 878//878 2129//2129
f 2049//2049 1182//1182 2408//2408
f 2408//2408 1137//1137 1181//1181
f 2409//2409 2027//2027 389//389
f 1513//1513 1775//1775 2010//2010
f 1642//1642 1643//1643 1611//1611
f 395//395 2424//2424 437//437
f 2411//2411 394//394 393//393
f 2412//2412 528//528 487//487
f 2412//2412 485//485 526//526
f 796//796 843//843 2056//2056
f 782//782 735//735 781//781
f 1158//1158 1202//1202 1159//1159
f 2349//2349 87//87 2413//2413
f 2413//2413 174//174 2349//2349
f 266//266 310//310 267//267
f 1124//1124 1076//1076 2366//2366
f 141//141 185//185 142//142
f 2414//2414 2220//2220 37//37
f 741//741 788//788 742//742
f 846//846 800//800 799//799
f 998//998 948//948 996//996
f 1270//1270 2425//2425 1306//1306
f 2415//2415 213//213 256//256
f 2415//2415 214//214 172//172
f 613//613 569//569 2116//2116
f 244//244 160//160 202//202
f 2416//2416 953//953 906//906
f 2416//2416 951//951 952//952
f 609//609 564//564 608//608
f 772//772 819//819 773//773
f 2433//2433 1031//1031 2383//2383
f 2417//2417 2218//2218 1121//1121
f 2196//2196 1320//1320 1356//1356
f 865//865 819//819 864//864
f 999//999 951//951 950//950
f 1118//1118 1161//1161 1119//1119
f 990//990 943//943 942//942
f 908//908 2428//2428 2418//2418
f 2418//2418 814//814 813//813
f 910//910 816//816 909//909
f 2419//2419 1282//1282 1281//1281
f 2419//2419 2154//2154 1318//1318
f 1142//1142 1102//1102 1141//1141
f 1740//1740 1543//1543 1839//1839
f 1113//1113 1154//1154 1155//1155
f 1353//1353 1317//1317 1316//1316
f 446//446 488//488 447//447
f 799//799 753//753 752//752
f 757//757 712//712 756//756
f 357//357 315//315 2262//2262
f 942//942 896//896 895//895
f 621//621 576//576 619//619
f 818//818 864//864 819//819
f 2246//2246 138//138 182//182
f 901//901 948//948 902//902
f 814//814 767//767 813//813
f 1189//1189 1272//1272 1231//1231
f 1569//1569 2108//2108 1536//1536
f 2416//2416 904//904 951//951
f 2420//2420 3//3 2//2
f 1333//1333 2121//2121 1918//1918
f 1110//1110 2431//2431 1150//1150
f 835//835 788//788 834//834
f 2421//2421 62//62 19//19
f 838//838 791//791 836//836
f 930//930 880//880 928//928
f 653//653 699//699 654//654
f 371//371 416//416 417//417
f 849//849 895//895 896//896
f 2422//2422 588//588 543//543
f 2422//2422 541//541 587//587
f 588//588 633//633 543//543
f 768//768 721//721 767//767
f 195//195 237//237 196//196
f 1030//1030 2433//2433 2383//2383
f 929//929 979//979 931//931
f 2423//2423 1337//1337 1909//1909
f 2423//2423 1301//1301 1336//1336
f 788//788 741//741 787//787
f 372//372 419//419 373//373
f 2424//2424 2092//2092 476//476
f 2424//2424 395//395 2411//2411
f 2425//2425 1269//1269 1306//1306
f 2425//2425 1270//1270 1229//1229
f 113//113 158//158 159//159
f 1784//1784 1978//1978 2147//2147
f 2426//2426 678//678 634//634
f 2426//2426 727//727 679//679
f 676//676 632//632 675//675
f 2115//2115 1410//1410 1448//1448
f 2427//2427 2254//2254 162//162
f 2427//2427 247//247 205//205
f 722//722 673//673 2438//2438
f 451//451 409//409 408//408
f 1875//1875 2361//2361 1212//1212
f 2428//2428 815//815 770//770
f 2428//2428 769//769 814//814
f 542//542 500//500 541//541
f 1906//1906 703//703 704//704
f 243//243 287//287 244//244
f 1412//1412 1450//1450 1413//1413
f 1498//1498 1539//1539 1499//1499
f 2429//2429 2407//2407 940//940
f 665//665 622//622 620//620
f 811//811 858//858 812//812
f 2430//2430 458//458 2434//2434
f 238//238 196//196 237//237
f 2431//2431 1110//1110 1149//1149
f 2431//2431 1195//1195 1150//1150
f 493//493 451//451 492//492
f 2432//2432 742//742 789//789
f 2432//2432 743//743 696//696
f 2429//2429 1037//1037 2104//2104
f 754//754 801//801 802//802
f 158//158 200//200 201//201
f 370//370 416//416 329//329
f 2433//2433 2417//2417 1031//1031
f 2433//2433 1030//1030 2218//2218
f 2434//2434 416//416 415//415
f 2435//2435 932//932 883//883
f 2435//2435 882//882 931//931
f 499//499 2430//2430 457//457
f 1450//1450 1412//1412 2025//2025
f 2436//2436 2348//2348 1572//1572
f 2436//2436 2117//2117 1789//1789
f 2437//2437 978//978 929//929
f 2437//2437 928//928 927//927
f 2438//2438 721//721 722//722
f 2438//2438 672//672 720//720
f 111//111 158//158 112//112
f 286//286 330//330 287//287
f 980//980 2435//2435 931//931
f 1448//1448 1965//1965 1793//1793
f 418//418 2434//2434 458//458
f 241//241 199//199 240//240
f 1411//1411 1449//1449 1412//1412
f 753//753 2440//2440 708//708
f 454//454 411//411 453//453
f 109//109 156//156 110//110
f 498//498 539//539 499//499
f 411//411 367//367 366//366
f 2439//2439 622//622 666//666
f 2439//2439 623//623 579//579
f 145//145 189//189 146//146
f 980//980 979//979 1027//1027
f 2440//2440 754//754 709//709
f 2440//2440 753//753 801//801
f 200//200 242//242 201//201
f 537//537 583//583 538//538
f 281//281 324//324 282//282
f 499//499 540//540 500//500
f 412//412 455//455 413//413
f 2441//2441 498//498 456//456
f 2441//2441 455//455 496//496
f 535//535 536//536 495//495
f 535//535 2442//2442 536//536
f 2442//2442 582//582 537//537
f 2442//2442 535//535 581//581
