# Created by Open3D 
# object name: doublewall_iterative_loop_340mm
# number of vertices: 2424
# number of triangles: 4590
v 268.844 34.1829 341.391
vn 2.61204e-15 0.999986 0.00532403
v 274.457 34.237 331.23
vn 2.61204e-15 0.999986 0.00532403
v 263.819 34.2368 331.27
vn 2.61204e-15 0.999986 0.00532403
v 219.337 34.2466 329.425
vn -2.52189e-15 0.999986 0.00532403
v 219.862 34.1841 341.172
vn -2.52189e-15 0.999986 0.00532403
v 226.522 34.2244 333.598
vn -2.52189e-15 0.999986 0.00532403
v 201.899 34.1845 341.092
vn -7.71133e-15 0.999986 0.00532403
v 202.619 34.2505 328.698
vn -7.71133e-15 0.999986 0.00532403
v 195.34 34.2276 332.987
vn -7.71133e-15 0.999986 0.00532403
v 191.379 34.1847 341.045
vn -4.26082e-15 0.999986 0.00532403
v 181.163 34.185 340.999
vn -8.00063e-16 0.999986 0.00532403
v 186.512 34.2333 331.917
vn -8.00063e-16 0.999986 0.00532403
v 176.383 34.2344 331.72
vn -8.00063e-16 0.999986 0.00532403
v 171.047 34.1852 340.954
vn 3.52672e-15 0.999986 0.00532403
v 139.402 34.186 340.813
vn -1.1303e-15 0.999986 0.00532403
v 144.699 34.2453 329.665
vn -1.1303e-15 0.999986 0.00532403
v 133.553 34.2359 331.43
vn -1.1303e-15 0.999986 0.00532403
v 128.73 34.1862 340.765
vn 1.70902e-15 0.999986 0.00532403
v 101.544 34.2307 332.422
vn 4.21443e-15 0.999986 0.00532403
v 112.321 34.2283 332.873
vn 4.21443e-15 0.999986 0.00532403
v 107.701 34.2649 325.983
vn 4.21443e-15 0.999986 0.00532403
v 90.6818 34.243 330.112
vn -9.13496e-15 0.999986 0.00532403
v 79.6796 34.2399 330.693
vn -9.13496e-15 0.999986 0.00532403
v 85.2433 34.1873 340.571
vn -9.13496e-15 0.999986 0.00532403
v 58.6401 34.2366 331.306
vn 2.90754e-15 0.999986 0.00532403
v 64.1651 34.1878 340.477
vn 2.90754e-15 0.999986 0.00532403
v 69.2335 34.2375 331.128
vn 2.90754e-15 0.999986 0.00532403
v 48.237 34.2386 330.933
vn -7.07711e-15 0.999986 0.00532403
v 53.7035 34.188 340.43
vn -7.07711e-15 0.999986 0.00532403
v -1.51807 34.1893 340.183
vn 6.47856e-17 0.999986 0.00532403
v 4.97741 34.2236 333.741
vn 6.47856e-17 0.999986 0.00532403
v -1.47251 34.2437 329.981
vn 6.47856e-17 0.999986 0.00532403
v 228.447 34.2716 324.733
vn -5.32277e-16 0.999986 0.00532403
v 235.131 34.2351 331.591
vn -5.32277e-16 0.999986 0.00532403
v 162.331 34.3125 317.049
vn -1.82534e-15 0.999986 0.00532403
v 161.965 34.2688 325.262
vn -1.82534e-15 0.999986 0.00532403
v 171.477 34.2846 322.283
vn -1.82534e-15 0.999986 0.00532403
v 145.656 34.3092 317.666
vn -5.85918e-16 0.999986 0.00532403
v 153.453 34.2836 322.474
vn -5.85918e-16 0.999986 0.00532403
v 99.5753 34.2783 323.465
vn -5.47246e-15 0.999986 0.00532403
v 83.2924 34.2925 320.811
vn -8.84734e-15 0.999986 0.00532403
v 63.5021 34.2819 322.806
vn -2.43638e-15 0.999986 0.00532403
v 73.6626 34.2893 321.412
vn -2.43638e-15 0.999986 0.00532403
v 38.5175 34.2354 331.524
vn 3.44562e-15 0.999986 0.00532403
v 42.1578 34.29 321.281
vn 3.44562e-15 0.999986 0.00532403
v 32.0322 34.2701 325.022
vn 3.44562e-15 0.999986 0.00532403
v 22.4985 34.251 328.602
vn 7.27203e-15 0.999986 0.00532403
v 15.5345 34.2891 321.442
vn 7.27203e-15 0.999986 0.00532403
v 13.8814 34.2356 331.485
vn 7.27203e-15 0.999986 0.00532403
v 24.6076 34.3035 318.746
vn -7.06894e-15 0.999986 0.00532403
v 6.79838 34.2731 324.453
vn 7.51123e-15 0.999986 0.00532403
v -1.42063 34.3055 318.36
vn 7.51123e-15 0.999986 0.00532403
v 280.405 34.2864 321.95
vn -7.34478e-15 0.999986 0.00532403
v 274.174 34.3353 312.765
vn -7.34478e-15 0.999986 0.00532403
v 269.613 34.2855 322.117
vn -7.34478e-15 0.999986 0.00532403
v 253.86 34.2363 331.358
vn 3.57836e-15 0.999986 0.00532403
v 249.086 34.2873 321.778
vn 3.57836e-15 0.999986 0.00532403
v 244.262 34.2385 330.942
vn 3.57836e-15 0.999986 0.00532403
v 229.175 34.3209 315.471
vn -5.59024e-15 0.999986 0.00532403
v 238.542 34.2926 320.788
vn -5.59024e-15 0.999986 0.00532403
v 236.794 34.3532 309.402
vn -5.59024e-15 0.999986 0.00532403
v 193.433 34.2799 323.166
vn -6.57997e-15 0.999986 0.00532403
v 195.481 34.3416 311.589
vn -6.57997e-15 0.999986 0.00532403
v 187.587 34.318 316.023
vn -6.57997e-15 0.999986 0.00532403
v 178.993 34.3274 314.247
vn -2.07216e-16 0.999986 0.00532403
v 170.158 34.3418 311.539
vn -2.07216e-16 0.999986 0.00532403
v 154.168 34.3406 311.78
vn -1.0752e-15 0.999986 0.00532403
v 138.37 34.3414 311.623
vn -3.75643e-15 0.999986 0.00532403
v 129.002 34.3266 314.403
vn -3.75643e-15 0.999986 0.00532403
v 136.6 34.2872 321.806
vn -3.75643e-15 0.999986 0.00532403
v 131.388 34.3692 306.398
vn -3.61143e-15 0.999986 0.00532403
v 98.2397 34.3289 313.978
vn 5.24399e-15 0.999986 0.00532403
v 91.7994 34.2953 320.287
vn 5.24399e-15 0.999986 0.00532403
v 77.547 34.3488 310.229
vn 5.11194e-15 0.999986 0.00532403
v 88.1332 34.3409 311.717
vn 5.11194e-15 0.999986 0.00532403
v 58.0294 34.3206 315.528
vn 1.0137e-14 0.999986 0.00532403
v 52.8394 34.2842 322.366
vn 1.0137e-14 0.999986 0.00532403
v 17.9857 34.3418 311.552
vn -1.82386e-15 0.999986 0.00532403
v -1.37275 34.3626 307.638
vn -1.36542e-15 0.999986 0.00532403
v 7.95397 34.3265 314.413
vn -1.36542e-15 0.999986 0.00532403
v 10.9444 34.378 304.755
vn -1.36542e-15 0.999986 0.00532403
v 268.688 34.3803 304.311
vn 1.33355e-16 0.999986 0.00532403
v 264.604 34.3299 313.778
vn 1.33355e-16 0.999986 0.00532403
v 260.113 34.37 306.252
vn 9.61161e-15 0.999986 0.00532403
v 252.088 34.387 303.062
vn 9.61161e-15 0.999986 0.00532403
v 254.804 34.3322 313.356
vn 9.61161e-15 0.999986 0.00532403
v 228.698 34.3672 306.77
vn -6.0421e-15 0.999986 0.00532403
v 233.3 34.4059 299.515
vn -5.39546e-15 0.999986 0.00532403
v 223.238 34.403 300.06
vn -5.39546e-15 0.999986 0.00532403
v 204.262 34.3675 306.711
vn 2.95547e-15 0.999986 0.00532403
v 195.969 34.4038 299.906
vn 2.95547e-15 0.999986 0.00532403
v 146.985 34.37 306.259
vn 6.10038e-16 0.999986 0.00532403
v 76.2966 34.4134 298.107
vn -6.85415e-15 0.999986 0.00532403
v 85.3685 34.393 301.937
vn -6.85415e-15 0.999986 0.00532403
v 83.3811 34.4503 291.167
vn -6.85415e-15 0.999986 0.00532403
v 68.3748 34.3824 303.927
vn -5.92114e-15 0.999986 0.00532403
v 59.9182 34.4154 297.725
vn -5.92114e-15 0.999986 0.00532403
v 58.7327 34.3648 307.235
vn -5.92114e-15 0.999986 0.00532403
v 50.8129 34.397 301.177
vn -6.41016e-15 0.999986 0.00532403
v 32.7489 34.4047 299.727
vn 8.90253e-15 0.999986 0.00532403
v 38.1014 34.3478 310.423
vn 8.90253e-15 0.999986 0.00532403
v 42.4355 34.384 303.626
vn 8.90253e-15 0.999986 0.00532403
v 5.36166 34.4152 297.761
vn 2.53917e-16 0.999986 0.00532403
v 279.16 34.3903 302.445
vn 3.2389e-15 0.999986 0.00532403
v 270.792 34.4317 294.666
vn 3.2389e-15 0.999986 0.00532403
v 250.703 34.4466 291.869
vn -1.35191e-15 0.999986 0.00532403
v 260.557 34.4169 297.45
vn -1.35191e-15 0.999986 0.00532403
v 156.414 34.4021 300.227
vn 5.13581e-15 0.999986 0.00532403
v 146.826 34.4269 295.556
vn 5.13581e-15 0.999986 0.00532403
v 138.758 34.3951 301.545
vn 1.80385e-15 0.999986 0.00532403
v 129.392 34.4119 298.376
vn -9.31295e-15 0.999986 0.00532403
v 127.57 34.4593 289.472
vn -9.31295e-15 0.999986 0.00532403
v 120.04 34.4271 295.525
vn -9.31295e-15 0.999986 0.00532403
v 122.156 34.3721 305.852
vn -7.84691e-15 0.999986 0.00532403
v 112.492 34.3968 301.212
vn -6.31127e-15 0.999986 0.00532403
v 104.985 34.3633 307.504
vn -6.31127e-15 0.999986 0.00532403
v 113.614 34.3521 309.62
vn -6.31127e-15 0.999986 0.00532403
v 102.864 34.4136 298.068
vn 3.84669e-16 0.999986 0.00532403
v 93.1279 34.4297 295.028
vn 3.84669e-16 0.999986 0.00532403
v 95.2979 34.3786 304.637
vn 3.84669e-16 0.999986 0.00532403
v 73.2411 34.4768 286.191
vn -1.6541e-15 0.999986 0.00532403
v 27.9943 34.3537 309.314
vn 2.96083e-15 0.999986 0.00532403
v 14.6494 34.4319 294.63
vn 1.89589e-15 0.999986 0.00532403
v -1.29758 34.4523 290.802
vn -9.33219e-15 0.999986 0.00532403
v -1.33621 34.4062 299.453
vn -9.33219e-15 0.999986 0.00532403
v 280.535 34.4485 291.5
vn 1.02215e-14 0.999986 0.00532403
v 282.778 34.5045 280.991
vn 1.02215e-14 0.999986 0.00532403
v 272.901 34.4856 284.539
vn 1.02215e-14 0.999986 0.00532403
v 262.244 34.4675 287.941
vn 8.50656e-16 0.999986 0.00532403
v 265.517 34.5207 277.952
vn 8.50656e-16 0.999986 0.00532403
v 254.695 34.5034 281.201
vn 8.50656e-16 0.999986 0.00532403
v 243.859 34.4952 282.735
vn -4.1753e-15 0.999986 0.00532403
v 248.071 34.5446 273.454
vn -4.1753e-15 0.999986 0.00532403
v 238.835 34.4495 291.316
vn 4.16197e-15 0.999986 0.00532403
v 227.604 34.4499 291.238
vn 4.16197e-15 0.999986 0.00532403
v 162.473 34.4984 282.133
vn -5.48208e-15 0.999986 0.00532403
v 172.595 34.4791 285.76
vn -5.48208e-15 0.999986 0.00532403
v 171.262 34.5287 276.438
vn -5.48208e-15 0.999986 0.00532403
v 137.285 34.4455 292.065
vn 5.28021e-15 0.999986 0.00532403
v 134.696 34.4946 282.838
vn 5.28021e-15 0.999986 0.00532403
v 118.198 34.4795 285.677
vn 3.3846e-15 0.999986 0.00532403
v 110.632 34.4471 291.775
vn 3.3846e-15 0.999986 0.00532403
v 82.3919 34.5073 280.468
vn -3.58494e-15 0.999986 0.00532403
v 91.5467 34.4807 285.458
vn -3.58494e-15 0.999986 0.00532403
v 90.4744 34.5276 276.657
vn -3.58494e-15 0.999986 0.00532403
v 34.1063 34.4652 288.378
vn -3.94668e-15 0.999986 0.00532403
v 35.815 34.5206 277.957
vn -3.94668e-15 0.999986 0.00532403
v 26.0392 34.5057 280.77
vn -3.94668e-15 0.999986 0.00532403
v 17.5754 34.5436 273.644
vn 2.74396e-15 0.999986 0.00532403
v 16.5695 34.4873 284.222
vn 2.74396e-15 0.999986 0.00532403
v 7.43053 34.4693 287.606
vn -9.81077e-15 0.999986 0.00532403
v -1.25679 34.5009 281.668
vn -9.81077e-15 0.999986 0.00532403
v 242.263 34.5875 265.393
vn 1.48788e-15 0.999986 0.00532403
v 237.494 34.54 274.325
vn 1.48788e-15 0.999986 0.00532403
v 232.467 34.495 282.768
vn -4.71581e-15 0.999986 0.00532403
v 221.071 34.4944 282.884
vn -4.9206e-15 0.999986 0.00532403
v 216.933 34.4422 292.688
vn -4.9206e-15 0.999986 0.00532403
v 192.035 34.5018 281.499
vn -7.96551e-15 0.999986 0.00532403
v 195.684 34.5575 271.04
vn -7.96551e-15 0.999986 0.00532403
v 187.337 34.543 273.76
vn -7.96551e-15 0.999986 0.00532403
v 180.917 34.5115 279.676
vn -4.30436e-15 0.999986 0.00532403
v 179.309 34.5609 270.396
vn -4.30436e-15 0.999986 0.00532403
v 170.988 34.5796 266.89
vn -1.40915e-15 0.999986 0.00532403
v 162.208 34.5498 272.479
vn -1.40915e-15 0.999986 0.00532403
v 155.257 34.5851 265.845
vn -9.9508e-15 0.999986 0.00532403
v 152.162 34.5268 276.794
vn -9.9508e-15 0.999986 0.00532403
v 140.783 34.5345 275.344
vn 2.10354e-15 0.999986 0.00532403
v 144.778 34.483 285.021
vn 2.10354e-15 0.999986 0.00532403
v 129.652 34.5405 274.223
vn -3.66943e-16 0.999986 0.00532403
v 117.924 34.5362 275.032
vn -3.66943e-16 0.999986 0.00532403
v 125.418 34.5033 281.208
vn -3.66943e-16 0.999986 0.00532403
v 65.7653 34.5726 268.199
vn 5.60085e-15 0.999986 0.00532403
v 56.2605 34.5517 272.131
vn 5.60085e-15 0.999986 0.00532403
v 64.6392 34.5176 278.525
vn 5.60085e-15 0.999986 0.00532403
v 54.2818 34.5009 281.667
vn -6.27376e-15 0.999986 0.00532403
v 46.1982 34.5347 275.324
vn -6.27376e-15 0.999986 0.00532403
v 44.0394 34.4839 284.854
vn -6.27376e-15 0.999986 0.00532403
v 38.6306 34.5696 268.768
vn 3.11335e-15 0.999986 0.00532403
v 27.4821 34.5651 269.61
vn -3.2286e-15 0.999986 0.00532403
v 8.21664 34.5224 277.632
vn -7.54777e-15 0.999986 0.00532403
v -1.21384 34.5521 272.048
vn -7.54777e-15 0.999986 0.00532403
v 287.684 34.5608 270.413
vn -1.8468e-15 0.999986 0.00532403
v 291.18 34.5156 278.894
vn -1.8468e-15 0.999986 0.00532403
v 298.782 34.5437 273.62
vn -1.8468e-15 0.999986 0.00532403
v 270.756 34.6272 257.949
vn 3.54309e-15 0.999986 0.00532403
v 268.716 34.5738 267.977
vn 3.54309e-15 0.999986 0.00532403
v 279.005 34.5946 264.068
vn 3.54309e-15 0.999986 0.00532403
v 251.847 34.5935 264.273
vn 1.04758e-14 0.999986 0.00532403
v 232.365 34.5833 266.187
vn -1.5598e-14 0.999986 0.00532403
v 222.235 34.5888 265.145
vn -1.5598e-14 0.999986 0.00532403
v 226.233 34.5403 274.261
vn -1.5598e-14 0.999986 0.00532403
v 214.369 34.5451 273.358
vn 1.01691e-14 0.999986 0.00532403
v 213.438 34.6099 261.194
vn 1.01691e-14 0.999986 0.00532403
v 204.954 34.5801 266.796
vn 1.01691e-14 0.999986 0.00532403
v 196.229 34.613 260.608
vn -6.57683e-15 0.999986 0.00532403
v 178.828 34.6121 260.77
vn 1.7357e-14 0.999986 0.00532403
v 187.598 34.5894 265.035
vn 1.7357e-14 0.999986 0.00532403
v 124.157 34.5835 266.143
vn -7.04603e-15 0.999986 0.00532403
v 113.523 34.588 265.298
vn -7.04603e-15 0.999986 0.00532403
v 102.855 34.5989 263.265
vn -6.82821e-16 0.999986 0.00532403
v 109.242 34.6371 256.083
vn -6.82821e-16 0.999986 0.00532403
v 99.1722 34.6485 253.94
vn -4.12186e-15 0.999986 0.00532403
v 92.2518 34.6098 261.213
vn -4.12186e-15 0.999986 0.00532403
v 82.5429 34.6262 258.125
vn 1.01915e-14 0.999986 0.00532403
v 84.3429 34.5678 269.094
vn 1.01915e-14 0.999986 0.00532403
v 74.5775 34.598 263.422
vn 3.05359e-15 0.999986 0.00532403
v 65.9443 34.6306 257.294
vn 3.05359e-15 0.999986 0.00532403
v 41.5432 34.6201 259.276
vn -5.92847e-15 0.999986 0.00532403
v 33.2749 34.6039 262.314
vn -5.92847e-15 0.999986 0.00532403
v 25.6117 34.6243 258.488
vn 4.03393e-15 0.999986 0.00532403
v 8.50368 34.5763 267.499
vn -7.98629e-15 0.999986 0.00532403
v -1.16982 34.6046 262.188
vn -7.98629e-15 0.999986 0.00532403
v 271.59 34.6803 247.969
vn 1.94052e-15 0.999986 0.00532403
v 262.386 34.6592 251.923
vn 1.94052e-15 0.999986 0.00532403
v 246.598 34.6378 255.943
vn -6.22175e-15 0.999986 0.00532403
v 254.892 34.6384 255.835
vn -6.22175e-15 0.999986 0.00532403
v 228.803 34.624 258.549
vn 9.42663e-15 0.999986 0.00532403
v 237.318 34.6312 257.19
vn 9.42663e-15 0.999986 0.00532403
v 231.1 34.6701 249.886
vn 9.42663e-15 0.999986 0.00532403
v 195.829 34.6689 250.114
vn -4.31905e-15 0.999986 0.00532403
v 187.229 34.6409 255.376
vn -4.31905e-15 0.999986 0.00532403
v 160.231 34.638 255.908
vn -2.83919e-15 0.999986 0.00532403
v 169.849 34.6323 256.983
vn -2.83919e-15 0.999986 0.00532403
v 167.063 34.6861 246.881
vn -2.83919e-15 0.999986 0.00532403
v 145.733 34.5798 266.843
vn -7.86041e-15 0.999986 0.00532403
v 150.263 34.6314 257.154
vn -7.86041e-15 0.999986 0.00532403
v 140.166 34.6283 257.728
vn -7.86041e-15 0.999986 0.00532403
v 89.6778 34.6624 251.339
vn -2.64773e-15 0.999986 0.00532403
v 81.081 34.6774 248.504
vn -2.64773e-15 0.999986 0.00532403
v 73.5023 34.6588 252.001
vn 1.76656e-15 0.999986 0.00532403
v 74.8627 34.72 240.508
vn 1.76656e-15 0.999986 0.00532403
v 64.0748 34.6936 245.469
vn 1.76656e-15 0.999986 0.00532403
v 58.3145 34.6528 253.14
vn 9.72284e-17 0.999986 0.00532403
v 57.5891 34.6035 262.398
vn 9.72284e-17 0.999986 0.00532403
v 48.4383 34.5852 265.822
vn 1.63246e-14 0.999986 0.00532403
v 34.3164 34.6499 253.677
vn 4.08108e-15 0.999986 0.00532403
v 17.5666 34.6009 262.877
vn -4.92712e-15 0.999986 0.00532403
v 17.6285 34.6643 250.967
vn -4.92712e-15 0.999986 0.00532403
v 8.56799 34.6316 257.122
vn -4.92712e-15 0.999986 0.00532403
v -1.12587 34.657 252.347
vn 4.65517e-15 0.999986 0.00532403
v 280.206 34.6498 253.705
vn 2.70053e-15 0.999986 0.00532403
v 280.692 34.705 243.331
vn 2.70053e-15 0.999986 0.00532403
v 252.483 34.6871 246.689
vn -6.47816e-15 0.999986 0.00532403
v 223.215 34.7041 243.5
vn -4.13499e-15 0.999986 0.00532403
v 213.407 34.6703 249.851
vn -4.13499e-15 0.999986 0.00532403
v 221.672 34.646 254.409
vn -4.13499e-15 0.999986 0.00532403
v 195.278 34.7268 239.236
vn 3.13855e-15 0.999986 0.00532403
v 186.409 34.7471 235.414
vn 3.13855e-15 0.999986 0.00532403
v 186.73 34.6935 245.49
vn 3.13855e-15 0.999986 0.00532403
v 129.789 34.6285 257.693
vn 8.31842e-16 0.999986 0.00532403
v 124.702 34.6752 248.924
vn 8.31842e-16 0.999986 0.00532403
v 119.479 34.6306 257.308
vn 8.31842e-16 0.999986 0.00532403
v 7.98294 34.6856 246.976
vn 3.20238e-15 0.999986 0.00532403
v -1.0813 34.7101 242.363
vn 3.20238e-15 0.999986 0.00532403
v 271.999 34.7334 237.991
vn 2.49212e-15 0.999986 0.00532403
v 280.572 34.7604 232.929
vn 2.49212e-15 0.999986 0.00532403
v 270.734 34.7899 227.39
vn 2.49212e-15 0.999986 0.00532403
v 264.028 34.7544 234.048
vn -4.63032e-15 0.999986 0.00532403
v 245.307 34.7306 238.514
vn 4.8663e-15 0.999986 0.00532403
v 255.071 34.7425 236.284
vn 4.8663e-15 0.999986 0.00532403
v 234.69 34.7189 240.715
vn -6.01643e-15 0.999986 0.00532403
v 238.829 34.7709 230.953
vn -6.01643e-15 0.999986 0.00532403
v 228.778 34.7568 233.597
vn -6.01643e-15 0.999986 0.00532403
v 220.024 34.75 234.882
vn 3.83471e-15 0.999986 0.00532403
v 203.674 34.7549 233.953
vn 3.8369e-15 0.999986 0.00532403
v 212.698 34.7773 229.744
vn 3.8369e-15 0.999986 0.00532403
v 204.825 34.8098 223.646
vn 3.8369e-15 0.999986 0.00532403
v 153.698 34.7734 230.479
vn 8.85621e-15 0.999986 0.00532403
v 163.359 34.7837 228.553
vn 8.85621e-15 0.999986 0.00532403
v 157.333 34.8255 220.699
vn 8.85621e-15 0.999986 0.00532403
v 102.815 34.7386 237.014
vn -3.91441e-15 0.999986 0.00532403
v 92.9491 34.754 234.12
vn -3.91441e-15 0.999986 0.00532403
v 95.912 34.7011 244.053
vn -3.91441e-15 0.999986 0.00532403
v 82.647 34.7668 231.717
vn 1.83647e-15 0.999986 0.00532403
v 86.0312 34.7152 241.405
vn 1.83647e-15 0.999986 0.00532403
v 73.7543 34.7757 230.057
vn -7.89396e-15 0.999986 0.00532403
v 78.5337 34.8248 220.834
vn -7.89396e-15 0.999986 0.00532403
v 65.4038 34.7535 234.223
vn -3.8627e-16 0.999986 0.00532403
v 66.7825 34.8125 223.141
vn -3.8627e-16 0.999986 0.00532403
v 57.3304 34.7932 226.762
vn 6.29652e-15 0.999986 0.00532403
v 55.5926 34.7369 237.342
vn 6.29652e-15 0.999986 0.00532403
v 6.49823 34.7359 237.534
vn -8.90225e-15 0.999986 0.00532403
v -1.03499 34.7654 231.992
vn -8.90225e-15 0.999986 0.00532403
v 289.587 34.7311 238.433
vn 6.33727e-15 0.999986 0.00532403
v 259.145 34.7934 226.717
vn -3.45173e-15 0.999986 0.00532403
v 248.943 34.7852 228.268
vn -3.45173e-15 0.999986 0.00532403
v 222.331 34.7949 226.441
vn 4.10801e-15 0.999986 0.00532403
v 194.374 34.79 227.371
vn -3.85274e-15 0.999986 0.00532403
v 198.058 34.8492 216.239
vn -3.85274e-15 0.999986 0.00532403
v 167.163 34.836 218.726
vn 3.03572e-17 0.999986 0.00532403
v 137.824 34.8106 223.504
vn -1.2769e-15 0.999986 0.00532403
v 133.564 34.7654 231.986
vn -1.2769e-15 0.999986 0.00532403
v 143.66 34.7671 231.662
vn -1.2769e-15 0.999986 0.00532403
v 118.23 34.812 223.239
vn 4.95993e-15 0.999986 0.00532403
v 124.002 34.8487 216.33
vn 4.95993e-15 0.999986 0.00532403
v 115.698 34.8634 213.569
vn 4.95993e-15 0.999986 0.00532403
v 100.783 34.7898 227.402
vn 1.07586e-15 0.999986 0.00532403
v 89.9929 34.807 224.18
vn 1.07586e-15 0.999986 0.00532403
v 98.3418 34.8427 217.47
vn 2.82387e-15 0.999986 0.00532403
v 68.8986 34.8632 213.611
vn -6.66601e-15 0.999986 0.00532403
v 48.0355 34.82 221.739
vn 3.62899e-15 0.999986 0.00532403
v 48.9294 34.7716 230.826
vn 3.62899e-15 0.999986 0.00532403
v 29.4681 34.7996 225.558
vn -3.86534e-15 0.999986 0.00532403
v 21.3947 34.766 231.879
vn -3.86534e-15 0.999986 0.00532403
v 32.3636 34.749 235.069
vn -3.86534e-15 0.999986 0.00532403
v 10.0032 34.7836 228.564
vn -2.89803e-15 0.999986 0.00532403
v 273.308 34.8387 218.224
vn -5.24584e-15 0.999986 0.00532403
v 280.844 34.8145 222.76
vn -5.24584e-15 0.999986 0.00532403
v 280.426 34.8733 211.727
vn -5.24584e-15 0.999986 0.00532403
v 269.698 34.8822 210.044
vn 3.28259e-15 0.999986 0.00532403
v 264.123 34.8359 218.748
vn 3.28259e-15 0.999986 0.00532403
v 252.973 34.8419 217.622
vn -6.77226e-15 0.999986 0.00532403
v 244.138 34.8783 210.774
vn -6.77226e-15 0.999986 0.00532403
v 242.229 34.8245 220.878
vn -6.77226e-15 0.999986 0.00532403
v 234.594 34.8601 214.197
vn 4.09062e-15 0.999986 0.00532403
v 224.842 34.8428 217.449
vn 4.09062e-15 0.999986 0.00532403
v 232.147 34.8085 223.884
vn 4.09062e-15 0.999986 0.00532403
v 160.442 34.8805 210.371
vn -7.58524e-15 0.999986 0.00532403
v 171.651 34.8843 209.648
vn -7.58524e-15 0.999986 0.00532403
v 166.504 34.9278 201.474
vn -7.58524e-15 0.999986 0.00532403
v 132.919 34.8621 213.82
vn -5.82295e-15 0.999986 0.00532403
v 141.898 34.8485 216.377
vn -5.82295e-15 0.999986 0.00532403
v 141.553 34.8926 208.089
vn -5.82295e-15 0.999986 0.00532403
v 108.427 34.8251 220.769
vn -3.58724e-15 0.999986 0.00532403
v 106.505 34.8797 210.514
vn -3.58724e-15 0.999986 0.00532403
v 88.1212 34.8605 214.129
vn 8.07551e-15 0.999986 0.00532403
v 78.804 34.8837 209.765
vn 8.07551e-15 0.999986 0.00532403
v 34.7923 34.8836 209.781
vn 4.75824e-15 0.999986 0.00532403
v 27.2565 34.8492 216.253
vn 4.75824e-15 0.999986 0.00532403
v 37.6065 34.8342 219.062
vn 4.75824e-15 0.999986 0.00532403
v 8.90499 34.8432 217.366
vn 6.56098e-15 0.999986 0.00532403
v -0.945568 34.872 211.965
vn 6.56098e-15 0.999986 0.00532403
v -0.992035 34.8166 222.371
vn 6.56098e-15 0.999986 0.00532403
v 299.099 34.9218 202.6
vn -9.16848e-15 0.999986 0.00532403
v 290.297 34.8941 207.806
vn -9.16848e-15 0.999986 0.00532403
v 299.053 34.8666 212.98
vn -9.16848e-15 0.999986 0.00532403
v 263.891 34.9297 201.121
vn -7.20396e-16 0.999986 0.00532403
v 260.633 34.8787 210.699
vn -7.20396e-16 0.999986 0.00532403
v 244.673 34.9324 200.619
vn -1.44288e-15 0.999986 0.00532403
v 253.406 34.9018 206.357
vn -1.44288e-15 0.999986 0.00532403
v 235.781 34.9145 203.974
vn 6.08306e-15 0.999986 0.00532403
v 219.939 34.9178 203.362
vn 1.31521e-15 0.999986 0.00532403
v 216.875 34.9591 195.594
vn 1.31521e-15 0.999986 0.00532403
v 211.197 34.9152 203.839
vn 1.31521e-15 0.999986 0.00532403
v 201.987 34.9046 205.837
vn 1.07526e-15 0.999986 0.00532403
v 192.085 34.8951 207.623
vn 1.07526e-15 0.999986 0.00532403
v 182.229 34.891 208.403
vn -6.28595e-15 0.999986 0.00532403
v 188.18 34.8431 217.39
vn -6.28595e-15 0.999986 0.00532403
v 186.824 34.9467 197.93
vn -5.28595e-15 0.999986 0.00532403
v 150.396 34.8623 213.788
vn 8.00498e-15 0.999986 0.00532403
v 150.616 34.9105 204.726
vn 8.00498e-15 0.999986 0.00532403
v 132.951 34.9208 202.787
vn -2.16644e-15 0.999986 0.00532403
v 124.163 34.8946 207.713
vn 2.58352e-16 0.999986 0.00532403
v 114.874 34.917 203.52
vn 1.99888e-15 0.999986 0.00532403
v 105.434 34.9334 200.427
vn 1.99888e-15 0.999986 0.00532403
v 96.825 34.8963 207.39
vn -2.90757e-15 0.999986 0.00532403
v 95.5156 34.9489 197.527
vn -2.90757e-15 0.999986 0.00532403
v 61.8907 34.9081 205.179
vn -2.8394e-15 0.999986 0.00532403
v 51.5452 34.9104 204.755
vn -2.8394e-15 0.999986 0.00532403
v 57.2369 34.854 215.343
vn -2.8394e-15 0.999986 0.00532403
v 46.2289 34.963 194.876
vn 4.70982e-15 0.999986 0.00532403
v 56.5476 34.956 196.179
vn 4.70982e-15 0.999986 0.00532403
v 290.589 34.9493 197.436
vn 6.25569e-15 0.999986 0.00532403
v 289.635 35.0035 187.267
vn 6.25569e-15 0.999986 0.00532403
v 281.524 34.9696 193.626
vn 6.25569e-15 0.999986 0.00532403
v 271.83 34.9761 192.414
vn -5.56069e-15 0.999986 0.00532403
v 274.806 34.9254 201.933
vn -5.56069e-15 0.999986 0.00532403
v 261.999 34.9837 190.986
vn 6.47704e-16 0.999986 0.00532403
v 254.112 34.9534 196.68
vn 1.51971e-15 0.999986 0.00532403
v 227.212 34.944 198.448
vn -6.64765e-15 0.999986 0.00532403
v 226.998 34.892 208.208
vn -6.64765e-15 0.999986 0.00532403
v 179.081 34.9784 191.979
vn -7.65588e-15 0.999986 0.00532403
v 176.319 34.9329 200.529
vn -7.65588e-15 0.999986 0.00532403
v 170.382 34.9775 192.14
vn 3.03345e-15 0.999986 0.00532403
v 160.984 34.9725 193.088
vn 3.03345e-15 0.999986 0.00532403
v 158.081 34.9289 201.277
vn -1.59909e-15 0.999986 0.00532403
v 151.423 34.9611 195.219
vn -1.59909e-15 0.999986 0.00532403
v 123.862 34.9467 197.924
vn -9.37171e-15 0.999986 0.00532403
v 133.4 34.9796 191.745
vn -9.37171e-15 0.999986 0.00532403
v 123.632 34.9927 189.29
vn -9.37171e-15 0.999986 0.00532403
v 114.143 34.9752 192.575
vn 1.69691e-15 0.999986 0.00532403
v 87.2168 34.9161 203.674
vn -3.26694e-15 0.999986 0.00532403
v 18.5631 34.932 200.699
vn -2.30193e-15 0.999986 0.00532403
v 16.1923 34.9844 190.845
vn -2.30193e-15 0.999986 0.00532403
v 8.49147 34.9563 196.129
vn -2.30193e-15 0.999986 0.00532403
v -0.898304 34.9283 201.379
vn -1.38015e-15 0.999986 0.00532403
v -0.850982 34.9848 190.781
vn -1.38015e-15 0.999986 0.00532403
v 268.639 35.0234 183.52
vn 3.03898e-15 0.999986 0.00532403
v 259.496 35.0294 182.393
vn 3.03898e-15 0.999986 0.00532403
v 252.611 35.0055 186.894
vn -1.13577e-15 0.999986 0.00532403
v 242.976 35.0208 184.02
vn -1.97331e-15 0.999986 0.00532403
v 232.65 35.0297 182.351
vn -1.97331e-15 0.999986 0.00532403
v 236.046 34.9737 192.86
vn -1.97331e-15 0.999986 0.00532403
v 205.772 34.9636 194.761
vn 5.09928e-15 0.999986 0.00532403
v 203.703 35.0216 183.872
vn 5.09928e-15 0.999986 0.00532403
v 195.5 34.9869 190.381
vn 5.09928e-15 0.999986 0.00532403
v 175.195 35.0271 182.835
vn -1.02061e-14 0.999986 0.00532403
v 103.636 34.9828 191.149
vn -6.66792e-15 0.999986 0.00532403
v 101.079 35.0257 183.087
vn -6.66792e-15 0.999986 0.00532403
v 93.9994 34.9997 187.983
vn -6.66792e-15 0.999986 0.00532403
v 76.7135 34.9963 188.621
vn 6.15933e-15 0.999986 0.00532403
v 67.8232 35.0204 184.085
vn 6.15933e-15 0.999986 0.00532403
v 67.5882 34.9614 195.164
vn 6.15933e-15 0.999986 0.00532403
v 57.6891 35.0433 179.797
vn 1.58205e-15 0.999986 0.00532403
v 65.6411 35.071 174.584
vn 1.58205e-15 0.999986 0.00532403
v 30.6932 35.0227 183.65
vn 8.36114e-15 0.999986 0.00532403
v 25.0623 34.9809 191.514
vn 8.36114e-15 0.999986 0.00532403
v 35.6968 34.9725 193.081
vn 8.36114e-15 0.999986 0.00532403
v 8.83298 35.013 185.472
vn 5.65325e-15 0.999986 0.00532403
v -0.804685 35.04 180.412
vn 5.65325e-15 0.999986 0.00532403
v 263.35 35.069 174.97
vn 3.52061e-15 0.999986 0.00532403
v 270.395 35.1134 166.618
vn 3.52061e-15 0.999986 0.00532403
v 258.256 35.1088 167.494
vn 3.52061e-15 0.999986 0.00532403
v 247.337 35.11 167.255
vn -2.18155e-15 0.999986 0.00532403
v 251.771 35.0605 176.562
vn -2.18155e-15 0.999986 0.00532403
v 240.311 35.0697 174.834
vn 1.67572e-15 0.999986 0.00532403
v 236.766 35.1185 165.665
vn -2.93348e-15 0.999986 0.00532403
v 229.535 35.0807 172.768
vn -2.93348e-15 0.999986 0.00532403
v 221.93 35.044 179.661
vn 4.86982e-15 0.999986 0.00532403
v 219.023 35.0955 169.987
vn -1.86046e-16 0.999986 0.00532403
v 211.423 35.0592 176.796
vn -1.86046e-16 0.999986 0.00532403
v 201.319 35.0769 173.472
vn 5.57155e-15 0.999986 0.00532403
v 193.776 35.0408 180.254
vn 5.57155e-15 0.999986 0.00532403
v 185.856 35.0063 186.733
vn -3.11186e-15 0.999986 0.00532403
v 184.102 35.0587 176.902
vn -3.11186e-15 0.999986 0.00532403
v 160.452 35.1194 165.5
vn -9.58047e-15 0.999986 0.00532403
v 167.183 35.0711 174.563
vn -9.58047e-15 0.999986 0.00532403
v 171.22 35.1202 165.353
vn -9.58047e-15 0.999986 0.00532403
v 157.559 35.0616 176.342
vn -1.46579e-15 0.999986 0.00532403
v 150.418 35.0965 169.792
vn -1.46579e-15 0.999986 0.00532403
v 147.644 35.046 179.283
vn -1.46579e-15 0.999986 0.00532403
v 140.897 35.083 172.337
vn -7.07362e-15 0.999986 0.00532403
v 133.179 35.1181 165.741
vn -7.07362e-15 0.999986 0.00532403
v 132.48 35.0717 174.449
vn -7.07362e-15 0.999986 0.00532403
v 123.642 35.0897 171.072
vn 5.48401e-15 0.999986 0.00532403
v 128.216 35.0331 181.703
vn 5.48401e-15 0.999986 0.00532403
v 109.558 35.0268 182.891
vn -5.46168e-15 0.999986 0.00532403
v 103.654 35.0692 174.929
vn -5.46168e-15 0.999986 0.00532403
v 85.3057 35.0258 183.071
vn 3.21772e-15 0.999986 0.00532403
v 94.1929 35.0513 178.29
vn 3.21772e-15 0.999986 0.00532403
v 86.6433 35.0796 172.964
vn 3.21772e-15 0.999986 0.00532403
v 76.4173 35.056 177.402
vn -8.49652e-15 0.999986 0.00532403
v 71.8569 35.1001 169.127
vn -8.49652e-15 0.999986 0.00532403
v 64.0575 35.1222 164.968
vn 3.97457e-15 0.999986 0.00532403
v 55.8579 35.0936 170.336
vn 3.97457e-15 0.999986 0.00532403
v 46.9855 35.1203 165.321
vn 2.3354e-15 0.999986 0.00532403
v 46.923 35.0629 176.109
vn 2.3354e-15 0.999986 0.00532403
v 19.5559 35.0365 181.064
vn -1.94541e-15 0.999986 0.00532403
v 18.7177 35.0981 169.499
vn -1.94541e-15 0.999986 0.00532403
v 9.44416 35.0667 175.39
vn -1.94541e-15 0.999986 0.00532403
v -0.759993 35.0933 170.402
vn -3.97868e-15 0.999986 0.00532403
v 8.87921 35.1209 165.207
vn -3.97868e-15 0.999986 0.00532403
v 280.91 35.1411 161.414
vn -7.4315e-15 0.999986 0.00532403
v 280.619 35.0861 171.75
vn -7.4315e-15 0.999986 0.00532403
v 289.818 35.1143 166.445
vn -7.4315e-15 0.999986 0.00532403
v 226.418 35.1306 163.388
vn 5.20504e-15 0.999986 0.00532403
v 208.784 35.1127 166.754
vn -3.4822e-15 0.999986 0.00532403
v 191.435 35.0953 170.026
vn -5.12105e-15 0.999986 0.00532403
v 181.597 35.1118 166.925
vn -5.12105e-15 0.999986 0.00532403
v 188.438 35.1491 159.912
vn -1.56529e-15 0.999986 0.00532403
v 177.541 35.1621 157.474
vn 9.61099e-15 0.999986 0.00532403
v 166.86 35.1692 156.138
vn 9.61099e-15 0.999986 0.00532403
v 151.43 35.1412 161.397
vn 5.63929e-15 0.999986 0.00532403
v 142.634 35.1327 162.996
vn 5.63929e-15 0.999986 0.00532403
v 135.64 35.1719 155.631
vn -4.10618e-15 0.999986 0.00532403
v 125.672 35.151 159.562
vn 1.00892e-16 0.999986 0.00532403
v 113.297 35.0795 172.995
vn 9.71865e-16 0.999986 0.00532403
v 106.194 35.119 165.568
vn 9.71865e-16 0.999986 0.00532403
v 96.3687 35.1019 168.785
vn 3.40371e-15 0.999986 0.00532403
v 79.8914 35.1125 166.784
vn 3.74549e-15 0.999986 0.00532403
v 89.0239 35.1336 162.834
vn 3.74549e-15 0.999986 0.00532403
v 81.4798 35.166 156.739
vn 3.74549e-15 0.999986 0.00532403
v 47.8778 35.1734 155.353
vn -5.16888e-15 0.999986 0.00532403
v 38.5062 35.1532 159.149
vn -5.16888e-15 0.999986 0.00532403
v 27.9338 35.1389 161.827
vn -8.11189e-16 0.999986 0.00532403
v 17.3873 35.1524 159.297
vn -8.11189e-16 0.999986 0.00532403
v -0.71464 35.1473 160.245
vn -3.72051e-15 0.999986 0.00532403
v 253.165 35.1532 159.153
vn 2.6622e-15 0.999986 0.00532403
v 263.283 35.1528 159.224
vn 2.6622e-15 0.999986 0.00532403
v 258.188 35.1966 150.988
vn 2.6622e-15 0.999986 0.00532403
v 243.269 35.1584 158.169
vn -1.99225e-15 0.999986 0.00532403
v 239.761 35.2071 149.029
vn -1.99225e-15 0.999986 0.00532403
v 233.48 35.1671 156.538
vn -1.99225e-15 0.999986 0.00532403
v 230.704 35.2151 147.525
vn 6.90415e-15 0.999986 0.00532403
v 223.732 35.1796 154.186
vn 6.90415e-15 0.999986 0.00532403
v 214.257 35.2043 149.553
vn -6.70461e-16 0.999986 0.00532403
v 222.493 35.2233 145.974
vn -6.70461e-16 0.999986 0.00532403
v 216.294 35.1479 160.143
vn -4.00619e-15 0.999986 0.00532403
v 195.933 35.1905 152.148
vn 7.0952e-15 0.999986 0.00532403
v 206.338 35.1656 156.815
vn 7.0952e-15 0.999986 0.00532403
v 204.907 35.2109 148.305
vn 7.0952e-15 0.999986 0.00532403
v 184.591 35.1984 150.652
vn -3.35252e-15 0.999986 0.00532403
v 173.335 35.2168 147.197
vn 8.91549e-15 0.999986 0.00532403
v 156.504 35.1763 154.805
vn -9.97791e-15 0.999986 0.00532403
v 150.807 35.2249 145.671
vn 5.70954e-15 0.999986 0.00532403
v 145.715 35.182 153.727
vn 5.70954e-15 0.999986 0.00532403
v 139.023 35.2291 144.894
vn -4.68699e-16 0.999986 0.00532403
v 117.967 35.1886 152.502
vn 3.34543e-15 0.999986 0.00532403
v 116.043 35.133 162.938
vn 3.34543e-15 0.999986 0.00532403
v 108.288 35.172 155.619
vn 1.92737e-15 0.999986 0.00532403
v 98.5836 35.1539 159.02
vn 1.92737e-15 0.999986 0.00532403
v 90.7738 35.1866 152.876
vn -6.26785e-15 0.999986 0.00532403
v 72.5667 35.1466 160.389
vn 6.76862e-16 0.999986 0.00532403
v 56.2291 35.2009 150.19
vn -2.33696e-15 0.999986 0.00532403
v 55.8054 35.1469 160.324
vn -2.33696e-15 0.999986 0.00532403
v 64.4138 35.1738 155.285
vn -2.33696e-15 0.999986 0.00532403
v 40.9458 35.1993 150.494
vn -3.88005e-15 0.999986 0.00532403
v 23.6373 35.1971 150.904
vn 1.30475e-15 0.999986 0.00532403
v 7.93785 35.1746 155.12
vn 9.66893e-16 0.999986 0.00532403
v -0.667391 35.2037 149.663
vn 9.66893e-16 0.999986 0.00532403
v 281.547 35.1981 150.713
vn 1.93706e-15 0.999986 0.00532403
v 290.059 35.1714 155.725
vn 1.93706e-15 0.999986 0.00532403
v 273.151 35.2225 146.135
vn 7.9601e-15 0.999986 0.00532403
v 266.406 35.195 151.286
vn 7.9601e-15 0.999986 0.00532403
v 272.933 35.1681 156.352
vn 7.9601e-15 0.999986 0.00532403
v 254.816 35.2434 142.197
vn -6.75824e-15 0.999986 0.00532403
v 249.047 35.2007 150.22
vn -6.75824e-15 0.999986 0.00532403
v 245.5 35.2488 141.189
vn -1.43752e-15 0.999986 0.00532403
v 236.25 35.2558 139.877
vn -1.43752e-15 0.999986 0.00532403
v 227.147 35.2622 138.669
vn 2.56052e-15 0.999986 0.00532403
v 209.048 35.2539 140.241
vn -8.91147e-15 0.999986 0.00532403
v 181.718 35.2417 142.519
vn 3.87036e-15 0.999986 0.00532403
v 175.999 35.274 136.449
vn 3.87036e-15 0.999986 0.00532403
v 166.737 35.2649 138.173
vn 1.97286e-15 0.999986 0.00532403
v 109.952 35.2276 145.181
vn -3.89556e-16 0.999986 0.00532403
v 47.9651 35.2273 145.235
vn -8.05128e-16 0.999986 0.00532403
v 38.6004 35.2448 141.948
vn 2.8942e-15 0.999986 0.00532403
v 32.4995 35.1975 150.827
vn 2.8942e-15 0.999986 0.00532403
v 15.0075 35.1995 150.445
vn -6.23624e-15 0.999986 0.00532403
v 8.11061 35.2304 144.655
vn 3.0511e-15 0.999986 0.00532403
v -0.620548 35.2595 139.172
vn 3.0511e-15 0.999986 0.00532403
v 261.086 35.2847 134.439
vn -2.41898e-15 0.999986 0.00532403
v 251.387 35.29 133.461
vn -2.41898e-15 0.999986 0.00532403
v 241.741 35.2964 132.246
vn 1.96021e-15 0.999986 0.00532403
v 247.507 35.3351 124.975
vn 1.96021e-15 0.999986 0.00532403
v 217.907 35.2593 139.217
vn -1.40933e-15 0.999986 0.00532403
v 213.301 35.3036 130.89
vn 2.30108e-15 0.999986 0.00532403
v 203.806 35.2975 132.049
vn 2.30108e-15 0.999986 0.00532403
v 121.36 35.2873 133.961
vn -7.57246e-15 0.999986 0.00532403
v 129.304 35.2589 139.285
vn -7.57246e-15 0.999986 0.00532403
v 128.324 35.3149 128.778
vn -7.57246e-15 0.999986 0.00532403
v 84.2684 35.3206 127.701
vn -3.53581e-15 0.999986 0.00532403
v 92.8888 35.2918 133.106
vn -3.53581e-15 0.999986 0.00532403
v 92.96 35.3457 122.997
vn -3.53581e-15 0.999986 0.00532403
v 83.548 35.2689 137.421
vn 3.79098e-15 0.999986 0.00532403
v 46.8709 35.2798 135.358
vn -4.47573e-15 0.999986 0.00532403
v 56.1628 35.2555 139.928
vn -4.47573e-15 0.999986 0.00532403
v 36.9244 35.2972 132.102
vn 3.45574e-15 0.999986 0.00532403
v 20.316 35.2859 134.217
vn -5.66108e-15 0.999986 0.00532403
v 9.9984 35.2865 134.105
vn -5.66108e-15 0.999986 0.00532403
v 17.6921 35.2438 142.136
vn -5.66108e-15 0.999986 0.00532403
v 288.705 35.2909 133.28
vn 9.16311e-15 0.999986 0.00532403
v 291.975 35.3378 124.469
vn 9.16311e-15 0.999986 0.00532403
v 283.602 35.3494 122.286
vn 9.16311e-15 0.999986 0.00532403
v 270.837 35.2741 136.432
vn 4.28764e-15 0.999986 0.00532403
v 267.255 35.3265 126.599
vn 4.28764e-15 0.999986 0.00532403
v 257.478 35.3318 125.592
vn -6.99907e-16 0.999986 0.00532403
v 253.1 35.3704 118.358
vn -6.99907e-16 0.999986 0.00532403
v 237.825 35.3447 123.181
vn -6.10072e-15 0.999986 0.00532403
v 222.756 35.3072 130.213
vn -9.69523e-15 0.999986 0.00532403
v 218.224 35.3536 121.513
vn -9.69523e-15 0.999986 0.00532403
v 188.864 35.336 124.804
vn 2.60066e-15 0.999986 0.00532403
v 182.662 35.3801 116.535
vn 2.60066e-15 0.999986 0.00532403
v 179.646 35.3271 126.474
vn 2.60066e-15 0.999986 0.00532403
v 185.309 35.2862 134.167
vn -1.11911e-15 0.999986 0.00532403
v 143.401 35.3288 126.169
vn -3.15736e-15 0.999986 0.00532403
v 139.12 35.3809 116.376
vn -3.15736e-15 0.999986 0.00532403
v 135.044 35.3387 124.302
vn -3.15736e-15 0.999986 0.00532403
v 127.98 35.3748 117.521
vn 2.58137e-15 0.999986 0.00532403
v 55.9639 35.3122 129.273
vn -5.65772e-15 0.999986 0.00532403
v 45.1433 35.3337 125.237
vn -5.65772e-15 0.999986 0.00532403
v 52.0172 35.3616 119.995
vn -8.2615e-15 0.999986 0.00532403
v 35.5987 35.3546 121.313
vn -4.24088e-16 0.999986 0.00532403
v 27.7131 35.3156 128.642
vn -4.24088e-16 0.999986 0.00532403
v -0.577193 35.3112 129.462
vn -9.99053e-15 0.999986 0.00532403
v 8.44123 35.3421 123.661
vn -9.99053e-15 0.999986 0.00532403
v -0.532823 35.3641 119.525
vn -9.99053e-15 0.999986 0.00532403
v 227.957 35.3536 121.515
vn 4.61373e-15 0.999986 0.00532403
v 234.291 35.3937 113.972
vn 4.61373e-15 0.999986 0.00532403
v 223.412 35.4073 111.428
vn 4.61373e-15 0.999986 0.00532403
v 212.751 35.3943 113.865
vn 9.79807e-15 0.999986 0.00532403
v 202.424 35.3886 114.935
vn 9.79807e-15 0.999986 0.00532403
v 208.191 35.3464 122.85
vn 9.79807e-15 0.999986 0.00532403
v 175.271 35.4264 107.832
vn -2.70658e-15 0.999986 0.00532403
v 173.732 35.3686 118.685
vn -2.70658e-15 0.999986 0.00532403
v 165.893 35.3975 113.261
vn -2.61961e-15 0.999986 0.00532403
v 166.053 35.3511 121.971
vn -2.61961e-15 0.999986 0.00532403
v 158.176 35.3617 119.99
vn 5.15655e-15 0.999986 0.00532403
v 156.158 35.4126 110.422
vn 5.15655e-15 0.999986 0.00532403
v 148.998 35.3735 117.776
vn 5.15655e-15 0.999986 0.00532403
v 123.494 35.4287 107.407
vn 6.19851e-15 0.999986 0.00532403
v 117.37 35.3876 115.116
vn 6.19851e-15 0.999986 0.00532403
v 92.7923 35.4012 112.562
vn 1.20978e-14 0.999986 0.00532403
v 84.4207 35.3747 117.543
vn 1.20978e-14 0.999986 0.00532403
v 76.1406 35.3472 122.707
vn 1.39111e-15 0.999986 0.00532403
v 75.7856 35.4003 112.726
vn 1.39111e-15 0.999986 0.00532403
v 69.0997 35.3694 118.547
vn 1.39111e-15 0.999986 0.00532403
v 55.5947 35.4059 111.69
vn 7.83611e-15 0.999986 0.00532403
v 60.6635 35.3629 119.76
vn 7.83611e-15 0.999986 0.00532403
v 7.04984 35.3909 114.499
vn -1.5041e-14 0.999986 0.00532403
v -0.487334 35.4184 109.337
vn -1.5041e-14 0.999986 0.00532403
v 290.624 35.438 105.657
vn -3.40471e-15 0.999986 0.00532403
v 291.224 35.4939 95.1602
vn -3.40471e-15 0.999986 0.00532403
v 283.282 35.4638 100.804
vn -3.40471e-15 0.999986 0.00532403
v 281.002 35.408 111.288
vn 1.67107e-15 0.999986 0.00532403
v 269.86 35.4179 109.427
vn 5.82306e-15 0.999986 0.00532403
v 273.515 35.3661 119.159
vn 5.82306e-15 0.999986 0.00532403
v 250.042 35.4731 99.0553
vn -9.12561e-15 0.999986 0.00532403
v 252.306 35.4157 109.836
vn -9.12561e-15 0.999986 0.00532403
v 260.085 35.4434 104.636
vn -9.12561e-15 0.999986 0.00532403
v 242.386 35.4298 107.187
vn 3.41857e-15 0.999986 0.00532403
v 214.929 35.4454 104.268
vn 4.9183e-15 0.999986 0.00532403
v 186.355 35.4277 107.596
vn 3.97905e-15 0.999986 0.00532403
v 164.771 35.4475 103.877
vn -3.62769e-15 0.999986 0.00532403
v 155.019 35.4627 101.02
vn -3.62769e-15 0.999986 0.00532403
v 145.485 35.4286 107.413
vn -6.93021e-15 0.999986 0.00532403
v 147.199 35.4797 97.8302
vn -6.93021e-15 0.999986 0.00532403
v 134.017 35.4263 107.843
vn -3.21125e-15 0.999986 0.00532403
v 112.282 35.4426 104.786
vn -2.54112e-15 0.999986 0.00532403
v 119.934 35.4749 98.7152
vn -2.54112e-15 0.999986 0.00532403
v 108.693 35.3957 113.599
vn 4.76349e-15 0.999986 0.00532403
v 101.755 35.4261 107.896
vn 4.76349e-15 0.999986 0.00532403
v 101.202 35.371 118.237
vn 4.76349e-15 0.999986 0.00532403
v 33.1154 35.4092 111.058
vn 3.84019e-15 0.999986 0.00532403
v 44.3054 35.3955 113.64
vn 3.84019e-15 0.999986 0.00532403
v 22.1791 35.4238 108.327
vn -5.40555e-15 0.999986 0.00532403
v 15.4882 35.3841 115.779
vn -5.40555e-15 0.999986 0.00532403
v 25.4837 35.3703 118.363
vn -5.40555e-15 0.999986 0.00532403
v 10.6059 35.4381 105.639
vn 1.4853e-14 0.999986 0.00532403
v 283.86 35.5124 91.686
vn 8.44394e-15 0.999986 0.00532403
v 289.284 35.5522 84.2022
vn 8.44394e-15 0.999986 0.00532403
v 259.497 35.5016 93.716
vn -5.18377e-15 0.999986 0.00532403
v 223.383 35.468 100.02
vn -3.82687e-16 0.999986 0.00532403
v 232.133 35.4946 95.0133
vn -3.82687e-16 0.999986 0.00532403
v 223.557 35.5238 89.5428
vn -3.82687e-16 0.999986 0.00532403
v 178.82 35.528 88.7585
vn -4.72841e-15 0.999986 0.00532403
v 172.074 35.4852 96.7848
vn -4.72841e-15 0.999986 0.00532403
v 181.372 35.4742 98.854
vn -4.72841e-15 0.999986 0.00532403
v 128.982 35.4762 98.4779
vn 4.56017e-16 0.999986 0.00532403
v 83.7891 35.4847 96.879
vn 1.22154e-15 0.999986 0.00532403
v 73.5766 35.4547 102.516
vn 1.22154e-15 0.999986 0.00532403
v 83.8055 35.43 107.149
vn 1.22154e-15 0.999986 0.00532403
v 74.8867 35.5141 91.3684
vn 3.83377e-15 0.999986 0.00532403
v 64.9941 35.5416 86.1988
vn 3.83377e-15 0.999986 0.00532403
v 66.7382 35.4913 95.6462
vn 3.83377e-15 0.999986 0.00532403
v 57.4015 35.4945 95.0403
vn -3.53077e-15 0.999986 0.00532403
v 40.3066 35.4506 103.285
vn -4.16304e-15 0.999986 0.00532403
v 47.0273 35.4955 94.8514
vn -4.16304e-15 0.999986 0.00532403
v 36.8615 35.5028 93.4862
vn -4.16304e-15 0.999986 0.00532403
v 29.7321 35.4621 101.128
vn -3.06196e-15 0.999986 0.00532403
v 26.8187 35.5146 91.2674
vn -3.06196e-15 0.999986 0.00532403
v 19.1408 35.4759 98.5362
vn 2.58956e-15 0.999986 0.00532403
v 17.1257 35.5296 88.4492
vn 2.58956e-15 0.999986 0.00532403
v 9.18237 35.4947 95.0064
vn 2.58956e-15 0.999986 0.00532403
v -0.401972 35.5202 90.2187
vn -1.4095e-15 0.999986 0.00532403
v 8.08033 35.5486 84.8855
vn -1.4095e-15 0.999986 0.00532403
v 251.426 35.5335 87.7212
vn -5.4271e-15 0.999986 0.00532403
v 252.547 35.5902 77.0753
vn -5.4271e-15 0.999986 0.00532403
v 243.051 35.5663 81.5563
vn -5.4271e-15 0.999986 0.00532403
v 241.996 35.5144 91.3028
vn -6.11184e-16 0.999986 0.00532403
v 233.394 35.5448 85.585
vn -2.13983e-15 0.999986 0.00532403
v 234.542 35.5962 75.9303
vn -2.13983e-15 0.999986 0.00532403
v 225.086 35.5739 80.134
vn -2.13983e-15 0.999986 0.00532403
v 205.485 35.5276 88.8306
vn 1.04608e-14 0.999986 0.00532403
v 214.651 35.5008 93.8502
vn 1.04608e-14 0.999986 0.00532403
v 214.295 35.5594 82.8574
vn 1.04608e-14 0.999986 0.00532403
v 186.04 35.5673 81.3693
vn 6.73968e-16 0.999986 0.00532403
v 176.438 35.5829 78.4447
vn 6.73968e-16 0.999986 0.00532403
v 143.734 35.5241 89.4746
vn 3.23778e-15 0.999986 0.00532403
v 140.133 35.5741 80.0908
vn 3.23778e-15 0.999986 0.00532403
v 133.978 35.5252 89.2663
vn 3.23778e-15 0.999986 0.00532403
v 103.368 35.534 87.6171
vn -9.04566e-16 0.999986 0.00532403
v 113.35 35.5532 84.0177
vn -9.04566e-16 0.999986 0.00532403
v 105.42 35.5873 77.6187
vn -9.04566e-16 0.999986 0.00532403
v 74.8195 35.5702 80.8186
vn -6.44231e-15 0.999986 0.00532403
v 66.4781 35.6026 74.731
vn -6.44231e-15 0.999986 0.00532403
v 53.7574 35.5386 86.7517
vn 6.20372e-16 0.999986 0.00532403
v 50.1941 35.586 77.8474
vn 6.20372e-16 0.999986 0.00532403
v 43.6435 35.5446 85.6359
vn 6.20372e-16 0.999986 0.00532403
v 33.8541 35.5544 83.7816
vn 3.87814e-15 0.999986 0.00532403
v 24.255 35.5678 81.2744
vn 2.42763e-16 0.999986 0.00532403
v 15.0456 35.5837 78.2905
vn 2.42763e-16 0.999986 0.00532403
v 290.69 35.6084 73.6507
vn 9.26521e-15 0.999986 0.00532403
v 281.119 35.5953 76.107
vn 9.26521e-15 0.999986 0.00532403
v 243.585 35.6191 71.6311
vn 5.50688e-15 0.999986 0.00532403
v 234.983 35.6495 65.9295
vn 5.50688e-15 0.999986 0.00532403
v 193.543 35.6026 74.7286
vn -9.09923e-15 0.999986 0.00532403
v 183.705 35.6221 71.0818
vn -9.09923e-15 0.999986 0.00532403
v 173.906 35.6388 67.9453
vn -4.81941e-15 0.999986 0.00532403
v 166.833 35.597 75.7981
vn -4.81941e-15 0.999986 0.00532403
v 157.044 35.6085 73.6296
vn 5.69556e-15 0.999986 0.00532403
v 146.935 35.6167 72.0963
vn 5.69556e-15 0.999986 0.00532403
v 150.194 35.5665 81.5256
vn 5.69556e-15 0.999986 0.00532403
v 130.423 35.575 79.9156
vn 3.30445e-16 0.999986 0.00532403
v 136.338 35.6301 69.5723
vn 3.30445e-16 0.999986 0.00532403
v 99.125 35.6259 70.36
vn 3.80138e-15 0.999986 0.00532403
v 94.3644 35.5715 80.5822
vn 3.80138e-15 0.999986 0.00532403
v 90.709 35.6209 71.3068
vn -9.74964e-15 0.999986 0.00532403
v 83.6834 35.5957 76.0242
vn -9.74964e-15 0.999986 0.00532403
v 74.8206 35.6297 69.6483
vn 7.4665e-15 0.999986 0.00532403
v 47.7999 35.6345 68.7536
vn -3.48447e-15 0.999986 0.00532403
v 57.6176 35.6257 70.399
vn -3.48447e-15 0.999986 0.00532403
v 40.691 35.5945 76.256
vn 4.12422e-15 0.999986 0.00532403
v 31.0336 35.6061 74.0722
vn 4.12422e-15 0.999986 0.00532403
v 11.4475 35.6371 68.252
vn -4.86769e-17 0.999986 0.00532403
v 21.3706 35.6213 71.2155
vn -4.86769e-17 0.999986 0.00532403
v -0.353511 35.578 79.3653
vn 3.69408e-15 0.999986 0.00532403
v 6.73786 35.5988 75.4506
vn 3.69408e-15 0.999986 0.00532403
v -0.302458 35.6388 67.9314
vn 3.69408e-15 0.999986 0.00532403
v 243.542 35.6731 61.4906
vn -2.89224e-15 0.999986 0.00532403
v 252.415 35.6428 67.1893
vn -2.89224e-15 0.999986 0.00532403
v 251.3 35.6913 58.0736
vn -2.89224e-15 0.999986 0.00532403
v 226.47 35.6258 70.378
vn -5.05724e-15 0.999986 0.00532403
v 217.839 35.6509 65.6647
vn -8.91235e-15 0.999986 0.00532403
v 226.278 35.6778 60.6119
vn -8.91235e-15 0.999986 0.00532403
v 217.101 35.7024 55.9953
vn -8.91235e-15 0.999986 0.00532403
v 191.302 35.658 64.3279
vn -1.0242e-14 0.999986 0.00532403
v 153.981 35.6615 63.682
vn -1.00028e-14 0.999986 0.00532403
v 144.894 35.6635 63.3082
vn -1.00028e-14 0.999986 0.00532403
v 128.797 35.6721 61.6857
vn 3.35991e-15 0.999986 0.00532403
v 125.624 35.6205 71.3717
vn 3.35991e-15 0.999986 0.00532403
v 115.386 35.606 74.1054
vn -1.02252e-15 0.999986 0.00532403
v 118.715 35.657 64.5268
vn -1.02252e-15 0.999986 0.00532403
v 108.734 35.6406 67.5939
vn -1.02252e-15 0.999986 0.00532403
v 102.085 35.6782 60.5358
vn -6.01449e-15 0.999986 0.00532403
v 92.6434 35.6684 62.376
vn -6.01449e-15 0.999986 0.00532403
v 54.862 35.6746 61.2128
vn -3.69046e-15 0.999986 0.00532403
v 18.4732 35.6744 61.244
vn -2.10072e-15 0.999986 0.00532403
v 8.22746 35.6918 57.9905
vn -8.58054e-15 0.999986 0.00532403
v -0.264048 35.6846 59.3289
vn -8.58054e-15 0.999986 0.00532403
v 283.544 35.6498 65.8646
vn 2.82301e-15 0.999986 0.00532403
v 276.443 35.6944 57.4999
vn 2.82301e-15 0.999986 0.00532403
v 273.689 35.6344 68.757
vn 2.82301e-15 0.999986 0.00532403
v 266.47 35.7186 52.9476
vn -2.2502e-15 0.999986 0.00532403
v 267.893 35.6681 62.4331
vn -2.2502e-15 0.999986 0.00532403
v 235.139 35.7033 55.8211
vn -5.72239e-15 0.999986 0.00532403
v 244.994 35.7296 50.8767
vn -5.72239e-15 0.999986 0.00532403
v 207.832 35.7249 51.7705
vn -6.39865e-16 0.999986 0.00532403
v 216.441 35.7559 45.9518
vn -6.39865e-16 0.999986 0.00532403
v 181.339 35.6791 60.3653
vn 4.64869e-15 0.999986 0.00532403
v 179.107 35.7396 49.0143
vn 4.64869e-15 0.999986 0.00532403
v 171.17 35.6952 57.3438
vn 4.64869e-15 0.999986 0.00532403
v 160.501 35.7063 55.2594
vn -6.49623e-15 0.999986 0.00532403
v 167.666 35.7497 47.1103
vn -6.49623e-15 0.999986 0.00532403
v 149.335 35.7149 53.6481
vn 5.07052e-15 0.999986 0.00532403
v 138.447 35.6924 57.88
vn 5.07052e-15 0.999986 0.00532403
v 75.9008 35.6888 58.5473
vn -1.54661e-15 0.999986 0.00532403
v 83.5189 35.6528 65.3039
vn -1.54661e-15 0.999986 0.00532403
v 85.5635 35.7084 54.8652
vn -1.54661e-15 0.999986 0.00532403
v 35.3775 35.6913 58.0756
vn 7.24863e-16 0.999986 0.00532403
v 26.1872 35.7089 54.7649
vn 7.24863e-16 0.999986 0.00532403
v 28.2662 35.6572 64.4731
vn 7.24863e-16 0.999986 0.00532403
v 17.0615 35.7286 51.0705
vn 6.91101e-15 0.999986 0.00532403
v 8.61845 35.7537 46.3573
vn 6.91101e-15 0.999986 0.00532403
v -0.225893 35.7301 50.7836
vn -7.05888e-15 0.999986 0.00532403
v 287.64 35.702 56.068
vn 4.91896e-16 0.999986 0.00532403
v 273.486 35.7547 46.1644
vn -2.49474e-15 0.999986 0.00532403
v 281.884 35.7372 49.4489
vn -2.49474e-15 0.999986 0.00532403
v 281.702 35.7864 40.2149
vn -2.49474e-15 0.999986 0.00532403
v 215.919 35.8103 35.724
vn 1.574e-16 0.999986 0.00532403
v 207.168 35.7805 41.331
vn 1.574e-16 0.999986 0.00532403
v 198.543 35.7461 47.7933
vn 7.54855e-15 0.999986 0.00532403
v 198.094 35.8006 37.547
vn 7.54855e-15 0.999986 0.00532403
v 189.392 35.7672 43.8241
vn 7.54855e-15 0.999986 0.00532403
v 173.773 35.7945 38.6974
vn -3.36385e-15 0.999986 0.00532403
v 140.399 35.748 47.4279
vn -7.19911e-15 0.999986 0.00532403
v 132.802 35.7833 40.7931
vn -7.19911e-15 0.999986 0.00532403
v 130.927 35.7277 51.2407
vn -7.19911e-15 0.999986 0.00532403
v 114.134 35.7449 48.0031
vn -2.02397e-15 0.999986 0.00532403
v 123.39 35.7634 44.5342
vn -2.02397e-15 0.999986 0.00532403
v 115.65 35.7987 37.8985
vn -2.02397e-15 0.999986 0.00532403
v 89.1565 35.7657 44.106
vn -7.00742e-15 0.999986 0.00532403
v 95.1336 35.7178 53.1067
vn -7.00742e-15 0.999986 0.00532403
v 98.5638 35.759 45.3623
vn -7.00742e-15 0.999986 0.00532403
v 68.7769 35.7281 51.1653
vn 6.3377e-15 0.999986 0.00532403
v 70.12 35.7916 39.2436
vn 6.3377e-15 0.999986 0.00532403
v 60.522 35.7611 44.9633
vn 6.3377e-15 0.999986 0.00532403
v 51.2223 35.7298 50.8547
vn 4.23289e-15 0.999986 0.00532403
v 51.4305 35.7869 40.1213
vn 4.23289e-15 0.999986 0.00532403
v 42.7623 35.7656 44.1298
vn 4.23289e-15 0.999986 0.00532403
v 42.5798 35.8165 34.5629
vn -1.43383e-15 0.999986 0.00532403
v 33.9184 35.7919 39.1891
vn 1.99365e-15 0.999986 0.00532403
v 25.4259 35.7623 44.7404
vn 1.99365e-15 0.999986 0.00532403
v 33.9887 35.7411 48.7298
vn 1.99365e-15 0.999986 0.00532403
v 25.4048 35.8174 34.3865
vn 2.14487e-15 0.999986 0.00532403
v 16.9734 35.7855 40.3773
vn 2.14487e-15 0.999986 0.00532403
v -0.181566 35.783 40.8559
vn 4.67103e-15 0.999986 0.00532403
v 281.424 35.8414 29.8895
vn 6.11151e-15 0.999986 0.00532403
v 290.556 35.8079 36.1721
vn 6.11151e-15 0.999986 0.00532403
v 272.697 35.8141 35.0208
vn -4.02537e-15 0.999986 0.00532403
v 252.504 35.7715 43.023
vn -1.90052e-15 0.999986 0.00532403
v 249.095 35.8173 34.4105
vn -1.90052e-15 0.999986 0.00532403
v 242.582 35.7812 41.1853
vn -1.90052e-15 0.999986 0.00532403
v 241.057 35.8252 32.9193
vn -5.01137e-15 0.999986 0.00532403
v 233.439 35.8079 36.1849
vn -5.01137e-15 0.999986 0.00532403
v 189.278 35.8243 33.103
vn 1.12299e-14 0.999986 0.00532403
v 182.244 35.7917 39.2215
vn 1.12299e-14 0.999986 0.00532403
v 148.575 35.7707 43.1642
vn -2.26118e-15 0.999986 0.00532403
v 152.752 35.8226 33.4077
vn -2.26118e-15 0.999986 0.00532403
v 142.29 35.806 36.5422
vn -2.26118e-15 0.999986 0.00532403
v 124.941 35.8171 34.444
vn -3.46782e-15 0.999986 0.00532403
v 107.569 35.8326 31.5313
vn 6.21511e-15 0.999986 0.00532403
v 106.798 35.7789 41.6329
vn 6.21511e-15 0.999986 0.00532403
v 80.8592 35.8011 37.462
vn 1.20399e-15 0.999986 0.00532403
v 75.28 35.8466 28.902
vn 1.20399e-15 0.999986 0.00532403
v 33.8604 35.8451 29.1993
vn 4.81738e-15 0.999986 0.00532403
v 25.4896 35.8755 23.4844
vn 4.87318e-15 0.999986 0.00532403
v 17.096 35.8425 29.6822
vn 4.87318e-15 0.999986 0.00532403
v 8.67015 35.8109 35.6205
vn 1.64653e-14 0.999986 0.00532403
v -0.136042 35.8373 30.6602
vn 1.64653e-14 0.999986 0.00532403
v 291.686 35.9113 16.7518
vn -2.8029e-15 0.999986 0.00532403
v 282.469 35.8951 19.7962
vn -2.8029e-15 0.999986 0.00532403
v 290.745 35.8607 26.2631
vn -2.8029e-15 0.999986 0.00532403
v 264.35 35.8391 30.322
vn -4.56687e-15 0.999986 0.00532403
v 272.183 35.8799 22.6526
vn -4.56687e-15 0.999986 0.00532403
v 261.428 35.8939 20.0333
vn -4.56687e-15 0.999986 0.00532403
v 255.04 35.8562 27.0996
vn -2.43985e-15 0.999986 0.00532403
v 257.359 35.8109 35.6215
vn -2.43985e-15 0.999986 0.00532403
v 245.441 35.8625 25.9234
vn 7.9936e-15 0.999986 0.00532403
v 235.441 35.8582 26.7213
vn 5.09218e-15 0.999986 0.00532403
v 225.157 35.8447 29.2673
vn 5.09218e-15 0.999986 0.00532403
v 215.53 35.8573 26.9026
vn 1.05263e-15 0.999986 0.00532403
v 196.533 35.85 28.2781
vn -4.01347e-15 0.999986 0.00532403
v 135.754 35.8942 19.9667
vn 9.51044e-16 0.999986 0.00532403
v 134.526 35.8386 30.4199
vn 9.51044e-16 0.999986 0.00532403
v 143.859 35.8642 25.594
vn 9.51044e-16 0.999986 0.00532403
v 116.701 35.8526 27.7889
vn 3.34038e-15 0.999986 0.00532403
v 126.42 35.8681 24.8685
vn 3.34038e-15 0.999986 0.00532403
v 118.861 35.9032 18.271
vn 3.34038e-15 0.999986 0.00532403
v 81.0277 35.896 19.6334
vn 9.77873e-15 0.999986 0.00532403
v 71.8231 35.9009 18.7042
vn 9.77873e-15 0.999986 0.00532403
v 66.5607 35.8513 28.0276
vn -3.14619e-16 0.999986 0.00532403
v 58.113 35.8623 25.9611
vn -3.14619e-16 0.999986 0.00532403
v 59.9445 35.8134 35.1393
vn -3.14619e-16 0.999986 0.00532403
v 42.5807 35.8686 24.7666
vn -2.14975e-16 0.999986 0.00532403
v 50.8894 35.8411 29.9366
vn -2.14975e-16 0.999986 0.00532403
v 51.4772 35.8995 18.9675
vn -2.14975e-16 0.999986 0.00532403
v 8.70498 35.8659 25.2836
vn -4.06632e-15 0.999986 0.00532403
v -0.0913362 35.8906 20.6477
vn -4.06632e-15 0.999986 0.00532403
v 266.653 35.9384 11.6735
vn 7.33408e-15 0.999986 0.00532403
v 276.074 35.9385 11.6477
vn 7.33408e-15 0.999986 0.00532403
v 250.985 35.9025 18.4117
vn 2.32974e-15 0.999986 0.00532403
v 245.997 35.9472 10.0143
vn 2.32974e-15 0.999986 0.00532403
v 240.518 35.9037 18.1775
vn 2.32974e-15 0.999986 0.00532403
v 230.185 35.8991 19.0541
vn -8.65615e-16 0.999986 0.00532403
v 235.478 35.9467 10.1009
vn -8.65615e-16 0.999986 0.00532403
v 214.925 35.945 10.4273
vn 5.55982e-15 0.999986 0.00532403
v 210.028 35.8966 19.5102
vn 5.55982e-15 0.999986 0.00532403
v 220.337 35.8982 19.2163
vn 5.55982e-15 0.999986 0.00532403
v 199.991 35.8935 20.1078
vn -3.03763e-15 0.999986 0.00532403
v 206.192 35.8406 30.0323
vn -3.03763e-15 0.999986 0.00532403
v 194.296 35.9408 11.2211
vn -1.02721e-15 0.999986 0.00532403
v 204.62 35.9436 10.681
vn -1.02721e-15 0.999986 0.00532403
v 178.175 35.8938 20.0377
vn 3.67018e-15 0.999986 0.00532403
v 184.248 35.941 11.1816
vn 3.67018e-15 0.999986 0.00532403
v 174.214 35.9451 10.4119
vn 3.67018e-15 0.999986 0.00532403
v 168.413 35.8999 18.8951
vn -7.4695e-15 0.999986 0.00532403
v 127.819 35.9129 16.4528
vn 8.45861e-15 0.999986 0.00532403
v 97.8496 35.9098 17.0289
vn 6.07296e-15 0.999986 0.00532403
v 108.309 35.8925 20.2899
vn 6.07296e-15 0.999986 0.00532403
v 104.243 35.9476 9.94478
vn 6.07296e-15 0.999986 0.00532403
v 90.2129 35.8793 22.7719
vn -6.50586e-15 0.999986 0.00532403
v 88.0854 35.9331 12.6603
vn -6.50586e-15 0.999986 0.00532403
v 56.8477 35.9489 9.68586
vn -1.36689e-15 0.999986 0.00532403
v 62.0355 35.9035 18.2188
vn -1.36689e-15 0.999986 0.00532403
v 25.7922 35.9393 11.504
vn -1.34005e-15 0.999986 0.00532403
v 33.884 35.8997 18.9394
vn -1.34005e-15 0.999986 0.00532403
v 36.3448 35.9509 9.31954
vn -1.34005e-15 0.999986 0.00532403
v 17.1772 35.8995 18.978
vn 1.42598e-16 0.999986 0.00532403
v 8.34468 35.918 15.4892
vn 1.42598e-16 0.999986 0.00532403
v -0.0433472 35.9478 9.89987
vn -4.71027e-15 0.999986 0.00532403
v 271.103 35.993 1.40211
vn 7.33352e-15 0.999986 0.00532403
v 261.543 35.9933 1.35942
vn -2.82101e-16 0.999986 0.00532403
v 251.355 35.9935 1.31393
vn -2.06059e-15 0.999986 0.00532403
v 240.835 35.9938 1.26697
vn -2.06059e-15 0.999986 0.00532403
v 225.194 35.9456 10.3119
vn 7.52074e-15 0.999986 0.00532403
v 220.007 35.9943 1.17397
vn 7.52074e-15 0.999986 0.00532403
v 199.432 35.9947 1.0821
vn 2.01328e-15 0.999986 0.00532403
v 189.426 35.995 1.03743
vn 2.01328e-15 0.999986 0.00532403
v 179.506 35.9952 0.993136
vn 2.44734e-15 0.999986 0.00532403
v 158.99 35.9957 0.901536
vn -1.40988e-15 0.999986 0.00532403
v 154.174 35.9449 10.4469
vn -1.40988e-15 0.999986 0.00532403
v 164.283 35.9488 9.71233
vn -1.40988e-15 0.999986 0.00532403
v 144.116 35.9325 12.7771
vn 5.97822e-15 0.999986 0.00532403
v 139.487 35.9962 0.81446
vn 5.97822e-15 0.999986 0.00532403
v 133.958 35.9476 9.94589
vn 5.97822e-15 0.999986 0.00532403
v 109.097 35.9969 0.678769
vn 7.45737e-15 0.999986 0.00532403
v 113.668 35.9462 10.2078
vn 7.45737e-15 0.999986 0.00532403
v 87.9834 35.9974 0.584501
vn -2.25319e-15 0.999986 0.00532403
v 78.2668 35.9512 9.25354
vn -2.25319e-15 0.999986 0.00532403
v 67.1968 35.9492 9.64488
vn 1.99097e-15 0.999986 0.00532403
v 71.3702 35.9978 0.510325
vn 1.99097e-15 0.999986 0.00532403
v 61.7628 35.998 0.467429
vn -7.21128e-15 0.999986 0.00532403
v 46.8601 35.9516 9.19339
vn -5.66461e-15 0.999986 0.00532403
v 41.2984 35.9985 0.376058
vn -5.66461e-15 0.999986 0.00532403
v 21.2276 35.999 0.286444
vn -4.11269e-15 0.999986 0.00532403
v 15.6405 35.9519 9.13521
vn -4.11269e-15 0.999986 0.00532403
v 10.2769 35.9992 0.23755
vn 6.09839e-15 0.999986 0.00532403
v 6.50569 35.9655 6.5739
vn 6.09839e-15 0.999986 0.00532403
v 0 35.9995 0.191665
vn 1.25307e-16 0.999986 0.00532403
v 298.523 34.2344 331.722
vn -4.00623e-15 0.999986 0.00532403
v 292.279 34.217 334.996
vn -4.00623e-15 0.999986 0.00532403
v 298.479 34.1822 341.523
vn -4.00623e-15 0.999986 0.00532403
v 283.736 34.2309 332.382
vn 5.48095e-16 0.999986 0.00532403
v 288.965 34.1824 341.48
vn 5.48095e-16 0.999986 0.00532403
v 249.171 34.1834 341.303
vn 3.2894e-15 0.999986 0.00532403
v 239.945 34.1836 341.262
vn 3.47333e-16 0.999986 0.00532403
v 230.322 34.1838 341.219
vn -3.53933e-16 0.999986 0.00532403
v 210.913 34.2226 333.929
vn -1.32527e-15 0.999986 0.00532403
v 210.857 34.1843 341.132
vn -1.32527e-15 0.999986 0.00532403
v 166.314 34.2322 332.139
vn -5.25715e-15 0.999986 0.00532403
v 155.512 34.2328 332.016
vn -5.25715e-15 0.999986 0.00532403
v 160.382 34.1855 340.906
vn -5.25715e-15 0.999986 0.00532403
v 122.829 34.2316 332.253
vn 1.19027e-15 0.999986 0.00532403
v 117.797 34.1865 340.716
vn -5.83316e-16 0.999986 0.00532403
v 106.594 34.1868 340.666
vn 4.51438e-15 0.999986 0.00532403
v 95.5611 34.187 340.617
vn 2.31981e-15 0.999986 0.00532403
v 74.7497 34.1875 340.524
vn 5.46935e-15 0.999986 0.00532403
v 29.1923 34.2259 333.317
vn 1.36629e-15 0.999986 0.00532403
v 32.8682 34.1885 340.337
vn 1.36629e-15 0.999986 0.00532403
v 21.32 34.1888 340.285
vn -4.27246e-15 0.999986 0.00532403
v 9.23454 34.1891 340.231
vn -1.67138e-15 0.999986 0.00532403
v 290.018 34.2648 326.017
vn 2.19006e-15 0.999986 0.00532403
v 298.57 34.2902 321.234
vn 2.19006e-15 0.999986 0.00532403
v 259.208 34.2844 322.327
vn -4.53652e-15 0.999986 0.00532403
v 203 34.3081 317.875
vn -1.8333e-17 0.999986 0.00532403
v 182.254 34.2784 323.453
vn 2.28587e-15 0.999986 0.00532403
v 108.536 34.3116 317.214
vn -5.70795e-16 0.999986 0.00532403
v 116.459 34.2727 324.518
vn -5.70795e-16 0.999986 0.00532403
v 67.2408 34.3316 313.461
vn 2.81256e-15 0.999986 0.00532403
v 48.8227 34.3397 311.938
vn 6.44583e-15 0.999986 0.00532403
v 289.705 34.3144 316.703
vn 1.55429e-15 0.999986 0.00532403
v 245.534 34.3412 311.658
vn -1.49319e-15 0.999986 0.00532403
v 211.951 34.3323 313.334
vn 3.40348e-15 0.999986 0.00532403
v 211.203 34.2771 323.707
vn 3.40348e-15 0.999986 0.00532403
v 161.906 34.3599 308.15
vn -8.79933e-16 0.999986 0.00532403
v 119.455 34.3186 315.903
vn 1.33585e-15 0.999986 0.00532403
v 288.933 34.4175 297.329
vn 2.73939e-15 0.999986 0.00532403
v 289.349 34.3674 306.738
vn 2.73939e-15 0.999986 0.00532403
v 298.655 34.3921 302.107
vn 2.73939e-15 0.999986 0.00532403
v 243.103 34.3992 300.769
vn -5.70688e-15 0.999986 0.00532403
v 213.693 34.3879 302.894
vn 9.85634e-16 0.999986 0.00532403
v 220.788 34.3516 309.703
vn 9.85634e-16 0.999986 0.00532403
v 167.368 34.3946 301.639
vn 1.03184e-14 0.999986 0.00532403
v 21.6495 34.3938 301.781
vn 1.59289e-15 0.999986 0.00532403
v 298.696 34.4412 292.885
vn 4.33277e-15 0.999986 0.00532403
v 206.683 34.4254 295.847
vn 9.07585e-15 0.999986 0.00532403
v 182.772 34.465 288.406
vn 6.13971e-15 0.999986 0.00532403
v 184.993 34.4147 297.858
vn 6.13971e-15 0.999986 0.00532403
v 191.431 34.4498 291.257
vn 6.13971e-15 0.999986 0.00532403
v 186.961 34.3661 306.992
vn -3.25234e-15 0.999986 0.00532403
v 174.807 34.4297 295.039
vn -2.55405e-16 0.999986 0.00532403
v 164.404 34.4444 292.269
vn -2.55405e-16 0.999986 0.00532403
v 109.203 34.4995 281.935
vn 4.61744e-15 0.999986 0.00532403
v 68.2584 34.4322 294.564
vn 7.23462e-15 0.999986 0.00532403
v 62.2088 34.4672 288.002
vn 1.02841e-15 0.999986 0.00532403
v 52.1974 34.4498 291.257
vn 1.02841e-15 0.999986 0.00532403
v 42.4273 34.4317 294.652
vn 1.5143e-15 0.999986 0.00532403
v 24.5019 34.4478 291.644
vn -5.10459e-16 0.999986 0.00532403
v 200.151 34.4647 288.461
vn -3.39965e-15 0.999986 0.00532403
v 203.222 34.5223 277.644
vn -3.39965e-15 0.999986 0.00532403
v 154.505 34.464 288.59
vn -1.1379e-15 0.999986 0.00532403
v 101.171 34.4639 288.608
vn 5.8197e-15 0.999986 0.00532403
v 74.288 34.5394 274.432
vn -1.00011e-15 0.999986 0.00532403
v 298.738 34.4914 283.449
vn 5.48823e-15 0.999986 0.00532403
v 261.439 34.6069 261.759
vn -4.33523e-15 0.999986 0.00532403
v 288.902 34.619 259.491
vn -4.33675e-18 0.999986 0.00532403
v 298.823 34.5927 264.413
vn -4.33675e-18 0.999986 0.00532403
v 276.259 34.5406 274.201
vn 7.95593e-15 0.999986 0.00532403
v 298.868 34.6466 254.302
vn 3.42399e-15 0.999986 0.00532403
v 289.441 34.6752 248.919
vn 3.42399e-15 0.999986 0.00532403
v 177.664 34.6638 251.061
vn -2.18962e-15 0.999986 0.00532403
v 135.137 34.5824 266.364
vn 4.27603e-15 0.999986 0.00532403
v 105.295 34.6861 246.871
vn -1.21602e-15 0.999986 0.00532403
v 114.982 34.6772 248.554
vn -1.21602e-15 0.999986 0.00532403
v 34.4814 34.7002 244.234
vn 4.89378e-15 0.999986 0.00532403
v 26.9072 34.6711 249.702
vn 4.89378e-15 0.999986 0.00532403
v 298.915 34.7023 243.841
vn 6.57126e-15 0.999986 0.00532403
v 241.446 34.6807 247.902
vn 5.27077e-15 0.999986 0.00532403
v 204.249 34.6974 244.751
vn 5.44925e-15 0.999986 0.00532403
v 204.765 34.6396 255.605
vn 5.44925e-15 0.999986 0.00532403
v 169.413 34.7424 236.303
vn -2.35157e-15 0.999986 0.00532403
v 173.035 34.7946 226.491
vn -2.35157e-15 0.999986 0.00532403
v 155.571 34.6813 247.779
vn 6.59603e-15 0.999986 0.00532403
v 145.016 34.6764 248.693
vn 6.59603e-15 0.999986 0.00532403
v 139.341 34.7209 240.338
vn -1.34277e-15 0.999986 0.00532403
v 134.76 34.6746 249.047
vn -1.34277e-15 0.999986 0.00532403
v 129.176 34.7207 240.377
vn -8.96406e-16 0.999986 0.00532403
v 119.257 34.7228 239.987
vn -8.96406e-16 0.999986 0.00532403
v 110.861 34.7204 240.441
vn -3.48171e-15 0.999986 0.00532403
v 52.5318 34.6897 246.206
vn 1.52242e-15 0.999986 0.00532403
v 43.7986 34.7288 238.855
vn 1.52242e-15 0.999986 0.00532403
v 42.955 34.6733 249.279
vn -1.69551e-16 0.999986 0.00532403
v 14.8075 34.7255 239.475
vn 2.41875e-15 0.999986 0.00532403
v 24.3489 34.7138 241.672
vn 2.41875e-15 0.999986 0.00532403
v 298.962 34.7577 233.425
vn -7.48023e-15 0.999986 0.00532403
v 212.767 34.7241 239.737
vn -7.46677e-16 0.999986 0.00532403
v 177.986 34.7588 233.23
vn 7.37442e-15 0.999986 0.00532403
v 159.893 34.7304 238.549
vn 7.20089e-15 0.999986 0.00532403
v 149.615 34.7244 239.694
vn 2.18763e-15 0.999986 0.00532403
v 123.189 34.7666 231.764
vn 5.02309e-15 0.999986 0.00532403
v 128.39 34.8103 223.558
vn 5.02309e-15 0.999986 0.00532403
v 111.854 34.7695 231.219
vn -3.51802e-15 0.999986 0.00532403
v 39.8893 34.7832 228.635
vn -5.14785e-15 0.999986 0.00532403
v 299.008 34.8125 223.133
vn -6.86165e-15 0.999986 0.00532403
v 289.646 34.7861 228.092
vn -6.86165e-15 0.999986 0.00532403
v 183.471 34.7972 226.004
vn -1.98415e-15 0.999986 0.00532403
v 177.691 34.8417 217.65
vn -1.98415e-15 0.999986 0.00532403
v 147.705 34.8133 222.99
vn 3.55646e-16 0.999986 0.00532403
v 18.7891 34.8183 222.048
vn -4.40202e-15 0.999986 0.00532403
v 289.655 34.8411 217.769
vn -5.35675e-15 0.999986 0.00532403
v 17.563 34.8733 211.725
vn -4.54313e-15 0.999986 0.00532403
v 8.77504 34.901 206.52
vn -4.54313e-15 0.999986 0.00532403
v 283.439 34.9216 202.651
vn 8.43344e-15 0.999986 0.00532403
v 217.464 34.8751 211.377
vn 8.64518e-16 0.999986 0.00532403
v 207.844 34.863 213.648
vn -1.48284e-16 0.999986 0.00532403
v 77.907 34.9409 199.012
vn -9.94441e-16 0.999986 0.00532403
v 70.9341 34.9117 204.514
vn 1.02499e-14 0.999986 0.00532403
v 29.9986 34.9324 200.616
vn 3.95728e-15 0.999986 0.00532403
v 25.4469 34.8951 207.631
vn 3.95728e-15 0.999986 0.00532403
v 299.146 34.9777 192.112
vn -1.462e-15 0.999986 0.00532403
v 154.376 35.0102 186.005
vn -4.03968e-16 0.999986 0.00532403
v 142.013 34.9441 198.416
vn 1.72286e-15 0.999986 0.00532403
v 144.188 34.9951 188.848
vn 3.33396e-15 0.999986 0.00532403
v 51.2193 35.0069 186.621
vn 6.57754e-15 0.999986 0.00532403
v 40.7879 34.9219 202.581
vn 3.42863e-15 0.999986 0.00532403
v 299.192 35.0321 181.898
vn -5.59393e-15 0.999986 0.00532403
v 279.528 35.0255 183.134
vn -3.8383e-15 0.999986 0.00532403
v 245.772 34.9771 192.228
vn 7.15758e-15 0.999986 0.00532403
v 224.967 34.9935 189.14
vn 1.1667e-14 0.999986 0.00532403
v 213.95 35.0067 186.659
vn 1.1667e-14 0.999986 0.00532403
v 164.433 35.0208 184.014
vn -4.30344e-15 0.999986 0.00532403
v 137.863 35.0322 181.873
vn -7.21786e-15 0.999986 0.00532403
v 118.661 35.0338 181.58
vn -7.07522e-15 0.999986 0.00532403
v 37.0211 35.0563 177.339
vn -2.61387e-15 0.999986 0.00532403
v 41.4486 35.0139 185.315
vn -2.61387e-15 0.999986 0.00532403
v 299.238 35.0868 171.619
vn -2.37419e-15 0.999986 0.00532403
v 289.425 35.0578 177.068
vn -2.37419e-15 0.999986 0.00532403
v 272.778 35.0641 175.878
vn 1.03102e-14 0.999986 0.00532403
v 37.4342 35.1025 168.672
vn 5.35488e-16 0.999986 0.00532403
v 28.0755 35.0772 173.419
vn -2.04521e-15 0.999986 0.00532403
v 299.285 35.1433 161.003
vn 8.787e-15 0.999986 0.00532403
v 175.805 35.0769 173.472
vn 4.52496e-15 0.999986 0.00532403
v 299.333 35.201 150.177
vn -1.29746e-15 0.999986 0.00532403
v 128.088 35.2068 149.073
vn 6.79091e-15 0.999986 0.00532403
v 82.6133 35.2177 147.033
vn 8.38729e-15 0.999986 0.00532403
v 73.3528 35.1968 150.962
vn 2.60937e-15 0.999986 0.00532403
v 74.0706 35.2474 141.445
vn 2.60937e-15 0.999986 0.00532403
v 299.381 35.2573 139.599
vn 4.51593e-15 0.999986 0.00532403
v 289.905 35.2301 144.703
vn 4.51593e-15 0.999986 0.00532403
v 264.08 35.2378 143.254
vn -4.36266e-15 0.999986 0.00532403
v 190.55 35.2407 142.71
vn -3.92668e-15 0.999986 0.00532403
v 199.563 35.2468 141.572
vn -3.92668e-15 0.999986 0.00532403
v 194.443 35.2915 133.167
vn -3.92668e-15 0.999986 0.00532403
v 137.097 35.2876 133.911
vn 6.15154e-15 0.999986 0.00532403
v 101.743 35.2619 138.72
vn -2.4234e-16 0.999986 0.00532403
v 100.351 35.2073 148.982
vn -2.4234e-16 0.999986 0.00532403
v 92.0979 35.2392 142.992
vn -1.54876e-15 0.999986 0.00532403
v 299.423 35.3084 129.99
vn 6.29312e-15 0.999986 0.00532403
v 232.238 35.3042 130.792
vn 2.87721e-15 0.999986 0.00532403
v 198.368 35.3412 123.844
vn -2.81804e-15 0.999986 0.00532403
v 152.399 35.319 128.007
vn -5.69908e-16 0.999986 0.00532403
v 156.57 35.2677 137.642
vn -5.69908e-16 0.999986 0.00532403
v 161.585 35.3112 129.467
vn -5.69908e-16 0.999986 0.00532403
v 146.422 35.2742 136.411
vn 1.3561e-15 0.999986 0.00532403
v 74.9855 35.2972 132.102
vn -1.0044e-15 0.999986 0.00532403
v 65.2039 35.2776 135.786
vn 3.24491e-15 0.999986 0.00532403
v 299.469 35.3624 119.862
vn -6.25271e-15 0.999986 0.00532403
v 192.642 35.3859 115.431
vn 1.65187e-15 0.999986 0.00532403
v 170.775 35.3147 128.806
vn -3.74462e-15 0.999986 0.00532403
v 111.745 35.2875 133.927
vn -1.76301e-15 0.999986 0.00532403
v 119.394 35.3342 125.146
vn -1.76301e-15 0.999986 0.00532403
v 110.167 35.3461 122.905
vn -1.76301e-15 0.999986 0.00532403
v 101.972 35.3161 128.548
vn 3.51824e-15 0.999986 0.00532403
v 66.6754 35.3255 126.79
vn 2.29251e-15 0.999986 0.00532403
v 299.512 35.4142 110.127
vn 1.33008e-14 0.999986 0.00532403
v 290.569 35.3864 115.347
vn 1.33008e-14 0.999986 0.00532403
v 262.275 35.3823 116.113
vn -4.05508e-15 0.999986 0.00532403
v 244.315 35.3824 116.088
vn -6.08814e-15 0.999986 0.00532403
v 206.555 35.4282 107.501
vn 8.24481e-15 0.999986 0.00532403
v 66.1624 35.4099 110.932
vn 1.30638e-15 0.999986 0.00532403
v 17.7982 35.331 125.747
vn -6.26031e-15 0.999986 0.00532403
v 299.557 35.4676 100.09
vn -2.17294e-15 0.999986 0.00532403
v 267.786 35.4729 99.0982
vn 9.96816e-16 0.999986 0.00532403
v 240.016 35.4709 99.4714
vn 2.44809e-16 0.999986 0.00532403
v 232.143 35.4424 104.828
vn 2.44809e-16 0.999986 0.00532403
v 197.274 35.4377 105.703
vn -7.67593e-15 0.999986 0.00532403
v 190.205 35.4692 99.7903
vn -7.67593e-15 0.999986 0.00532403
v 188.187 35.5153 91.1338
vn 4.23429e-15 0.999986 0.00532403
v 93.0295 35.4563 102.209
vn -5.42533e-16 0.999986 0.00532403
v 50.7751 35.4476 103.851
vn -1.1919e-15 0.999986 0.00532403
v 61.7711 35.4502 103.363
vn -1.1919e-15 0.999986 0.00532403
v 197.401 35.4956 94.8349
vn 1.60519e-15 0.999986 0.00532403
v 206.007 35.4736 98.9578
vn 1.60519e-15 0.999986 0.00532403
v 162.598 35.5012 93.7848
vn -2.8158e-15 0.999986 0.00532403
v 169.484 35.5416 86.1927
vn -2.8158e-15 0.999986 0.00532403
v 153.345 35.5159 91.0242
vn -4.90811e-15 0.999986 0.00532403
v 160.003 35.5555 83.5796
vn -4.90811e-15 0.999986 0.00532403
v 102.771 35.4789 97.9758
vn -1.05864e-15 0.999986 0.00532403
v 112.328 35.5014 93.7522
vn -1.05864e-15 0.999986 0.00532403
v 93.5885 35.5119 91.771
vn 3.2956e-15 0.999986 0.00532403
v 299.647 35.5751 79.9037
vn -4.94476e-15 0.999986 0.00532403
v 299.604 35.5234 89.6115
vn -4.94476e-15 0.999986 0.00532403
v 278.27 35.5466 85.2529
vn 8.91262e-15 0.999986 0.00532403
v 268.568 35.5277 88.804
vn 3.12573e-15 0.999986 0.00532403
v 270.623 35.5818 78.6469
vn 3.12573e-15 0.999986 0.00532403
v 260.827 35.5601 82.7176
vn 3.12573e-15 0.999986 0.00532403
v 210.401 35.6161 72.2101
vn -6.76926e-15 0.999986 0.00532403
v 218.639 35.6037 74.5389
vn -6.76926e-15 0.999986 0.00532403
v 203.539 35.5813 78.7339
vn 8.61419e-16 0.999986 0.00532403
v 195.779 35.5489 84.8181
vn 8.61419e-16 0.999986 0.00532403
v 123.054 35.5254 89.2349
vn 2.62429e-15 0.999986 0.00532403
v 121.652 35.5747 79.9691
vn -1.25592e-15 0.999986 0.00532403
v 84.3585 35.5412 86.2707
vn -3.25029e-15 0.999986 0.00532403
v 299.689 35.6247 70.5917
vn -3.98277e-15 0.999986 0.00532403
v 262.497 35.6202 71.4368
vn -4.93977e-16 0.999986 0.00532403
v 201.035 35.6368 68.3228
vn -5.45624e-16 0.999986 0.00532403
v 58.8581 35.5782 79.3154
vn -3.32476e-15 0.999986 0.00532403
v 259.677 35.6771 60.7362
vn -3.7213e-15 0.999986 0.00532403
v 199.379 35.6918 57.9873
vn -5.58064e-15 0.999986 0.00532403
v 208.775 35.6709 61.9182
vn -5.58064e-15 0.999986 0.00532403
v 163.966 35.6519 65.4769
vn 8.48504e-17 0.999986 0.00532403
v 65.8199 35.6653 62.9653
vn 3.123e-15 0.999986 0.00532403
v 45.1571 35.6821 59.7972
vn 6.90414e-15 0.999986 0.00532403
v 38.0261 35.6437 67.0248
vn 6.90414e-15 0.999986 0.00532403
v 299.766 35.7168 53.2928
vn 7.4022e-15 0.999986 0.00532403
v 292.991 35.6633 63.3412
vn 7.4022e-15 0.999986 0.00532403
v 299.728 35.6718 61.7309
vn 7.4022e-15 0.999986 0.00532403
v 111.754 35.6925 57.8556
vn 7.92162e-15 0.999986 0.00532403
v 104.92 35.7275 51.2875
vn 7.92162e-15 0.999986 0.00532403
v 41.9687 35.7221 52.2908
vn -7.23228e-15 0.999986 0.00532403
v 290.566 35.7538 46.3473
vn -5.93257e-15 0.999986 0.00532403
v 299.815 35.775 42.3489
vn -5.93257e-15 0.999986 0.00532403
v 225.776 35.7302 50.7642
vn 5.55778e-15 0.999986 0.00532403
v 234.547 35.7552 46.0836
vn 5.55778e-15 0.999986 0.00532403
v 225.112 35.7848 40.5211
vn 5.55778e-15 0.999986 0.00532403
v 163.653 35.8053 36.6575
vn -1.26939e-14 0.999986 0.00532403
v 121.4 35.7093 54.6952
vn -4.36488e-16 0.999986 0.00532403
v 98.4156 35.8039 36.9368
vn -1.32881e-15 0.999986 0.00532403
v 299.861 35.8307 31.8935
vn -9.48957e-15 0.999986 0.00532403
v 263.701 35.7762 42.1251
vn -3.44282e-16 0.999986 0.00532403
v 256.575 35.7293 50.9452
vn 1.72434e-15 0.999986 0.00532403
v 170.922 35.8484 28.5673
vn -3.74757e-15 0.999986 0.00532403
v 161.093 35.859 26.5794
vn -3.74757e-15 0.999986 0.00532403
v 90.3439 35.8241 33.1389
vn 4.54228e-15 0.999986 0.00532403
v 299.906 35.8833 22.0228
vn -1.04683e-14 0.999986 0.00532403
v 188.882 35.8855 21.6069
vn 2.87429e-15 0.999986 0.00532403
v 180.569 35.8419 29.7862
vn 5.27957e-15 0.999986 0.00532403
v 159.891 35.9077 17.4261
vn 1.05897e-14 0.999986 0.00532403
v 152.142 35.8874 21.2396
vn -3.8442e-15 0.999986 0.00532403
v 99.1075 35.8578 26.8122
vn 1.4436e-15 0.999986 0.00532403
v 299.953 35.9401 11.3496
vn -2.32291e-15 0.999986 0.00532403
v 42.3321 35.9141 16.2228
vn 2.18893e-16 0.999986 0.00532403
v 299.997 35.9924 1.53112
vn 6.40629e-15 0.999986 0.00532403
v 293.853 35.9585 7.88403
vn 6.40629e-15 0.999986 0.00532403
v 290.531 35.9926 1.48885
vn -1.05052e-14 0.999986 0.00532403
v 285.29 35.9463 10.19
vn -1.05052e-14 0.999986 0.00532403
v 256.502 35.9443 10.562
vn -2.91619e-15 0.999986 0.00532403
v 209.683 35.9945 1.12788
vn -6.00179e-16 0.999986 0.00532403
v 123.633 35.951 9.29139
vn 3.25381e-15 0.999986 0.00532403
v 129.265 35.9964 0.768817
vn 3.70835e-15 0.999986 0.00532403
v 118.884 35.9967 0.722467
vn -8.60443e-15 0.999986 0.00532403
v 95.1972 35.9572 8.14128
vn 4.48499e-15 0.999986 0.00532403
v 51.743 35.9983 0.422692
vn 8.37252e-15 0.999986 0.00532403
v 30.868 35.9988 0.329487
vn 1.46683e-15 0.999986 0.00532403
v 95.9352 34.5625 270.088
vn -4.08738e-16 0.999986 0.00532403
v 163.614 34.597 263.622
vn -5.18223e-15 0.999986 0.00532403
v 64.8577 35.2258 145.5
vn 1.43063e-15 0.999986 0.00532403
v 99.4829 34.5139 279.223
vn 5.75465e-15 0.999986 0.00532403
v 289.785 34.4683 287.792
vn -2.6294e-15 0.999986 0.00532403
v 138.718 35.4752 98.6631
vn 3.35328e-15 0.999986 0.00532403
v 258.413 34.5559 271.34
vn -4.99376e-16 0.999986 0.00532403
v 275.586 35.4497 103.46
vn 1.84816e-15 0.999986 0.00532403
v 275.944 35.4967 94.6292
vn 1.84816e-15 0.999986 0.00532403
v 214.839 34.8271 220.387
vn 3.44143e-15 0.999986 0.00532403
v 85.9847 34.971 193.363
vn 1.86811e-15 0.999986 0.00532403
v 60.3523 34.9967 188.539
vn 3.11492e-15 0.999986 0.00532403
v 177.343 34.7131 241.803
vn -2.29643e-15 0.999986 0.00532403
v 45.4514 34.8704 212.269
vn -2.38521e-16 0.999986 0.00532403
v 262.728 34.7083 242.718
vn -1.83537e-15 0.999986 0.00532403
v 280.322 35.9928 1.44327
vn 1.74299e-15 0.999986 0.00532403
v 282.378 34.3391 312.045
vn -7.9124e-15 0.999986 0.00532403
v 169.387 35.9955 0.94796
vn 7.79629e-16 0.999986 0.00532403
v 43.5792 34.1883 340.385
vn -1.82951e-15 0.999986 0.00532403
v 230.368 35.994 1.22023
vn -7.96757e-15 0.999986 0.00532403
v 220.056 34.3 319.404
vn -5.54501e-15 0.999986 0.00532403
v 177.239 34.3793 304.501
vn -3.02752e-15 0.999986 0.00532403
v 149.586 34.1857 340.858
vn -8.34295e-15 0.999986 0.00532403
v 189.55 35.7136 53.8891
vn 3.86704e-15 0.999986 0.00532403
v 78.3126 35.7479 47.4491
vn -2.22268e-15 0.999986 0.00532403
v 83.4968 35.8489 28.4752
vn 3.60259e-15 0.999986 0.00532403
v 148.902 35.9959 0.856493
vn 6.65941e-15 0.999986 0.00532403
v 50.1089 34.6377 255.976
vn -1.47991e-16 0.999986 0.00532403
v 98.9278 35.9971 0.633366
vn 2.30518e-15 0.999986 0.00532403
v 106.778 34.5498 272.478
vn -7.87987e-16 0.999986 0.00532403
v 79.6427 35.9976 0.547261
vn 3.4427e-16 0.999986 0.00532403
v 198.634 35.1324 163.052
vn -9.61967e-16 0.999986 0.00532403
v 28.4028 35.2544 140.143
vn 7.55237e-17 0.999986 0.00532403
v 161.981 35.2194 146.721
vn -2.12214e-15 0.999986 0.00532403
v 280.646 35.2554 139.948
vn 2.75926e-15 0.999986 0.00532403
v 277.628 35.3104 129.616
vn -3.21288e-15 0.999986 0.00532403
v -0.446165 35.4675 100.116
vn -3.40088e-15 0.999986 0.00532403
v 126.531 34.278 323.537
vn -3.86984e-15 0.999986 0.00532403
v 33.2837 34.313 316.951
vn 1.5741e-15 0.999986 0.00532403
v 210.438 34.4841 284.813
vn 6.96916e-15 0.999986 0.00532403
v 258.437 34.1832 341.344
vn -3.09289e-15 0.999986 0.00532403
v 279.037 34.1827 341.436
vn -1.97945e-15 0.999986 0.00532403
v 157.171 35.7616 44.8789
vn 8.30379e-16 0.999986 0.00532403
v 60.3582 35.7111 54.3557
vn 2.75595e-15 0.999986 0.00532403
v 119.527 35.242 142.473
vn 6.82475e-16 0.999986 0.00532403
v 196.465 34.9403 199.133
vn 3.64271e-15 0.999986 0.00532403
v 298.612 34.3414 311.62
vn -9.2351e-15 0.999986 0.00532403
v 268.844 -1.81658 341.199
vn 2.55503e-15 0.999986 0.00532403
v 274.457 -1.76249 331.039
vn 2.55503e-15 0.999986 0.00532403
v 263.819 -1.7627 331.078
vn 2.55503e-15 0.999986 0.00532403
v 219.337 -1.75288 329.233
vn 3.30518e-15 0.999986 0.00532403
v 219.862 -1.81542 340.98
vn 3.30518e-15 0.999986 0.00532403
v 226.522 -1.77509 333.407
vn 3.30518e-15 0.999986 0.00532403
v 201.899 -1.81499 340.9
vn 8.51572e-15 0.999986 0.00532403
v 202.619 -1.74901 328.507
vn 8.51572e-15 0.999986 0.00532403
v 195.34 -1.77184 332.795
vn 8.51572e-15 0.999986 0.00532403
v 191.379 -1.81474 340.853
vn 6.52236e-15 0.999986 0.00532403
v 181.163 -1.8145 340.807
vn -6.20331e-16 0.999986 0.00532403
v 186.512 -1.76614 331.725
vn -6.20331e-16 0.999986 0.00532403
v 176.383 -1.7651 331.529
vn -6.20331e-16 0.999986 0.00532403
v 171.047 -1.81426 340.762
vn 3.5813e-15 0.999986 0.00532403
v 139.402 -1.8135 340.621
vn -1.18887e-15 0.999986 0.00532403
v 144.699 -1.75415 329.473
vn -1.18887e-15 0.999986 0.00532403
v 133.553 -1.76355 331.238
vn -1.18887e-15 0.999986 0.00532403
v 128.73 -1.81325 340.573
vn 1.70931e-15 0.999986 0.00532403
v 101.544 -1.76883 332.231
vn -5.92923e-15 0.999986 0.00532403
v 112.321 -1.77123 332.682
vn -5.92923e-15 0.999986 0.00532403
v 107.701 -1.73455 325.792
vn -5.92923e-15 0.999986 0.00532403
v 90.6818 -1.75653 329.921
vn 1.48924e-15 0.999986 0.00532403
v 79.6796 -1.75963 330.501
vn 1.48924e-15 0.999986 0.00532403
v 85.2433 -1.81222 340.379
vn 1.48924e-15 0.999986 0.00532403
v 58.6401 -1.76289 331.114
vn 2.84984e-15 0.999986 0.00532403
v 64.1651 -1.81172 340.285
vn 2.84984e-15 0.999986 0.00532403
v 69.2335 -1.76194 330.937
vn 2.84984e-15 0.999986 0.00532403
v 48.237 -1.7609 330.741
vn 3.70006e-15 0.999986 0.00532403
v 53.7035 -1.81147 340.238
vn 3.70006e-15 0.999986 0.00532403
v -1.51807 -1.81015 339.992
vn 6.54317e-15 0.999986 0.00532403
v 4.97741 -1.77585 333.549
vn 6.54317e-15 0.999986 0.00532403
v -1.47251 -1.75584 329.789
vn 6.54317e-15 0.999986 0.00532403
v 228.447 -1.72789 324.541
vn -6.06983e-16 0.999986 0.00532403
v 235.131 -1.76441 331.4
vn -6.06983e-16 0.999986 0.00532403
v 162.331 -1.68698 316.857
vn -1.82534e-15 0.999986 0.00532403
v 161.965 -1.73071 325.071
vn -1.82534e-15 0.999986 0.00532403
v 171.477 -1.71485 322.091
vn -1.82534e-15 0.999986 0.00532403
v 145.656 -1.69027 317.474
vn -5.11923e-16 0.999986 0.00532403
v 153.453 -1.71587 322.282
vn -5.11923e-16 0.999986 0.00532403
v 99.5753 -1.72114 323.274
vn -5.47246e-15 0.999986 0.00532403
v 83.2924 -1.70701 320.619
vn 1.06993e-15 0.999986 0.00532403
v 63.5021 -1.71764 322.615
vn -7.96104e-16 0.999986 0.00532403
v 73.6626 -1.71021 321.22
vn -7.96104e-16 0.999986 0.00532403
v 38.5175 -1.76405 331.333
vn -1.29921e-15 0.999986 0.00532403
v 42.1578 -1.70951 321.089
vn -1.29921e-15 0.999986 0.00532403
v 32.0322 -1.72943 324.83
vn -1.29921e-15 0.999986 0.00532403
v 22.4985 -1.74849 328.41
vn -6.63693e-15 0.999986 0.00532403
v 15.5345 -1.71037 321.25
vn -6.63693e-15 0.999986 0.00532403
v 13.8814 -1.76384 331.293
vn -6.63693e-15 0.999986 0.00532403
v 24.6076 -1.69602 318.555
vn 1.23145e-15 0.999986 0.00532403
v 6.79838 -1.7264 324.261
vn 2.82683e-16 0.999986 0.00532403
v -1.42063 -1.69396 318.168
vn 2.82683e-16 0.999986 0.00532403
v 280.405 -1.71308 321.758
vn 3.02453e-15 0.999986 0.00532403
v 274.174 -1.66417 312.573
vn 3.02453e-15 0.999986 0.00532403
v 269.613 -1.71397 321.925
vn 3.02453e-15 0.999986 0.00532403
v 253.86 -1.76317 331.166
vn 3.51434e-15 0.999986 0.00532403
v 249.086 -1.71216 321.586
vn 3.51434e-15 0.999986 0.00532403
v 244.262 -1.76095 330.751
vn 3.51434e-15 0.999986 0.00532403
v 229.175 -1.67858 315.279
vn 7.74272e-15 0.999986 0.00532403
v 238.542 -1.70689 320.596
vn 7.74272e-15 0.999986 0.00532403
v 236.794 -1.64627 309.21
vn 7.74272e-15 0.999986 0.00532403
v 193.433 -1.71955 322.974
vn 3.37099e-15 0.999986 0.00532403
v 195.481 -1.65791 311.397
vn 3.37099e-15 0.999986 0.00532403
v 187.587 -1.68152 315.831
vn 3.37099e-15 0.999986 0.00532403
v 178.993 -1.67207 314.055
vn -2.07216e-16 0.999986 0.00532403
v 170.158 -1.65765 311.347
vn -2.07216e-16 0.999986 0.00532403
v 154.168 -1.65893 311.588
vn 5.26221e-15 0.999986 0.00532403
v 138.37 -1.6581 311.432
vn -1.95129e-16 0.999986 0.00532403
v 129.002 -1.6729 314.211
vn -1.95129e-16 0.999986 0.00532403
v 136.6 -1.71231 321.614
vn -1.95129e-16 0.999986 0.00532403
v 131.388 -1.63028 306.206
vn -3.5403e-15 0.999986 0.00532403
v 98.2397 -1.67064 313.787
vn 1.29715e-16 0.999986 0.00532403
v 91.7994 -1.70422 320.095
vn 1.29715e-16 0.999986 0.00532403
v 77.547 -1.65067 310.038
vn 5.11194e-15 0.999986 0.00532403
v 88.1332 -1.6586 311.526
vn 5.11194e-15 0.999986 0.00532403
v 58.0294 -1.67888 315.336
vn -1.42571e-16 0.999986 0.00532403
v 52.8394 -1.71529 322.175
vn -1.42571e-16 0.999986 0.00532403
v 17.9857 -1.65772 311.36
vn -1.75183e-15 0.999986 0.00532403
v -1.37275 -1.63688 307.446
vn -1.40229e-15 0.999986 0.00532403
v 7.95397 -1.67295 314.221
vn -1.40229e-15 0.999986 0.00532403
v 10.9444 -1.62153 304.563
vn -1.40229e-15 0.999986 0.00532403
v 268.688 -1.61916 304.119
vn 1.33355e-16 0.999986 0.00532403
v 264.604 -1.66957 313.587
vn 1.33355e-16 0.999986 0.00532403
v 260.113 -1.6295 306.06
vn -6.13066e-15 0.999986 0.00532403
v 252.088 -1.61252 302.87
vn -6.13066e-15 0.999986 0.00532403
v 254.804 -1.66732 313.164
vn -6.13066e-15 0.999986 0.00532403
v 228.698 -1.63226 306.578
vn 8.2551e-15 0.999986 0.00532403
v 233.3 -1.59363 299.323
vn 5.42592e-15 0.999986 0.00532403
v 223.238 -1.59653 299.869
vn 5.42592e-15 0.999986 0.00532403
v 204.262 -1.63194 306.519
vn 2.95547e-15 0.999986 0.00532403
v 195.969 -1.59571 299.715
vn 2.95547e-15 0.999986 0.00532403
v 146.985 -1.62953 306.067
vn 4.93903e-16 0.999986 0.00532403
v 76.2966 -1.58613 297.915
vn 1.90337e-15 0.999986 0.00532403
v 85.3685 -1.60653 301.745
vn 1.90337e-15 0.999986 0.00532403
v 83.3811 -1.54919 290.976
vn 1.90337e-15 0.999986 0.00532403
v 68.3748 -1.61712 303.735
vn 2.0681e-15 0.999986 0.00532403
v 59.9182 -1.5841 297.533
vn 2.0681e-15 0.999986 0.00532403
v 58.7327 -1.63474 307.044
vn 2.0681e-15 0.999986 0.00532403
v 50.8129 -1.60248 300.986
vn 1.96288e-15 0.999986 0.00532403
v 32.7489 -1.59476 299.535
vn -5.79436e-15 0.999986 0.00532403
v 38.1014 -1.65171 310.232
vn -5.79436e-15 0.999986 0.00532403
v 42.4355 -1.61552 303.434
vn -5.79436e-15 0.999986 0.00532403
v 5.36166 -1.58429 297.57
vn -2.9761e-15 0.999986 0.00532403
v 279.16 -1.60923 302.254
vn 3.2273e-15 0.999986 0.00532403
v 270.792 -1.56781 294.474
vn 3.2273e-15 0.999986 0.00532403
v 250.703 -1.55292 291.677
vn 4.86828e-15 0.999986 0.00532403
v 260.557 -1.58264 297.258
vn 4.86828e-15 0.999986 0.00532403
v 156.414 -1.59742 300.035
vn -1.53964e-15 0.999986 0.00532403
v 146.826 -1.57255 295.364
vn -1.53964e-15 0.999986 0.00532403
v 138.758 -1.60444 301.353
vn -6.0035e-15 0.999986 0.00532403
v 129.392 -1.58757 298.185
vn 3.65335e-15 0.999986 0.00532403
v 127.57 -1.54016 289.28
vn 3.65335e-15 0.999986 0.00532403
v 120.04 -1.57239 295.334
vn 3.65335e-15 0.999986 0.00532403
v 122.156 -1.62737 305.66
vn 5.13887e-15 0.999986 0.00532403
v 112.492 -1.60267 301.02
vn 7.32628e-15 0.999986 0.00532403
v 104.985 -1.63617 307.313
vn 7.32628e-15 0.999986 0.00532403
v 113.614 -1.64743 309.428
vn 7.32628e-15 0.999986 0.00532403
v 102.864 -1.58593 297.877
vn 8.90583e-15 0.999986 0.00532403
v 93.1279 -1.56974 294.837
vn 8.90583e-15 0.999986 0.00532403
v 95.2979 -1.6209 304.445
vn 8.90583e-15 0.999986 0.00532403
v 73.2411 -1.52269 285.999
vn -1.6541e-15 0.999986 0.00532403
v 27.9943 -1.6458 309.123
vn 2.96083e-15 0.999986 0.00532403
v 14.6494 -1.56762 294.438
vn -2.34874e-15 0.999986 0.00532403
v -1.29758 -1.54724 290.61
vn 7.58746e-15 0.999986 0.00532403
v -1.33621 -1.5933 299.262
vn 7.58746e-15 0.999986 0.00532403
v 280.535 -1.55096 291.308
vn -2.24363e-15 0.999986 0.00532403
v 282.778 -1.495 280.799
vn -2.24363e-15 0.999986 0.00532403
v 272.901 -1.51389 284.347
vn -2.24363e-15 0.999986 0.00532403
v 262.244 -1.53201 287.749
vn 9.12739e-16 0.999986 0.00532403
v 265.517 -1.47883 277.761
vn 9.12739e-16 0.999986 0.00532403
v 254.695 -1.49612 281.009
vn 9.12739e-16 0.999986 0.00532403
v 243.859 -1.50429 282.543
vn -2.43166e-15 0.999986 0.00532403
v 248.071 -1.45488 273.262
vn -2.43166e-15 0.999986 0.00532403
v 238.835 -1.54998 291.125
vn -6.00981e-15 0.999986 0.00532403
v 227.604 -1.54956 291.046
vn -6.00981e-15 0.999986 0.00532403
v 162.473 -1.50109 281.941
vn 6.35602e-15 0.999986 0.00532403
v 172.595 -1.5204 285.569
vn 6.35602e-15 0.999986 0.00532403
v 171.262 -1.47077 276.246
vn 6.35602e-15 0.999986 0.00532403
v 137.285 -1.55397 291.874
vn 1.74429e-15 0.999986 0.00532403
v 134.696 -1.50484 282.647
vn 1.74429e-15 0.999986 0.00532403
v 118.198 -1.51996 285.486
vn -9.74179e-15 0.999986 0.00532403
v 110.632 -1.55242 291.583
vn -9.74179e-15 0.999986 0.00532403
v 82.3919 -1.49222 280.277
vn 2.17532e-15 0.999986 0.00532403
v 91.5467 -1.51879 285.266
vn 2.17532e-15 0.999986 0.00532403
v 90.4744 -1.47193 276.466
vn 2.17532e-15 0.999986 0.00532403
v 34.1063 -1.53434 288.186
vn 4.96426e-15 0.999986 0.00532403
v 35.815 -1.47885 277.765
vn 4.96426e-15 0.999986 0.00532403
v 26.0392 -1.49383 280.578
vn 4.96426e-15 0.999986 0.00532403
v 17.5754 -1.45589 273.452
vn -1.31515e-15 0.999986 0.00532403
v 16.5695 -1.51221 284.031
vn -1.31515e-15 0.999986 0.00532403
v 7.43053 -1.53022 287.414
vn 3.28074e-15 0.999986 0.00532403
v -1.25679 -1.49861 281.476
vn 3.28074e-15 0.999986 0.00532403
v 242.263 -1.41196 265.201
vn 3.90633e-16 0.999986 0.00532403
v 237.494 -1.45952 274.134
vn 3.90633e-16 0.999986 0.00532403
v 232.467 -1.50447 282.576
vn 5.33376e-15 0.999986 0.00532403
v 221.071 -1.50509 282.693
vn 4.71827e-15 0.999986 0.00532403
v 216.933 -1.55728 292.496
vn 4.71827e-15 0.999986 0.00532403
v 192.035 -1.49771 281.307
vn 3.32403e-15 0.999986 0.00532403
v 195.684 -1.44203 270.849
vn 3.32403e-15 0.999986 0.00532403
v 187.337 -1.45651 273.568
vn 3.32403e-15 0.999986 0.00532403
v 180.917 -1.488 279.484
vn -4.28117e-15 0.999986 0.00532403
v 179.309 -1.4386 270.205
vn -4.28117e-15 0.999986 0.00532403
v 170.988 -1.41993 266.698
vn -1.40915e-15 0.999986 0.00532403
v 162.208 -1.44969 272.287
vn -1.40915e-15 0.999986 0.00532403
v 155.257 -1.41437 265.653
vn 2.92873e-15 0.999986 0.00532403
v 152.162 -1.47266 276.603
vn 2.92873e-15 0.999986 0.00532403
v 140.783 -1.46494 275.153
vn 5.23337e-16 0.999986 0.00532403
v 144.778 -1.51646 284.83
vn 5.23337e-16 0.999986 0.00532403
v 129.652 -1.45897 274.031
vn 9.74353e-15 0.999986 0.00532403
v 117.924 -1.46328 274.84
vn 9.74353e-15 0.999986 0.00532403
v 125.418 -1.49616 281.016
vn 9.74353e-15 0.999986 0.00532403
v 65.7653 -1.4269 268.008
vn -6.92499e-15 0.999986 0.00532403
v 56.2605 -1.44783 271.939
vn -6.92499e-15 0.999986 0.00532403
v 64.6392 -1.48188 278.333
vn -6.92499e-15 0.999986 0.00532403
v 54.2818 -1.4986 281.475
vn -6.27376e-15 0.999986 0.00532403
v 46.1982 -1.46484 275.133
vn -6.27376e-15 0.999986 0.00532403
v 44.0394 -1.51558 284.663
vn -6.27376e-15 0.999986 0.00532403
v 38.6306 -1.42993 268.576
vn 3.11335e-15 0.999986 0.00532403
v 27.4821 -1.43441 269.418
vn 7.21033e-15 0.999986 0.00532403
v 8.21664 -1.47712 277.44
vn -5.67995e-16 0.999986 0.00532403
v -1.21384 -1.44739 271.856
vn -5.67995e-16 0.999986 0.00532403
v 287.684 -1.43869 270.221
vn -6.2833e-15 0.999986 0.00532403
v 291.18 -1.48384 278.702
vn -6.2833e-15 0.999986 0.00532403
v 298.782 -1.45576 273.429
vn -6.2833e-15 0.999986 0.00532403
v 270.756 -1.37233 257.758
vn 8.21076e-15 0.999986 0.00532403
v 268.716 -1.42572 267.785
vn 8.21076e-15 0.999986 0.00532403
v 279.005 -1.40491 263.876
vn 8.21076e-15 0.999986 0.00532403
v 251.847 -1.406 264.081
vn -2.04254e-15 0.999986 0.00532403
v 232.365 -1.41619 265.995
vn 6.5646e-15 0.999986 0.00532403
v 222.235 -1.41064 264.953
vn 6.5646e-15 0.999986 0.00532403
v 226.233 -1.45917 274.069
vn 6.5646e-15 0.999986 0.00532403
v 214.369 -1.45437 273.166
vn -2.58626e-15 0.999986 0.00532403
v 213.438 -1.3896 261.002
vn -2.58626e-15 0.999986 0.00532403
v 204.954 -1.41943 266.604
vn -2.58626e-15 0.999986 0.00532403
v 196.229 -1.38649 260.417
vn -1.46473e-15 0.999986 0.00532403
v 178.828 -1.38735 260.578
vn 4.07917e-15 0.999986 0.00532403
v 187.598 -1.41005 264.843
vn 4.07917e-15 0.999986 0.00532403
v 124.157 -1.41595 265.951
vn -6.08316e-15 0.999986 0.00532403
v 113.523 -1.41145 265.106
vn -6.08316e-15 0.999986 0.00532403
v 102.855 -1.40063 263.073
vn -3.32489e-15 0.999986 0.00532403
v 109.242 -1.36239 255.892
vn -3.32489e-15 0.999986 0.00532403
v 99.1722 -1.35098 253.748
vn 7.54855e-15 0.999986 0.00532403
v 92.2518 -1.3897 261.021
vn 7.54855e-15 0.999986 0.00532403
v 82.5429 -1.37326 257.933
vn -2.18104e-15 0.999986 0.00532403
v 84.3429 -1.43167 268.902
vn -2.18104e-15 0.999986 0.00532403
v 74.5775 -1.40147 263.231
vn 1.03684e-14 0.999986 0.00532403
v 65.9443 -1.36884 257.103
vn 1.03684e-14 0.999986 0.00532403
v 41.5432 -1.37939 259.084
vn -5.92847e-15 0.999986 0.00532403
v 33.2749 -1.39557 262.122
vn -5.92847e-15 0.999986 0.00532403
v 25.6117 -1.3752 258.296
vn 9.60491e-15 0.999986 0.00532403
v 8.50368 -1.42317 267.307
vn -2.60637e-15 0.999986 0.00532403
v -1.16982 -1.3949 261.996
vn -2.60637e-15 0.999986 0.00532403
v 271.59 -1.3192 247.778
vn -3.13462e-15 0.999986 0.00532403
v 262.386 -1.34024 251.731
vn -3.13462e-15 0.999986 0.00532403
v 246.598 -1.36165 255.751
vn -6.32713e-15 0.999986 0.00532403
v 254.892 -1.36107 255.643
vn -6.32713e-15 0.999986 0.00532403
v 228.803 -1.37552 258.358
vn -2.33974e-15 0.999986 0.00532403
v 237.318 -1.36829 256.998
vn -2.33974e-15 0.999986 0.00532403
v 231.1 -1.3294 249.694
vn -2.33974e-15 0.999986 0.00532403
v 195.829 -1.33061 249.922
vn 2.12207e-15 0.999986 0.00532403
v 187.229 -1.35863 255.184
vn 2.12207e-15 0.999986 0.00532403
v 160.231 -1.36146 255.716
vn 8.11669e-15 0.999986 0.00532403
v 169.849 -1.36719 256.792
vn 8.11669e-15 0.999986 0.00532403
v 167.063 -1.3134 246.69
vn 8.11669e-15 0.999986 0.00532403
v 145.733 -1.41968 266.651
vn 3.02185e-15 0.999986 0.00532403
v 150.263 -1.3681 256.963
vn 3.02185e-15 0.999986 0.00532403
v 140.166 -1.37115 257.537
vn 3.02185e-15 0.999986 0.00532403
v 89.6778 -1.33714 251.148
vn -2.64773e-15 0.999986 0.00532403
v 81.081 -1.32204 248.312
vn -2.64773e-15 0.999986 0.00532403
v 73.5023 -1.34066 251.81
vn -3.04335e-15 0.999986 0.00532403
v 74.8627 -1.27947 240.317
vn -3.04335e-15 0.999986 0.00532403
v 64.0748 -1.30588 245.277
vn -3.04335e-15 0.999986 0.00532403
v 58.3145 -1.34673 252.949
vn 6.55166e-15 0.999986 0.00532403
v 57.5891 -1.39602 262.206
vn 6.55166e-15 0.999986 0.00532403
v 48.4383 -1.41425 265.631
vn 3.55657e-15 0.999986 0.00532403
v 34.3164 -1.34959 253.486
vn -2.11787e-15 0.999986 0.00532403
v 17.5666 -1.39856 262.685
vn 1.08982e-15 0.999986 0.00532403
v 17.6285 -1.33516 250.776
vn 1.08982e-15 0.999986 0.00532403
v 8.56799 -1.36793 256.931
vn 1.08982e-15 0.999986 0.00532403
v -1.12587 -1.3425 252.155
vn -1.33631e-15 0.999986 0.00532403
v 280.206 -1.34973 253.513
vn -4.37426e-15 0.999986 0.00532403
v 280.692 -1.2945 243.14
vn -4.37426e-15 0.999986 0.00532403
v 252.483 -1.31238 246.498
vn -6.24274e-15 0.999986 0.00532403
v 223.215 -1.2954 243.309
vn 1.15727e-15 0.999986 0.00532403
v 213.407 -1.32921 249.659
vn 1.15727e-15 0.999986 0.00532403
v 221.672 -1.35348 254.217
vn 1.15727e-15 0.999986 0.00532403
v 195.278 -1.2727 239.044
vn -4.92859e-15 0.999986 0.00532403
v 186.409 -1.25235 235.222
vn -4.92859e-15 0.999986 0.00532403
v 186.73 -1.306 245.298
vn -4.92859e-15 0.999986 0.00532403
v 129.789 -1.37097 257.502
vn 8.31842e-16 0.999986 0.00532403
v 124.702 -1.32428 248.732
vn 8.31842e-16 0.999986 0.00532403
v 119.479 -1.36891 257.116
vn 8.31842e-16 0.999986 0.00532403
v 7.98294 -1.31391 246.784
vn -9.34711e-15 0.999986 0.00532403
v -1.0813 -1.28935 242.171
vn -9.34711e-15 0.999986 0.00532403
v 271.999 -1.26607 237.799
vn 2.5235e-15 0.999986 0.00532403
v 280.572 -1.23912 232.737
vn 2.5235e-15 0.999986 0.00532403
v 270.734 -1.20963 227.199
vn 2.5235e-15 0.999986 0.00532403
v 264.028 -1.24507 233.856
vn -4.66083e-15 0.999986 0.00532403
v 245.307 -1.26885 238.322
vn -7.47858e-15 0.999986 0.00532403
v 255.071 -1.25698 236.092
vn -7.47858e-15 0.999986 0.00532403
v 234.69 -1.28057 240.524
vn 6.71328e-15 0.999986 0.00532403
v 238.829 -1.2286 230.761
vn 6.71328e-15 0.999986 0.00532403
v 228.778 -1.24267 233.405
vn 6.71328e-15 0.999986 0.00532403
v 220.024 -1.24952 234.691
vn -8.4715e-15 0.999986 0.00532403
v 203.674 -1.24457 233.762
vn -1.58992e-15 0.999986 0.00532403
v 212.698 -1.22216 229.553
vn -1.58992e-15 0.999986 0.00532403
v 204.825 -1.1897 223.454
vn -1.58992e-15 0.999986 0.00532403
v 153.698 -1.22608 230.287
vn -3.85292e-15 0.999986 0.00532403
v 163.359 -1.21582 228.361
vn -3.85292e-15 0.999986 0.00532403
v 157.333 -1.17401 220.508
vn -3.85292e-15 0.999986 0.00532403
v 102.815 -1.26087 236.822
vn 8.69303e-15 0.999986 0.00532403
v 92.9491 -1.24546 233.928
vn 8.69303e-15 0.999986 0.00532403
v 95.912 -1.29834 243.861
vn 8.69303e-15 0.999986 0.00532403
v 82.647 -1.23267 231.525
vn -7.1977e-15 0.999986 0.00532403
v 86.0312 -1.28425 241.214
vn -7.1977e-15 0.999986 0.00532403
v 73.7543 -1.22383 229.865
vn 5.86065e-15 0.999986 0.00532403
v 78.5337 -1.17472 220.642
vn 5.86065e-15 0.999986 0.00532403
v 65.4038 -1.24601 234.032
vn -3.8627e-16 0.999986 0.00532403
v 66.7825 -1.18701 222.949
vn -3.8627e-16 0.999986 0.00532403
v 57.3304 -1.20628 226.57
vn -2.37138e-15 0.999986 0.00532403
v 55.5926 -1.26262 237.151
vn -2.37138e-15 0.999986 0.00532403
v 6.49823 -1.26363 237.342
vn -1.94051e-15 0.999986 0.00532403
v -1.03499 -1.23413 231.801
vn -1.94051e-15 0.999986 0.00532403
v 289.587 -1.26842 238.241
vn 4.24009e-16 0.999986 0.00532403
v 259.145 -1.20604 226.525
vn 6.53136e-15 0.999986 0.00532403
v 248.943 -1.2143 228.076
vn 6.53136e-15 0.999986 0.00532403
v 222.331 -1.20458 226.25
vn -9.42158e-15 0.999986 0.00532403
v 194.374 -1.20953 227.18
vn 4.35316e-15 0.999986 0.00532403
v 198.058 -1.15026 216.047
vn 4.35316e-15 0.999986 0.00532403
v 167.163 -1.1635 218.535
vn -2.48712e-15 0.999986 0.00532403
v 137.824 -1.18894 223.313
vn -1.2769e-15 0.999986 0.00532403
v 133.564 -1.2341 231.794
vn -1.2769e-15 0.999986 0.00532403
v 143.66 -1.23237 231.47
vn -1.2769e-15 0.999986 0.00532403
v 118.23 -1.18753 223.047
vn 6.78226e-16 0.999986 0.00532403
v 124.002 -1.15075 216.139
vn 6.78226e-16 0.999986 0.00532403
v 115.698 -1.13605 213.378
vn 6.78226e-16 0.999986 0.00532403
v 100.783 -1.20969 227.211
vn 4.8246e-15 0.999986 0.00532403
v 89.9929 -1.19254 223.988
vn 4.8246e-15 0.999986 0.00532403
v 98.3418 -1.15681 217.278
vn 2.82387e-15 0.999986 0.00532403
v 68.8986 -1.13627 213.42
vn 3.44954e-15 0.999986 0.00532403
v 48.0355 -1.17954 221.547
vn -3.51157e-15 0.999986 0.00532403
v 48.9294 -1.22792 230.634
vn -3.51157e-15 0.999986 0.00532403
v 29.4681 -1.19988 225.367
vn 3.69122e-15 0.999986 0.00532403
v 21.3947 -1.23353 231.687
vn 3.69122e-15 0.999986 0.00532403
v 32.3636 -1.25051 234.878
vn 3.69122e-15 0.999986 0.00532403
v 10.0032 -1.21588 228.372
vn 1.58275e-15 0.999986 0.00532403
v 273.308 -1.16083 218.033
vn -5.24584e-15 0.999986 0.00532403
v 280.844 -1.18498 222.568
vn -5.24584e-15 0.999986 0.00532403
v 280.426 -1.12624 211.535
vn -5.24584e-15 0.999986 0.00532403
v 269.698 -1.11728 209.853
vn 4.05583e-15 0.999986 0.00532403
v 264.123 -1.16362 218.556
vn 4.05583e-15 0.999986 0.00532403
v 252.973 -1.15762 217.43
vn 4.45154e-15 0.999986 0.00532403
v 244.138 -1.12116 210.582
vn 4.45154e-15 0.999986 0.00532403
v 242.229 -1.17496 220.687
vn 4.45154e-15 0.999986 0.00532403
v 234.594 -1.13939 214.005
vn -2.5023e-16 0.999986 0.00532403
v 224.842 -1.1567 217.257
vn -2.5023e-16 0.999986 0.00532403
v 232.147 -1.19096 223.692
vn -2.5023e-16 0.999986 0.00532403
v 160.442 -1.11902 210.179
vn 3.02319e-15 0.999986 0.00532403
v 171.651 -1.11517 209.456
vn 3.02319e-15 0.999986 0.00532403
v 166.504 -1.07165 201.282
vn 3.02319e-15 0.999986 0.00532403
v 132.919 -1.13738 213.629
vn 7.037e-15 0.999986 0.00532403
v 141.898 -1.151 216.186
vn 7.037e-15 0.999986 0.00532403
v 141.553 -1.10687 207.898
vn 7.037e-15 0.999986 0.00532403
v 108.427 -1.17438 220.577
vn -3.58724e-15 0.999986 0.00532403
v 106.505 -1.11978 210.323
vn -3.58724e-15 0.999986 0.00532403
v 88.1212 -1.13902 213.937
vn -3.98784e-15 0.999986 0.00532403
v 78.804 -1.11579 209.573
vn -3.98784e-15 0.999986 0.00532403
v 34.7923 -1.11588 209.59
vn 1.15379e-15 0.999986 0.00532403
v 27.2565 -1.15033 216.061
vn 1.15379e-15 0.999986 0.00532403
v 37.6065 -1.16529 218.871
vn 1.15379e-15 0.999986 0.00532403
v 8.90499 -1.15626 217.174
vn -4.952e-15 0.999986 0.00532403
v -0.945568 -1.1275 211.773
vn -4.952e-15 0.999986 0.00532403
v -0.992035 -1.18291 222.18
vn -4.952e-15 0.999986 0.00532403
v 299.099 -1.07764 202.408
vn 3.71233e-15 0.999986 0.00532403
v 290.297 -1.10536 207.615
vn 3.71233e-15 0.999986 0.00532403
v 299.053 -1.13291 212.788
vn 3.71233e-15 0.999986 0.00532403
v 263.891 -1.06977 200.929
vn -7.20396e-16 0.999986 0.00532403
v 260.633 -1.12076 210.507
vn -7.20396e-16 0.999986 0.00532403
v 244.673 -1.0671 200.428
vn 5.66631e-15 0.999986 0.00532403
v 253.406 -1.09765 206.166
vn 5.66631e-15 0.999986 0.00532403
v 235.781 -1.08496 203.782
vn -6.34711e-15 0.999986 0.00532403
v 219.939 -1.0817 203.17
vn 1.38718e-15 0.999986 0.00532403
v 216.875 -1.04034 195.402
vn 1.38718e-15 0.999986 0.00532403
v 211.197 -1.08424 203.647
vn 1.38718e-15 0.999986 0.00532403
v 201.987 -1.09488 205.646
vn 1.07526e-15 0.999986 0.00532403
v 192.085 -1.10439 207.431
vn 1.07526e-15 0.999986 0.00532403
v 182.229 -1.10854 208.211
vn 5.62628e-15 0.999986 0.00532403
v 188.18 -1.15639 217.199
vn 5.62628e-15 0.999986 0.00532403
v 186.824 -1.05278 197.738
vn 5.77437e-15 0.999986 0.00532403
v 150.396 -1.13721 213.596
vn -3.40521e-15 0.999986 0.00532403
v 150.616 -1.08897 204.535
vn -3.40521e-15 0.999986 0.00532403
v 132.951 -1.07864 202.596
vn 4.17345e-15 0.999986 0.00532403
v 124.163 -1.10487 207.521
vn 2.58352e-16 0.999986 0.00532403
v 114.874 -1.08254 203.328
vn 2.06513e-15 0.999986 0.00532403
v 105.434 -1.06607 200.235
vn 2.06513e-15 0.999986 0.00532403
v 96.825 -1.10314 207.198
vn -2.90757e-15 0.999986 0.00532403
v 95.5156 -1.05064 197.336
vn -2.90757e-15 0.999986 0.00532403
v 61.8907 -1.09138 204.988
vn -2.8394e-15 0.999986 0.00532403
v 51.5452 -1.08912 204.563
vn -2.8394e-15 0.999986 0.00532403
v 57.2369 -1.14549 215.152
vn -2.8394e-15 0.999986 0.00532403
v 46.2289 -1.03652 194.684
vn -7.11104e-15 0.999986 0.00532403
v 56.5476 -1.04346 195.987
vn -7.11104e-15 0.999986 0.00532403
v 290.589 -1.05015 197.244
vn 6.25569e-15 0.999986 0.00532403
v 289.635 -0.99601 187.075
vn 6.25569e-15 0.999986 0.00532403
v 281.524 -1.02987 193.435
vn 6.25569e-15 0.999986 0.00532403
v 271.83 -1.02342 192.223
vn 5.03274e-15 0.999986 0.00532403
v 274.806 -1.07409 201.741
vn 5.03274e-15 0.999986 0.00532403
v 261.999 -1.01581 190.794
vn 6.56295e-16 0.999986 0.00532403
v 254.112 -1.04613 196.489
vn 1.51971e-15 0.999986 0.00532403
v 227.212 -1.05554 198.256
vn -9.7208e-16 0.999986 0.00532403
v 226.998 -1.1075 208.016
vn -9.7208e-16 0.999986 0.00532403
v 179.081 -1.0211 191.787
vn 5.29734e-16 0.999986 0.00532403
v 176.319 -1.06662 200.338
vn 5.29734e-16 0.999986 0.00532403
v 170.382 -1.02196 191.949
vn 3.03345e-15 0.999986 0.00532403
v 160.984 -1.027 192.896
vn 3.03345e-15 0.999986 0.00532403
v 158.081 -1.0706 201.085
vn -1.59909e-15 0.999986 0.00532403
v 151.423 -1.03835 195.027
vn -1.59909e-15 0.999986 0.00532403
v 123.862 -1.05275 197.732
vn -9.37171e-15 0.999986 0.00532403
v 133.4 -1.01985 191.554
vn -9.37171e-15 0.999986 0.00532403
v 123.632 -1.00678 189.099
vn -9.37171e-15 0.999986 0.00532403
v 114.143 -1.02427 192.384
vn -1.04785e-14 0.999986 0.00532403
v 87.2168 -1.08336 203.482
vn 9.13927e-15 0.999986 0.00532403
v 18.5631 -1.06752 200.507
vn -2.26582e-15 0.999986 0.00532403
v 16.1923 -1.01506 190.654
vn -2.26582e-15 0.999986 0.00532403
v 8.49147 -1.04319 195.937
vn -2.26582e-15 0.999986 0.00532403
v -0.898304 -1.07114 201.188
vn 4.7446e-15 0.999986 0.00532403
v -0.850982 -1.01472 190.589
vn 4.7446e-15 0.999986 0.00532403
v 268.639 -0.976059 183.328
vn 3.02987e-15 0.999986 0.00532403
v 259.496 -0.970062 182.202
vn 3.02987e-15 0.999986 0.00532403
v 252.611 -0.994025 186.702
vn -1.40435e-14 0.999986 0.00532403
v 242.976 -0.978721 183.828
vn -1.97331e-15 0.999986 0.00532403
v 232.65 -0.969835 182.159
vn -1.97331e-15 0.999986 0.00532403
v 236.046 -1.02579 192.668
vn -1.97331e-15 0.999986 0.00532403
v 205.772 -1.03591 194.57
vn -6.94405e-15 0.999986 0.00532403
v 203.703 -0.977933 183.68
vn -6.94405e-15 0.999986 0.00532403
v 195.5 -1.01259 190.189
vn -6.94405e-15 0.999986 0.00532403
v 175.195 -0.972411 182.643
vn 2.98977e-15 0.999986 0.00532403
v 103.636 -1.01668 190.957
vn -1.18393e-14 0.999986 0.00532403
v 101.079 -0.973755 182.895
vn -1.18393e-14 0.999986 0.00532403
v 93.9994 -0.999822 187.791
vn -1.18393e-14 0.999986 0.00532403
v 76.7135 -1.00322 188.43
vn 6.15933e-15 0.999986 0.00532403
v 67.8232 -0.979066 183.893
vn 6.15933e-15 0.999986 0.00532403
v 67.5882 -1.03806 194.973
vn 6.15933e-15 0.999986 0.00532403
v 57.6891 -0.956237 179.605
vn 1.58205e-15 0.999986 0.00532403
v 65.6411 -0.928487 174.393
vn 1.58205e-15 0.999986 0.00532403
v 30.6932 -0.976751 183.458
vn -1.37082e-15 0.999986 0.00532403
v 25.0623 -1.01862 191.323
vn -1.37082e-15 0.999986 0.00532403
v 35.6968 -1.02696 192.889
vn -1.37082e-15 0.999986 0.00532403
v 8.83298 -0.98645 185.28
vn 5.65325e-15 0.999986 0.00532403
v -0.804685 -0.959512 180.22
vn 5.65325e-15 0.999986 0.00532403
v 263.35 -0.930537 174.778
vn -5.40559e-15 0.999986 0.00532403
v 270.395 -0.886073 166.427
vn -5.40559e-15 0.999986 0.00532403
v 258.256 -0.890736 167.302
vn -5.40559e-15 0.999986 0.00532403
v 247.337 -0.889466 167.064
vn 8.33931e-15 0.999986 0.00532403
v 251.771 -0.939017 176.371
vn 8.33931e-15 0.999986 0.00532403
v 240.311 -0.929817 174.643
vn -2.75926e-16 0.999986 0.00532403
v 236.766 -0.880996 165.473
vn -2.93348e-15 0.999986 0.00532403
v 229.535 -0.918814 172.576
vn -2.93348e-15 0.999986 0.00532403
v 221.93 -0.955517 179.47
vn 1.62953e-15 0.999986 0.00532403
v 219.023 -0.904012 169.796
vn -1.86046e-16 0.999986 0.00532403
v 211.423 -0.940261 176.604
vn -1.86046e-16 0.999986 0.00532403
v 201.319 -0.922564 173.28
vn -2.55421e-15 0.999986 0.00532403
v 193.776 -0.958672 180.062
vn -2.55421e-15 0.999986 0.00532403
v 185.856 -0.993165 186.541
vn 5.14413e-15 0.999986 0.00532403
v 184.102 -0.940827 176.711
vn 5.14413e-15 0.999986 0.00532403
v 160.452 -0.880118 165.308
vn 8.71795e-16 0.999986 0.00532403
v 167.183 -0.928372 174.371
vn 8.71795e-16 0.999986 0.00532403
v 171.22 -0.879337 165.161
vn 8.71795e-16 0.999986 0.00532403
v 157.559 -0.937844 176.15
vn -5.35614e-15 0.999986 0.00532403
v 150.418 -0.90297 169.6
vn -5.35614e-15 0.999986 0.00532403
v 147.644 -0.953503 179.092
vn -5.35614e-15 0.999986 0.00532403
v 140.897 -0.916523 172.146
vn 6.70946e-15 0.999986 0.00532403
v 133.179 -0.881405 165.55
vn 6.70946e-15 0.999986 0.00532403
v 132.48 -0.927763 174.257
vn 6.70946e-15 0.999986 0.00532403
v 123.642 -0.909784 170.88
vn 5.94251e-16 0.999986 0.00532403
v 128.216 -0.966385 181.511
vn 5.94251e-16 0.999986 0.00532403
v 109.558 -0.972712 182.699
vn 7.71959e-15 0.999986 0.00532403
v 103.654 -0.930323 174.738
vn 7.71959e-15 0.999986 0.00532403
v 85.3057 -0.973668 182.879
vn -1.05546e-14 0.999986 0.00532403
v 94.1929 -0.948216 178.098
vn -1.05546e-14 0.999986 0.00532403
v 86.6433 -0.919857 172.772
vn -1.05546e-14 0.999986 0.00532403
v 76.4173 -0.943485 177.21
vn 3.82886e-15 0.999986 0.00532403
v 71.8569 -0.899431 168.935
vn 3.82886e-15 0.999986 0.00532403
v 64.0575 -0.877285 164.776
vn -3.01187e-15 0.999986 0.00532403
v 55.8579 -0.905867 170.144
vn -3.01187e-15 0.999986 0.00532403
v 46.9855 -0.879166 165.129
vn 2.3354e-15 0.999986 0.00532403
v 46.923 -0.936605 175.918
vn 2.3354e-15 0.999986 0.00532403
v 19.5559 -0.962987 180.873
vn -1.94541e-15 0.999986 0.00532403
v 18.7177 -0.901408 169.307
vn -1.94541e-15 0.999986 0.00532403
v 9.44416 -0.932777 175.199
vn -1.94541e-15 0.999986 0.00532403
v -0.759993 -0.906221 170.211
vn 1.66016e-15 0.999986 0.00532403
v 8.87921 -0.878559 165.015
vn 1.66016e-15 0.999986 0.00532403
v 280.91 -0.858366 161.222
vn -1.31636e-15 0.999986 0.00532403
v 280.619 -0.913394 171.558
vn -1.31636e-15 0.999986 0.00532403
v 289.818 -0.885152 166.253
vn -1.31636e-15 0.999986 0.00532403
v 226.418 -0.868875 163.196
vn -3.1372e-15 0.999986 0.00532403
v 208.784 -0.886794 166.562
vn -3.54778e-15 0.999986 0.00532403
v 191.435 -0.904215 169.834
vn -1.22014e-15 0.999986 0.00532403
v 181.597 -0.887705 166.733
vn -1.22014e-15 0.999986 0.00532403
v 188.438 -0.850367 159.72
vn -5.47307e-15 0.999986 0.00532403
v 177.541 -0.837391 157.283
vn -1.70196e-15 0.999986 0.00532403
v 166.86 -0.830276 155.946
vn -1.70196e-15 0.999986 0.00532403
v 151.43 -0.858273 161.205
vn -5.05748e-15 0.999986 0.00532403
v 142.634 -0.866791 162.805
vn -5.05748e-15 0.999986 0.00532403
v 135.64 -0.827578 155.44
vn 5.31889e-15 0.999986 0.00532403
v 125.672 -0.848503 159.37
vn 1.00892e-16 0.999986 0.00532403
v 113.297 -0.920023 172.803
vn 3.54876e-15 0.999986 0.00532403
v 106.194 -0.880483 165.377
vn 3.54876e-15 0.999986 0.00532403
v 96.3687 -0.897608 168.593
vn -4.93132e-15 0.999986 0.00532403
v 79.8914 -0.886954 166.592
vn -1.46598e-15 0.999986 0.00532403
v 89.0239 -0.865923 162.642
vn -1.46598e-15 0.999986 0.00532403
v 81.4798 -0.833473 156.547
vn -1.46598e-15 0.999986 0.00532403
v 47.8778 -0.826096 155.161
vn -5.16888e-15 0.999986 0.00532403
v 38.5062 -0.846307 158.957
vn -5.16888e-15 0.999986 0.00532403
v 27.9338 -0.860563 161.635
vn 1.94837e-15 0.999986 0.00532403
v 17.3873 -0.847093 159.105
vn 1.94837e-15 0.999986 0.00532403
v -0.71464 -0.852142 160.053
vn 2.11759e-15 0.999986 0.00532403
v 253.165 -0.846325 158.961
vn 2.75965e-15 0.999986 0.00532403
v 263.283 -0.846704 159.032
vn 2.75965e-15 0.999986 0.00532403
v 258.188 -0.802857 150.796
vn 2.75965e-15 0.999986 0.00532403
v 243.269 -0.84109 157.977
vn 8.20057e-15 0.999986 0.00532403
v 239.761 -0.792427 148.837
vn 8.20057e-15 0.999986 0.00532403
v 233.48 -0.832405 156.346
vn 8.20057e-15 0.999986 0.00532403
v 230.704 -0.78442 147.334
vn -5.6934e-15 0.999986 0.00532403
v 223.732 -0.819885 153.995
vn -5.6934e-15 0.999986 0.00532403
v 214.257 -0.795218 149.362
vn -6.70461e-16 0.999986 0.00532403
v 222.493 -0.77616 145.782
vn -6.70461e-16 0.999986 0.00532403
v 216.294 -0.851598 159.951
vn 1.78812e-15 0.999986 0.00532403
v 195.933 -0.809033 151.956
vn -4.72172e-15 0.999986 0.00532403
v 206.338 -0.833882 156.624
vn -4.72172e-15 0.999986 0.00532403
v 204.907 -0.788569 148.113
vn -4.72172e-15 0.999986 0.00532403
v 184.591 -0.801069 150.461
vn -3.08776e-16 0.999986 0.00532403
v 173.335 -0.782674 147.006
vn -2.30216e-15 0.999986 0.00532403
v 156.504 -0.823179 154.613
vn 1.54762e-15 0.999986 0.00532403
v 150.807 -0.774549 145.48
vn -5.5274e-15 0.999986 0.00532403
v 145.715 -0.81744 153.535
vn -5.5274e-15 0.999986 0.00532403
v 139.023 -0.770413 144.703
vn 1.65875e-15 0.999986 0.00532403
v 117.967 -0.810919 152.311
vn -7.39378e-16 0.999986 0.00532403
v 116.043 -0.866482 162.747
vn -7.39378e-16 0.999986 0.00532403
v 108.288 -0.827513 155.427
vn -2.39619e-15 0.999986 0.00532403
v 98.5836 -0.845619 158.828
vn -2.39619e-15 0.999986 0.00532403
v 90.7738 -0.81291 152.685
vn 6.4787e-15 0.999986 0.00532403
v 72.5667 -0.85291 160.198
vn -4.23362e-15 0.999986 0.00532403
v 56.2291 -0.798607 149.998
vn -2.33696e-15 0.999986 0.00532403
v 55.8054 -0.852564 160.133
vn -2.33696e-15 0.999986 0.00532403
v 64.4138 -0.825736 155.094
vn -2.33696e-15 0.999986 0.00532403
v 40.9458 -0.800224 150.302
vn -3.88005e-15 0.999986 0.00532403
v 23.6373 -0.802409 150.712
vn 1.30475e-15 0.999986 0.00532403
v 7.93785 -0.824856 154.928
vn -5.82709e-15 0.999986 0.00532403
v -0.667391 -0.795802 149.471
vn -5.82709e-15 0.999986 0.00532403
v 281.547 -0.801392 150.521
vn -4.10669e-15 0.999986 0.00532403
v 290.059 -0.828077 155.533
vn -4.10669e-15 0.999986 0.00532403
v 273.151 -0.777017 145.943
vn -9.17188e-15 0.999986 0.00532403
v 266.406 -0.804441 151.094
vn -9.17188e-15 0.999986 0.00532403
v 272.933 -0.831413 156.16
vn -9.17188e-15 0.999986 0.00532403
v 254.816 -0.756054 142.006
vn 4.9698e-15 0.999986 0.00532403
v 249.047 -0.798765 150.028
vn 4.9698e-15 0.999986 0.00532403
v 245.5 -0.750688 140.998
vn -1.43752e-15 0.999986 0.00532403
v 236.25 -0.743698 139.685
vn -1.43752e-15 0.999986 0.00532403
v 227.147 -0.737269 138.477
vn -8.83244e-15 0.999986 0.00532403
v 209.048 -0.745636 140.049
vn 4.22983e-15 0.999986 0.00532403
v 181.718 -0.757767 142.328
vn -2.97989e-15 0.999986 0.00532403
v 175.999 -0.725449 136.257
vn -2.97989e-15 0.999986 0.00532403
v 166.737 -0.734627 137.981
vn -9.11123e-17 0.999986 0.00532403
v 109.952 -0.771941 144.99
vn 3.30718e-15 0.999986 0.00532403
v 47.9651 -0.772229 145.044
vn -8.05128e-16 0.999986 0.00532403
v 38.6004 -0.754727 141.756
vn 2.8942e-15 0.999986 0.00532403
v 32.4995 -0.802 150.635
vn 2.8942e-15 0.999986 0.00532403
v 15.0075 -0.799967 150.254
vn 7.41714e-15 0.999986 0.00532403
v 8.11061 -0.76914 144.464
vn -3.14699e-15 0.999986 0.00532403
v -0.620548 -0.739946 138.98
vn -3.14699e-15 0.999986 0.00532403
v 261.086 -0.714748 134.247
vn -1.05231e-15 0.999986 0.00532403
v 251.387 -0.709539 133.269
vn -1.05231e-15 0.999986 0.00532403
v 241.741 -0.703069 132.054
vn 1.96021e-15 0.999986 0.00532403
v 247.507 -0.664358 124.783
vn 1.96021e-15 0.999986 0.00532403
v 217.907 -0.740187 139.026
vn 1.13771e-14 0.999986 0.00532403
v 213.301 -0.695854 130.699
vn 3.87293e-15 0.999986 0.00532403
v 203.806 -0.702026 131.858
vn 3.87293e-15 0.999986 0.00532403
v 121.36 -0.712201 133.769
vn 7.69077e-15 0.999986 0.00532403
v 129.304 -0.740546 139.093
vn 7.69077e-15 0.999986 0.00532403
v 128.324 -0.684605 128.586
vn 7.69077e-15 0.999986 0.00532403
v 84.2684 -0.678873 127.509
vn 3.48444e-15 0.999986 0.00532403
v 92.8888 -0.707651 132.914
vn 3.48444e-15 0.999986 0.00532403
v 92.96 -0.653832 122.806
vn 3.48444e-15 0.999986 0.00532403
v 83.548 -0.730622 137.229
vn -3.21748e-15 0.999986 0.00532403
v 46.8709 -0.719643 135.167
vn 2.47724e-15 0.999986 0.00532403
v 56.1628 -0.743973 139.737
vn 2.47724e-15 0.999986 0.00532403
v 36.9244 -0.702303 131.91
vn -8.64852e-15 0.999986 0.00532403
v 20.316 -0.713566 134.025
vn 5.31786e-15 0.999986 0.00532403
v 9.9984 -0.712968 133.913
vn 5.31786e-15 0.999986 0.00532403
v 17.6921 -0.755727 141.944
vn 5.31786e-15 0.999986 0.00532403
v 288.705 -0.708575 133.088
vn -6.28379e-15 0.999986 0.00532403
v 291.975 -0.661667 124.277
vn -6.28379e-15 0.999986 0.00532403
v 283.602 -0.650046 122.095
vn -6.28379e-15 0.999986 0.00532403
v 270.837 -0.72536 136.241
vn -5.75571e-15 0.999986 0.00532403
v 267.255 -0.673007 126.407
vn -5.75571e-15 0.999986 0.00532403
v 257.478 -0.667646 125.4
vn -1.71114e-15 0.999986 0.00532403
v 253.1 -0.629131 118.166
vn -1.71114e-15 0.999986 0.00532403
v 237.825 -0.654811 122.99
vn 4.13666e-15 0.999986 0.00532403
v 222.756 -0.692246 130.021
vn 2.79942e-15 0.999986 0.00532403
v 218.224 -0.645928 121.321
vn 2.79942e-15 0.999986 0.00532403
v 188.864 -0.663451 124.613
vn 4.79265e-15 0.999986 0.00532403
v 182.662 -0.619426 116.344
vn 4.79265e-15 0.999986 0.00532403
v 179.646 -0.67234 126.282
vn 4.79265e-15 0.999986 0.00532403
v 185.309 -0.713298 133.975
vn -1.0477e-15 0.999986 0.00532403
v 143.401 -0.670715 125.977
vn 1.19342e-14 0.999986 0.00532403
v 139.12 -0.61858 116.185
vn 1.19342e-14 0.999986 0.00532403
v 135.044 -0.660778 124.111
vn 1.19342e-14 0.999986 0.00532403
v 127.98 -0.624676 117.33
vn -7.40614e-15 0.999986 0.00532403
v 55.9639 -0.687243 129.081
vn 5.56295e-15 0.999986 0.00532403
v 45.1433 -0.665756 125.046
vn 5.56295e-15 0.999986 0.00532403
v 52.0172 -0.637846 119.803
vn 4.22573e-15 0.999986 0.00532403
v 35.5987 -0.644861 121.121
vn -4.92795e-16 0.999986 0.00532403
v 27.7131 -0.683885 128.451
vn -4.92795e-16 0.999986 0.00532403
v -0.577193 -0.688249 129.27
vn 2.71918e-15 0.999986 0.00532403
v 8.44123 -0.657366 123.47
vn 2.71918e-15 0.999986 0.00532403
v -0.532823 -0.635342 119.333
vn 2.71918e-15 0.999986 0.00532403
v 227.957 -0.645937 121.323
vn 1.66813e-15 0.999986 0.00532403
v 234.291 -0.605779 113.78
vn 1.66813e-15 0.999986 0.00532403
v 223.412 -0.592236 111.237
vn 1.66813e-15 0.999986 0.00532403
v 212.751 -0.605211 113.674
vn 8.41447e-15 0.999986 0.00532403
v 202.424 -0.610907 114.744
vn 8.41447e-15 0.999986 0.00532403
v 208.191 -0.653046 122.658
vn 8.41447e-15 0.999986 0.00532403
v 175.271 -0.573089 107.64
vn -5.31731e-15 0.999986 0.00532403
v 173.732 -0.63087 118.493
vn -5.31731e-15 0.999986 0.00532403
v 165.893 -0.601996 113.07
vn -8.16265e-15 0.999986 0.00532403
v 166.053 -0.648369 121.78
vn -8.16265e-15 0.999986 0.00532403
v 158.176 -0.637821 119.799
vn 2.20631e-15 0.999986 0.00532403
v 156.158 -0.58688 110.231
vn 2.20631e-15 0.999986 0.00532403
v 148.998 -0.626033 117.584
vn 2.20631e-15 0.999986 0.00532403
v 123.494 -0.570825 107.215
vn -5.71518e-15 0.999986 0.00532403
v 117.37 -0.611872 114.925
vn -5.71518e-15 0.999986 0.00532403
v 92.7923 -0.598272 112.37
vn 5.10434e-15 0.999986 0.00532403
v 84.4207 -0.624791 117.351
vn 5.10434e-15 0.999986 0.00532403
v 76.1406 -0.652283 122.515
vn 8.26518e-15 0.999986 0.00532403
v 75.7856 -0.599146 112.535
vn 8.26518e-15 0.999986 0.00532403
v 69.0997 -0.630136 118.355
vn 8.26518e-15 0.999986 0.00532403
v 55.5947 -0.59363 111.498
vn -5.46804e-15 0.999986 0.00532403
v 60.6635 -0.636596 119.568
vn -5.46804e-15 0.999986 0.00532403
v 7.04984 -0.608585 114.307
vn 7.57646e-15 0.999986 0.00532403
v -0.487334 -0.581101 109.145
vn 7.57646e-15 0.999986 0.00532403
v 290.624 -0.561511 105.466
vn 3.41438e-15 0.999986 0.00532403
v 291.224 -0.505623 94.9685
vn 3.41438e-15 0.999986 0.00532403
v 283.282 -0.535669 100.612
vn 3.41438e-15 0.999986 0.00532403
v 281.002 -0.591492 111.097
vn -4.66768e-15 0.999986 0.00532403
v 269.86 -0.581578 109.235
vn 5.88103e-15 0.999986 0.00532403
v 273.515 -0.633394 118.967
vn 5.88103e-15 0.999986 0.00532403
v 250.042 -0.526361 98.8637
vn 3.68896e-15 0.999986 0.00532403
v 252.306 -0.583761 109.645
vn 3.68896e-15 0.999986 0.00532403
v 260.085 -0.556071 104.444
vn 3.68896e-15 0.999986 0.00532403
v 242.386 -0.569657 106.996
vn -8.72316e-15 0.999986 0.00532403
v 214.929 -0.554116 104.077
vn -3.47327e-15 0.999986 0.00532403
v 186.355 -0.571835 107.405
vn -6.36868e-15 0.999986 0.00532403
v 164.771 -0.552034 103.686
vn -1.90817e-17 0.999986 0.00532403
v 155.019 -0.536821 100.828
vn -1.90817e-17 0.999986 0.00532403
v 145.485 -0.57086 107.222
vn 6.6912e-15 0.999986 0.00532403
v 147.199 -0.519838 97.6385
vn 6.6912e-15 0.999986 0.00532403
v 134.017 -0.573146 107.651
vn 7.7937e-15 0.999986 0.00532403
v 112.282 -0.55687 104.594
vn 8.40682e-16 0.999986 0.00532403
v 119.934 -0.52455 98.5236
vn 8.40682e-16 0.999986 0.00532403
v 108.693 -0.603794 113.407
vn 1.18865e-14 0.999986 0.00532403
v 101.755 -0.57343 107.704
vn 1.18865e-14 0.999986 0.00532403
v 101.202 -0.628487 118.046
vn 1.18865e-14 0.999986 0.00532403
v 33.1154 -0.590265 110.866
vn 3.89743e-15 0.999986 0.00532403
v 44.3054 -0.604009 113.448
vn 3.89743e-15 0.999986 0.00532403
v 22.1791 -0.575722 108.135
vn 7.02631e-15 0.999986 0.00532403
v 15.4882 -0.615397 115.587
vn 7.02631e-15 0.999986 0.00532403
v 25.4837 -0.629155 118.171
vn 7.02631e-15 0.999986 0.00532403
v 10.6059 -0.561414 105.448
vn -1.23799e-14 0.999986 0.00532403
v 283.86 -0.487126 91.4943
vn 3.10286e-15 0.999986 0.00532403
v 289.284 -0.447281 84.0105
vn 3.10286e-15 0.999986 0.00532403
v 259.497 -0.497934 93.5243
vn 5.21769e-16 0.999986 0.00532403
v 223.383 -0.531495 99.8279
vn -3.82687e-16 0.999986 0.00532403
v 232.133 -0.504841 94.8216
vn -3.82687e-16 0.999986 0.00532403
v 223.557 -0.475716 89.3512
vn -3.82687e-16 0.999986 0.00532403
v 178.82 -0.47154 88.5669
vn 5.5721e-15 0.999986 0.00532403
v 172.074 -0.514273 96.5932
vn 5.5721e-15 0.999986 0.00532403
v 181.372 -0.525289 98.6624
vn 5.5721e-15 0.999986 0.00532403
v 128.982 -0.523287 98.2862
vn 1.16442e-16 0.999986 0.00532403
v 83.7891 -0.514774 96.6874
vn -3.85482e-15 0.999986 0.00532403
v 73.5766 -0.544786 102.324
vn -3.85482e-15 0.999986 0.00532403
v 83.8055 -0.569452 106.957
vn -3.85482e-15 0.999986 0.00532403
v 74.8867 -0.485435 91.1767
vn -1.89516e-15 0.999986 0.00532403
v 64.9941 -0.457911 86.0071
vn -1.89516e-15 0.999986 0.00532403
v 66.7382 -0.50821 95.4545
vn -1.89516e-15 0.999986 0.00532403
v 57.4015 -0.504985 94.8487
vn -2.6793e-15 0.999986 0.00532403
v 40.3066 -0.548882 103.094
vn -2.52746e-15 0.999986 0.00532403
v 47.0273 -0.503979 94.6597
vn -2.52746e-15 0.999986 0.00532403
v 36.8615 -0.49671 93.2945
vn -2.52746e-15 0.999986 0.00532403
v 29.7321 -0.537396 100.936
vn 9.04884e-15 0.999986 0.00532403
v 26.8187 -0.484897 91.0757
vn 9.04884e-15 0.999986 0.00532403
v 19.1408 -0.523597 98.3446
vn -1.75235e-15 0.999986 0.00532403
v 17.1257 -0.469893 88.2575
vn -1.75235e-15 0.999986 0.00532403
v 9.18237 -0.504804 94.8148
vn -1.75235e-15 0.999986 0.00532403
v -0.401972 -0.479314 90.027
vn -1.37435e-15 0.999986 0.00532403
v 8.08033 -0.450919 84.6939
vn -1.37435e-15 0.999986 0.00532403
v 251.426 -0.466017 87.5295
vn 1.8676e-15 0.999986 0.00532403
v 252.547 -0.409337 76.8837
vn 1.8676e-15 0.999986 0.00532403
v 243.051 -0.433194 81.3646
vn 1.8676e-15 0.999986 0.00532403
v 241.996 -0.485086 91.1111
vn -6.11184e-16 0.999986 0.00532403
v 233.394 -0.454644 85.3934
vn 5.0269e-15 0.999986 0.00532403
v 234.542 -0.403241 75.7386
vn 5.0269e-15 0.999986 0.00532403
v 225.086 -0.425622 79.9423
vn 5.0269e-15 0.999986 0.00532403
v 205.485 -0.471924 88.6389
vn -2.16552e-15 0.999986 0.00532403
v 214.651 -0.498648 93.6585
vn -2.16552e-15 0.999986 0.00532403
v 214.295 -0.440122 82.6657
vn -2.16552e-15 0.999986 0.00532403
v 186.04 -0.432199 81.1776
vn 4.28557e-15 0.999986 0.00532403
v 176.438 -0.416628 78.253
vn 4.28557e-15 0.999986 0.00532403
v 143.734 -0.475352 89.2829
vn -8.51134e-15 0.999986 0.00532403
v 140.133 -0.425392 79.8991
vn -8.51134e-15 0.999986 0.00532403
v 133.978 -0.474243 89.0746
vn -8.51134e-15 0.999986 0.00532403
v 103.368 -0.465462 87.4254
vn 3.52293e-15 0.999986 0.00532403
v 113.35 -0.446299 83.826
vn 3.52293e-15 0.999986 0.00532403
v 105.42 -0.41223 77.427
vn 3.52293e-15 0.999986 0.00532403
v 74.8195 -0.429267 80.627
vn -5.99691e-16 0.999986 0.00532403
v 66.4781 -0.396855 74.5393
vn -5.99691e-16 0.999986 0.00532403
v 53.7574 -0.460855 86.56
vn 5.57706e-16 0.999986 0.00532403
v 50.1941 -0.413448 77.6557
vn 5.57706e-16 0.999986 0.00532403
v 43.6435 -0.454914 85.4442
vn 5.57706e-16 0.999986 0.00532403
v 33.8541 -0.445042 83.59
vn -8.39356e-15 0.999986 0.00532403
v 24.255 -0.431693 81.0827
vn 4.10513e-15 0.999986 0.00532403
v 15.0456 -0.415807 78.0988
vn 4.10513e-15 0.999986 0.00532403
v 290.69 -0.391104 73.459
vn -3.03385e-15 0.999986 0.00532403
v 281.119 -0.404182 75.9153
vn -3.03385e-15 0.999986 0.00532403
v 243.585 -0.380352 71.4395
vn -7.33324e-15 0.999986 0.00532403
v 234.983 -0.349995 65.7378
vn -7.33324e-15 0.999986 0.00532403
v 193.543 -0.396843 74.537
vn -9.54206e-16 0.999986 0.00532403
v 183.705 -0.377427 70.8902
vn -9.54206e-16 0.999986 0.00532403
v 173.906 -0.360728 67.7536
vn 4.66232e-15 0.999986 0.00532403
v 166.833 -0.402537 75.6064
vn 4.66232e-15 0.999986 0.00532403
v 157.044 -0.390992 73.4379
vn -4.24253e-15 0.999986 0.00532403
v 146.935 -0.382828 71.9047
vn -4.24253e-15 0.999986 0.00532403
v 150.194 -0.433031 81.3339
vn -4.24253e-15 0.999986 0.00532403
v 130.423 -0.424459 79.724
vn 3.30445e-16 0.999986 0.00532403
v 136.338 -0.36939 69.3806
vn 3.30445e-16 0.999986 0.00532403
v 99.125 -0.373584 70.1683
vn -7.94861e-15 0.999986 0.00532403
v 94.3644 -0.428008 80.3905
vn -7.94861e-15 0.999986 0.00532403
v 90.709 -0.378625 71.1151
vn 3.04601e-15 0.999986 0.00532403
v 83.6834 -0.403741 75.8325
vn 3.04601e-15 0.999986 0.00532403
v 74.8206 -0.369795 69.4567
vn 1.4522e-16 0.999986 0.00532403
v 47.7999 -0.365031 68.5619
vn 8.62969e-15 0.999986 0.00532403
v 57.6176 -0.373792 70.2074
vn 8.62969e-15 0.999986 0.00532403
v 40.691 -0.404975 76.0644
vn -8.47469e-15 0.999986 0.00532403
v 31.0336 -0.393348 73.8805
vn -8.47469e-15 0.999986 0.00532403
v 11.4475 -0.36236 68.0603
vn -3.83642e-15 0.999986 0.00532403
v 21.3706 -0.378139 71.0238
vn -3.83642e-15 0.999986 0.00532403
v -0.353511 -0.421529 79.1736
vn -1.8078e-15 0.999986 0.00532403
v 6.73786 -0.400687 75.259
vn -1.8078e-15 0.999986 0.00532403
v -0.302458 -0.360654 67.7397
vn -1.8078e-15 0.999986 0.00532403
v 243.542 -0.326362 61.2989
vn -2.89224e-15 0.999986 0.00532403
v 252.415 -0.356703 66.9977
vn -2.89224e-15 0.999986 0.00532403
v 251.3 -0.30817 57.882
vn -2.89224e-15 0.999986 0.00532403
v 226.47 -0.37368 70.1863
vn 8.61229e-15 0.999986 0.00532403
v 217.839 -0.348585 65.473
vn 4.03888e-15 0.999986 0.00532403
v 226.278 -0.321684 60.4202
vn 4.03888e-15 0.999986 0.00532403
v 217.101 -0.297105 55.8037
vn 4.03888e-15 0.999986 0.00532403
v 191.302 -0.341468 64.1362
vn 2.31776e-15 0.999986 0.00532403
v 153.981 -0.33803 63.4903
vn 2.09118e-15 0.999986 0.00532403
v 144.894 -0.336039 63.1165
vn 2.09118e-15 0.999986 0.00532403
v 128.797 -0.327401 61.494
vn -5.78251e-15 0.999986 0.00532403
v 125.624 -0.37897 71.18
vn -5.78251e-15 0.999986 0.00532403
v 115.386 -0.393525 73.9137
vn -1.02252e-15 0.999986 0.00532403
v 118.715 -0.342528 64.3352
vn -1.02252e-15 0.999986 0.00532403
v 108.734 -0.358857 67.4022
vn -1.02252e-15 0.999986 0.00532403
v 102.085 -0.321279 60.3441
vn -3.6188e-15 0.999986 0.00532403
v 92.6434 -0.331076 62.1843
vn -3.6188e-15 0.999986 0.00532403
v 54.862 -0.324883 61.0211
vn 8.50219e-15 0.999986 0.00532403
v 18.4732 -0.32505 61.0524
vn 1.62789e-15 0.999986 0.00532403
v 8.22746 -0.307727 57.7989
vn 6.90109e-15 0.999986 0.00532403
v -0.264048 -0.314853 59.1372
vn 6.90109e-15 0.999986 0.00532403
v 283.544 -0.34965 65.673
vn 2.82301e-15 0.999986 0.00532403
v 276.443 -0.305116 57.3083
vn 2.82301e-15 0.999986 0.00532403
v 273.689 -0.36505 68.5654
vn 2.82301e-15 0.999986 0.00532403
v 266.47 -0.280878 52.7559
vn -2.2502e-15 0.999986 0.00532403
v 267.893 -0.33138 62.2414
vn -2.2502e-15 0.999986 0.00532403
v 235.139 -0.296177 55.6294
vn 8.93166e-16 0.999986 0.00532403
v 244.994 -0.269853 50.685
vn 8.93166e-16 0.999986 0.00532403
v 207.832 -0.274611 51.5788
vn 4.67852e-15 0.999986 0.00532403
v 216.441 -0.243632 45.7602
vn 4.67852e-15 0.999986 0.00532403
v 181.339 -0.320371 60.1736
vn 4.64869e-15 0.999986 0.00532403
v 179.107 -0.259937 48.8227
vn 4.64869e-15 0.999986 0.00532403
v 171.17 -0.304284 57.1521
vn 4.64869e-15 0.999986 0.00532403
v 160.501 -0.293187 55.0678
vn 2.59749e-15 0.999986 0.00532403
v 167.666 -0.2498 46.9187
vn 2.59749e-15 0.999986 0.00532403
v 149.335 -0.284608 53.4564
vn -7.64212e-15 0.999986 0.00532403
v 138.447 -0.307139 57.6884
vn -7.64212e-15 0.999986 0.00532403
v 75.9008 -0.310692 58.3557
vn -1.61412e-15 0.999986 0.00532403
v 83.5189 -0.346665 65.1123
vn -1.61412e-15 0.999986 0.00532403
v 85.5635 -0.291088 54.6735
vn -1.61412e-15 0.999986 0.00532403
v 35.3775 -0.308181 57.884
vn 6.77886e-16 0.999986 0.00532403
v 26.1872 -0.290554 54.5733
vn 6.77886e-16 0.999986 0.00532403
v 28.2662 -0.342242 64.2815
vn 6.77886e-16 0.999986 0.00532403
v 17.0615 -0.270885 50.8788
vn 1.55613e-15 0.999986 0.00532403
v 8.61845 -0.245791 46.1656
vn 1.55613e-15 0.999986 0.00532403
v -0.225893 -0.269357 50.5919
vn 4.24029e-15 0.999986 0.00532403
v 287.64 -0.297492 55.8763
vn 4.91896e-16 0.999986 0.00532403
v 273.486 -0.244764 45.9727
vn -2.4681e-15 0.999986 0.00532403
v 281.884 -0.262251 49.2572
vn -2.4681e-15 0.999986 0.00532403
v 281.702 -0.213088 40.0232
vn -2.4681e-15 0.999986 0.00532403
v 215.919 -0.189178 35.5323
vn 1.27067e-14 0.999986 0.00532403
v 207.168 -0.21903 41.1394
vn 1.27067e-14 0.999986 0.00532403
v 198.543 -0.253436 47.6016
vn -2.35977e-16 0.999986 0.00532403
v 198.094 -0.198884 37.3554
vn -2.35977e-16 0.999986 0.00532403
v 189.392 -0.232304 43.6325
vn -2.35977e-16 0.999986 0.00532403
v 173.773 -0.205009 38.5057
vn 5.49162e-15 0.999986 0.00532403
v 140.399 -0.251491 47.2362
vn 9.47064e-16 0.999986 0.00532403
v 132.802 -0.216167 40.6014
vn 9.47064e-16 0.999986 0.00532403
v 130.927 -0.271791 51.049
vn 9.47064e-16 0.999986 0.00532403
v 114.134 -0.254553 47.8114
vn -6.46789e-15 0.999986 0.00532403
v 123.39 -0.236084 44.3425
vn -6.46789e-15 0.999986 0.00532403
v 115.65 -0.200755 37.7068
vn -6.46789e-15 0.999986 0.00532403
v 89.1565 -0.233805 43.9143
vn 4.40256e-15 0.999986 0.00532403
v 95.1336 -0.281725 52.915
vn 4.40256e-15 0.999986 0.00532403
v 98.5638 -0.240493 45.1706
vn 4.40256e-15 0.999986 0.00532403
v 68.7769 -0.271389 50.9736
vn -6.39427e-15 0.999986 0.00532403
v 70.12 -0.207917 39.0519
vn -6.39427e-15 0.999986 0.00532403
v 60.522 -0.238369 44.7716
vn -6.39427e-15 0.999986 0.00532403
v 51.2223 -0.269736 50.6631
vn -4.01435e-15 0.999986 0.00532403
v 51.4305 -0.21259 39.9297
vn -4.01435e-15 0.999986 0.00532403
v 42.7623 -0.233931 43.9381
vn -4.01435e-15 0.999986 0.00532403
v 42.5798 -0.182996 34.3712
vn -1.43938e-14 0.999986 0.00532403
v 33.9184 -0.207627 38.9975
vn -3.60745e-15 0.999986 0.00532403
v 25.4259 -0.237183 44.5488
vn -3.60745e-15 0.999986 0.00532403
v 33.9887 -0.258422 48.5381
vn -3.60745e-15 0.999986 0.00532403
v 25.4048 -0.182057 34.1949
vn 9.83259e-15 0.999986 0.00532403
v 16.9734 -0.213953 40.1857
vn 9.83259e-15 0.999986 0.00532403
v -0.181566 -0.216501 40.6643
vn -8.2118e-15 0.999986 0.00532403
v 281.424 -0.158114 29.6978
vn 1.10775e-14 0.999986 0.00532403
v 290.556 -0.191564 35.9804
vn 1.10775e-14 0.999986 0.00532403
v 272.697 -0.185434 34.8292
vn -3.99283e-15 0.999986 0.00532403
v 252.504 -0.228039 42.8313
vn -4.50111e-15 0.999986 0.00532403
v 249.095 -0.182185 34.2188
vn -4.50111e-15 0.999986 0.00532403
v 242.582 -0.218254 40.9936
vn -4.50111e-15 0.999986 0.00532403
v 241.057 -0.174246 32.7276
vn -5.12907e-15 0.999986 0.00532403
v 233.439 -0.191632 35.9932
vn -5.12907e-15 0.999986 0.00532403
v 189.278 -0.175224 32.9113
vn 4.47719e-15 0.999986 0.00532403
v 182.244 -0.207799 39.0299
vn 4.47719e-15 0.999986 0.00532403
v 148.575 -0.228791 42.9725
vn -6.15483e-15 0.999986 0.00532403
v 152.752 -0.176846 33.216
vn -6.15483e-15 0.999986 0.00532403
v 142.29 -0.193534 36.3505
vn -6.15483e-15 0.999986 0.00532403
v 124.941 -0.182363 34.2524
vn -7.88705e-15 0.999986 0.00532403
v 107.569 -0.166855 31.3396
vn 6.11813e-15 0.999986 0.00532403
v 106.798 -0.220638 41.4412
vn 6.11813e-15 0.999986 0.00532403
v 80.8592 -0.198431 37.2703
vn 1.08798e-14 0.999986 0.00532403
v 75.28 -0.152857 28.7103
vn 1.08798e-14 0.999986 0.00532403
v 33.8604 -0.15444 29.0077
vn 1.79773e-14 0.999986 0.00532403
v 25.4896 -0.124013 23.2927
vn -8.74944e-15 0.999986 0.00532403
v 17.096 -0.157011 29.4905
vn -8.74944e-15 0.999986 0.00532403
v 8.67015 -0.188627 35.4288
vn 3.55467e-15 0.999986 0.00532403
v -0.136042 -0.162218 30.4685
vn 3.55467e-15 0.999986 0.00532403
v 291.686 -0.0881681 16.5602
vn 5.7743e-15 0.999986 0.00532403
v 282.469 -0.104377 19.6045
vn 5.7743e-15 0.999986 0.00532403
v 290.745 -0.138807 26.0714
vn 5.7743e-15 0.999986 0.00532403
v 264.35 -0.160417 30.1303
vn 6.81932e-15 0.999986 0.00532403
v 272.183 -0.119584 22.4609
vn 6.81932e-15 0.999986 0.00532403
v 261.428 -0.105639 19.8416
vn 6.81932e-15 0.999986 0.00532403
v 255.04 -0.143261 26.9079
vn -2.49408e-15 0.999986 0.00532403
v 257.359 -0.188633 35.4299
vn -2.49408e-15 0.999986 0.00532403
v 245.441 -0.136998 25.7317
vn -2.77704e-15 0.999986 0.00532403
v 235.441 -0.141246 26.5296
vn -3.43492e-15 0.999986 0.00532403
v 225.157 -0.154802 29.0757
vn -3.43492e-15 0.999986 0.00532403
v 215.53 -0.142212 26.7109
vn 1.08657e-15 0.999986 0.00532403
v 196.533 -0.149535 28.0865
vn 9.92916e-15 0.999986 0.00532403
v 135.754 -0.105285 19.7751
vn 8.12919e-16 0.999986 0.00532403
v 134.526 -0.160939 30.2283
vn 8.12919e-16 0.999986 0.00532403
v 143.859 -0.135245 25.4024
vn 8.12919e-16 0.999986 0.00532403
v 116.701 -0.146931 27.5972
vn 3.43275e-15 0.999986 0.00532403
v 126.42 -0.131382 24.6768
vn 3.43275e-15 0.999986 0.00532403
v 118.861 -0.0962565 18.0794
vn 3.43275e-15 0.999986 0.00532403
v 81.0277 -0.10351 19.4417
vn -3.0098e-15 0.999986 0.00532403
v 71.8231 -0.0985629 18.5126
vn -3.0098e-15 0.999986 0.00532403
v 66.5607 -0.148201 27.8359
vn -4.31284e-16 0.999986 0.00532403
v 58.113 -0.137199 25.7695
vn -4.31284e-16 0.999986 0.00532403
v 59.9445 -0.186065 34.9477
vn -4.31284e-16 0.999986 0.00532403
v 42.5807 -0.130839 24.5749
vn 5.9595e-15 0.999986 0.00532403
v 50.8894 -0.158366 29.745
vn 5.9595e-15 0.999986 0.00532403
v 51.4772 -0.0999648 18.7759
vn 5.9595e-15 0.999986 0.00532403
v 8.70498 -0.133592 25.0919
vn 2.78368e-15 0.999986 0.00532403
v -0.0913362 -0.10891 20.456
vn 2.78368e-15 0.999986 0.00532403
v 266.653 -0.0611303 11.4818
vn -4.58746e-15 0.999986 0.00532403
v 276.074 -0.0609933 11.456
vn -4.58746e-15 0.999986 0.00532403
v 250.985 -0.0970056 18.2201
vn 2.02269e-15 0.999986 0.00532403
v 245.997 -0.0522968 9.82264
vn 2.02269e-15 0.999986 0.00532403
v 240.518 -0.0957585 17.9858
vn 2.02269e-15 0.999986 0.00532403
v 230.185 -0.100426 18.8624
vn 1.45173e-16 0.999986 0.00532403
v 235.478 -0.0527578 9.90922
vn 1.45173e-16 0.999986 0.00532403
v 214.925 -0.0544957 10.2356
vn -5.64346e-15 0.999986 0.00532403
v 210.028 -0.102854 19.3185
vn -5.64346e-15 0.999986 0.00532403
v 220.337 -0.101289 19.0247
vn -5.64346e-15 0.999986 0.00532403
v 199.991 -0.106036 19.9162
vn -3.81842e-15 0.999986 0.00532403
v 206.192 -0.158875 29.8407
vn -3.81842e-15 0.999986 0.00532403
v 194.296 -0.058722 11.0295
vn -3.79628e-16 0.999986 0.00532403
v 204.62 -0.0558464 10.4893
vn -3.79628e-16 0.999986 0.00532403
v 178.175 -0.105662 19.846
vn 2.72516e-15 0.999986 0.00532403
v 184.248 -0.0585114 10.9899
vn 2.72516e-15 0.999986 0.00532403
v 174.214 -0.0544137 10.2203
vn 2.72516e-15 0.999986 0.00532403
v 168.413 -0.0995792 18.7034
vn 3.42777e-15 0.999986 0.00532403
v 127.819 -0.0865762 16.2612
vn -1.83791e-15 0.999986 0.00532403
v 97.8496 -0.0896435 16.8373
vn -2.54133e-15 0.999986 0.00532403
v 108.309 -0.107005 20.0982
vn -2.54133e-15 0.999986 0.00532403
v 104.243 -0.0519267 9.75312
vn -2.54133e-15 0.999986 0.00532403
v 90.2129 -0.120219 22.5802
vn -8.93533e-16 0.999986 0.00532403
v 88.0854 -0.0663846 12.4687
vn -8.93533e-16 0.999986 0.00532403
v 56.8477 -0.0505482 9.4942
vn -4.70842e-16 0.999986 0.00532403
v 62.0355 -0.0959785 18.0272
vn -4.70842e-16 0.999986 0.00532403
v 25.7922 -0.0602282 11.3123
vn 1.33668e-15 0.999986 0.00532403
v 33.884 -0.0998152 18.7478
vn 1.33668e-15 0.999986 0.00532403
v 36.3448 -0.0485978 9.12787
vn 1.33668e-15 0.999986 0.00532403
v 17.1772 -0.100021 18.7863
vn 1.92121e-16 0.999986 0.00532403
v 8.34468 -0.0814458 15.2975
vn 1.92121e-16 0.999986 0.00532403
v -0.0433472 -0.0516875 9.7082
vn 8.80286e-15 0.999986 0.00532403
v 271.103 -0.00644454 1.21045
vn -4.58893e-15 0.999986 0.00532403
v 261.543 -0.00621728 1.16776
vn -2.03672e-16 0.999986 0.00532403
v 251.355 -0.00597509 1.12227
vn 8.77511e-15 0.999986 0.00532403
v 240.835 -0.00572502 1.0753
vn 8.77511e-15 0.999986 0.00532403
v 225.194 -0.0538814 10.1203
vn -3.59844e-15 0.999986 0.00532403
v 220.007 -0.0052299 0.982304
vn -3.59844e-15 0.999986 0.00532403
v 199.432 -0.00474079 0.890439
vn 2.18424e-15 0.999986 0.00532403
v 189.426 -0.00450294 0.845764
vn 2.18424e-15 0.999986 0.00532403
v 179.506 -0.00426712 0.801471
vn 3.33483e-15 0.999986 0.00532403
v 158.99 -0.00377943 0.709871
vn -5.11574e-16 0.999986 0.00532403
v 154.174 -0.0545999 10.2552
vn -5.11574e-16 0.999986 0.00532403
v 164.283 -0.0506891 9.52067
vn -5.11574e-16 0.999986 0.00532403
v 144.116 -0.067006 12.5854
vn -6.53528e-15 0.999986 0.00532403
v 139.487 -0.00331583 0.622795
vn -6.53528e-15 0.999986 0.00532403
v 133.958 -0.0519326 9.75422
vn -6.53528e-15 0.999986 0.00532403
v 109.097 -0.00259339 0.487103
vn -4.6422e-15 0.999986 0.00532403
v 113.668 -0.0533272 10.0162
vn -4.6422e-15 0.999986 0.00532403
v 87.9834 -0.0020915 0.392835
vn -2.28828e-15 0.999986 0.00532403
v 78.2668 -0.0482464 9.06188
vn -2.28828e-15 0.999986 0.00532403
v 67.1968 -0.05033 9.45322
vn 1.99097e-15 0.999986 0.00532403
v 71.3702 -0.00169658 0.318659
vn 1.99097e-15 0.999986 0.00532403
v 61.7628 -0.0014682 0.275764
vn 3.79702e-15 0.999986 0.00532403
v 46.8601 -0.0479262 9.00173
vn 5.22068e-15 0.999986 0.00532403
v 41.2984 -0.000981725 0.184392
vn 5.22068e-15 0.999986 0.00532403
v 21.2276 -0.000504612 0.0947786
vn -4.11269e-15 0.999986 0.00532403
v 15.6405 -0.0476164 8.94354
vn -4.11269e-15 0.999986 0.00532403
v 10.2769 -0.000244297 0.045885
vn -8.8326e-15 0.999986 0.00532403
v 6.50569 -0.0339797 6.38223
vn -8.8326e-15 0.999986 0.00532403
v 0 0 0
vn 1.1378e-14 0.999986 0.00532403
v 298.523 -1.7651 331.53
vn -4.10324e-15 0.999986 0.00532403
v 292.279 -1.78254 334.804
vn -4.10324e-15 0.999986 0.00532403
v 298.479 -1.81729 341.331
vn -4.10324e-15 0.999986 0.00532403
v 283.736 -1.76862 332.19
vn 5.27254e-15 0.999986 0.00532403
v 288.965 -1.81706 341.289
vn 5.27254e-15 0.999986 0.00532403
v 249.171 -1.81611 341.111
vn 3.71337e-15 0.999986 0.00532403
v 239.945 -1.81589 341.07
vn -3.27403e-16 0.999986 0.00532403
v 230.322 -1.81567 341.027
vn -4.33576e-16 0.999986 0.00532403
v 210.913 -1.77685 333.737
vn -1.39246e-15 0.999986 0.00532403
v 210.857 -1.8152 340.94
vn -1.39246e-15 0.999986 0.00532403
v 166.314 -1.76733 331.948
vn -5.11082e-15 0.999986 0.00532403
v 155.512 -1.76667 331.825
vn -5.11082e-15 0.999986 0.00532403
v 160.382 -1.814 340.715
vn -5.11082e-15 0.999986 0.00532403
v 122.829 -1.76793 332.062
vn 1.24389e-15 0.999986 0.00532403
v 117.797 -1.81299 340.525
vn -5.83316e-16 0.999986 0.00532403
v 106.594 -1.81272 340.474
vn -5.72037e-15 0.999986 0.00532403
v 95.5611 -1.81246 340.425
vn 4.85998e-15 0.999986 0.00532403
v 74.7497 -1.81197 340.332
vn -5.09468e-15 0.999986 0.00532403
v 29.1923 -1.7736 333.125
vn -9.70981e-15 0.999986 0.00532403
v 32.8682 -1.81097 340.145
vn -9.70981e-15 0.999986 0.00532403
v 21.32 -1.8107 340.094
vn 5.18463e-15 0.999986 0.00532403
v 9.23454 -1.81041 340.04
vn -1.72971e-15 0.999986 0.00532403
v 290.018 -1.73473 325.825
vn 2.19006e-15 0.999986 0.00532403
v 298.57 -1.70927 321.043
vn 2.19006e-15 0.999986 0.00532403
v 259.208 -1.71508 322.135
vn -4.47541e-15 0.999986 0.00532403
v 203 -1.69138 317.683
vn 7.06375e-15 0.999986 0.00532403
v 182.254 -1.72108 323.262
vn -7.81064e-15 0.999986 0.00532403
v 108.536 -1.68786 317.022
vn 1.62121e-15 0.999986 0.00532403
v 116.459 -1.72675 324.327
vn 1.62121e-15 0.999986 0.00532403
v 67.2408 -1.66788 313.269
vn -7.64625e-16 0.999986 0.00532403
v 48.8227 -1.65977 311.746
vn -4.6967e-15 0.999986 0.00532403
v 289.705 -1.68514 316.511
vn -3.65631e-15 0.999986 0.00532403
v 245.534 -1.65828 311.466
vn -1.49319e-15 0.999986 0.00532403
v 211.951 -1.6672 313.142
vn -9.63878e-15 0.999986 0.00532403
v 211.203 -1.72243 323.515
vn -9.63878e-15 0.999986 0.00532403
v 161.906 -1.6396 307.958
vn -6.74142e-15 0.999986 0.00532403
v 119.455 -1.68088 315.712
vn -6.57189e-16 0.999986 0.00532403
v 288.933 -1.58199 297.137
vn 2.70714e-15 0.999986 0.00532403
v 289.349 -1.63209 306.547
vn 2.70714e-15 0.999986 0.00532403
v 298.655 -1.60743 301.915
vn 2.70714e-15 0.999986 0.00532403
v 243.103 -1.60031 300.577
vn 4.82802e-15 0.999986 0.00532403
v 213.693 -1.61162 302.703
vn 4.79214e-15 0.999986 0.00532403
v 220.788 -1.64787 309.512
vn 4.79214e-15 0.999986 0.00532403
v 167.368 -1.60494 301.448
vn -5.28946e-15 0.999986 0.00532403
v 21.6495 -1.60569 301.589
vn -1.8793e-15 0.999986 0.00532403
v 298.696 -1.55833 292.693
vn -1.71258e-15 0.999986 0.00532403
v 206.683 -1.5741 295.655
vn -3.21839e-15 0.999986 0.00532403
v 182.772 -1.53448 288.214
vn -3.8746e-15 0.999986 0.00532403
v 184.993 -1.58481 297.667
vn -3.8746e-15 0.999986 0.00532403
v 191.431 -1.54966 291.065
vn -3.8746e-15 0.999986 0.00532403
v 186.961 -1.63344 306.801
vn 5.10702e-15 0.999986 0.00532403
v 174.807 -1.5698 294.847
vn -3.00175e-16 0.999986 0.00532403
v 164.404 -1.55505 292.077
vn -3.00175e-16 0.999986 0.00532403
v 109.203 -1.50003 281.743
vn -8.81721e-15 0.999986 0.00532403
v 68.2584 -1.56727 294.372
vn 1.85357e-15 0.999986 0.00532403
v 62.2088 -1.53234 287.811
vn 1.07183e-15 0.999986 0.00532403
v 52.1974 -1.54966 291.065
vn 1.07183e-15 0.999986 0.00532403
v 42.4273 -1.56774 294.461
vn -2.20722e-15 0.999986 0.00532403
v 24.5019 -1.55172 291.452
vn -4.22687e-15 0.999986 0.00532403
v 200.151 -1.53478 288.269
vn 3.85019e-15 0.999986 0.00532403
v 203.222 -1.47719 277.453
vn 3.85019e-15 0.999986 0.00532403
v 154.505 -1.53547 288.398
vn -1.1379e-15 0.999986 0.00532403
v 101.171 -1.53556 288.417
vn -2.57841e-15 0.999986 0.00532403
v 74.288 -1.46009 274.24
vn -1.03424e-15 0.999986 0.00532403
v 298.738 -1.50809 283.257
vn -9.5133e-15 0.999986 0.00532403
v 261.439 -1.39261 261.567
vn 4.88345e-15 0.999986 0.00532403
v 288.902 -1.38054 259.299
vn 1.08275e-14 0.999986 0.00532403
v 298.823 -1.40674 264.221
vn 1.08275e-14 0.999986 0.00532403
v 276.259 -1.45885 274.009
vn 7.95593e-15 0.999986 0.00532403
v 298.868 -1.35291 254.11
vn -2.32724e-15 0.999986 0.00532403
v 289.441 -1.32425 248.728
vn -2.32724e-15 0.999986 0.00532403
v 177.664 -1.33566 250.869
vn 4.83851e-15 0.999986 0.00532403
v 135.137 -1.41713 266.173
vn -6.81598e-15 0.999986 0.00532403
v 105.295 -1.31335 246.679
vn 1.10077e-15 0.999986 0.00532403
v 114.982 -1.32231 248.362
vn 1.10077e-15 0.999986 0.00532403
v 34.4814 -1.29931 244.042
vn -3.87364e-15 0.999986 0.00532403
v 26.9072 -1.32842 249.51
vn -3.87364e-15 0.999986 0.00532403
v 298.915 -1.29722 243.65
vn 7.32666e-16 0.999986 0.00532403
v 241.446 -1.31884 247.71
vn -5.51743e-15 0.999986 0.00532403
v 204.249 -1.30206 244.559
vn -4.74964e-16 0.999986 0.00532403
v 204.765 -1.35985 255.413
vn -4.74964e-16 0.999986 0.00532403
v 169.413 -1.25708 236.111
vn 2.74561e-16 0.999986 0.00532403
v 173.035 -1.20484 226.299
vn 2.74561e-16 0.999986 0.00532403
v 155.571 -1.31818 247.588
vn -3.62585e-15 0.999986 0.00532403
v 145.016 -1.32305 248.501
vn -3.62585e-15 0.999986 0.00532403
v 139.341 -1.27857 240.146
vn -1.3452e-15 0.999986 0.00532403
v 134.76 -1.32493 248.855
vn -1.3452e-15 0.999986 0.00532403
v 129.176 -1.27877 240.185
vn -8.96406e-16 0.999986 0.00532403
v 119.257 -1.2767 239.795
vn -8.96406e-16 0.999986 0.00532403
v 110.861 -1.27912 240.25
vn 1.03606e-14 0.999986 0.00532403
v 52.5318 -1.30981 246.014
vn 1.56695e-15 0.999986 0.00532403
v 43.7986 -1.27067 238.663
vn 1.56695e-15 0.999986 0.00532403
v 42.955 -1.32617 249.087
vn -1.69551e-16 0.999986 0.00532403
v 14.8075 -1.27397 239.283
vn -5.21262e-16 0.999986 0.00532403
v 24.3489 -1.28567 241.48
vn -5.21262e-16 0.999986 0.00532403
v 298.962 -1.24176 233.234
vn 4.6112e-15 0.999986 0.00532403
v 212.767 -1.27537 239.546
vn 6.82958e-15 0.999986 0.00532403
v 177.986 -1.24072 233.038
vn -3.09703e-15 0.999986 0.00532403
v 159.893 -1.26904 238.358
vn -3.00442e-15 0.999986 0.00532403
v 149.615 -1.27514 239.502
vn 6.54307e-16 0.999986 0.00532403
v 123.189 -1.23292 231.573
vn 5.02309e-15 0.999986 0.00532403
v 128.39 -1.18922 223.366
vn 5.02309e-15 0.999986 0.00532403
v 111.854 -1.23001 231.027
vn -3.51802e-15 0.999986 0.00532403
v 39.8893 -1.21626 228.443
vn -5.14785e-15 0.999986 0.00532403
v 299.008 -1.18696 222.941
vn 5.31015e-15 0.999986 0.00532403
v 289.646 -1.21336 227.9
vn 5.31015e-15 0.999986 0.00532403
v 183.471 -1.20225 225.812
vn -2.31509e-15 0.999986 0.00532403
v 177.691 -1.15777 217.458
vn -2.31509e-15 0.999986 0.00532403
v 147.705 -1.1862 222.798
vn 2.77659e-16 0.999986 0.00532403
v 18.7891 -1.18119 221.857
vn -7.55028e-16 0.999986 0.00532403
v 289.655 -1.1584 217.577
vn 6.24077e-16 0.999986 0.00532403
v 17.563 -1.12622 211.533
vn 1.70924e-15 0.999986 0.00532403
v 8.77504 -1.09852 206.328
vn 1.70924e-15 0.999986 0.00532403
v 283.439 -1.07792 202.46
vn 3.12111e-16 0.999986 0.00532403
v 217.464 -1.12437 211.185
vn 1.72244e-15 0.999986 0.00532403
v 207.844 -1.13647 213.457
vn 2.89666e-15 0.999986 0.00532403
v 77.907 -1.05854 198.82
vn -6.45123e-15 0.999986 0.00532403
v 70.9341 -1.08784 204.323
vn -1.99888e-15 0.999986 0.00532403
v 29.9986 -1.06708 200.425
vn -6.57126e-15 0.999986 0.00532403
v 25.4469 -1.10443 207.44
vn -6.57126e-15 0.999986 0.00532403
v 299.146 -1.0218 191.92
vn -1.462e-15 0.999986 0.00532403
v 154.376 -0.989293 185.814
vn -1.02464e-14 0.999986 0.00532403
v 142.013 -1.05537 198.224
vn 1.72286e-15 0.999986 0.00532403
v 144.188 -1.00443 188.656
vn 1.45571e-14 0.999986 0.00532403
v 51.2193 -0.992568 186.429
vn -3.65839e-15 0.999986 0.00532403
v 40.7879 -1.07754 202.389
vn -8.24763e-15 0.999986 0.00532403
v 299.192 -0.967424 181.706
vn -1.12508e-14 0.999986 0.00532403
v 279.528 -0.974003 182.942
vn 6.72261e-15 0.999986 0.00532403
v 245.772 -1.02242 192.036
vn 7.15758e-15 0.999986 0.00532403
v 224.967 -1.00598 188.949
vn 3.57775e-15 0.999986 0.00532403
v 213.95 -0.992772 186.467
vn 3.57775e-15 0.999986 0.00532403
v 164.433 -0.978691 183.822
vn -4.30344e-15 0.999986 0.00532403
v 137.863 -0.967291 181.681
vn 4.21049e-15 0.999986 0.00532403
v 118.661 -0.965732 181.388
vn 4.75089e-15 0.999986 0.00532403
v 37.0211 -0.943152 177.147
vn 9.79168e-15 0.999986 0.00532403
v 41.4486 -0.985618 185.124
vn 9.79168e-15 0.999986 0.00532403
v 299.238 -0.912699 171.427
vn -2.37419e-15 0.999986 0.00532403
v 289.425 -0.94171 176.877
vn -2.37419e-15 0.999986 0.00532403
v 272.778 -0.935372 175.686
vn -4.95849e-15 0.999986 0.00532403
v 37.4342 -0.897007 168.48
vn 5.35488e-16 0.999986 0.00532403
v 28.0755 -0.92228 173.227
vn 6.06488e-15 0.999986 0.00532403
v 299.285 -0.856175 160.811
vn -3.25232e-15 0.999986 0.00532403
v 175.805 -0.922562 173.28
vn 4.52496e-15 0.999986 0.00532403
v 299.333 -0.798537 149.985
vn -1.29746e-15 0.999986 0.00532403
v 128.088 -0.792663 148.882
vn -4.28037e-16 0.999986 0.00532403
v 82.6133 -0.781799 146.841
vn 5.79086e-16 0.999986 0.00532403
v 73.3528 -0.802716 150.77
vn -1.00051e-14 0.999986 0.00532403
v 74.0706 -0.752047 141.253
vn -1.00051e-14 0.999986 0.00532403
v 299.381 -0.742219 139.407
vn -7.51089e-15 0.999986 0.00532403
v 289.905 -0.769396 144.512
vn -7.51089e-15 0.999986 0.00532403
v 264.08 -0.761678 143.062
vn 8.40441e-15 0.999986 0.00532403
v 190.55 -0.758785 142.519
vn -2.34042e-15 0.999986 0.00532403
v 199.563 -0.752724 141.38
vn -2.34042e-15 0.999986 0.00532403
v 194.443 -0.707974 132.975
vn -2.34042e-15 0.999986 0.00532403
v 137.097 -0.711935 133.719
vn -2.16392e-16 0.999986 0.00532403
v 101.743 -0.737542 138.529
vn -8.12092e-15 0.999986 0.00532403
v 100.351 -0.792175 148.79
vn -8.12092e-15 0.999986 0.00532403
v 92.0979 -0.760286 142.8
vn 3.67155e-15 0.999986 0.00532403
v 299.423 -0.691062 129.799
vn -4.32842e-15 0.999986 0.00532403
v 232.238 -0.695329 130.6
vn 8.22854e-16 0.999986 0.00532403
v 198.368 -0.658338 123.652
vn -4.34965e-15 0.999986 0.00532403
v 152.399 -0.6805 127.815
vn -5.69908e-16 0.999986 0.00532403
v 156.57 -0.731799 137.45
vn -5.69908e-16 0.999986 0.00532403
v 161.585 -0.688275 129.275
vn -5.69908e-16 0.999986 0.00532403
v 146.422 -0.725248 136.22
vn 1.3561e-15 0.999986 0.00532403
v 74.9855 -0.702305 131.91
vn 4.74311e-15 0.999986 0.00532403
v 65.2039 -0.721922 135.595
vn -4.06354e-15 0.999986 0.00532403
v 299.469 -0.637139 119.671
vn 2.08441e-15 0.999986 0.00532403
v 192.642 -0.613547 115.239
vn 3.05643e-15 0.999986 0.00532403
v 170.775 -0.684755 128.614
vn -2.60454e-15 0.999986 0.00532403
v 111.745 -0.712021 133.735
vn 8.41931e-15 0.999986 0.00532403
v 119.394 -0.665268 124.954
vn 8.41931e-15 0.999986 0.00532403
v 110.167 -0.65334 122.713
vn 8.41931e-15 0.999986 0.00532403
v 101.972 -0.683382 128.356
vn -2.61219e-15 0.999986 0.00532403
v 66.6754 -0.674023 126.598
vn 4.36364e-15 0.999986 0.00532403
v 299.512 -0.585308 109.935
vn 7.35785e-15 0.999986 0.00532403
v 290.569 -0.613098 115.155
vn 7.35785e-15 0.999986 0.00532403
v 262.275 -0.617178 115.921
vn 4.18155e-15 0.999986 0.00532403
v 244.315 -0.617043 115.896
vn 3.96519e-15 0.999986 0.00532403
v 206.555 -0.571328 107.31
vn 9.91692e-15 0.999986 0.00532403
v 66.1624 -0.589592 110.74
vn -7.38746e-16 0.999986 0.00532403
v 17.7982 -0.668472 125.556
vn 2.70201e-15 0.999986 0.00532403
v 299.557 -0.531872 99.8987
vn 3.51083e-15 0.999986 0.00532403
v 267.786 -0.526589 98.9065
vn 9.96816e-16 0.999986 0.00532403
v 240.016 -0.528576 99.2797
vn 8.53679e-15 0.999986 0.00532403
v 232.143 -0.557097 104.637
vn 8.53679e-15 0.999986 0.00532403
v 197.274 -0.561754 105.511
vn 9.48338e-16 0.999986 0.00532403
v 190.205 -0.530274 99.5986
vn 9.48338e-16 0.999986 0.00532403
v 188.187 -0.484186 90.9421
vn 4.24177e-15 0.999986 0.00532403
v 93.0295 -0.543153 102.018
vn -5.79845e-16 0.999986 0.00532403
v 50.7751 -0.551895 103.66
vn -5.64455e-16 0.999986 0.00532403
v 61.7711 -0.549293 103.171
vn -5.64455e-16 0.999986 0.00532403
v 197.401 -0.503891 94.6432
vn 1.57645e-15 0.999986 0.00532403
v 206.007 -0.525842 98.7662
vn 1.57645e-15 0.999986 0.00532403
v 162.598 -0.4983 93.5931
vn -2.88475e-15 0.999986 0.00532403
v 169.484 -0.457879 86.001
vn -2.88475e-15 0.999986 0.00532403
v 153.345 -0.483602 90.8325
vn 4.8533e-15 0.999986 0.00532403
v 160.003 -0.443966 83.3879
vn 4.8533e-15 0.999986 0.00532403
v 102.771 -0.520613 97.7841
vn -9.93822e-16 0.999986 0.00532403
v 112.328 -0.498127 93.5606
vn -9.93822e-16 0.999986 0.00532403
v 93.5885 -0.487579 91.5794
vn 3.2956e-15 0.999986 0.00532403
v 299.647 -0.424396 79.712
vn 1.1796e-15 0.999986 0.00532403
v 299.604 -0.476081 89.4198
vn 1.1796e-15 0.999986 0.00532403
v 278.27 -0.452875 85.0612
vn -1.72505e-15 0.999986 0.00532403
v 268.568 -0.471782 88.6124
vn -4.46655e-15 0.999986 0.00532403
v 270.623 -0.417704 78.4553
vn -4.46655e-15 0.999986 0.00532403
v 260.827 -0.439377 82.5259
vn -4.46655e-15 0.999986 0.00532403
v 210.401 -0.383434 72.0184
vn -3.32074e-15 0.999986 0.00532403
v 218.639 -0.395833 74.3472
vn -3.32074e-15 0.999986 0.00532403
v 203.539 -0.418168 78.5423
vn -4.19692e-15 0.999986 0.00532403
v 195.779 -0.450561 84.6265
vn -4.19692e-15 0.999986 0.00532403
v 123.054 -0.474076 89.0433
vn 2.53389e-15 0.999986 0.00532403
v 121.652 -0.424744 79.7774
vn -1.22577e-15 0.999986 0.00532403
v 84.3585 -0.458294 86.079
vn 2.89839e-15 0.999986 0.00532403
v 299.689 -0.374817 70.4
vn 8.66978e-15 0.999986 0.00532403
v 262.497 -0.379317 71.2451
vn 5.97344e-15 0.999986 0.00532403
v 201.035 -0.362738 68.1312
vn 4.48844e-15 0.999986 0.00532403
v 58.8581 -0.421263 79.1237
vn 1.01137e-14 0.999986 0.00532403
v 259.677 -0.322346 60.5445
vn 3.92722e-15 0.999986 0.00532403
v 199.379 -0.30771 57.7956
vn 2.45588e-15 0.999986 0.00532403
v 208.775 -0.328639 61.7265
vn 2.45588e-15 0.999986 0.00532403
v 163.966 -0.347586 65.2852
vn -9.26148e-15 0.999986 0.00532403
v 65.8199 -0.334214 62.7736
vn -7.71648e-15 0.999986 0.00532403
v 45.1571 -0.317347 59.6056
vn -2.99937e-15 0.999986 0.00532403
v 38.0261 -0.355827 66.8332
vn -2.99937e-15 0.999986 0.00532403
v 299.766 -0.282716 53.1011
vn 7.4022e-15 0.999986 0.00532403
v 292.991 -0.336215 63.1496
vn 7.4022e-15 0.999986 0.00532403
v 299.728 -0.327641 61.5392
vn 7.4022e-15 0.999986 0.00532403
v 111.754 -0.307009 57.6639
vn -5.57966e-15 0.999986 0.00532403
v 104.92 -0.27204 51.0958
vn -5.57966e-15 0.999986 0.00532403
v 41.9687 -0.277382 52.0992
vn 5.33202e-15 0.999986 0.00532403
v 290.566 -0.245738 46.1556
vn -5.95792e-15 0.999986 0.00532403
v 299.815 -0.22445 42.1572
vn -5.95792e-15 0.999986 0.00532403
v 225.776 -0.269254 50.5726
vn -6.94073e-15 0.999986 0.00532403
v 234.547 -0.244334 45.8919
vn -6.94073e-15 0.999986 0.00532403
v 225.112 -0.214718 40.3294
vn -6.94073e-15 0.999986 0.00532403
v 163.653 -0.194148 36.4658
vn -1.27068e-14 0.999986 0.00532403
v 121.4 -0.290183 54.5036
vn -4.36488e-16 0.999986 0.00532403
v 98.4156 -0.195635 36.7451
vn -1.361e-15 0.999986 0.00532403
v 299.861 -0.168784 31.7018
vn -9.59306e-15 0.999986 0.00532403
v 263.701 -0.223258 41.9334
vn 7.71965e-15 0.999986 0.00532403
v 256.575 -0.270217 50.7535
vn 1.66656e-15 0.999986 0.00532403
v 170.922 -0.151075 28.3756
vn -1.21332e-15 0.999986 0.00532403
v 161.093 -0.140491 26.3877
vn -1.21332e-15 0.999986 0.00532403
v 90.3439 -0.175415 32.9473
vn -8.09261e-15 0.999986 0.00532403
v 299.906 -0.116232 21.8312
vn 1.91044e-15 0.999986 0.00532403
v 188.882 -0.114017 21.4152
vn 4.46327e-15 0.999986 0.00532403
v 180.569 -0.157564 29.5945
vn -3.98971e-15 0.999986 0.00532403
v 159.891 -0.0917581 17.2345
vn -3.1803e-15 0.999986 0.00532403
v 152.142 -0.112062 21.048
vn 9.58091e-15 0.999986 0.00532403
v 99.1075 -0.14173 26.6205
vn -3.91686e-15 0.999986 0.00532403
v 299.953 -0.0594061 11.1579
vn -2.24871e-15 0.999986 0.00532403
v 42.3321 -0.0853517 16.0312
vn 2.62574e-16 0.999986 0.00532403
v 299.997 -0.00713139 1.33945
vn 6.40629e-15 0.999986 0.00532403
v 293.853 -0.040955 7.69236
vn 6.40629e-15 0.999986 0.00532403
v 290.531 -0.00690637 1.29719
vn 5.21749e-15 0.999986 0.00532403
v 285.29 -0.0532324 9.99836
vn 5.21749e-15 0.999986 0.00532403
v 256.502 -0.0552128 10.3703
vn -2.14452e-15 0.999986 0.00532403
v 209.683 -0.00498448 0.93621
vn -6.549e-16 0.999986 0.00532403
v 123.633 -0.048448 9.09973
vn 4.17705e-15 0.999986 0.00532403
v 129.265 -0.00307282 0.577151
vn 3.58719e-15 0.999986 0.00532403
v 118.884 -0.00282605 0.530802
vn 3.42505e-15 0.999986 0.00532403
v 95.1972 -0.0423246 7.94961
vn 4.37891e-15 0.999986 0.00532403
v 51.743 -0.00123001 0.231027
vn -2.71274e-15 0.999986 0.00532403
v 30.868 -0.000733779 0.137822
vn -7.30874e-16 0.999986 0.00532403
v 95.9352 -1.43696 269.896
vn 9.27739e-16 0.999986 0.00532403
v 163.614 -1.40253 263.43
vn -5.18223e-15 0.999986 0.00532403
v 64.8577 -0.773639 145.309
vn 1.43063e-15 0.999986 0.00532403
v 99.4829 -1.48559 279.031
vn -2.60508e-15 0.999986 0.00532403
v 289.785 -1.53122 287.601
vn -2.6294e-15 0.999986 0.00532403
v 138.718 -0.524273 98.4715
vn -8.42646e-15 0.999986 0.00532403
v 258.413 -1.44362 271.148
vn 3.44533e-15 0.999986 0.00532403
v 275.586 -0.54981 103.268
vn 1.84816e-15 0.999986 0.00532403
v 275.944 -0.502796 94.4375
vn 1.84816e-15 0.999986 0.00532403
v 214.839 -1.17234 220.195
vn 3.44143e-15 0.999986 0.00532403
v 85.9847 -1.02846 193.171
vn 6.92435e-15 0.999986 0.00532403
v 60.3523 -1.00278 188.348
vn -1.0184e-14 0.999986 0.00532403
v 177.343 -1.28637 241.612
vn 4.16376e-15 0.999986 0.00532403
v 45.4514 -1.12912 212.077
vn -2.38521e-16 0.999986 0.00532403
v 262.728 -1.29124 242.526
vn -1.83537e-15 0.999986 0.00532403
v 280.322 -0.00666368 1.2516
vn 1.62411e-15 0.999986 0.00532403
v 282.378 -1.66034 311.853
vn -2.06304e-15 0.999986 0.00532403
v 169.387 -0.0040266 0.756294
vn 8.33384e-16 0.999986 0.00532403
v 43.5792 -1.81123 340.193
vn 9.37449e-15 0.999986 0.00532403
v 230.368 -0.00547621 1.02857
vn 2.91531e-15 0.999986 0.00532403
v 220.056 -1.69952 319.213
vn 6.65908e-17 0.999986 0.00532403
v 177.239 -1.62018 304.309
vn 7.3693e-16 0.999986 0.00532403
v 149.586 -1.81375 340.666
vn 2.79692e-15 0.999986 0.00532403
v 189.55 -0.285891 53.6974
vn -8.10837e-15 0.999986 0.00532403
v 78.3126 -0.251604 47.2574
vn -6.05193e-15 0.999986 0.00532403
v 83.4968 -0.150585 28.2835
vn -9.77281e-15 0.999986 0.00532403
v 148.902 -0.00353962 0.664828
vn -4.75701e-15 0.999986 0.00532403
v 50.1089 -1.36182 255.784
vn -4.20474e-15 0.999986 0.00532403
v 98.9278 -0.00235167 0.441701
vn 2.30518e-15 0.999986 0.00532403
v 106.778 -1.44968 272.286
vn 2.19743e-15 0.999986 0.00532403
v 79.6427 -0.00189323 0.355595
vn 1.97808e-16 0.999986 0.00532403
v 198.634 -0.867085 162.86
vn -9.85356e-16 0.999986 0.00532403
v 28.4028 -0.745115 139.951
vn 2.84126e-17 0.999986 0.00532403
v 161.981 -0.780138 146.529
vn -2.12214e-15 0.999986 0.00532403
v 280.646 -0.744079 139.757
vn 2.82691e-15 0.999986 0.00532403
v 277.628 -0.689071 129.425
vn 7.54856e-16 0.999986 0.00532403
v -0.446165 -0.53201 99.9247
vn 2.38704e-15 0.999986 0.00532403
v 126.531 -1.72153 323.346
vn 8.03466e-15 0.999986 0.00532403
v 33.2837 -1.68646 316.76
vn 1.51319e-15 0.999986 0.00532403
v 210.438 -1.51535 284.621
vn -4.78045e-15 0.999986 0.00532403
v 258.437 -1.81633 341.152
vn -3.09262e-15 0.999986 0.00532403
v 279.037 -1.81682 341.244
vn -1.92408e-15 0.999986 0.00532403
v 157.171 -0.23792 44.6872
vn 2.48746e-15 0.999986 0.00532403
v 60.3582 -0.288375 54.164
vn -1.16242e-14 0.999986 0.00532403
v 119.527 -0.75752 142.281
vn -1.11793e-14 0.999986 0.00532403
v 196.465 -1.05919 198.942
vn 3.64271e-15 0.999986 0.00532403
v 298.612 -1.65808 311.428
vn 3.49215e-15 0.999986 0.00532403
f 1//1 2//2 3//3
f 4//4 5//5 6//6
f 7//7 8//8 9//9
f 9//9 10//10 7//7
f 11//11 12//12 13//13
f 13//13 14//14 11//11
f 15//15 16//16 17//17
f 18//18 15//15 17//17
f 19//19 20//20 21//21
f 22//22 23//23 24//24
f 25//25 26//26 27//27
f 25//25 28//28 29//29
f 30//30 31//31 32//32
f 33//33 6//6 34//34
f 35//35 36//36 37//37
f 38//38 16//16 39//39
f 21//21 40//40 19//19
f 41//41 23//23 22//22
f 42//42 27//27 43//43
f 44//44 45//45 46//46
f 47//47 48//48 49//49
f 50//50 47//47 46//46
f 32//32 51//51 52//52
f 53//53 54//54 55//55
f 56//56 57//57 58//58
f 59//59 60//60 61//61
f 62//62 63//63 64//64
f 37//37 65//65 66//66
f 67//67 38//38 39//39
f 68//68 69//69 70//70
f 71//71 69//69 68//68
f 40//40 72//72 73//73
f 74//74 41//41 75//75
f 42//42 76//76 77//77
f 48//48 50//50 78//78
f 79//79 80//80 81//81
f 54//54 82//82 83//83
f 84//84 85//85 86//86
f 61//61 87//87 59//59
f 87//87 88//88 89//89
f 90//90 91//91 63//63
f 92//92 68//68 38//38
f 93//93 94//94 95//95
f 96//96 97//97 98//98
f 98//98 97//97 99//99
f 100//100 101//101 102//102
f 103//103 79//79 81//81
f 104//104 105//105 82//82
f 83//83 84//84 86//86
f 106//106 85//85 107//107
f 108//108 109//109 92//92
f 92//92 109//109 110//110
f 111//111 112//112 113//113
f 114//114 111//111 113//113
f 115//115 116//116 117//117
f 118//118 119//119 120//120
f 93//93 95//95 121//121
f 101//101 100//100 122//122
f 81//81 123//123 103//103
f 103//103 124//124 125//125
f 126//126 127//127 128//128
f 129//129 130//130 131//131
f 132//132 131//131 133//133
f 134//134 135//135 88//88
f 136//136 137//137 138//138
f 139//139 140//140 112//112
f 141//141 142//142 113//113
f 143//143 144//144 145//145
f 146//146 147//147 148//148
f 149//149 150//150 148//148
f 124//124 151//151 152//152
f 133//133 153//153 154//154
f 132//132 154//154 155//155
f 135//135 156//156 157//157
f 158//158 159//159 160//160
f 138//138 161//161 162//162
f 138//138 163//163 164//164
f 164//164 165//165 166//166
f 167//167 168//168 166//166
f 169//169 170//170 171//171
f 171//171 170//170 141//141
f 172//172 173//173 174//174
f 175//175 176//176 177//177
f 147//147 176//176 178//178
f 179//179 147//147 178//178
f 149//149 148//148 179//179
f 152//152 180//180 181//181
f 182//182 183//183 184//184
f 185//185 186//186 187//187
f 133//133 188//188 153//153
f 189//189 190//190 191//191
f 192//192 193//193 194//194
f 195//195 159//159 194//194
f 196//196 162//162 197//197
f 198//198 199//199 170//170
f 200//200 199//199 201//201
f 200//200 202//202 203//203
f 204//204 205//205 203//203
f 172//172 206//206 207//207
f 178//178 208//208 209//209
f 179//179 209//209 210//210
f 211//211 212//212 181//181
f 213//213 214//214 185//185
f 215//215 188//188 216//216
f 217//217 218//218 219//219
f 195//195 220//220 221//221
f 195//195 221//221 197//197
f 222//222 223//223 224//224
f 225//225 226//226 227//227
f 228//228 229//229 204//204
f 230//230 231//231 232//232
f 207//207 233//233 234//234
f 235//235 208//208 178//178
f 236//236 210//210 209//209
f 237//237 238//238 239//239
f 239//239 240//240 212//212
f 241//241 242//242 213//213
f 215//215 216//216 243//243
f 244//244 245//245 246//246
f 247//247 248//248 249//249
f 250//250 251//251 252//252
f 240//240 253//253 254//254
f 255//255 256//256 257//257
f 258//258 255//255 257//257
f 259//259 243//243 260//260
f 261//261 262//262 263//263
f 264//264 244//244 263//263
f 265//265 266//266 267//267
f 268//268 269//269 270//270
f 271//271 272//272 273//273
f 272//272 274//274 275//275
f 276//276 274//274 277//277
f 278//278 276//276 279//279
f 280//280 281//281 278//278
f 254//254 282//282 283//283
f 284//284 256//256 242//242
f 260//260 285//285 286//286
f 262//262 259//259 286//286
f 287//287 264//264 263//263
f 288//288 267//267 289//289
f 270//270 269//269 290//290
f 291//291 292//292 293//293
f 294//294 295//295 296//296
f 297//297 298//298 272//272
f 298//298 297//297 299//299
f 277//277 300//300 279//279
f 301//301 302//302 280//280
f 303//303 304//304 305//305
f 283//283 282//282 306//306
f 307//307 308//308 309//309
f 310//310 311//311 307//307
f 312//312 313//313 314//314
f 315//315 316//316 317//317
f 318//318 319//319 320//320
f 321//321 322//322 323//323
f 324//324 325//325 299//299
f 326//326 327//327 277//277
f 328//328 329//329 330//330
f 331//331 332//332 333//333
f 334//334 335//335 336//336
f 337//337 338//338 310//310
f 339//339 313//313 340//340
f 313//313 341//341 315//315
f 342//342 343//343 344//344
f 345//345 346//346 289//289
f 347//347 348//348 346//346
f 347//347 346//346 349//349
f 350//350 318//318 351//351
f 350//350 351//351 323//323
f 352//352 321//321 323//323
f 353//353 295//295 321//321
f 354//354 355//355 325//325
f 356//356 355//355 357//357
f 358//358 359//359 360//360
f 361//361 359//359 362//362
f 363//363 364//364 365//365
f 365//365 366//366 367//367
f 337//337 366//366 368//368
f 340//340 369//369 339//339
f 341//341 370//370 371//371
f 349//349 372//372 373//373
f 320//320 374//374 375//375
f 376//376 377//377 351//351
f 378//378 379//379 380//380
f 381//381 354//354 378//378
f 356//356 357//357 382//382
f 383//383 384//384 385//385
f 386//386 385//385 387//387
f 368//368 388//388 389//389
f 390//390 369//369 368//368
f 391//391 392//392 393//393
f 394//394 395//395 396//396
f 397//397 374//374 372//372
f 398//398 399//399 400//400
f 401//401 402//402 403//403
f 404//404 402//402 405//405
f 406//406 407//407 408//408
f 387//387 409//409 410//410
f 411//411 412//412 413//413
f 413//413 414//414 415//415
f 415//415 416//416 391//391
f 416//416 417//417 418//418
f 419//419 392//392 418//418
f 420//420 421//421 419//419
f 422//422 423//423 395//395
f 424//424 423//423 425//425
f 426//426 427//427 428//428
f 429//429 430//430 431//431
f 432//432 433//433 434//434
f 435//435 436//436 434//434
f 399//399 437//437 438//438
f 439//439 440//440 441//441
f 442//442 443//443 405//405
f 405//405 444//444 445//445
f 446//446 447//447 445//445
f 448//448 449//449 450//450
f 450//450 410//410 409//409
f 451//451 450//450 452//452
f 453//453 454//454 455//455
f 414//414 417//417 416//416
f 418//418 456//456 420//420
f 457//457 422//422 421//421
f 458//458 459//459 425//425
f 459//459 458//458 460//460
f 428//428 461//461 462//462
f 463//463 464//464 430//430
f 464//464 465//465 433//433
f 435//435 433//433 466//466
f 467//467 468//468 438//438
f 468//468 469//469 438//438
f 470//470 471//471 472//472
f 470//470 443//443 442//442
f 446//446 473//473 474//474
f 449//449 475//475 476//476
f 449//449 476//476 452//452
f 452//452 477//477 451//451
f 478//478 479//479 480//480
f 481//481 482//482 483//483
f 483//483 484//484 485//485
f 486//486 485//485 487//487
f 486//486 488//488 485//485
f 489//489 490//490 491//491
f 460//460 492//492 461//461
f 461//461 493//493 462//462
f 462//462 494//494 426//426
f 495//495 496//496 494//494
f 497//497 465//465 496//496
f 465//465 466//466 433//433
f 466//466 498//498 499//499
f 499//499 468//468 467//467
f 500//500 501//501 468//468
f 501//501 502//502 471//471
f 502//502 472//472 471//471
f 472//472 503//503 470//470
f 504//504 505//505 506//506
f 473//473 507//507 474//474
f 508//508 476//476 475//475
f 477//477 509//509 510//510
f 511//511 453//453 512//512
f 513//513 514//514 515//515
f 516//516 517//517 480//480
f 482//482 518//518 519//519
f 520//520 484//484 519//519
f 486//486 521//521 491//491
f 493//493 522//522 523//523
f 524//524 493//493 523//523
f 498//498 525//525 500//500
f 504//504 526//526 473//473
f 527//527 528//528 507//507
f 507//507 528//528 474//474
f 528//528 508//508 475//475
f 529//529 509//509 476//476
f 510//510 530//530 531//531
f 516//516 532//532 533//533
f 534//534 533//533 535//535
f 520//520 536//536 487//487
f 521//521 537//537 538//538
f 539//539 540//540 541//541
f 542//542 543//543 544//544
f 543//543 542//542 545//545
f 546//546 526//526 547//547
f 546//546 548//548 527//527
f 549//549 550//550 551//551
f 550//550 531//531 530//530
f 552//552 553//553 554//554
f 532//532 555//555 556//556
f 557//557 558//558 535//535
f 559//559 534//534 535//535
f 560//560 561//561 537//537
f 562//562 563//563 564//564
f 564//564 523//523 565//565
f 566//566 567//567 568//568
f 569//569 541//541 568//568
f 570//570 571//571 546//546
f 571//571 570//570 572//572
f 573//573 574//574 548//548
f 575//575 576//576 577//577
f 578//578 579//579 580//580
f 581//581 582//582 583//583
f 563//563 584//584 585//585
f 586//586 587//587 585//585
f 588//588 589//589 590//590
f 569//569 591//591 592//592
f 593//593 594//594 544//544
f 595//595 596//596 597//597
f 598//598 572//572 599//599
f 577//577 600//600 601//601
f 602//602 603//603 604//604
f 604//604 605//605 602//602
f 605//605 606//606 607//607
f 608//608 609//609 610//610
f 611//611 609//609 608//608
f 580//580 612//612 581//581
f 563//563 613//613 584//584
f 589//589 614//614 615//615
f 616//616 615//615 617//617
f 618//618 591//591 569//569
f 619//619 591//591 620//620
f 621//621 622//622 623//623
f 624//624 573//573 625//625
f 626//626 627//627 628//628
f 629//629 600//600 627//627
f 630//630 603//603 631//631
f 608//608 610//610 632//632
f 633//633 634//634 635//635
f 636//636 637//637 638//638
f 620//620 591//591 639//639
f 640//640 641//641 642//642
f 643//643 644//644 645//645
f 646//646 645//645 644//644
f 647//647 648//648 649//649
f 650//650 649//649 651//651
f 652//652 653//653 654//654
f 655//655 654//654 656//656
f 657//657 658//658 659//659
f 660//660 657//657 659//659
f 661//661 662//662 663//663
f 661//661 663//663 635//635
f 664//664 665//665 666//666
f 636//636 667//667 668//668
f 669//669 670//670 671//671
f 672//672 673//673 674//674
f 675//675 676//676 644//644
f 677//677 678//678 679//679
f 679//679 680//680 649//649
f 681//681 682//682 653//653
f 683//683 684//684 631//631
f 685//685 686//686 662//662
f 667//667 687//687 688//688
f 689//689 690//690 668//668
f 691//691 692//692 693//693
f 694//694 670//670 695//695
f 696//696 697//697 674//674
f 697//697 698//698 699//699
f 699//699 700//700 675//675
f 701//701 678//678 702//702
f 703//703 704//704 680//680
f 705//705 682//682 706//706
f 707//707 708//708 709//709
f 710//710 711//711 712//712
f 686//686 713//713 662//662
f 714//714 715//715 716//716
f 687//687 717//717 688//688
f 692//692 718//718 719//719
f 670//670 692//692 695//695
f 720//720 721//721 695//695
f 722//722 723//723 724//724
f 696//696 725//725 726//726
f 698//698 696//696 726//726
f 727//727 701//701 702//702
f 706//706 728//728 705//705
f 709//709 729//729 730//730
f 731//731 732//732 733//733
f 732//732 734//734 735//735
f 736//736 710//710 737//737
f 686//686 715//715 713//713
f 738//738 716//716 739//739
f 740//740 741//741 742//742
f 743//743 742//742 744//744
f 745//745 746//746 719//719
f 746//746 720//720 695//695
f 747//747 748//748 749//749
f 750//750 751//751 752//752
f 753//753 754//754 729//729
f 729//729 755//755 730//730
f 731//731 756//756 732//732
f 757//757 758//758 759//759
f 760//760 761//761 739//739
f 762//762 763//763 764//764
f 744//744 741//741 765//765
f 766//766 767//767 768//768
f 769//769 770//770 771//771
f 772//772 773//773 774//774
f 775//775 776//776 777//777
f 778//778 779//779 780//780
f 781//781 780//780 779//779
f 782//782 783//783 784//784
f 785//785 786//786 783//783
f 755//755 754//754 787//787
f 788//788 759//759 789//789
f 790//790 757//757 759//759
f 791//791 792//792 793//793
f 793//793 794//794 795//795
f 796//796 797//797 764//764
f 798//798 799//799 800//800
f 770//770 801//801 771//771
f 771//771 802//802 803//803
f 776//776 804//804 805//805
f 781//781 806//806 782//782
f 785//785 807//807 808//808
f 809//809 810//810 787//787
f 811//811 812//812 813//813
f 814//814 815//815 816//816
f 817//817 818//818 814//814
f 817//817 819//819 792//792
f 820//820 821//821 795//795
f 821//821 822//822 760//760
f 796//796 763//763 823//823
f 824//824 825//825 826//826
f 827//827 828//828 829//829
f 805//805 830//830 831//831
f 832//832 833//833 834//834
f 835//835 836//836 837//837
f 810//810 838//838 839//839
f 788//788 812//812 815//815
f 840//840 815//815 841//841
f 842//842 843//843 844//844
f 845//845 844//844 846//846
f 847//847 848//848 849//849
f 848//848 850//850 851//851
f 852//852 850//850 853//853
f 854//854 855//855 856//856
f 856//856 857//857 854//854
f 828//828 858//858 829//829
f 859//859 860//860 861//861
f 862//862 859//859 863//863
f 864//864 837//837 865//865
f 866//866 867//867 868//868
f 869//869 870//870 838//838
f 839//839 870//870 871//871
f 841//841 872//872 840//840
f 840//840 872//872 873//873
f 843//843 874//874 875//875
f 847//847 876//876 877//877
f 852//852 878//878 879//879
f 852//852 879//879 855//855
f 880//880 856//856 855//855
f 881//881 882//882 883//883
f 884//884 885//885 886//886
f 887//887 861//861 888//888
f 863//863 889//889 890//890
f 891//891 890//890 892//892
f 891//891 893//893 864//864
f 868//868 894//894 895//895
f 866//866 896//896 897//897
f 897//897 898//898 899//899
f 871//871 899//899 900//900
f 901//901 902//902 903//903
f 902//902 904//904 905//905
f 56//56 58//58 906//906
f 34//34 907//907 58//58
f 6//6 908//908 34//34
f 909//909 7//7 910//910
f 911//911 912//912 913//913
f 17//17 914//914 18//18
f 914//914 20//20 915//915
f 20//20 19//19 916//916
f 22//22 917//917 19//19
f 23//23 27//27 918//918
f 44//44 919//919 920//920
f 47//47 921//921 919//919
f 922//922 49//49 31//31
f 923//923 901//901 924//924
f 53//53 904//904 923//923
f 3//3 925//925 56//56
f 60//60 58//58 57//57
f 6//6 33//33 4//4
f 62//62 926//926 63//63
f 62//62 927//927 12//12
f 37//37 927//927 65//65
f 16//16 912//912 39//39
f 70//70 17//17 16//16
f 928//928 21//21 929//929
f 23//23 43//43 27//27
f 930//930 43//43 74//74
f 77//77 28//28 25//25
f 45//45 931//931 101//101
f 923//923 932//932 53//53
f 933//933 57//57 86//86
f 60//60 59//59 33//33
f 934//934 926//926 935//935
f 65//65 927//927 64//64
f 35//35 936//936 67//67
f 16//16 38//38 70//70
f 928//928 937//937 117//117
f 72//72 40//40 928//928
f 98//98 930//930 96//96
f 98//98 931//931 76//76
f 931//931 77//77 76//76
f 80//80 52//52 51//51
f 938//938 939//939 940//940
f 84//84 83//83 82//82
f 941//941 933//933 85//85
f 88//88 61//61 941//941
f 89//89 942//942 943//943
f 934//934 942//942 90//90
f 66//66 944//944 936//936
f 110//110 71//71 68//68
f 115//115 114//114 113//113
f 117//117 116//116 928//928
f 120//120 72//72 116//116
f 94//94 75//75 120//120
f 102//102 931//931 99//99
f 123//123 81//81 945//945
f 946//946 938//938 940//940
f 129//129 107//107 105//105
f 106//106 134//134 941//941
f 157//157 947//947 942//942
f 948//948 949//949 950//950
f 91//91 949//949 951//951
f 944//944 952//952 953//953
f 109//109 139//139 110//110
f 112//112 111//111 139//139
f 142//142 141//141 954//954
f 93//93 955//955 96//96
f 956//956 957//957 97//97
f 99//99 958//958 102//102
f 945//945 959//959 123//123
f 128//128 129//129 105//105
f 131//131 132//132 106//106
f 156//156 155//155 191//191
f 960//960 961//961 158//158
f 948//948 161//161 137//137
f 136//136 166//166 962//962
f 136//136 962//962 953//953
f 141//141 112//112 171//171
f 963//963 144//144 119//119
f 121//121 143//143 964//964
f 956//956 174//174 175//175
f 957//957 177//177 958//958
f 147//147 146//146 177//177
f 184//184 183//183 965//965
f 188//188 966//966 216//216
f 154//154 191//191 155//155
f 190//190 189//189 217//217
f 961//961 192//192 194//194
f 159//159 158//158 961//961
f 161//161 138//138 137//137
f 166//166 225//225 167//167
f 170//170 169//169 198//198
f 147//147 179//179 148//148
f 149//149 211//211 180//180
f 967//967 182//182 968//968
f 187//187 182//182 967//967
f 969//969 187//187 186//186
f 215//215 153//153 188//188
f 190//190 192//192 191//191
f 197//197 160//160 159//159
f 162//162 196//196 163//163
f 199//199 198//198 252//252
f 204//204 206//206 205//205
f 964//964 172//172 174//174
f 234//234 173//173 172//172
f 235//235 178//178 176//176
f 149//149 179//179 237//237
f 967//967 970//970 971//971
f 241//241 187//187 967//967
f 216//216 214//214 243//243
f 190//190 246//246 193//193
f 220//220 249//249 221//221
f 224//224 223//223 972//972
f 227//227 973//973 225//225
f 250//250 252//252 198//198
f 974//974 201//201 975//975
f 206//206 230//230 207//207
f 236//236 976//976 977//977
f 978//978 971//971 970//970
f 241//241 971//971 242//242
f 255//255 242//242 256//256
f 979//979 243//243 259//259
f 979//979 219//219 218//218
f 245//245 980//980 981//981
f 980//980 247//247 220//220
f 269//269 982//982 983//983
f 984//984 985//985 226//226
f 986//986 987//987 985//985
f 988//988 989//989 251//251
f 989//989 990//990 975//975
f 271//271 974//974 990//990
f 273//273 228//228 202//202
f 228//228 275//275 229//229
f 231//231 229//229 275//275
f 232//232 231//231 278//278
f 991//991 281//281 992//992
f 992//992 993//993 991//991
f 994//994 995//995 304//304
f 996//996 284//284 978//978
f 262//262 261//261 259//259
f 264//264 266//266 997//997
f 998//998 983//983 982//982
f 268//268 999//999 269//269
f 293//293 1000//1000 268//268
f 293//293 292//292 986//986
f 294//294 1001//1001 1002//1002
f 1001//1001 1003//1003 989//989
f 275//275 274//274 231//231
f 274//274 276//276 231//231
f 276//276 278//278 231//231
f 281//281 302//302 992//992
f 992//992 302//302 1004//1004
f 992//992 305//305 976//976
f 306//306 994//994 304//304
f 1005//1005 1006//1006 996//996
f 308//308 256//256 1006//1006
f 285//285 257//257 311//311
f 286//286 312//312 314//314
f 262//262 314//314 317//317
f 317//317 316//316 287//287
f 1007//1007 348//348 1008//1008
f 1008//1008 319//319 290//290
f 322//322 1009//1009 350//350
f 322//322 291//291 1009//1009
f 326//326 277//277 298//298
f 279//279 300//300 360//360
f 330//330 303//303 1004//1004
f 304//304 1010//1010 306//306
f 336//336 335//335 1011//1011
f 335//335 309//309 1011//1011
f 311//311 312//312 285//285
f 290//290 318//318 270//270
f 321//321 295//295 1002//1002
f 299//299 325//325 356//356
f 300//300 358//358 360//360
f 331//331 1012//1012 1013//1013
f 335//335 363//363 1014//1014
f 309//309 367//367 310//310
f 371//371 370//370 342//342
f 344//344 1015//1015 342//342
f 344//344 1016//1016 1015//1015
f 373//373 319//319 347//347
f 353//353 352//352 378//378
f 296//296 353//353 354//354
f 1017//1017 327//327 382//382
f 358//358 1018//1018 403//403
f 359//359 358//358 362//362
f 1019//1019 1020//1020 328//328
f 1021//1021 363//363 334//334
f 366//366 337//337 367//367
f 343//343 394//394 344//344
f 320//320 375//375 376//376
f 1022//1022 377//377 375//375
f 377//377 1023//1023 351//351
f 1024//1024 379//379 1023//1023
f 379//379 378//378 352//352
f 354//354 381//381 355//355
f 1017//1017 1018//1018 327//327
f 361//361 362//362 1025//1025
f 1026//1026 408//408 1019//1019
f 384//384 383//383 407//407
f 1027//1027 364//364 1021//1021
f 1028//1028 366//366 365//365
f 391//391 1029//1029 390//390
f 1030//1030 1031//1031 343//343
f 1031//1031 394//394 343//343
f 424//424 349//349 396//396
f 397//397 372//372 424//424
f 397//397 1032//1032 374//374
f 1033//1033 432//432 434//434
f 1034//1034 436//436 435//435
f 381//381 437//437 398//398
f 401//401 403//403 1017//1017
f 447//447 1025//1025 404//404
f 1035//1035 1036//1036 447//447
f 1037//1037 1038//1038 1027//1027
f 1028//1028 1038//1038 454//454
f 454//454 1039//1039 1028//1028
f 392//392 416//416 418//418
f 419//419 421//421 1031//1031
f 397//397 427//427 1032//1032
f 432//432 431//431 430//430
f 1034//1034 435//435 467//467
f 438//438 440//440 399//399
f 441//441 470//470 442//442
f 441//441 442//442 439//439
f 447//447 446//446 1040//1040
f 406//406 1041//1041 448//448
f 1042//1042 455//455 1037//1037
f 420//420 457//457 421//421
f 428//428 1043//1043 459//459
f 435//435 499//499 467//467
f 471//471 441//441 469//469
f 503//503 443//443 470//470
f 473//473 446//446 505//505
f 512//512 1042//1042 1044//1044
f 454//454 453//453 412//412
f 482//482 481//481 517//517
f 491//491 490//490 486//486
f 460//460 461//461 459//459
f 497//497 1045//1045 465//465
f 472//472 502//502 1046//1046
f 1047//1047 1046//1046 1048//1048
f 444//444 506//506 505//505
f 1040//1040 475//475 1041//1041
f 509//509 452//452 476//476
f 1049//1049 1050//1050 1044//1044
f 453//453 511//511 515//515
f 532//532 516//516 1051//1051
f 1052//1052 1053//1053 1054//1054
f 1055//1055 540//540 497//497
f 540//540 1045//1045 497//497
f 1056//1056 1057//1057 525//525
f 1056//1056 1058//1058 1057//1057
f 530//530 551//551 550//550
f 551//551 530//530 529//529
f 552//552 1049//1049 1059//1059
f 513//513 555//555 1051//1051
f 533//533 534//534 518//518
f 1060//1060 534//534 559//559
f 537//537 521//521 536//536
f 1061//1061 1054//1054 538//538
f 1062//1062 1063//1063 1064//1064
f 495//495 1065//1065 497//497
f 545//545 542//542 1066//1066
f 1067//1067 1048//1048 1066//1066
f 1068//1068 553//553 1059//1059
f 578//578 1060//1060 559//559
f 1061//1061 538//538 583//583
f 563//563 562//562 1069//1069
f 587//587 1064//1064 1070//1070
f 1055//1055 566//566 568//568
f 1071//1071 1072//1072 1073//1073
f 1071//1071 1073//1073 1074//1074
f 594//594 542//542 544//544
f 599//599 1075//1075 597//597
f 1076//1076 1077//1077 1068//1068
f 607//607 554//554 605//605
f 556//556 607//607 1078//1078
f 1078//1078 609//609 558//558
f 535//535 1079//1079 559//559
f 580//580 561//561 578//578
f 582//582 581//581 1080//1080
f 582//582 1061//1061 583//583
f 616//616 590//590 589//589
f 592//592 1072//1072 569//569
f 592//592 621//621 1073//1073
f 1081//1081 599//599 597//597
f 628//628 627//627 1082//1082
f 1083//1083 602//602 1076//1076
f 610//610 606//606 1084//1084
f 611//611 1085//1085 1086//1086
f 613//613 1087//1087 1088//1088
f 638//638 1088//1088 1089//1089
f 637//637 584//584 638//638
f 1090//1090 593//593 622//622
f 642//642 1090//1090 640//640
f 1091//1091 598//598 1092//1092
f 654//654 629//629 652//652
f 634//634 1085//1085 660//660
f 612//612 633//633 665//665
f 1093//1093 1094//1094 664//664
f 1094//1094 1093//1093 1087//1087
f 1095//1095 637//637 1096//1096
f 637//637 1095//1095 614//614
f 693//693 1097//1097 1098//1098
f 1099//1099 1100//1100 672//672
f 672//672 1101//1101 1099//1099
f 648//648 677//677 679//679
f 646//646 648//648 1091//1091
f 651//651 649//649 680//680
f 650//650 652//652 626//626
f 656//656 653//653 682//682
f 1102//1102 631//631 1103//1103
f 684//684 1104//1104 631//631
f 1105//1105 1106//1106 1107//1107
f 657//657 608//608 632//632
f 660//660 659//659 661//661
f 1108//1108 666//666 1109//1109
f 1110//1110 1111//1111 664//664
f 1098//1098 691//691 693//693
f 693//693 669//669 1097//1097
f 1112//1112 671//671 694//694
f 673//673 1112//1112 1113//1113
f 643//643 1114//1114 675//675
f 680//680 679//679 703//703
f 651//651 653//653 652//652
f 1115//1115 683//683 1102//1102
f 733//733 1106//1106 684//684
f 658//658 1116//1116 711//711
f 662//662 659//659 685//685
f 1110//1110 1108//1108 1117//1117
f 687//687 667//667 1111//1111
f 1096//1096 668//668 690//690
f 1118//1118 702//702 678//678
f 706//706 681//681 704//704
f 1116//1116 733//733 735//735
f 1119//1119 711//711 1116//1116
f 713//713 714//714 1109//1109
f 1120//1120 1117//1117 1121//1121
f 717//717 687//687 1117//1117
f 689//689 688//688 740//740
f 690//690 689//689 1122//1122
f 1122//1122 718//718 691//691
f 719//719 695//695 692//692
f 749//749 748//748 726//726
f 747//747 700//700 748//748
f 727//727 702//702 1123//1123
f 1124//1124 1125//1125 701//701
f 1126//1126 1127//1127 1128//1128
f 734//734 732//732 757//757
f 761//761 738//738 739//739
f 770//770 768//768 767//767
f 1129//1129 769//769 1130//1130
f 725//725 773//773 726//726
f 1131//1131 750//750 1124//1124
f 783//783 751//751 784//784
f 751//751 753//753 728//728
f 1132//1132 1133//1133 789//789
f 758//758 756//756 1132//1132
f 1134//1134 1135//1135 1136//1136
f 763//763 762//762 761//761
f 797//797 741//741 764//764
f 765//765 1137//1137 744//744
f 770//770 769//769 1138//1138
f 769//769 803//803 1130//1130
f 803//803 1139//1139 774//774
f 780//780 782//782 784//784
f 1140//1140 789//789 1133//1133
f 815//815 790//790 788//788
f 814//814 1141//1141 790//790
f 1141//1141 791//791 1142//1142
f 1143//1143 1144//1144 1137//1137
f 828//828 801//801 825//825
f 802//802 771//771 827//827
f 1145//1145 804//804 772//772
f 776//776 834//834 777//777
f 836//836 779//779 834//834
f 1146//1146 813//813 1140//1140
f 788//788 813//813 812//812
f 849//849 821//821 845//845
f 848//848 851//851 822//822
f 1147//1147 850//850 852//852
f 1148//1148 796//796 1147//1147
f 1144//1144 857//857 1149//1149
f 1150//1150 826//826 799//799
f 860//860 1151//1151 802//802
f 1151//1151 862//862 1145//1145
f 805//805 832//832 776//776
f 835//835 806//806 781//781
f 1152//1152 811//811 1146//1146
f 842//842 819//819 817//817
f 845//845 876//876 849//849
f 855//855 1147//1147 852//852
f 1149//1149 883//883 882//882
f 882//882 884//884 1150//1150
f 858//858 828//828 824//824
f 860//860 859//859 1151//1151
f 863//863 830//830 862//862
f 890//890 891//891 831//831
f 1153//1153 837//837 894//894
f 1154//1154 1155//1155 1152//1152
f 1156//1156 1157//1157 1155//1155
f 1158//1158 874//874 843//843
f 875//875 846//846 843//843
f 1159//1159 847//847 877//877
f 886//886 1160//1160 858//858
f 1161//1161 1160//1160 886//886
f 1162//1162 888//888 1160//1160
f 889//889 863//863 1163//1163
f 1164//1164 894//894 864//864
f 1165//1165 866//866 868//868
f 616//616 567//567 590//590
f 239//239 212//212 211//211
f 541//541 1072//1072 539//539
f 622//622 621//621 619//619
f 594//594 593//593 642//642
f 599//599 1081//1081 598//598
f 573//573 571//571 625//625
f 980//980 245//245 997//997
f 1078//1078 558//558 557//557
f 610//610 609//609 1078//1078
f 189//189 218//218 217//217
f 561//561 583//583 537//537
f 1080//1080 612//612 1094//1094
f 582//582 1069//1069 1061//1061
f 185//185 241//241 213//213
f 627//627 626//626 629//629
f 205//205 145//145 1166//1166
f 162//162 163//163 138//138
f 615//615 616//616 589//589
f 197//197 159//159 195//195
f 627//627 576//576 1082//1082
f 602//602 605//605 1077//1077
f 1083//1083 603//603 602//602
f 222//222 165//165 1167//1167
f 1064//1064 524//524 1070//1070
f 574//574 1082//1082 549//549
f 550//550 575//575 531//531
f 1049//1049 552//552 1050//1050
f 249//249 220//220 247//247
f 590//590 566//566 1062//1062
f 525//525 1071//1071 1056//1056
f 1046//1046 545//545 1048//1048
f 1067//1067 1168//1168 1048//1048
f 1118//1118 677//677 644//644
f 706//706 682//682 681//681
f 144//144 95//95 119//119
f 1169//1169 144//144 963//963
f 683//683 1115//1115 1127//1127
f 733//733 684//684 731//731
f 1116//1116 658//658 1107//1107
f 171//171 140//140 169//169
f 1170//1170 127//127 126//126
f 1096//1096 690//690 1098//1098
f 669//669 671//671 1171//1171
f 693//693 670//670 669//669
f 620//620 1112//1112 1100//1100
f 1114//1114 640//640 1101//1101
f 699//699 1114//1114 697//697
f 155//155 134//134 132//132
f 131//131 130//130 1172//1172
f 676//676 1123//1123 702//702
f 105//105 126//126 128//128
f 742//742 689//689 740//740
f 164//164 166//166 136//136
f 953//953 952//952 137//137
f 950//950 960//960 158//158
f 634//634 660//660 661//661
f 612//612 665//665 1094//1094
f 1093//1093 1089//1089 1088//1088
f 1173//1173 1174//1174 1084//1084
f 641//641 643//643 645//645
f 376//376 318//318 320//320
f 448//448 384//384 407//407
f 409//409 448//448 450//450
f 366//366 1028//1028 388//388
f 1175//1175 1016//1016 267//267
f 1175//1175 287//287 316//316
f 1036//1036 406//406 408//408
f 299//299 326//326 298//298
f 354//354 325//325 296//296
f 357//357 1176//1176 382//382
f 439//439 400//400 440//440
f 442//442 401//401 439//439
f 321//321 291//291 322//322
f 1025//1025 1177//1177 404//404
f 404//404 445//445 447//447
f 1031//1031 395//395 394//394
f 277//277 279//279 276//276
f 397//397 425//425 1043//1043
f 427//427 429//429 1032//1032
f 332//332 331//331 1013//1013
f 1178//1178 982//982 224//224
f 370//370 1030//1030 343//343
f 322//322 350//350 323//323
f 323//323 351//351 1023//1023
f 349//349 424//424 372//372
f 359//359 1179//1179 360//360
f 328//328 1020//1020 329//329
f 1018//1018 300//300 327//327
f 369//369 390//390 1029//1029
f 261//261 219//219 979//979
f 260//260 243//243 1180//1180
f 521//521 538//538 1053//1053
f 242//242 255//255 213//213
f 257//257 256//256 308//308
f 224//224 999//999 984//984
f 507//507 526//526 527//527
f 529//529 508//508 551//551
f 509//509 477//477 452//452
f 997//997 265//265 980//980
f 273//273 202//202 974//974
f 974//974 271//271 273//273
f 992//992 976//976 993//993
f 207//207 232//232 233//233
f 506//506 444//444 503//503
f 498//498 466//466 1045//1045
f 464//464 433//433 432//432
f 426//426 494//494 463//463
f 496//496 495//495 497//497
f 294//294 324//324 1003//1003
f 479//479 412//412 515//515
f 793//793 737//737 791//791
f 49//49 921//921 47//47
f 1181//1181 1157//1157 1156//1156
f 727//727 1124//1124 701//701
f 840//840 873//873 1158//1158
f 102//102 101//101 931//931
f 919//919 921//921 920//920
f 44//44 46//46 919//919
f 749//749 726//726 773//773
f 923//923 904//904 902//902
f 1182//1182 939//939 104//104
f 946//946 1170//1170 938//938
f 27//27 26//26 918//918
f 717//717 740//740 688//688
f 880//880 1183//1183 856//856
f 1121//1121 738//738 1120//1120
f 53//53 1182//1182 54//54
f 725//725 1130//1130 773//773
f 803//803 774//774 1130//1130
f 122//122 945//945 78//78
f 768//768 1138//1138 720//720
f 28//28 1184//1184 29//29
f 876//876 847//847 849//849
f 1185//1185 877//877 876//876
f 746//746 745//745 766//766
f 745//745 798//798 766//766
f 789//789 1140//1140 813//813
f 88//88 87//87 61//61
f 935//935 926//926 8//8
f 36//36 39//39 912//912
f 884//884 824//824 826//826
f 942//942 89//89 157//157
f 4//4 1186//1186 935//935
f 822//822 849//849 848//848
f 67//67 108//108 92//92
f 760//760 1136//1136 821//821
f 833//833 865//865 837//837
f 925//925 55//55 83//83
f 757//757 1141//1141 734//734
f 1187//1187 66//66 65//65
f 837//837 1153//1153 835//835
f 1164//1164 895//895 894//894
f 809//809 808//808 838//838
f 899//899 871//871 870//870
f 899//899 898//898 900//900
f 10//10 9//9 12//12
f 848//848 853//853 850//850
f 16//16 15//15 1188//1188
f 806//806 807//807 785//785
f 550//550 1082//1082 576//576
f 257//257 308//308 307//307
f 767//767 801//801 770//770
f 803//803 769//769 771//771
f 1005//1005 1011//1011 1006//1006
f 306//306 282//282 994//994
f 306//306 1010//1010 331//331
f 779//779 777//777 834//834
f 784//784 750//750 1131//1131
f 781//781 782//782 780//780
f 1142//1142 791//791 737//737
f 762//762 1189//1189 1120//1120
f 741//741 744//744 742//742
f 797//797 765//765 741//741
f 809//809 786//786 808//808
f 298//298 277//277 274//274
f 1190//1190 772//772 804//804
f 1191//1191 805//805 804//804
f 1132//1132 759//759 758//758
f 297//297 272//272 271//271
f 297//297 324//324 299//299
f 1124//1124 778//778 1131//1131
f 726//726 748//748 698//698
f 1123//1123 676//676 700//700
f 752//752 704//704 1125//1125
f 728//728 752//752 751//751
f 705//705 709//709 708//708
f 756//756 1126//1126 1132//1132
f 1129//1129 725//725 724//724
f 1109//1109 714//714 1108//1108
f 716//716 715//715 1134//1134
f 1117//1117 687//687 1110//1110
f 1120//1120 717//717 1117//1117
f 1026//1026 1179//1179 359//359
f 362//362 403//403 1177//1177
f 401//401 1176//1176 439//439
f 881//881 1192//1192 882//882
f 853//853 1159//1159 878//878
f 855//855 879//879 880//880
f 240//240 239//239 253//253
f 179//179 210//210 237//237
f 977//977 238//238 210//210
f 886//886 885//885 1161//1161
f 993//993 1193//1193 991//991
f 1162//1162 887//887 888//888
f 846//846 875//875 1185//1185
f 894//894 868//868 1153//1153
f 1178//1178 249//249 248//248
f 980//980 220//220 981//981
f 1155//1155 811//811 1152//1152
f 1155//1155 1154//1154 1156//1156
f 219//219 246//246 217//217
f 872//872 841//841 1181//1181
f 1158//1158 843//843 842//842
f 873//873 874//874 1158//1158
f 979//979 218//218 215//215
f 1163//1163 863//863 859//859
f 1163//1163 1194//1194 889//889
f 207//207 234//234 172//172
f 199//199 1195//1195 170//170
f 201//201 252//252 975//975
f 1167//1167 163//163 223//223
f 197//197 162//162 160//160
f 194//194 159//159 961//961
f 1196//1196 892//892 890//890
f 864//864 893//893 1164//1164
f 866//866 897//897 869//869
f 866//866 1165//1165 896//896
f 973//973 227//227 250//250
f 227//227 987//987 250//250
f 796//796 1148//1148 797//797
f 1147//1147 855//855 854//854
f 826//826 800//800 799//799
f 826//826 1150//1150 884//884
f 828//828 827//827 801//801
f 822//822 851//851 760//760
f 253//253 282//282 254//254
f 813//813 1146//1146 811//811
f 305//305 995//995 976//976
f 1004//1004 303//303 305//305
f 819//819 820//820 794//794
f 272//272 275//275 273//273
f 990//990 974//974 975//975
f 891//891 865//865 831//831
f 807//807 806//806 867//867
f 686//686 685//685 710//710
f 1070//1070 585//585 587//587
f 1069//1069 613//613 563//563
f 1079//1079 535//535 558//558
f 1079//1079 609//609 611//611
f 1041//1041 449//449 448//448
f 1066//1066 595//595 1075//1075
f 447//447 1040//1040 1035//1035
f 587//587 588//588 1064//1064
f 568//568 567//567 569//569
f 616//616 618//618 567//567
f 514//514 513//513 1051//1051
f 1078//1078 557//557 556//556
f 570//570 1067//1067 1075//1075
f 457//457 1197//1197 422//422
f 548//548 574//574 1198//1198
f 574//574 573//573 628//628
f 488//488 456//456 485//485
f 485//485 484//484 487//487
f 517//517 481//481 478//478
f 482//482 517//517 518//518
f 1068//1068 1077//1077 553//553
f 1077//1077 1076//1076 602//602
f 592//592 1073//1073 1072//1072
f 469//469 441//441 440//440
f 469//469 501//501 471//471
f 544//544 623//623 593//593
f 414//414 413//413 478//478
f 1171//1171 616//616 617//617
f 496//496 463//463 494//494
f 428//428 459//459 461//461
f 1197//1197 489//489 460//460
f 1174//1174 1173//1173 604//604
f 495//495 494//494 1199//1199
f 521//521 1053//1053 491//491
f 583//583 538//538 537//537
f 492//492 493//493 461//461
f 543//543 545//545 1058//1058
f 543//543 1074//1074 544//544
f 527//527 526//526 546//546
f 510//510 509//509 530//530
f 1067//1067 547//547 1168//1168
f 555//555 513//513 1200//1200
f 552//552 1201//1201 1200//1200
f 534//534 519//519 518//518
f 681//681 680//680 704//704
f 1021//1021 364//364 363//363
f 654//654 655//655 1202//1202
f 707//707 656//656 708//708
f 683//683 731//731 684//684
f 1116//1116 735//735 1119//1119
f 377//377 1022//1022 1024//1024
f 412//412 411//411 1039//1039
f 1097//1097 669//669 617//617
f 670//670 694//694 671//671
f 395//395 1031//1031 421//421
f 673//673 1100//1100 1112//1112
f 1101//1101 697//697 1114//1114
f 416//416 415//415 414//414
f 675//675 644//644 643//643
f 1096//1096 1098//1098 1095//1095
f 1096//1096 636//636 668//668
f 603//603 1083//1083 1103//1103
f 1111//1111 667//667 1089//1089
f 634//634 633//633 1086//1086
f 626//626 628//628 624//624
f 1081//1081 596//596 641//641
f 1091//1091 625//625 598//598
f 646//646 1091//1091 1092//1092
f 441//441 471//471 470//470
f 1036//1036 361//361 1025//1025
f 402//402 1177//1177 403//403
f 398//398 437//437 399//399
f 409//409 387//387 385//385
f 407//407 406//406 448//448
f 48//48 80//80 51//51
f 19//19 917//917 916//916
f 40//40 21//21 928//928
f 70//70 69//69 1203//1203
f 63//63 951//951 64//64
f 146//146 959//959 100//100
f 23//23 918//918 24//24
f 50//50 1204//1204 122//122
f 91//91 947//947 960//960
f 25//25 29//29 26//26
f 150//150 123//123 959//959
f 150//150 180//180 151//151
f 912//912 1188//1188 913//913
f 934//934 935//935 1186//1186
f 121//121 956//956 955//955
f 174//174 121//121 964//964
f 129//129 131//131 106//106
f 176//176 147//147 177//177
f 914//914 915//915 18//18
f 957//957 99//99 97//97
f 956//956 175//175 957//957
f 44//44 920//920 1184//1184
f 28//28 44//44 1184//1184
f 67//67 39//39 35//35
f 22//22 40//40 73//73
f 75//75 72//72 120//120
f 168//168 139//139 109//109
f 56//56 925//925 57//57
f 55//55 2//2 53//53
f 1187//1187 951//951 949//949
f 13//13 37//37 911//911
f 969//969 182//182 187//187
f 1167//1167 165//165 164//164
f 936//936 944//944 108//108
f 31//31 30//30 922//922
f 51//51 49//49 48//48
f 27//27 42//42 25//25
f 901//901 923//923 902//902
f 79//79 103//103 125//125
f 151//151 124//124 103//103
f 909//909 5//5 4//4
f 186//186 185//185 966//966
f 933//933 61//61 60//60
f 12//12 11//11 10//10
f 13//13 12//12 927//927
f 168//168 109//109 962//962
f 168//168 167//167 140//140
f 183//183 127//127 1170//1170
f 777//777 779//779 778//778
f 1088//1088 638//638 613//613
f 830//830 1191//1191 862//862
f 312//312 338//338 340//340
f 340//340 337//337 369//369
f 883//883 857//857 856//856
f 552//552 554//554 1201//1201
f 467//467 438//438 437//437
f 1205//1205 192//192 961//961
f 658//658 685//685 659//659
f 163//163 196//196 223//223
f 400//400 1176//1176 357//357
f 1180//1180 258//258 260//260
f 36//36 911//911 37//37
f 954//954 170//170 1195//1195
f 588//588 587//587 586//586
f 1174//1174 630//630 1104//1104
f 97//97 955//955 956//956
f 1074//1074 1073//1073 623//623
f 60//60 33//33 34//34
f 941//941 134//134 88//88
f 88//88 135//135 89//89
f 241//241 967//967 971//971
f 723//723 1138//1138 1129//1129
f 851//851 761//761 760//760
f 492//492 489//489 1052//1052
f 522//522 492//492 1052//1052
f 665//665 635//635 666//666
f 666//666 1108//1108 1110//1110
f 816//816 817//817 814//814
f 328//328 1026//1026 1019//1019
f 870//870 839//839 838//838
f 870//870 897//897 899//899
f 128//128 130//130 129//129
f 453//453 455//455 512//512
f 484//484 482//482 519//519
f 1012//1012 1010//1010 329//329
f 888//888 860//860 829//829
f 499//499 435//435 466//466
f 882//882 1150//1150 1149//1149
f 468//468 501//501 469//469
f 501//501 500//500 1057//1057
f 142//142 963//963 118//118
f 1195//1195 1169//1169 954//954
f 833//833 837//837 836//836
f 837//837 864//864 894//894
f 143//143 95//95 144//144
f 279//279 360//360 280//280
f 952//952 1187//1187 949//949
f 944//944 953//953 108//108
f 1205//1205 947//947 157//157
f 1170//1170 946//946 965//965
f 295//295 294//294 1002//1002
f 986//986 292//292 988//988
f 812//812 1157//1157 841//841
f 1170//1170 126//126 938//938
f 1052//1052 1054//1054 565//565
f 811//811 1155//1155 1157//1157
f 807//807 866//866 869//869
f 123//123 151//151 103//103
f 219//219 261//261 244//244
f 382//382 326//326 356//356
f 245//245 193//193 246//246
f 264//264 997//997 244//244
f 118//118 115//115 142//142
f 536//536 486//486 487//487
f 186//186 966//966 1172//1172
f 388//388 368//368 366//366
f 1029//1029 391//391 393//393
f 1031//1031 1030//1030 419//419
f 396//396 395//395 423//423
f 218//218 189//189 153//153
f 372//372 374//374 373//373
f 352//352 1023//1023 379//379
f 436//436 380//380 379//379
f 1034//1034 381//381 380//380
f 975//975 251//251 989//989
f 1008//1008 347//347 319//319
f 182//182 184//184 968//968
f 364//364 1028//1028 365//365
f 454//454 1038//1038 455//455
f 388//388 411//411 389//389
f 411//411 413//413 415//415
f 180//180 152//152 151//151
f 211//211 181//181 180//180
f 1016//1016 345//345 289//289
f 345//345 344//344 394//394
f 199//199 200//200 1195//1195
f 150//150 959//959 148//148
f 386//386 1013//1013 385//385
f 172//172 964//964 206//206
f 1024//1024 431//431 1033//1033
f 355//355 398//398 357//357
f 403//403 1018//1018 1017//1017
f 1177//1177 1025//1025 362//362
f 146//146 958//958 177//177
f 173//173 175//175 174//174
f 892//892 893//893 891//891
f 897//897 896//896 898//898
f 239//239 238//238 253//253
f 228//228 204//204 203//203
f 1022//1022 431//431 1024//1024
f 430//430 426//426 463//463
f 1033//1033 434//434 436//436
f 1015//1015 371//371 342//342
f 398//398 400//400 357//357
f 405//405 443//443 444//444
f 991//991 1193//1193 233//233
f 140//140 171//171 112//112
f 169//169 167//167 973//973
f 1121//1121 1117//1117 1108//1108
f 1203//1203 937//937 929//929
f 1134//1134 715//715 736//736
f 618//618 569//569 567//567
f 712//712 1119//1119 1142//1142
f 1100//1100 619//619 620//620
f 256//256 284//284 1006//1006
f 622//622 593//593 623//623
f 1099//1099 1101//1101 1090//1090
f 304//304 995//995 305//305
f 709//709 705//705 729//729
f 681//681 651//651 680//680
f 1081//1081 1092//1092 598//598
f 1091//1091 648//648 647//647
f 992//992 1004//1004 305//305
f 584//584 586//586 585//585
f 740//740 1189//1189 741//741
f 1182//1182 53//53 932//932
f 573//573 548//548 571//571
f 51//51 32//32 31//31
f 700//700 747//747 1123//1123
f 46//46 47//47 919//919
f 1006//1006 284//284 996//996
f 1079//1079 579//579 559//559
f 1086//1086 1085//1085 634//634
f 719//719 746//746 695//695
f 1122//1122 691//691 690//690
f 742//742 743//743 1122//1122
f 41//41 73//73 75//75
f 629//629 626//626 652//652
f 1102//1102 683//683 631//631
f 6//6 5//5 908//908
f 1000//1000 986//986 985//985
f 1009//1009 268//268 270//270
f 247//247 265//265 288//288
f 697//697 696//696 698//698
f 58//58 907//907 906//906
f 632//632 1105//1105 1107//1107
f 1106//1106 1105//1105 1104//1104
f 3//3 1206//1206 1//1
f 904//904 1207//1207 905//905
f 904//904 2//2 1207//1207
f 1178//1178 972//972 249//249
f 1001//1001 988//988 292//292
f 1003//1003 1001//1001 294//294
f 722//722 674//674 673//673
f 723//723 722//722 721//721
f 278//278 279//279 280//280
f 271//271 1003//1003 297//297
f 547//547 570//570 546//546
f 754//754 755//755 729//729
f 754//754 809//809 787//787
f 1198//1198 574//574 549//549
f 90//90 926//926 934//934
f 607//607 1201//1201 554//554
f 556//556 557//557 532//532
f 266//266 265//265 997//997
f 764//764 741//741 1189//1189
f 287//287 263//263 317//317
f 287//287 266//266 264//264
f 766//766 768//768 746//746
f 583//583 561//561 581//581
f 1208//1208 745//745 743//743
f 562//562 565//565 1054//1054
f 562//562 1061//1061 1069//1069
f 936//936 35//35 66//66
f 1066//1066 1048//1048 545//545
f 520//520 519//519 1060//1060
f 534//534 1060//1060 519//519
f 94//94 74//74 75//75
f 94//94 93//93 74//74
f 116//116 118//118 120//120
f 1135//1135 793//793 795//795
f 794//794 792//792 819//819
f 710//710 736//736 686//686
f 736//736 1135//1135 1134//1134
f 1082//1082 550//550 549//549
f 1209//1209 778//778 727//727
f 589//589 588//588 586//586
f 596//596 594//594 642//642
f 641//641 596//596 642//642
f 734//734 1119//1119 735//735
f 541//541 540//540 1055//1055
f 1132//1132 1126//1126 1133//1133
f 715//715 686//686 736//736
f 630//630 1174//1174 604//604
f 370//370 341//341 393//393
f 456//456 418//418 417//417
f 417//417 483//483 456//456
f 555//555 532//532 1051//1051
f 480//480 514//514 1051//1051
f 605//605 554//554 1077//1077
f 613//613 638//638 584//584
f 173//173 234//234 235//235
f 208//208 235//235 1193//1193
f 158//158 948//948 950//950
f 160//160 162//162 161//161
f 995//995 994//994 238//238
f 61//61 933//933 941//941
f 1210//1210 539//539 1071//1071
f 1071//1071 1074//1074 1056//1056
f 86//86 925//925 83//83
f 155//155 135//135 134//134
f 191//191 192//192 156//156
f 1034//1034 467//467 437//437
f 258//258 257//257 285//285
f 93//93 96//96 74//74
f 96//96 955//955 97//97
f 179//179 178//178 209//209
f 146//146 148//148 959//959
f 375//375 374//374 1032//1032
f 800//800 826//826 825//825
f 17//17 1203//1203 914//914
f 130//130 969//969 186//186
f 281//281 232//232 278//278
f 281//281 280//280 302//302
f 786//786 753//753 783//783
f 943//943 1186//1186 59//59
f 743//743 744//744 1208//1208
f 288//288 265//265 267//267
f 290//290 983//983 1008//1008
f 983//983 290//290 269//269
f 231//231 230//230 229//229
f 1014//1014 363//363 365//365
f 367//367 309//309 1014//1014
f 226//226 222//222 984//984
f 859//859 862//862 1151//1151
f 365//365 367//367 1014//1014
f 784//784 1131//1131 780//780
f 951//951 1187//1187 65//65
f 723//723 721//721 720//720
f 1138//1138 723//723 720//720
f 412//412 479//479 413//413
f 111//111 110//110 139//139
f 1120//1120 1189//1189 717//717
f 393//393 339//339 1029//1029
f 614//614 589//589 586//586
f 214//214 213//213 1180//1180
f 1064//1064 1063//1063 524//524
f 566//566 1065//1065 1062//1062
f 475//475 1040//1040 474//474
f 1084//1084 1105//1105 632//632
f 676//676 1118//1118 644//644
f 933//933 60//60 57//57
f 976//976 236//236 993//993
f 572//572 598//598 625//625
f 667//667 636//636 1089//1089
f 668//668 667//667 688//688
f 884//884 1192//1192 885//885
f 1160//1160 888//888 829//829
f 1161//1161 1162//1162 1160//1160
f 1183//1183 883//883 856//856
f 1127//1127 1115//1115 1128//1128
f 1091//1091 647//647 625//625
f 1107//1107 1106//1106 1116//1116
f 273//273 275//275 228//228
f 164//164 136//136 138//138
f 1002//1002 292//292 291//291
f 1195//1195 1166//1166 1169//1169
f 1142//1142 1119//1119 734//734
f 737//737 712//712 1142//1142
f 243//243 979//979 215//215
f 699//699 698//698 748//748
f 1124//1124 727//727 778//778
f 1172//1172 130//130 186//186
f 868//868 895//895 1165//1165
f 718//718 692//692 691//691
f 679//679 678//678 703//703
f 703//703 701//701 1125//1125
f 674//674 724//724 696//696
f 246//246 219//219 244//244
f 140//140 167//167 169//169
f 971//971 978//978 284//284
f 859//859 861//861 1163//1163
f 861//861 887//887 1194//1194
f 202//202 228//228 203//203
f 890//890 889//889 1196//1196
f 196//196 221//221 972//972
f 672//672 1100//1100 673//673
f 459//459 1043//1043 425//425
f 564//564 1070//1070 523//523
f 1197//1197 457//457 490//490
f 457//457 488//488 490//490
f 445//445 404//404 405//405
f 445//445 505//505 446//446
f 440//440 438//438 469//469
f 432//432 430//430 464//464
f 1075//1075 1067//1067 1066//1066
f 548//548 1198//1198 527//527
f 389//389 390//390 368//368
f 560//560 520//520 1060//1060
f 560//560 578//578 561//561
f 1058//1058 1046//1046 502//502
f 1058//1058 1056//1056 543//543
f 504//504 547//547 526//526
f 525//525 1210//1210 1071//1071
f 1045//1045 540//540 1210//1210
f 1050//1050 1200//1200 511//511
f 482//482 484//484 483//483
f 533//533 532//532 557//557
f 361//361 1036//1036 408//408
f 360//360 1179//1179 301//301
f 327//327 300//300 277//277
f 1202//1202 629//629 654//654
f 1171//1171 617//617 669//669
f 1171//1171 671//671 639//639
f 94//94 119//119 95//95
f 1099//1099 1090//1090 622//622
f 317//317 263//263 262//262
f 333//333 306//306 331//331
f 403//403 362//362 358//358
f 1023//1023 352//352 323//323
f 379//379 1033//1033 436//436
f 1211//1211 349//349 346//346
f 1211//1211 396//396 349//349
f 580//580 581//581 561//561
f 1086//1086 633//633 580//580
f 1087//1087 1080//1080 1094//1094
f 355//355 356//356 325//325
f 310//310 338//338 311//311
f 928//928 116//116 72//72
f 107//107 82//82 105//105
f 129//129 106//106 107//107
f 1147//1147 854//854 1148//1148
f 22//22 24//24 917//917
f 99//99 957//957 958//958
f 99//99 931//931 98//98
f 761//761 762//762 738//738
f 761//761 851//851 763//763
f 20//20 916//916 915//915
f 929//929 20//20 914//914
f 55//55 54//54 83//83
f 795//795 1136//1136 1135//1135
f 795//795 794//794 820//820
f 799//799 1144//1144 1150//1150
f 745//745 718//718 743//743
f 1208//1208 798//798 745//745
f 8//8 62//62 9//9
f 62//62 64//64 927//927
f 1204//1204 50//50 46//46
f 926//926 90//90 63//63
f 845//845 820//820 844//844
f 845//845 846//846 876//876
f 860//860 827//827 829//829
f 759//759 788//788 790//790
f 1141//1141 814//814 818//818
f 35//35 37//37 66//66
f 792//792 818//818 817//817
f 923//923 924//924 932//932
f 77//77 25//25 42//42
f 34//34 908//908 907//907
f 776//776 775//775 1190//1190
f 45//45 1204//1204 46//46
f 56//56 906//906 1206//1206
f 3//3 56//56 1206//1206
f 1//1 1207//1207 2//2
f 1159//1159 853//853 847//847
f 902//902 905//905 903//903
f 775//775 1123//1123 747//747
f 960//960 950//950 91//91
f 91//91 951//951 63//63
f 1138//1138 768//768 770//770
f 236//236 208//208 993//993
f 210//210 236//236 977//977
f 8//8 909//909 935//935
f 637//637 636//636 1096//1096
f 584//584 637//637 614//614
f 564//564 565//565 562//562
f 564//564 563//563 585//585
f 841//841 815//815 812//812
f 257//257 307//307 311//311
f 286//286 285//285 312//312
f 192//192 190//190 193//193
f 291//291 293//293 1009//1009
f 502//502 1057//1057 1058//1058
f 1139//1139 802//802 1151//1151
f 1139//1139 1145//1145 772//772
f 1035//1035 1040//1040 1041//1041
f 341//341 313//313 339//339
f 321//321 352//352 353//353
f 526//526 507//507 473//473
f 508//508 1198//1198 551//551
f 806//806 835//835 867//867
f 966//966 188//188 1172//1172
f 81//81 78//78 945//945
f 1089//1089 1093//1093 1111//1111
f 435//435 434//434 433//433
f 652//652 650//650 651//651
f 555//555 1201//1201 556//556
f 512//512 1044//1044 1050//1050
f 1200//1200 513//513 511//511
f 261//261 979//979 259//259
f 261//261 263//263 244//244
f 796//796 764//764 763//763
f 237//237 210//210 238//238
f 237//237 239//239 211//211
f 610//610 1078//1078 606//606
f 486//486 490//490 488//488
f 475//475 449//449 1041//1041
f 348//348 1007//1007 288//288
f 1007//1007 1008//1008 983//983
f 112//112 141//141 113//113
f 830//830 863//863 890//890
f 1113//1113 721//721 722//722
f 85//85 106//106 941//941
f 238//238 994//994 253//253
f 418//418 420//420 419//419
f 1010//1010 303//303 329//329
f 189//189 154//154 153//153
f 57//57 925//925 86//86
f 58//58 60//60 34//34
f 606//606 605//605 1173//1173
f 930//930 76//76 42//42
f 144//144 1169//1169 145//145
f 850//850 1147//1147 823//823
f 732//732 735//735 733//733
f 732//732 758//758 757//757
f 1135//1135 736//736 737//737
f 943//943 59//59 87//87
f 1210//1210 525//525 498//498
f 377//377 376//376 375//375
f 379//379 1024//1024 1033//1033
f 346//346 345//345 1211//1211
f 443//443 503//503 444//444
f 499//499 500//500 468//468
f 991//991 233//233 232//232
f 281//281 991//991 232//232
f 480//480 517//517 478//478
f 514//514 479//479 515//515
f 660//660 1085//1085 608//608
f 455//455 1038//1038 1037//1037
f 455//455 1042//1042 512//512
f 481//481 414//414 478//478
f 301//301 330//330 1004//1004
f 330//330 1179//1179 328//328
f 750//750 1125//1125 1124//1124
f 427//427 426//426 429//429
f 371//371 1015//1015 316//316
f 1016//1016 344//344 345//345
f 619//619 592//592 591//591
f 1099//1099 622//622 619//619
f 423//423 424//424 396//396
f 422//422 458//458 423//423
f 626//626 624//624 650//650
f 1137//1137 1208//1208 744//744
f 137//137 136//136 953//953
f 618//618 1171//1171 639//639
f 1046//1046 1047//1047 472//472
f 1199//1199 462//462 493//493
f 493//493 524//524 1199//1199
f 646//646 1092//1092 645//645
f 677//677 648//648 646//646
f 536//536 521//521 486//486
f 536//536 560//560 537//537
f 1054//1054 1053//1053 538//538
f 640//640 1090//1090 1101//1101
f 640//640 643//643 641//641
f 220//220 195//195 981//981
f 703//703 1125//1125 704//704
f 700//700 699//699 748//748
f 767//767 825//825 801//801
f 801//801 827//827 771//771
f 158//158 161//161 948//948
f 373//373 320//320 319//319
f 69//69 114//114 937//937
f 937//937 1203//1203 69//69
f 911//911 14//14 13//13
f 1143//1143 1148//1148 854//854
f 615//615 1095//1095 1097//1097
f 661//661 635//635 634//634
f 666//666 663//663 1109//1109
f 1065//1065 495//495 1063//1063
f 943//943 87//87 89//89
f 1186//1186 943//943 934//934
f 517//517 516//516 518//518
f 854//854 857//857 1143//1143
f 69//69 71//71 114//114
f 1168//1168 547//547 504//504
f 789//789 759//759 1132//1132
f 223//223 222//222 1167//1167
f 211//211 149//149 237//237
f 969//969 128//128 127//127
f 452//452 450//450 449//449
f 929//929 914//914 1203//1203
f 419//419 1030//1030 392//392
f 255//255 1180//1180 213//213
f 724//724 723//723 1129//1129
f 353//353 296//296 295//295
f 353//353 378//378 354//354
f 111//111 71//71 110//110
f 835//835 781//781 836//836
f 1087//1087 582//582 1080//1080
f 977//977 976//976 995//995
f 749//749 772//772 1190//1190
f 982//982 1178//1178 998//998
f 611//611 608//608 1085//1085
f 579//579 611//611 1086//1086
f 1197//1197 460//460 458//458
f 987//987 988//988 251//251
f 793//793 1135//1135 737//737
f 630//630 604//604 603//603
f 175//175 173//173 176//176
f 663//663 713//713 1109//1109
f 860//860 802//802 827//827
f 973//973 198//198 169//169
f 339//339 393//393 341//341
f 1030//1030 393//393 392//392
f 1020//1020 383//383 1012//1012
f 1019//1019 407//407 383//383
f 584//584 614//614 586//586
f 340//340 313//313 312//312
f 522//522 1052//1052 565//565
f 236//236 209//209 208//208
f 501//501 1057//1057 502//502
f 805//805 831//831 832//832
f 1145//1145 1191//1191 804//804
f 133//133 154//154 132//132
f 191//191 154//154 189//189
f 694//694 721//721 1113//1113
f 260//260 286//286 259//259
f 474//474 528//528 475//475
f 947//947 90//90 942//942
f 947//947 1205//1205 960//960
f 1101//1101 672//672 697//697
f 465//465 1045//1045 466//466
f 783//783 782//782 785//785
f 301//301 280//280 360//360
f 823//823 851//851 850//850
f 823//823 1147//1147 796//796
f 82//82 54//54 104//104
f 127//127 183//183 182//182
f 815//815 814//814 790//790
f 50//50 48//48 47//47
f 50//50 122//122 78//78
f 425//425 397//397 424//424
f 650//650 624//624 647//647
f 412//412 1039//1039 454//454
f 289//289 346//346 348//348
f 1105//1105 1084//1084 1174//1174
f 599//599 572//572 570//570
f 786//786 809//809 754//754
f 1137//1137 765//765 1143//1143
f 1208//1208 1137//1137 799//799
f 1072//1072 1071//1071 539//539
f 193//193 981//981 194//194
f 818//818 791//791 1141//1141
f 948//948 137//137 952//952
f 952//952 944//944 1187//1187
f 289//289 267//267 1016//1016
f 3//3 55//55 925//925
f 294//294 296//296 324//324
f 140//140 139//139 168//168
f 1111//1111 1110//1110 687//687
f 966//966 185//185 214//214
f 394//394 396//396 1211//1211
f 1167//1167 164//164 163//163
f 750//750 752//752 1125//1125
f 427//427 1043//1043 428//428
f 505//505 445//445 444//444
f 446//446 474//474 1040//1040
f 12//12 9//9 62//62
f 752//752 706//706 704//704
f 19//19 40//40 22//22
f 484//484 520//520 487//487
f 114//114 115//115 117//117
f 959//959 945//945 100//100
f 398//398 355//355 381//381
f 798//798 1208//1208 799//799
f 225//225 973//973 167//167
f 402//402 442//442 405//405
f 1166//1166 203//203 205//205
f 206//206 204//204 230//230
f 43//43 41//41 74//74
f 304//304 303//303 1010//1010
f 388//388 1028//1028 1039//1039
f 110//110 68//68 92//92
f 833//833 836//836 834//834
f 833//833 832//832 865//865
f 656//656 707//707 655//655
f 682//682 708//708 656//656
f 141//141 170//170 954//954
f 1024//1024 1023//1023 377//377
f 1190//1190 804//804 776//776
f 794//794 793//793 792//792
f 1100//1100 1099//1099 619//619
f 673//673 1113//1113 722//722
f 1151//1151 1145//1145 1139//1139
f 615//615 614//614 1095//1095
f 685//685 711//711 710//710
f 456//456 483//483 485//485
f 488//488 420//420 456//456
f 825//825 824//824 828//828
f 852//852 853//853 878//878
f 1168//1168 506//506 1047//1047
f 658//658 657//657 1107//1107
f 150//150 149//149 180//180
f 393//393 1030//1030 370//370
f 429//429 1022//1022 1032//1032
f 1193//1193 993//993 208//208
f 182//182 969//969 127//127
f 969//969 130//130 128//128
f 1134//1134 1136//1136 739//739
f 1057//1057 500//500 525//525
f 105//105 104//104 126//126
f 694//694 1113//1113 1112//1112
f 932//932 924//924 1212//1212
f 347//347 349//349 373//373
f 408//408 1026//1026 361//361
f 251//251 250//250 987//987
f 101//101 122//122 1204//1204
f 815//815 840//840 816//816
f 816//816 1158//1158 842//842
f 679//679 649//649 648//648
f 1062//1062 588//588 590//590
f 374//374 320//320 373//373
f 65//65 64//64 951//951
f 268//268 1009//1009 293//293
f 911//911 913//913 14//14
f 1013//1013 1012//1012 383//383
f 945//945 122//122 100//100
f 337//337 340//340 338//338
f 785//785 782//782 806//806
f 797//797 1148//1148 765//765
f 664//664 1094//1094 665//665
f 778//778 780//780 1131//1131
f 629//629 1202//1202 601//601
f 549//549 551//551 1198//1198
f 350//350 1009//1009 270//270
f 764//764 1189//1189 762//762
f 314//314 313//313 315//315
f 612//612 1080//1080 581//581
f 4//4 33//33 1186//1186
f 422//422 395//395 421//421
f 929//929 937//937 928//928
f 818//818 792//792 791//791
f 291//291 321//321 1002//1002
f 939//939 1212//1212 940//940
f 799//799 1137//1137 1144//1144
f 1144//1144 1149//1149 1150//1150
f 17//17 70//70 1203//1203
f 1079//1079 558//558 609//609
f 611//611 579//579 1079//1079
f 1060//1060 578//578 560//560
f 844//844 819//819 842//842
f 1172//1172 188//188 133//133
f 1119//1119 712//712 711//711
f 830//830 890//890 831//831
f 274//274 272//272 298//298
f 200//200 201//201 202//202
f 428//428 462//462 426//426
f 682//682 705//705 708//708
f 1041//1041 406//406 1035//1035
f 676//676 702//702 1118//1118
f 1205//1205 961//961 960//960
f 1038//1038 364//364 1027//1027
f 330//330 301//301 1179//1179
f 1075//1075 599//599 570//570
f 1169//1169 1166//1166 145//145
f 1199//1199 1063//1063 495//495
f 766//766 798//798 800//800
f 1046//1046 1058//1058 545//545
f 1056//1056 1074//1074 543//543
f 496//496 465//465 464//464
f 807//807 869//869 808//808
f 809//809 838//838 810//810
f 5//5 909//909 910//910
f 607//607 556//556 1201//1201
f 607//607 606//606 1078//1078
f 389//389 415//415 390//390
f 868//868 867//867 1153//1153
f 666//666 1110//1110 664//664
f 714//714 1121//1121 1108//1108
f 638//638 1089//1089 636//636
f 1050//1050 552//552 1200//1200
f 641//641 645//645 1092//1092
f 1097//1097 617//617 615//615
f 1097//1097 1095//1095 1098//1098
f 242//242 971//971 284//284
f 1157//1157 1181//1181 841//841
f 972//972 1178//1178 224//224
f 528//528 527//527 1198//1198
f 1104//1104 1105//1105 1174//1174
f 91//91 90//90 947//947
f 503//503 1047//1047 506//506
f 505//505 504//504 473//473
f 28//28 77//77 45//45
f 232//232 207//207 230//230
f 119//119 94//94 120//120
f 605//605 604//604 1173//1173
f 981//981 195//195 194//194
f 1139//1139 803//803 802//802
f 772//772 774//774 1139//1139
f 588//588 1062//1062 1064//1064
f 987//987 227//227 985//985
f 973//973 250//250 198//198
f 381//381 1034//1034 437//437
f 401//401 442//442 402//402
f 970//970 967//967 968//968
f 678//678 701//701 703//703
f 1061//1061 562//562 1054//1054
f 1069//1069 582//582 1087//1087
f 288//288 289//289 348//348
f 288//288 1007//1007 248//248
f 49//49 51//51 31//31
f 80//80 78//78 81//81
f 265//265 247//247 980//980
f 247//247 288//288 248//248
f 1003//1003 990//990 989//989
f 183//183 1170//1170 965//965
f 114//114 117//117 937//937
f 71//71 111//111 114//114
f 985//985 227//227 226//226
f 984//984 1000//1000 985//985
f 1175//1175 267//267 266//266
f 342//342 370//370 343//343
f 1036//1036 1035//1035 406//406
f 1036//1036 1025//1025 447//447
f 591//591 618//618 639//639
f 1122//1122 743//743 718//718
f 756//756 731//731 1127//1127
f 595//595 597//597 1075//1075
f 595//595 1066//1066 542//542
f 886//886 824//824 884//884
f 318//318 350//350 270//270
f 108//108 67//67 936//936
f 93//93 121//121 955//955
f 574//574 628//628 1082//1082
f 1098//1098 690//690 691//691
f 59//59 1186//1186 33//33
f 73//73 72//72 75//75
f 944//944 66//66 1187//1187
f 977//977 995//995 238//238
f 642//642 593//593 1090//1090
f 662//662 661//661 659//659
f 575//575 550//550 576//576
f 883//883 1149//1149 857//857
f 883//883 1183//1183 881//881
f 483//483 417//417 481//481
f 315//315 371//371 316//316
f 315//315 341//341 371//371
f 769//769 1129//1129 1138//1138
f 36//36 35//35 39//39
f 725//725 696//696 724//724
f 725//725 1129//1129 1130//1130
f 740//740 717//717 1189//1189
f 1045//1045 1210//1210 498//498
f 716//716 1121//1121 714//714
f 1173//1173 1084//1084 606//606
f 999//999 982//982 269//269
f 1012//1012 331//331 1010//1010
f 516//516 533//533 518//518
f 516//516 480//480 1051//1051
f 1087//1087 613//613 1069//1069
f 511//511 513//513 515//515
f 511//511 512//512 1050//1050
f 448//448 409//409 384//384
f 302//302 301//301 1004//1004
f 677//677 646//646 644//644
f 677//677 1118//1118 678//678
f 953//953 962//962 108//108
f 359//359 361//361 1026//1026
f 671//671 1112//1112 639//639
f 49//49 922//922 921//921
f 807//807 867//867 866//866
f 812//812 811//811 1157//1157
f 813//813 788//788 789//789
f 767//767 766//766 800//800
f 650//650 647//647 649//649
f 724//724 674//674 722//722
f 153//153 215//215 218//218
f 542//542 594//594 595//595
f 753//753 729//729 728//728
f 1107//1107 657//657 632//632
f 1065//1065 1063//1063 1062//1062
f 1065//1065 1055//1055 497//497
f 1171//1171 618//618 616//616
f 107//107 85//85 84//84
f 84//84 82//82 107//107
f 573//573 624//624 628//628
f 1011//1011 308//308 1006//1006
f 1011//1011 1005//1005 336//336
f 1093//1093 664//664 1111//1111
f 1093//1093 1088//1088 1087//1087
f 222//222 224//224 984//984
f 222//222 226//226 165//165
f 1142//1142 734//734 1141//1141
f 1141//1141 757//757 790//790
f 825//825 767//767 800//800
f 1092//1092 1081//1081 641//641
f 662//662 713//713 663//663
f 939//939 932//932 1212//1212
f 1182//1182 104//104 54//54
f 610//610 1084//1084 632//632
f 241//241 185//185 187//187
f 795//795 821//821 1136//1136
f 8//8 926//926 62//62
f 174//174 956//956 121//121
f 1209//1209 775//775 777//777
f 1209//1209 777//777 778//778
f 472//472 1047//1047 503//503
f 711//711 685//685 658//658
f 134//134 106//106 132//132
f 718//718 745//745 719//719
f 203//203 1166//1166 200//200
f 651//651 681//681 653//653
f 1000//1000 984//984 999//999
f 1000//1000 293//293 986//986
f 430//430 429//429 426//426
f 731//731 683//683 1127//1127
f 733//733 1116//1116 1106//1106
f 986//986 988//988 987//987
f 988//988 1001//1001 989//989
f 43//43 23//23 41//41
f 853//853 848//848 847//847
f 1114//1114 643//643 640//640
f 201//201 199//199 252//252
f 201//201 974//974 202//202
f 490//490 489//489 1197//1197
f 38//38 68//68 70//70
f 381//381 378//378 380//380
f 414//414 481//481 417//417
f 541//541 1055//1055 568//568
f 541//541 569//569 1072//1072
f 773//773 1130//1130 774//774
f 668//668 688//688 689//689
f 161//161 158//158 160//160
f 1211//1211 345//345 394//394
f 776//776 832//832 834//834
f 155//155 156//156 135//135
f 391//391 390//390 415//415
f 391//391 416//416 392//392
f 436//436 1034//1034 380//380
f 245//245 981//981 193//193
f 244//244 997//997 245//245
f 230//230 204//204 229//229
f 603//603 1103//1103 631//631
f 600//600 577//577 576//576
f 629//629 601//601 600//600
f 1178//1178 248//248 998//998
f 248//248 1007//1007 998//998
f 660//660 608//608 657//657
f 904//904 53//53 2//2
f 335//335 334//334 363//363
f 310//310 307//307 309//309
f 310//310 367//367 337//337
f 324//324 297//297 1003//1003
f 296//296 325//325 324//324
f 714//714 713//713 715//715
f 882//882 1192//1192 884//884
f 1033//1033 431//431 432//432
f 383//383 385//385 1013//1013
f 1013//1013 386//386 332//332
f 223//223 196//196 972//972
f 1148//1148 1143//1143 765//765
f 1193//1193 234//234 233//233
f 235//235 176//176 173//173
f 1144//1144 1143//1143 857//857
f 177//177 957//957 175//175
f 146//146 100//100 958//958
f 500//500 499//499 498//498
f 553//553 1077//1077 554//554
f 553//553 552//552 1059//1059
f 1043//1043 427//427 397//397
f 168//168 962//962 166//166
f 633//633 612//612 580//580
f 633//633 635//635 665//665
f 150//150 151//151 123//123
f 858//858 824//824 886//886
f 858//858 1160//1160 829//829
f 318//318 290//290 319//319
f 318//318 376//376 351//351
f 623//623 544//544 1074//1074
f 37//37 13//13 927//927
f 1112//1112 620//620 639//639
f 983//983 998//998 1007//1007
f 221//221 249//249 972//972
f 221//221 196//196 197//197
f 524//524 523//523 1070//1070
f 524//524 1063//1063 1199//1199
f 326//326 382//382 327//327
f 326//326 299//299 356//356
f 1020//1020 1019//1019 383//383
f 38//38 67//67 92//92
f 566//566 590//590 567//567
f 566//566 1055//1055 1065//1065
f 1018//1018 358//358 300//300
f 763//763 851//851 823//823
f 1017//1017 382//382 1176//1176
f 401//401 1017//1017 1176//1176
f 400//400 439//439 1176//1176
f 400//400 399//399 440//440
f 135//135 157//157 89//89
f 692//692 670//670 693//693
f 849//849 822//822 821//821
f 411//411 388//388 1039//1039
f 411//411 415//415 389//389
f 942//942 934//934 943//943
f 751//751 783//783 753//753
f 751//751 750//750 784//784
f 522//522 565//565 523//523
f 384//384 409//409 385//385
f 217//217 246//246 190//190
f 963//963 119//119 118//118
f 963//963 142//142 954//954
f 463//463 496//496 464//464
f 166//166 165//165 225//225
f 869//869 897//897 870//870
f 808//808 869//869 838//838
f 816//816 842//842 817//817
f 1158//1158 816//816 840//840
f 621//621 592//592 619//619
f 621//621 623//623 1073//1073
f 458//458 422//422 1197//1197
f 458//458 425//425 423//423
f 786//786 785//785 808//808
f 786//786 754//754 753//753
f 489//489 491//491 1053//1053
f 1053//1053 1052//1052 489//489
f 867//867 835//835 1153//1153
f 749//749 773//773 772//772
f 1190//1190 747//747 749//749
f 1022//1022 375//375 1032//1032
f 1022//1022 429//429 431//431
f 312//312 311//311 338//338
f 716//716 1134//1134 739//739
f 306//306 333//333 283//283
f 865//865 891//891 864//864
f 865//865 832//832 831//831
f 820//820 819//819 844//844
f 820//820 845//845 821//821
f 45//45 101//101 1204//1204
f 45//45 44//44 28//28
f 251//251 975//975 252//252
f 258//258 1180//1180 255//255
f 258//258 285//285 260//260
f 2//2 55//55 3//3
f 585//585 1070//1070 564//564
f 266//266 287//287 1175//1175
f 539//539 1210//1210 540//540
f 520//520 560//560 536//536
f 462//462 1199//1199 494//494
f 453//453 515//515 412//412
f 756//756 758//758 732//732
f 756//756 1127//1127 1126//1126
f 571//571 572//572 625//625
f 571//571 548//548 546//546
f 131//131 1172//1172 133//133
f 1002//1002 1001//1001 292//292
f 1179//1179 1026//1026 328//328
f 1191//1191 1145//1145 862//862
f 1191//1191 830//830 805//805
f 214//214 216//216 966//966
f 214//214 1180//1180 243//243
f 1166//1166 1195//1195 200//200
f 963//963 954//954 1169//1169
f 43//43 930//930 42//42
f 738//738 1121//1121 716//716
f 738//738 762//762 1120//1120
f 999//999 224//224 982//982
f 999//999 268//268 1000//1000
f 1104//1104 630//630 631//631
f 1104//1104 684//684 1106//1106
f 689//689 742//742 1122//1122
f 16//16 1188//1188 912//912
f 675//675 1114//1114 699//699
f 348//348 347//347 1008//1008
f 408//408 407//407 1019//1019
f 506//506 1168//1168 504//504
f 1168//1168 1047//1047 1048//1048
f 282//282 253//253 994//994
f 479//479 478//478 413//413
f 479//479 514//514 480//480
f 933//933 86//86 85//85
f 226//226 225//225 165//165
f 768//768 720//720 746//746
f 1038//1038 1028//1028 364//364
f 728//728 706//706 752//752
f 729//729 705//705 728//728
f 596//596 595//595 594//594
f 596//596 1081//1081 597//597
f 1003//1003 271//271 990//990
f 938//938 126//126 104//104
f 1201//1201 555//555 1200//1200
f 22//22 73//73 41//41
f 697//697 672//672 674//674
f 781//781 779//779 836//836
f 1123//1123 1209//1209 727//727
f 721//721 694//694 695//695
f 533//533 557//557 535//535
f 234//234 1193//1193 235//235
f 949//949 91//91 950//950
f 949//949 948//948 952//952
f 627//627 600//600 576//576
f 962//962 109//109 108//108
f 314//314 262//262 286//286
f 315//315 317//317 314//314
f 653//653 656//656 654//654
f 846//846 844//844 843//843
f 846//846 1185//1185 876//876
f 402//402 404//404 1177//1177
f 710//710 712//712 737//737
f 861//861 1194//1194 1163//1163
f 861//861 860//860 888//888
f 329//329 303//303 330//330
f 1020//1020 1012//1012 329//329
f 666//666 635//635 663//663
f 156//156 1205//1205 157//157
f 369//369 337//337 368//368
f 369//369 1029//1029 339//339
f 624//624 625//625 647//647
f 530//530 509//509 529//529
f 309//309 335//335 1014//1014
f 309//309 308//308 1011//1011
f 964//964 205//205 206//206
f 929//929 21//21 20//20
f 676//676 675//675 700//700
f 508//508 529//529 476//476
f 508//508 528//528 1198//1198
f 100//100 102//102 958//958
f 1067//1067 570//570 547//547
f 1015//1015 1175//1175 316//316
f 1015//1015 1016//1016 1175//1175
f 450//450 451//451 410//410
f 80//80 79//79 52//52
f 80//80 48//48 78//78
f 912//912 911//911 36//36
f 420//420 488//488 457//457
f 739//739 1136//1136 760//760
f 579//579 578//578 559//559
f 579//579 1086//1086 580//580
f 909//909 8//8 7//7
f 909//909 4//4 935//935
f 775//775 747//747 1190//1190
f 930//930 98//98 76//76
f 930//930 74//74 96//96
f 115//115 113//113 142//142
f 115//115 118//118 116//116
f 939//939 938//938 104//104
f 939//939 1182//1182 932//932
f 1123//1123 775//775 1209//1209
f 931//931 45//45 77//77
f 192//192 1205//1205 156//156
f 143//143 121//121 95//95
f 205//205 143//143 145//145
f 492//492 460//460 489//489
f 492//492 522//522 493//493
f 205//205 964//964 143//143
f 1213//1213 1214//1214 1215//1215
f 1216//1216 1217//1217 1218//1218
f 1219//1219 1220//1220 1221//1221
f 1221//1221 1222//1222 1219//1219
f 1223//1223 1224//1224 1225//1225
f 1225//1225 1226//1226 1223//1223
f 1227//1227 1228//1228 1229//1229
f 1230//1230 1227//1227 1229//1229
f 1231//1231 1232//1232 1233//1233
f 1234//1234 1235//1235 1236//1236
f 1237//1237 1238//1238 1239//1239
f 1237//1237 1240//1240 1241//1241
f 1242//1242 1243//1243 1244//1244
f 1245//1245 1218//1218 1246//1246
f 1247//1247 1248//1248 1249//1249
f 1250//1250 1228//1228 1251//1251
f 1233//1233 1252//1252 1231//1231
f 1253//1253 1235//1235 1234//1234
f 1254//1254 1239//1239 1255//1255
f 1256//1256 1257//1257 1258//1258
f 1259//1259 1260//1260 1261//1261
f 1262//1262 1259//1259 1258//1258
f 1244//1244 1263//1263 1264//1264
f 1265//1265 1266//1266 1267//1267
f 1268//1268 1269//1269 1270//1270
f 1271//1271 1272//1272 1273//1273
f 1274//1274 1275//1275 1276//1276
f 1249//1249 1277//1277 1278//1278
f 1279//1279 1250//1250 1251//1251
f 1280//1280 1281//1281 1282//1282
f 1283//1283 1281//1281 1280//1280
f 1252//1252 1284//1284 1285//1285
f 1286//1286 1253//1253 1287//1287
f 1254//1254 1288//1288 1289//1289
f 1260//1260 1262//1262 1290//1290
f 1291//1291 1292//1292 1293//1293
f 1266//1266 1294//1294 1295//1295
f 1296//1296 1297//1297 1298//1298
f 1273//1273 1299//1299 1271//1271
f 1299//1299 1300//1300 1301//1301
f 1302//1302 1303//1303 1275//1275
f 1304//1304 1280//1280 1250//1250
f 1305//1305 1306//1306 1307//1307
f 1308//1308 1309//1309 1310//1310
f 1310//1310 1309//1309 1311//1311
f 1312//1312 1313//1313 1314//1314
f 1315//1315 1291//1291 1293//1293
f 1316//1316 1317//1317 1294//1294
f 1295//1295 1296//1296 1298//1298
f 1318//1318 1297//1297 1319//1319
f 1320//1320 1321//1321 1304//1304
f 1304//1304 1321//1321 1322//1322
f 1323//1323 1324//1324 1325//1325
f 1326//1326 1323//1323 1325//1325
f 1327//1327 1328//1328 1329//1329
f 1330//1330 1331//1331 1332//1332
f 1305//1305 1307//1307 1333//1333
f 1313//1313 1312//1312 1334//1334
f 1293//1293 1335//1335 1315//1315
f 1315//1315 1336//1336 1337//1337
f 1338//1338 1339//1339 1340//1340
f 1341//1341 1342//1342 1343//1343
f 1344//1344 1343//1343 1345//1345
f 1346//1346 1347//1347 1300//1300
f 1348//1348 1349//1349 1350//1350
f 1351//1351 1352//1352 1324//1324
f 1353//1353 1354//1354 1325//1325
f 1355//1355 1356//1356 1357//1357
f 1358//1358 1359//1359 1360//1360
f 1361//1361 1362//1362 1360//1360
f 1336//1336 1363//1363 1364//1364
f 1345//1345 1365//1365 1366//1366
f 1344//1344 1366//1366 1367//1367
f 1347//1347 1368//1368 1369//1369
f 1370//1370 1371//1371 1372//1372
f 1350//1350 1373//1373 1374//1374
f 1350//1350 1375//1375 1376//1376
f 1376//1376 1377//1377 1378//1378
f 1379//1379 1380//1380 1378//1378
f 1381//1381 1382//1382 1383//1383
f 1383//1383 1382//1382 1353//1353
f 1384//1384 1385//1385 1386//1386
f 1387//1387 1388//1388 1389//1389
f 1359//1359 1388//1388 1390//1390
f 1391//1391 1359//1359 1390//1390
f 1361//1361 1360//1360 1391//1391
f 1364//1364 1392//1392 1393//1393
f 1394//1394 1395//1395 1396//1396
f 1397//1397 1398//1398 1399//1399
f 1345//1345 1400//1400 1365//1365
f 1401//1401 1402//1402 1403//1403
f 1404//1404 1405//1405 1406//1406
f 1407//1407 1371//1371 1406//1406
f 1408//1408 1374//1374 1409//1409
f 1410//1410 1411//1411 1382//1382
f 1412//1412 1411//1411 1413//1413
f 1412//1412 1414//1414 1415//1415
f 1416//1416 1417//1417 1415//1415
f 1384//1384 1418//1418 1419//1419
f 1390//1390 1420//1420 1421//1421
f 1391//1391 1421//1421 1422//1422
f 1423//1423 1424//1424 1393//1393
f 1425//1425 1426//1426 1397//1397
f 1427//1427 1400//1400 1428//1428
f 1429//1429 1430//1430 1431//1431
f 1407//1407 1432//1432 1433//1433
f 1407//1407 1433//1433 1409//1409
f 1434//1434 1435//1435 1436//1436
f 1437//1437 1438//1438 1439//1439
f 1440//1440 1441//1441 1416//1416
f 1442//1442 1443//1443 1444//1444
f 1419//1419 1445//1445 1446//1446
f 1447//1447 1420//1420 1390//1390
f 1448//1448 1422//1422 1421//1421
f 1449//1449 1450//1450 1451//1451
f 1451//1451 1452//1452 1424//1424
f 1453//1453 1454//1454 1425//1425
f 1427//1427 1428//1428 1455//1455
f 1456//1456 1457//1457 1458//1458
f 1459//1459 1460//1460 1461//1461
f 1462//1462 1463//1463 1464//1464
f 1452//1452 1465//1465 1466//1466
f 1467//1467 1468//1468 1469//1469
f 1470//1470 1467//1467 1469//1469
f 1471//1471 1455//1455 1472//1472
f 1473//1473 1474//1474 1475//1475
f 1476//1476 1456//1456 1475//1475
f 1477//1477 1478//1478 1479//1479
f 1480//1480 1481//1481 1482//1482
f 1483//1483 1484//1484 1485//1485
f 1484//1484 1486//1486 1487//1487
f 1488//1488 1486//1486 1489//1489
f 1490//1490 1488//1488 1491//1491
f 1492//1492 1493//1493 1490//1490
f 1466//1466 1494//1494 1495//1495
f 1496//1496 1468//1468 1454//1454
f 1472//1472 1497//1497 1498//1498
f 1474//1474 1471//1471 1498//1498
f 1499//1499 1476//1476 1475//1475
f 1500//1500 1479//1479 1501//1501
f 1482//1482 1481//1481 1502//1502
f 1503//1503 1504//1504 1505//1505
f 1506//1506 1507//1507 1508//1508
f 1509//1509 1510//1510 1484//1484
f 1510//1510 1509//1509 1511//1511
f 1489//1489 1512//1512 1491//1491
f 1513//1513 1514//1514 1492//1492
f 1515//1515 1516//1516 1517//1517
f 1495//1495 1494//1494 1518//1518
f 1519//1519 1520//1520 1521//1521
f 1522//1522 1523//1523 1519//1519
f 1524//1524 1525//1525 1526//1526
f 1527//1527 1528//1528 1529//1529
f 1530//1530 1531//1531 1532//1532
f 1533//1533 1534//1534 1535//1535
f 1536//1536 1537//1537 1511//1511
f 1538//1538 1539//1539 1489//1489
f 1540//1540 1541//1541 1542//1542
f 1543//1543 1544//1544 1545//1545
f 1546//1546 1547//1547 1548//1548
f 1549//1549 1550//1550 1522//1522
f 1551//1551 1525//1525 1552//1552
f 1525//1525 1553//1553 1527//1527
f 1554//1554 1555//1555 1556//1556
f 1557//1557 1558//1558 1501//1501
f 1559//1559 1560//1560 1558//1558
f 1559//1559 1558//1558 1561//1561
f 1562//1562 1530//1530 1563//1563
f 1562//1562 1563//1563 1535//1535
f 1564//1564 1533//1533 1535//1535
f 1565//1565 1507//1507 1533//1533
f 1566//1566 1567//1567 1537//1537
f 1568//1568 1567//1567 1569//1569
f 1570//1570 1571//1571 1572//1572
f 1573//1573 1571//1571 1574//1574
f 1575//1575 1576//1576 1577//1577
f 1577//1577 1578//1578 1579//1579
f 1549//1549 1578//1578 1580//1580
f 1552//1552 1581//1581 1551//1551
f 1553//1553 1582//1582 1583//1583
f 1561//1561 1584//1584 1585//1585
f 1532//1532 1586//1586 1587//1587
f 1588//1588 1589//1589 1563//1563
f 1590//1590 1591//1591 1592//1592
f 1593//1593 1566//1566 1590//1590
f 1568//1568 1569//1569 1594//1594
f 1595//1595 1596//1596 1597//1597
f 1598//1598 1597//1597 1599//1599
f 1580//1580 1600//1600 1601//1601
f 1602//1602 1581//1581 1580//1580
f 1603//1603 1604//1604 1605//1605
f 1606//1606 1607//1607 1608//1608
f 1609//1609 1586//1586 1584//1584
f 1610//1610 1611//1611 1612//1612
f 1613//1613 1614//1614 1615//1615
f 1616//1616 1614//1614 1617//1617
f 1618//1618 1619//1619 1620//1620
f 1599//1599 1621//1621 1622//1622
f 1623//1623 1624//1624 1625//1625
f 1625//1625 1626//1626 1627//1627
f 1627//1627 1628//1628 1603//1603
f 1628//1628 1629//1629 1630//1630
f 1631//1631 1604//1604 1630//1630
f 1632//1632 1633//1633 1631//1631
f 1634//1634 1635//1635 1607//1607
f 1636//1636 1635//1635 1637//1637
f 1638//1638 1639//1639 1640//1640
f 1641//1641 1642//1642 1643//1643
f 1644//1644 1645//1645 1646//1646
f 1647//1647 1648//1648 1646//1646
f 1611//1611 1649//1649 1650//1650
f 1651//1651 1652//1652 1653//1653
f 1654//1654 1655//1655 1617//1617
f 1617//1617 1656//1656 1657//1657
f 1658//1658 1659//1659 1657//1657
f 1660//1660 1661//1661 1662//1662
f 1662//1662 1622//1622 1621//1621
f 1663//1663 1662//1662 1664//1664
f 1665//1665 1666//1666 1667//1667
f 1626//1626 1629//1629 1628//1628
f 1630//1630 1668//1668 1632//1632
f 1669//1669 1634//1634 1633//1633
f 1670//1670 1671//1671 1637//1637
f 1671//1671 1670//1670 1672//1672
f 1640//1640 1673//1673 1674//1674
f 1675//1675 1676//1676 1642//1642
f 1676//1676 1677//1677 1645//1645
f 1647//1647 1645//1645 1678//1678
f 1679//1679 1680//1680 1650//1650
f 1680//1680 1681//1681 1650//1650
f 1682//1682 1683//1683 1684//1684
f 1682//1682 1655//1655 1654//1654
f 1658//1658 1685//1685 1686//1686
f 1661//1661 1687//1687 1688//1688
f 1661//1661 1688//1688 1664//1664
f 1664//1664 1689//1689 1663//1663
f 1690//1690 1691//1691 1692//1692
f 1693//1693 1694//1694 1695//1695
f 1695//1695 1696//1696 1697//1697
f 1698//1698 1697//1697 1699//1699
f 1698//1698 1700//1700 1697//1697
f 1701//1701 1702//1702 1703//1703
f 1672//1672 1704//1704 1673//1673
f 1673//1673 1705//1705 1674//1674
f 1674//1674 1706//1706 1638//1638
f 1707//1707 1708//1708 1706//1706
f 1709//1709 1677//1677 1708//1708
f 1677//1677 1678//1678 1645//1645
f 1678//1678 1710//1710 1711//1711
f 1711//1711 1680//1680 1679//1679
f 1712//1712 1713//1713 1680//1680
f 1713//1713 1714//1714 1683//1683
f 1714//1714 1684//1684 1683//1683
f 1684//1684 1715//1715 1682//1682
f 1716//1716 1717//1717 1718//1718
f 1685//1685 1719//1719 1686//1686
f 1720//1720 1688//1688 1687//1687
f 1689//1689 1721//1721 1722//1722
f 1723//1723 1665//1665 1724//1724
f 1725//1725 1726//1726 1727//1727
f 1728//1728 1729//1729 1692//1692
f 1694//1694 1730//1730 1731//1731
f 1732//1732 1696//1696 1731//1731
f 1698//1698 1733//1733 1703//1703
f 1705//1705 1734//1734 1735//1735
f 1736//1736 1705//1705 1735//1735
f 1710//1710 1737//1737 1712//1712
f 1716//1716 1738//1738 1685//1685
f 1739//1739 1740//1740 1719//1719
f 1719//1719 1740//1740 1686//1686
f 1740//1740 1720//1720 1687//1687
f 1741//1741 1721//1721 1688//1688
f 1722//1722 1742//1742 1743//1743
f 1728//1728 1744//1744 1745//1745
f 1746//1746 1745//1745 1747//1747
f 1732//1732 1748//1748 1699//1699
f 1733//1733 1749//1749 1750//1750
f 1751//1751 1752//1752 1753//1753
f 1754//1754 1755//1755 1756//1756
f 1755//1755 1754//1754 1757//1757
f 1758//1758 1738//1738 1759//1759
f 1758//1758 1760//1760 1739//1739
f 1761//1761 1762//1762 1763//1763
f 1762//1762 1743//1743 1742//1742
f 1764//1764 1765//1765 1766//1766
f 1744//1744 1767//1767 1768//1768
f 1769//1769 1770//1770 1747//1747
f 1771//1771 1746//1746 1747//1747
f 1772//1772 1773//1773 1749//1749
f 1774//1774 1775//1775 1776//1776
f 1776//1776 1735//1735 1777//1777
f 1778//1778 1779//1779 1780//1780
f 1781//1781 1753//1753 1780//1780
f 1782//1782 1783//1783 1758//1758
f 1783//1783 1782//1782 1784//1784
f 1785//1785 1786//1786 1760//1760
f 1787//1787 1788//1788 1789//1789
f 1790//1790 1791//1791 1792//1792
f 1793//1793 1794//1794 1795//1795
f 1775//1775 1796//1796 1797//1797
f 1798//1798 1799//1799 1797//1797
f 1800//1800 1801//1801 1802//1802
f 1781//1781 1803//1803 1804//1804
f 1805//1805 1806//1806 1756//1756
f 1807//1807 1808//1808 1809//1809
f 1810//1810 1784//1784 1811//1811
f 1789//1789 1812//1812 1813//1813
f 1814//1814 1815//1815 1816//1816
f 1816//1816 1817//1817 1814//1814
f 1817//1817 1818//1818 1819//1819
f 1820//1820 1821//1821 1822//1822
f 1823//1823 1821//1821 1820//1820
f 1792//1792 1824//1824 1793//1793
f 1775//1775 1825//1825 1796//1796
f 1801//1801 1826//1826 1827//1827
f 1828//1828 1827//1827 1829//1829
f 1830//1830 1803//1803 1781//1781
f 1831//1831 1803//1803 1832//1832
f 1833//1833 1834//1834 1835//1835
f 1836//1836 1785//1785 1837//1837
f 1838//1838 1839//1839 1840//1840
f 1841//1841 1812//1812 1839//1839
f 1842//1842 1815//1815 1843//1843
f 1820//1820 1822//1822 1844//1844
f 1845//1845 1846//1846 1847//1847
f 1848//1848 1849//1849 1850//1850
f 1832//1832 1803//1803 1851//1851
f 1852//1852 1853//1853 1854//1854
f 1855//1855 1856//1856 1857//1857
f 1858//1858 1857//1857 1856//1856
f 1859//1859 1860//1860 1861//1861
f 1862//1862 1861//1861 1863//1863
f 1864//1864 1865//1865 1866//1866
f 1867//1867 1866//1866 1868//1868
f 1869//1869 1870//1870 1871//1871
f 1872//1872 1869//1869 1871//1871
f 1873//1873 1874//1874 1875//1875
f 1873//1873 1875//1875 1847//1847
f 1876//1876 1877//1877 1878//1878
f 1848//1848 1879//1879 1880//1880
f 1881//1881 1882//1882 1883//1883
f 1884//1884 1885//1885 1886//1886
f 1887//1887 1888//1888 1856//1856
f 1889//1889 1890//1890 1891//1891
f 1891//1891 1892//1892 1861//1861
f 1893//1893 1894//1894 1865//1865
f 1895//1895 1896//1896 1843//1843
f 1897//1897 1898//1898 1874//1874
f 1879//1879 1899//1899 1900//1900
f 1901//1901 1902//1902 1880//1880
f 1903//1903 1904//1904 1905//1905
f 1906//1906 1882//1882 1907//1907
f 1908//1908 1909//1909 1886//1886
f 1909//1909 1910//1910 1911//1911
f 1911//1911 1912//1912 1887//1887
f 1913//1913 1890//1890 1914//1914
f 1915//1915 1916//1916 1892//1892
f 1917//1917 1894//1894 1918//1918
f 1919//1919 1920//1920 1921//1921
f 1922//1922 1923//1923 1924//1924
f 1898//1898 1925//1925 1874//1874
f 1926//1926 1927//1927 1928//1928
f 1899//1899 1929//1929 1900//1900
f 1904//1904 1930//1930 1931//1931
f 1882//1882 1904//1904 1907//1907
f 1932//1932 1933//1933 1907//1907
f 1934//1934 1935//1935 1936//1936
f 1908//1908 1937//1937 1938//1938
f 1910//1910 1908//1908 1938//1938
f 1939//1939 1913//1913 1914//1914
f 1918//1918 1940//1940 1917//1917
f 1921//1921 1941//1941 1942//1942
f 1943//1943 1944//1944 1945//1945
f 1944//1944 1946//1946 1947//1947
f 1948//1948 1922//1922 1949//1949
f 1898//1898 1927//1927 1925//1925
f 1950//1950 1928//1928 1951//1951
f 1952//1952 1953//1953 1954//1954
f 1955//1955 1954//1954 1956//1956
f 1957//1957 1958//1958 1931//1931
f 1958//1958 1932//1932 1907//1907
f 1959//1959 1960//1960 1961//1961
f 1962//1962 1963//1963 1964//1964
f 1965//1965 1966//1966 1941//1941
f 1941//1941 1967//1967 1942//1942
f 1943//1943 1968//1968 1944//1944
f 1969//1969 1970//1970 1971//1971
f 1972//1972 1973//1973 1951//1951
f 1974//1974 1975//1975 1976//1976
f 1956//1956 1953//1953 1977//1977
f 1978//1978 1979//1979 1980//1980
f 1981//1981 1982//1982 1983//1983
f 1984//1984 1985//1985 1986//1986
f 1987//1987 1988//1988 1989//1989
f 1990//1990 1991//1991 1992//1992
f 1993//1993 1992//1992 1991//1991
f 1994//1994 1995//1995 1996//1996
f 1997//1997 1998//1998 1995//1995
f 1967//1967 1966//1966 1999//1999
f 2000//2000 1971//1971 2001//2001
f 2002//2002 1969//1969 1971//1971
f 2003//2003 2004//2004 2005//2005
f 2005//2005 2006//2006 2007//2007
f 2008//2008 2009//2009 1976//1976
f 2010//2010 2011//2011 2012//2012
f 1982//1982 2013//2013 1983//1983
f 1983//1983 2014//2014 2015//2015
f 1988//1988 2016//2016 2017//2017
f 1993//1993 2018//2018 1994//1994
f 1997//1997 2019//2019 2020//2020
f 2021//2021 2022//2022 1999//1999
f 2023//2023 2024//2024 2025//2025
f 2026//2026 2027//2027 2028//2028
f 2029//2029 2030//2030 2026//2026
f 2029//2029 2031//2031 2004//2004
f 2032//2032 2033//2033 2007//2007
f 2033//2033 2034//2034 1972//1972
f 2008//2008 1975//1975 2035//2035
f 2036//2036 2037//2037 2038//2038
f 2039//2039 2040//2040 2041//2041
f 2017//2017 2042//2042 2043//2043
f 2044//2044 2045//2045 2046//2046
f 2047//2047 2048//2048 2049//2049
f 2022//2022 2050//2050 2051//2051
f 2000//2000 2024//2024 2027//2027
f 2052//2052 2027//2027 2053//2053
f 2054//2054 2055//2055 2056//2056
f 2057//2057 2056//2056 2058//2058
f 2059//2059 2060//2060 2061//2061
f 2060//2060 2062//2062 2063//2063
f 2064//2064 2062//2062 2065//2065
f 2066//2066 2067//2067 2068//2068
f 2068//2068 2069//2069 2066//2066
f 2040//2040 2070//2070 2041//2041
f 2071//2071 2072//2072 2073//2073
f 2074//2074 2071//2071 2075//2075
f 2076//2076 2049//2049 2077//2077
f 2078//2078 2079//2079 2080//2080
f 2081//2081 2082//2082 2050//2050
f 2051//2051 2082//2082 2083//2083
f 2053//2053 2084//2084 2052//2052
f 2052//2052 2084//2084 2085//2085
f 2055//2055 2086//2086 2087//2087
f 2059//2059 2088//2088 2089//2089
f 2064//2064 2090//2090 2091//2091
f 2064//2064 2091//2091 2067//2067
f 2092//2092 2068//2068 2067//2067
f 2093//2093 2094//2094 2095//2095
f 2096//2096 2097//2097 2098//2098
f 2099//2099 2073//2073 2100//2100
f 2075//2075 2101//2101 2102//2102
f 2103//2103 2102//2102 2104//2104
f 2103//2103 2105//2105 2076//2076
f 2080//2080 2106//2106 2107//2107
f 2078//2078 2108//2108 2109//2109
f 2109//2109 2110//2110 2111//2111
f 2083//2083 2111//2111 2112//2112
f 2113//2113 2114//2114 2115//2115
f 2114//2114 2116//2116 2117//2117
f 1268//1268 1270//1270 2118//2118
f 1246//1246 2119//2119 1270//1270
f 1218//1218 2120//2120 1246//1246
f 2121//2121 1219//1219 2122//2122
f 2123//2123 2124//2124 2125//2125
f 1229//1229 2126//2126 1230//1230
f 2126//2126 1232//1232 2127//2127
f 1232//1232 1231//1231 2128//2128
f 1234//1234 2129//2129 1231//1231
f 1235//1235 1239//1239 2130//2130
f 1256//1256 2131//2131 2132//2132
f 1259//1259 2133//2133 2131//2131
f 2134//2134 1261//1261 1243//1243
f 2135//2135 2113//2113 2136//2136
f 1265//1265 2116//2116 2135//2135
f 1215//1215 2137//2137 1268//1268
f 1272//1272 1270//1270 1269//1269
f 1218//1218 1245//1245 1216//1216
f 1274//1274 2138//2138 1275//1275
f 1274//1274 2139//2139 1224//1224
f 1249//1249 2139//2139 1277//1277
f 1228//1228 2124//2124 1251//1251
f 1282//1282 1229//1229 1228//1228
f 2140//2140 1233//1233 2141//2141
f 1235//1235 1255//1255 1239//1239
f 2142//2142 1255//1255 1286//1286
f 1289//1289 1240//1240 1237//1237
f 1257//1257 2143//2143 1313//1313
f 2135//2135 2144//2144 1265//1265
f 2145//2145 1269//1269 1298//1298
f 1272//1272 1271//1271 1245//1245
f 2146//2146 2138//2138 2147//2147
f 1277//1277 2139//2139 1276//1276
f 1247//1247 2148//2148 1279//1279
f 1228//1228 1250//1250 1282//1282
f 2140//2140 2149//2149 1329//1329
f 1284//1284 1252//1252 2140//2140
f 1310//1310 2142//2142 1308//1308
f 1310//1310 2143//2143 1288//1288
f 2143//2143 1289//1289 1288//1288
f 1292//1292 1264//1264 1263//1263
f 2150//2150 2151//2151 2152//2152
f 1296//1296 1295//1295 1294//1294
f 2153//2153 2145//2145 1297//1297
f 1300//1300 1273//1273 2153//2153
f 1301//1301 2154//2154 2155//2155
f 2146//2146 2154//2154 1302//1302
f 1278//1278 2156//2156 2148//2148
f 1322//1322 1283//1283 1280//1280
f 1327//1327 1326//1326 1325//1325
f 1329//1329 1328//1328 2140//2140
f 1332//1332 1284//1284 1328//1328
f 1306//1306 1287//1287 1332//1332
f 1314//1314 2143//2143 1311//1311
f 1335//1335 1293//1293 2157//2157
f 2158//2158 2150//2150 2152//2152
f 1341//1341 1319//1319 1317//1317
f 1318//1318 1346//1346 2153//2153
f 1369//1369 2159//2159 2154//2154
f 2160//2160 2161//2161 2162//2162
f 1303//1303 2161//2161 2163//2163
f 2156//2156 2164//2164 2165//2165
f 1321//1321 1351//1351 1322//1322
f 1324//1324 1323//1323 1351//1351
f 1354//1354 1353//1353 2166//2166
f 1305//1305 2167//2167 1308//1308
f 2168//2168 2169//2169 1309//1309
f 1311//1311 2170//2170 1314//1314
f 2157//2157 2171//2171 1335//1335
f 1340//1340 1341//1341 1317//1317
f 1343//1343 1344//1344 1318//1318
f 1368//1368 1367//1367 1403//1403
f 2172//2172 2173//2173 1370//1370
f 2160//2160 1373//1373 1349//1349
f 1348//1348 1378//1378 2174//2174
f 1348//1348 2174//2174 2165//2165
f 1353//1353 1324//1324 1383//1383
f 2175//2175 1356//1356 1331//1331
f 1333//1333 1355//1355 2176//2176
f 2168//2168 1386//1386 1387//1387
f 2169//2169 1389//1389 2170//2170
f 1359//1359 1358//1358 1389//1389
f 1396//1396 1395//1395 2177//2177
f 1400//1400 2178//2178 1428//1428
f 1366//1366 1403//1403 1367//1367
f 1402//1402 1401//1401 1429//1429
f 2173//2173 1404//1404 1406//1406
f 1371//1371 1370//1370 2173//2173
f 1373//1373 1350//1350 1349//1349
f 1378//1378 1437//1437 1379//1379
f 1382//1382 1381//1381 1410//1410
f 1359//1359 1391//1391 1360//1360
f 1361//1361 1423//1423 1392//1392
f 2179//2179 1394//1394 2180//2180
f 1399//1399 1394//1394 2179//2179
f 2181//2181 1399//1399 1398//1398
f 1427//1427 1365//1365 1400//1400
f 1402//1402 1404//1404 1403//1403
f 1409//1409 1372//1372 1371//1371
f 1374//1374 1408//1408 1375//1375
f 1411//1411 1410//1410 1464//1464
f 1416//1416 1418//1418 1417//1417
f 2176//2176 1384//1384 1386//1386
f 1446//1446 1385//1385 1384//1384
f 1447//1447 1390//1390 1388//1388
f 1361//1361 1391//1391 1449//1449
f 2179//2179 2182//2182 2183//2183
f 1453//1453 1399//1399 2179//2179
f 1428//1428 1426//1426 1455//1455
f 1402//1402 1458//1458 1405//1405
f 1432//1432 1461//1461 1433//1433
f 1436//1436 1435//1435 2184//2184
f 1439//1439 2185//2185 1437//1437
f 1462//1462 1464//1464 1410//1410
f 2186//2186 1413//1413 2187//2187
f 1418//1418 1442//1442 1419//1419
f 1448//1448 2188//2188 2189//2189
f 2190//2190 2183//2183 2182//2182
f 1453//1453 2183//2183 1454//1454
f 1467//1467 1454//1454 1468//1468
f 2191//2191 1455//1455 1471//1471
f 2191//2191 1431//1431 1430//1430
f 1457//1457 2192//2192 2193//2193
f 2192//2192 1459//1459 1432//1432
f 1481//1481 2194//2194 2195//2195
f 2196//2196 2197//2197 1438//1438
f 2198//2198 2199//2199 2197//2197
f 2200//2200 2201//2201 1463//1463
f 2201//2201 2202//2202 2187//2187
f 1483//1483 2186//2186 2202//2202
f 1485//1485 1440//1440 1414//1414
f 1440//1440 1487//1487 1441//1441
f 1443//1443 1441//1441 1487//1487
f 1444//1444 1443//1443 1490//1490
f 2203//2203 1493//1493 2204//2204
f 2204//2204 2205//2205 2203//2203
f 2206//2206 2207//2207 1516//1516
f 2208//2208 1496//1496 2190//2190
f 1474//1474 1473//1473 1471//1471
f 1476//1476 1478//1478 2209//2209
f 2210//2210 2195//2195 2194//2194
f 1480//1480 2211//2211 1481//1481
f 1505//1505 2212//2212 1480//1480
f 1505//1505 1504//1504 2198//2198
f 1506//1506 2213//2213 2214//2214
f 2213//2213 2215//2215 2201//2201
f 1487//1487 1486//1486 1443//1443
f 1486//1486 1488//1488 1443//1443
f 1488//1488 1490//1490 1443//1443
f 1493//1493 1514//1514 2204//2204
f 2204//2204 1514//1514 2216//2216
f 2204//2204 1517//1517 2188//2188
f 1518//1518 2206//2206 1516//1516
f 2217//2217 2218//2218 2208//2208
f 1520//1520 1468//1468 2218//2218
f 1497//1497 1469//1469 1523//1523
f 1498//1498 1524//1524 1526//1526
f 1474//1474 1526//1526 1529//1529
f 1529//1529 1528//1528 1499//1499
f 2219//2219 1560//1560 2220//2220
f 2220//2220 1531//1531 1502//1502
f 1534//1534 2221//2221 1562//1562
f 1534//1534 1503//1503 2221//2221
f 1538//1538 1489//1489 1510//1510
f 1491//1491 1512//1512 1572//1572
f 1542//1542 1515//1515 2216//2216
f 1516//1516 2222//2222 1518//1518
f 1548//1548 1547//1547 2223//2223
f 1547//1547 1521//1521 2223//2223
f 1523//1523 1524//1524 1497//1497
f 1502//1502 1530//1530 1482//1482
f 1533//1533 1507//1507 2214//2214
f 1511//1511 1537//1537 1568//1568
f 1512//1512 1570//1570 1572//1572
f 1543//1543 2224//2224 2225//2225
f 1547//1547 1575//1575 2226//2226
f 1521//1521 1579//1579 1522//1522
f 1583//1583 1582//1582 1554//1554
f 1556//1556 2227//2227 1554//1554
f 1556//1556 2228//2228 2227//2227
f 1585//1585 1531//1531 1559//1559
f 1565//1565 1564//1564 1590//1590
f 1508//1508 1565//1565 1566//1566
f 2229//2229 1539//1539 1594//1594
f 1570//1570 2230//2230 1615//1615
f 1571//1571 1570//1570 1574//1574
f 2231//2231 2232//2232 1540//1540
f 2233//2233 1575//1575 1546//1546
f 1578//1578 1549//1549 1579//1579
f 1555//1555 1606//1606 1556//1556
f 1532//1532 1587//1587 1588//1588
f 2234//2234 1589//1589 1587//1587
f 1589//1589 2235//2235 1563//1563
f 2236//2236 1591//1591 2235//2235
f 1591//1591 1590//1590 1564//1564
f 1566//1566 1593//1593 1567//1567
f 2229//2229 2230//2230 1539//1539
f 1573//1573 1574//1574 2237//2237
f 2238//2238 1620//1620 2231//2231
f 1596//1596 1595//1595 1619//1619
f 2239//2239 1576//1576 2233//2233
f 2240//2240 1578//1578 1577//1577
f 1603//1603 2241//2241 1602//1602
f 2242//2242 2243//2243 1555//1555
f 2243//2243 1606//1606 1555//1555
f 1636//1636 1561//1561 1608//1608
f 1609//1609 1584//1584 1636//1636
f 1609//1609 2244//2244 1586//1586
f 2245//2245 1644//1644 1646//1646
f 2246//2246 1648//1648 1647//1647
f 1593//1593 1649//1649 1610//1610
f 1613//1613 1615//1615 2229//2229
f 1659//1659 2237//2237 1616//1616
f 2247//2247 2248//2248 1659//1659
f 2249//2249 2250//2250 2239//2239
f 2240//2240 2250//2250 1666//1666
f 1666//1666 2251//2251 2240//2240
f 1604//1604 1628//1628 1630//1630
f 1631//1631 1633//1633 2243//2243
f 1609//1609 1639//1639 2244//2244
f 1644//1644 1643//1643 1642//1642
f 2246//2246 1647//1647 1679//1679
f 1650//1650 1652//1652 1611//1611
f 1653//1653 1682//1682 1654//1654
f 1653//1653 1654//1654 1651//1651
f 1659//1659 1658//1658 2252//2252
f 1618//1618 2253//2253 1660//1660
f 2254//2254 1667//1667 2249//2249
f 1632//1632 1669//1669 1633//1633
f 1640//1640 2255//2255 1671//1671
f 1647//1647 1711//1711 1679//1679
f 1683//1683 1653//1653 1681//1681
f 1715//1715 1655//1655 1682//1682
f 1685//1685 1658//1658 1717//1717
f 1724//1724 2254//2254 2256//2256
f 1666//1666 1665//1665 1624//1624
f 1694//1694 1693//1693 1729//1729
f 1703//1703 1702//1702 1698//1698
f 1672//1672 1673//1673 1671//1671
f 1709//1709 2257//2257 1677//1677
f 1684//1684 1714//1714 2258//2258
f 2259//2259 2258//2258 2260//2260
f 1656//1656 1718//1718 1717//1717
f 2252//2252 1687//1687 2253//2253
f 1721//1721 1664//1664 1688//1688
f 2261//2261 2262//2262 2256//2256
f 1665//1665 1723//1723 1727//1727
f 1744//1744 1728//1728 2263//2263
f 2264//2264 2265//2265 2266//2266
f 2267//2267 1752//1752 1709//1709
f 1752//1752 2257//2257 1709//1709
f 2268//2268 2269//2269 1737//1737
f 2268//2268 2270//2270 2269//2269
f 1742//1742 1763//1763 1762//1762
f 1763//1763 1742//1742 1741//1741
f 1764//1764 2261//2261 2271//2271
f 1725//1725 1767//1767 2263//2263
f 1745//1745 1746//1746 1730//1730
f 2272//2272 1746//1746 1771//1771
f 1749//1749 1733//1733 1748//1748
f 2273//2273 2266//2266 1750//1750
f 2274//2274 2275//2275 2276//2276
f 1707//1707 2277//2277 1709//1709
f 1757//1757 1754//1754 2278//2278
f 2279//2279 2260//2260 2278//2278
f 2280//2280 1765//1765 2271//2271
f 1790//1790 2272//2272 1771//1771
f 2273//2273 1750//1750 1795//1795
f 1775//1775 1774//1774 2281//2281
f 1799//1799 2276//2276 2282//2282
f 2267//2267 1778//1778 1780//1780
f 2283//2283 2284//2284 2285//2285
f 2283//2283 2285//2285 2286//2286
f 1806//1806 1754//1754 1756//1756
f 1811//1811 2287//2287 1809//1809
f 2288//2288 2289//2289 2280//2280
f 1819//1819 1766//1766 1817//1817
f 1768//1768 1819//1819 2290//2290
f 2290//2290 1821//1821 1770//1770
f 1747//1747 2291//2291 1771//1771
f 1792//1792 1773//1773 1790//1790
f 1794//1794 1793//1793 2292//2292
f 1794//1794 2273//2273 1795//1795
f 1828//1828 1802//1802 1801//1801
f 1804//1804 2284//2284 1781//1781
f 1804//1804 1833//1833 2285//2285
f 2293//2293 1811//1811 1809//1809
f 1840//1840 1839//1839 2294//2294
f 2295//2295 1814//1814 2288//2288
f 1822//1822 1818//1818 2296//2296
f 1823//1823 2297//2297 2298//2298
f 1825//1825 2299//2299 2300//2300
f 1850//1850 2300//2300 2301//2301
f 1849//1849 1796//1796 1850//1850
f 2302//2302 1805//1805 1834//1834
f 1854//1854 2302//2302 1852//1852
f 2303//2303 1810//1810 2304//2304
f 1866//1866 1841//1841 1864//1864
f 1846//1846 2297//2297 1872//1872
f 1824//1824 1845//1845 1877//1877
f 2305//2305 2306//2306 1876//1876
f 2306//2306 2305//2305 2299//2299
f 2307//2307 1849//1849 2308//2308
f 1849//1849 2307//2307 1826//1826
f 1905//1905 2309//2309 2310//2310
f 2311//2311 2312//2312 1884//1884
f 1884//1884 2313//2313 2311//2311
f 1860//1860 1889//1889 1891//1891
f 1858//1858 1860//1860 2303//2303
f 1863//1863 1861//1861 1892//1892
f 1862//1862 1864//1864 1838//1838
f 1868//1868 1865//1865 1894//1894
f 2314//2314 1843//1843 2315//2315
f 1896//1896 2316//2316 1843//1843
f 2317//2317 2318//2318 2319//2319
f 1869//1869 1820//1820 1844//1844
f 1872//1872 1871//1871 1873//1873
f 2320//2320 1878//1878 2321//2321
f 2322//2322 2323//2323 1876//1876
f 2310//2310 1903//1903 1905//1905
f 1905//1905 1881//1881 2309//2309
f 2324//2324 1883//1883 1906//1906
f 1885//1885 2324//2324 2325//2325
f 1855//1855 2326//2326 1887//1887
f 1892//1892 1891//1891 1915//1915
f 1863//1863 1865//1865 1864//1864
f 2327//2327 1895//1895 2314//2314
f 1945//1945 2318//2318 1896//1896
f 1870//1870 2328//2328 1923//1923
f 1874//1874 1871//1871 1897//1897
f 2322//2322 2320//2320 2329//2329
f 1899//1899 1879//1879 2323//2323
f 2308//2308 1880//1880 1902//1902
f 2330//2330 1914//1914 1890//1890
f 1918//1918 1893//1893 1916//1916
f 2328//2328 1945//1945 1947//1947
f 2331//2331 1923//1923 2328//2328
f 1925//1925 1926//1926 2321//2321
f 2332//2332 2329//2329 2333//2333
f 1929//1929 1899//1899 2329//2329
f 1901//1901 1900//1900 1952//1952
f 1902//1902 1901//1901 2334//2334
f 2334//2334 1930//1930 1903//1903
f 1931//1931 1907//1907 1904//1904
f 1961//1961 1960//1960 1938//1938
f 1959//1959 1912//1912 1960//1960
f 1939//1939 1914//1914 2335//2335
f 2336//2336 2337//2337 1913//1913
f 2338//2338 2339//2339 2340//2340
f 1946//1946 1944//1944 1969//1969
f 1973//1973 1950//1950 1951//1951
f 1982//1982 1980//1980 1979//1979
f 2341//2341 1981//1981 2342//2342
f 1937//1937 1985//1985 1938//1938
f 2343//2343 1962//1962 2336//2336
f 1995//1995 1963//1963 1996//1996
f 1963//1963 1965//1965 1940//1940
f 2344//2344 2345//2345 2001//2001
f 1970//1970 1968//1968 2344//2344
f 2346//2346 2347//2347 2348//2348
f 1975//1975 1974//1974 1973//1973
f 2009//2009 1953//1953 1976//1976
f 1977//1977 2349//2349 1956//1956
f 1982//1982 1981//1981 2350//2350
f 1981//1981 2015//2015 2342//2342
f 2015//2015 2351//2351 1986//1986
f 1992//1992 1994//1994 1996//1996
f 2352//2352 2001//2001 2345//2345
f 2027//2027 2002//2002 2000//2000
f 2026//2026 2353//2353 2002//2002
f 2353//2353 2003//2003 2354//2354
f 2355//2355 2356//2356 2349//2349
f 2040//2040 2013//2013 2037//2037
f 2014//2014 1983//1983 2039//2039
f 2357//2357 2016//2016 1984//1984
f 1988//1988 2046//2046 1989//1989
f 2048//2048 1991//1991 2046//2046
f 2358//2358 2025//2025 2352//2352
f 2000//2000 2025//2025 2024//2024
f 2061//2061 2033//2033 2057//2057
f 2060//2060 2063//2063 2034//2034
f 2359//2359 2062//2062 2064//2064
f 2360//2360 2008//2008 2359//2359
f 2356//2356 2069//2069 2361//2361
f 2362//2362 2038//2038 2011//2011
f 2072//2072 2363//2363 2014//2014
f 2363//2363 2074//2074 2357//2357
f 2017//2017 2044//2044 1988//1988
f 2047//2047 2018//2018 1993//1993
f 2364//2364 2023//2023 2358//2358
f 2054//2054 2031//2031 2029//2029
f 2057//2057 2088//2088 2061//2061
f 2067//2067 2359//2359 2064//2064
f 2361//2361 2095//2095 2094//2094
f 2094//2094 2096//2096 2362//2362
f 2070//2070 2040//2040 2036//2036
f 2072//2072 2071//2071 2363//2363
f 2075//2075 2042//2042 2074//2074
f 2102//2102 2103//2103 2043//2043
f 2365//2365 2049//2049 2106//2106
f 2366//2366 2367//2367 2364//2364
f 2368//2368 2369//2369 2367//2367
f 2370//2370 2086//2086 2055//2055
f 2087//2087 2058//2058 2055//2055
f 2371//2371 2059//2059 2089//2089
f 2098//2098 2372//2372 2070//2070
f 2373//2373 2372//2372 2098//2098
f 2374//2374 2100//2100 2372//2372
f 2101//2101 2075//2075 2375//2375
f 2376//2376 2106//2106 2076//2076
f 2377//2377 2078//2078 2080//2080
f 1828//1828 1779//1779 1802//1802
f 1451//1451 1424//1424 1423//1423
f 1753//1753 2284//2284 1751//1751
f 1834//1834 1833//1833 1831//1831
f 1806//1806 1805//1805 1854//1854
f 1811//1811 2293//2293 1810//1810
f 1785//1785 1783//1783 1837//1837
f 2192//2192 1457//1457 2209//2209
f 2290//2290 1770//1770 1769//1769
f 1822//1822 1821//1821 2290//2290
f 1401//1401 1430//1430 1429//1429
f 1773//1773 1795//1795 1749//1749
f 2292//2292 1824//1824 2306//2306
f 1794//1794 2281//2281 2273//2273
f 1397//1397 1453//1453 1425//1425
f 1839//1839 1838//1838 1841//1841
f 1417//1417 1357//1357 2378//2378
f 1374//1374 1375//1375 1350//1350
f 1827//1827 1828//1828 1801//1801
f 1409//1409 1371//1371 1407//1407
f 1839//1839 1788//1788 2294//2294
f 1814//1814 1817//1817 2289//2289
f 2295//2295 1815//1815 1814//1814
f 1434//1434 1377//1377 2379//2379
f 2276//2276 1736//1736 2282//2282
f 1786//1786 2294//2294 1761//1761
f 1762//1762 1787//1787 1743//1743
f 2261//2261 1764//1764 2262//2262
f 1461//1461 1432//1432 1459//1459
f 1802//1802 1778//1778 2274//2274
f 1737//1737 2283//2283 2268//2268
f 2258//2258 1757//1757 2260//2260
f 2279//2279 2380//2380 2260//2260
f 2330//2330 1889//1889 1856//1856
f 1918//1918 1894//1894 1893//1893
f 1356//1356 1307//1307 1331//1331
f 2381//2381 1356//1356 2175//2175
f 1895//1895 2327//2327 2339//2339
f 1945//1945 1896//1896 1943//1943
f 2328//2328 1870//1870 2319//2319
f 1383//1383 1352//1352 1381//1381
f 2382//2382 1339//1339 1338//1338
f 2308//2308 1902//1902 2310//2310
f 1881//1881 1883//1883 2383//2383
f 1905//1905 1882//1882 1881//1881
f 1832//1832 2324//2324 2312//2312
f 2326//2326 1852//1852 2313//2313
f 1911//1911 2326//2326 1909//1909
f 1367//1367 1346//1346 1344//1344
f 1343//1343 1342//1342 2384//2384
f 1888//1888 2335//2335 1914//1914
f 1317//1317 1338//1338 1340//1340
f 1954//1954 1901//1901 1952//1952
f 1376//1376 1378//1378 1348//1348
f 2165//2165 2164//2164 1349//1349
f 2162//2162 2172//2172 1370//1370
f 1846//1846 1872//1872 1873//1873
f 1824//1824 1877//1877 2306//2306
f 2305//2305 2301//2301 2300//2300
f 2385//2385 2386//2386 2296//2296
f 1853//1853 1855//1855 1857//1857
f 1588//1588 1530//1530 1532//1532
f 1660//1660 1596//1596 1619//1619
f 1621//1621 1660//1660 1662//1662
f 1578//1578 2240//2240 1600//1600
f 2387//2387 2228//2228 1479//1479
f 2387//2387 1499//1499 1528//1528
f 2248//2248 1618//1618 1620//1620
f 1511//1511 1538//1538 1510//1510
f 1566//1566 1537//1537 1508//1508
f 1569//1569 2388//2388 1594//1594
f 1651//1651 1612//1612 1652//1652
f 1654//1654 1613//1613 1651//1651
f 1533//1533 1503//1503 1534//1534
f 2237//2237 2389//2389 1616//1616
f 1616//1616 1657//1657 1659//1659
f 2243//2243 1607//1607 1606//1606
f 1489//1489 1491//1491 1488//1488
f 1609//1609 1637//1637 2255//2255
f 1639//1639 1641//1641 2244//2244
f 1544//1544 1543//1543 2225//2225
f 2390//2390 2194//2194 1436//1436
f 1582//1582 2242//2242 1555//1555
f 1534//1534 1562//1562 1535//1535
f 1535//1535 1563//1563 2235//2235
f 1561//1561 1636//1636 1584//1584
f 1571//1571 2391//2391 1572//1572
f 1540//1540 2232//2232 1541//1541
f 2230//2230 1512//1512 1539//1539
f 1581//1581 1602//1602 2241//2241
f 1473//1473 1431//1431 2191//2191
f 1472//1472 1455//1455 2392//2392
f 1733//1733 1750//1750 2265//2265
f 1454//1454 1467//1467 1425//1425
f 1469//1469 1468//1468 1520//1520
f 1436//1436 2211//2211 2196//2196
f 1719//1719 1738//1738 1739//1739
f 1741//1741 1720//1720 1763//1763
f 1721//1721 1689//1689 1664//1664
f 2209//2209 1477//1477 2192//2192
f 1485//1485 1414//1414 2186//2186
f 2186//2186 1483//1483 1485//1485
f 2204//2204 2188//2188 2205//2205
f 1419//1419 1444//1444 1445//1445
f 1718//1718 1656//1656 1715//1715
f 1710//1710 1678//1678 2257//2257
f 1676//1676 1645//1645 1644//1644
f 1638//1638 1706//1706 1675//1675
f 1708//1708 1707//1707 1709//1709
f 1506//1506 1536//1536 2215//2215
f 1691//1691 1624//1624 1727//1727
f 2005//2005 1949//1949 2003//2003
f 1261//1261 2133//2133 1259//1259
f 2393//2393 2369//2369 2368//2368
f 1939//1939 2336//2336 1913//1913
f 2052//2052 2085//2085 2370//2370
f 1314//1314 1313//1313 2143//2143
f 2131//2131 2133//2133 2132//2132
f 1256//1256 1258//1258 2131//2131
f 1961//1961 1938//1938 1985//1985
f 2135//2135 2116//2116 2114//2114
f 2394//2394 2151//2151 1316//1316
f 2158//2158 2382//2382 2150//2150
f 1239//1239 1238//1238 2130//2130
f 1929//1929 1952//1952 1900//1900
f 2092//2092 2395//2395 2068//2068
f 2333//2333 1950//1950 2332//2332
f 1265//1265 2394//2394 1266//1266
f 1937//1937 2342//2342 1985//1985
f 2015//2015 1986//1986 2342//2342
f 1334//1334 2157//2157 1290//1290
f 1980//1980 2350//2350 1932//1932
f 1240//1240 2396//2396 1241//1241
f 2088//2088 2059//2059 2061//2061
f 2397//2397 2089//2089 2088//2088
f 1958//1958 1957//1957 1978//1978
f 1957//1957 2010//2010 1978//1978
f 2001//2001 2352//2352 2025//2025
f 1300//1300 1299//1299 1273//1273
f 2147//2147 2138//2138 1220//1220
f 1248//1248 1251//1251 2124//2124
f 2096//2096 2036//2036 2038//2038
f 2154//2154 1301//1301 1369//1369
f 1216//1216 2398//2398 2147//2147
f 2034//2034 2061//2061 2060//2060
f 1279//1279 1320//1320 1304//1304
f 1972//1972 2348//2348 2033//2033
f 2045//2045 2077//2077 2049//2049
f 2137//2137 1267//1267 1295//1295
f 1969//1969 2353//2353 1946//1946
f 2399//2399 1278//1278 1277//1277
f 2049//2049 2365//2365 2047//2047
f 2376//2376 2107//2107 2106//2106
f 2021//2021 2020//2020 2050//2050
f 2111//2111 2083//2083 2082//2082
f 2111//2111 2110//2110 2112//2112
f 1222//1222 1221//1221 1224//1224
f 2060//2060 2065//2065 2062//2062
f 1228//1228 1227//1227 2400//2400
f 2018//2018 2019//2019 1997//1997
f 1762//1762 2294//2294 1788//1788
f 1469//1469 1520//1520 1519//1519
f 1979//1979 2013//2013 1982//1982
f 2015//2015 1981//1981 1983//1983
f 2217//2217 2223//2223 2218//2218
f 1518//1518 1494//1494 2206//2206
f 1518//1518 2222//2222 1543//1543
f 1991//1991 1989//1989 2046//2046
f 1996//1996 1962//1962 2343//2343
f 1993//1993 1994//1994 1992//1992
f 2354//2354 2003//2003 1949//1949
f 1974//1974 2401//2401 2332//2332
f 1953//1953 1956//1956 1954//1954
f 2009//2009 1977//1977 1953//1953
f 2021//2021 1998//1998 2020//2020
f 1510//1510 1489//1489 1486//1486
f 2402//2402 1984//1984 2016//2016
f 2403//2403 2017//2017 2016//2016
f 2344//2344 1971//1971 1970//1970
f 1509//1509 1484//1484 1483//1483
f 1509//1509 1536//1536 1511//1511
f 2336//2336 1990//1990 2343//2343
f 1938//1938 1960//1960 1910//1910
f 2335//2335 1888//1888 1912//1912
f 1964//1964 1916//1916 2337//2337
f 1940//1940 1964//1964 1963//1963
f 1917//1917 1921//1921 1920//1920
f 1968//1968 2338//2338 2344//2344
f 2341//2341 1937//1937 1936//1936
f 2321//2321 1926//1926 2320//2320
f 1928//1928 1927//1927 2346//2346
f 2329//2329 1899//1899 2322//2322
f 2332//2332 1929//1929 2329//2329
f 2238//2238 2391//2391 1571//1571
f 1574//1574 1615//1615 2389//2389
f 1613//1613 2388//2388 1651//1651
f 2093//2093 2404//2404 2094//2094
f 2065//2065 2371//2371 2090//2090
f 2067//2067 2091//2091 2092//2092
f 1452//1452 1451//1451 1465//1465
f 1391//1391 1422//1422 1449//1449
f 2189//2189 1450//1450 1422//1422
f 2098//2098 2097//2097 2373//2373
f 2205//2205 2405//2405 2203//2203
f 2374//2374 2099//2099 2100//2100
f 2058//2058 2087//2087 2397//2397
f 2106//2106 2080//2080 2365//2365
f 2390//2390 1461//1461 1460//1460
f 2192//2192 1432//1432 2193//2193
f 2367//2367 2023//2023 2364//2364
f 2367//2367 2366//2366 2368//2368
f 1431//1431 1458//1458 1429//1429
f 2084//2084 2053//2053 2393//2393
f 2370//2370 2055//2055 2054//2054
f 2085//2085 2086//2086 2370//2370
f 2191//2191 1430//1430 1427//1427
f 2375//2375 2075//2075 2071//2071
f 2375//2375 2406//2406 2101//2101
f 1419//1419 1446//1446 1384//1384
f 1411//1411 2407//2407 1382//1382
f 1413//1413 1464//1464 2187//2187
f 2379//2379 1375//1375 1435//1435
f 1409//1409 1374//1374 1372//1372
f 1406//1406 1371//1371 2173//2173
f 2408//2408 2104//2104 2102//2102
f 2076//2076 2105//2105 2376//2376
f 2078//2078 2109//2109 2081//2081
f 2078//2078 2377//2377 2108//2108
f 2185//2185 1439//1439 1462//1462
f 1439//1439 2199//2199 1462//1462
f 2008//2008 2360//2360 2009//2009
f 2359//2359 2067//2067 2066//2066
f 2038//2038 2012//2012 2011//2011
f 2038//2038 2362//2362 2096//2096
f 2040//2040 2039//2039 2013//2013
f 2034//2034 2063//2063 1972//1972
f 1465//1465 1494//1494 1466//1466
f 2025//2025 2358//2358 2023//2023
f 1517//1517 2207//2207 2188//2188
f 2216//2216 1515//1515 1517//1517
f 2031//2031 2032//2032 2006//2006
f 1484//1484 1487//1487 1485//1485
f 2202//2202 2186//2186 2187//2187
f 2103//2103 2077//2077 2043//2043
f 2019//2019 2018//2018 2079//2079
f 1898//1898 1897//1897 1922//1922
f 2282//2282 1797//1797 1799//1799
f 2281//2281 1825//1825 1775//1775
f 2291//2291 1747//1747 1770//1770
f 2291//2291 1821//1821 1823//1823
f 2253//2253 1661//1661 1660//1660
f 2278//2278 1807//1807 2287//2287
f 1659//1659 2252//2252 2247//2247
f 1799//1799 1800//1800 2276//2276
f 1780//1780 1779//1779 1781//1781
f 1828//1828 1830//1830 1779//1779
f 1726//1726 1725//1725 2263//2263
f 2290//2290 1769//1769 1768//1768
f 1782//1782 2279//2279 2287//2287
f 1669//1669 2409//2409 1634//1634
f 1760//1760 1786//1786 2410//2410
f 1786//1786 1785//1785 1840//1840
f 1700//1700 1668//1668 1697//1697
f 1697//1697 1696//1696 1699//1699
f 1729//1729 1693//1693 1690//1690
f 1694//1694 1729//1729 1730//1730
f 2280//2280 2289//2289 1765//1765
f 2289//2289 2288//2288 1814//1814
f 1804//1804 2285//2285 2284//2284
f 1681//1681 1653//1653 1652//1652
f 1681//1681 1713//1713 1683//1683
f 1756//1756 1835//1835 1805//1805
f 1626//1626 1625//1625 1690//1690
f 2383//2383 1828//1828 1829//1829
f 1708//1708 1675//1675 1706//1706
f 1640//1640 1671//1671 1673//1673
f 2409//2409 1701//1701 1672//1672
f 2386//2386 2385//2385 1816//1816
f 1707//1707 1706//1706 2411//2411
f 1733//1733 2265//2265 1703//1703
f 1795//1795 1750//1750 1749//1749
f 1704//1704 1705//1705 1673//1673
f 1755//1755 1757//1757 2270//2270
f 1755//1755 2286//2286 1756//1756
f 1739//1739 1738//1738 1758//1758
f 1722//1722 1721//1721 1742//1742
f 2279//2279 1759//1759 2380//2380
f 1767//1767 1725//1725 2412//2412
f 1764//1764 2413//2413 2412//2412
f 1746//1746 1731//1731 1730//1730
f 1893//1893 1892//1892 1916//1916
f 2233//2233 1576//1576 1575//1575
f 1866//1866 1867//1867 2414//2414
f 1919//1919 1868//1868 1920//1920
f 1895//1895 1943//1943 1896//1896
f 2328//2328 1947//1947 2331//2331
f 1589//1589 2234//2234 2236//2236
f 1624//1624 1623//1623 2251//2251
f 2309//2309 1881//1881 1829//1829
f 1882//1882 1906//1906 1883//1883
f 1607//1607 2243//2243 1633//1633
f 1885//1885 2312//2312 2324//2324
f 2313//2313 1909//1909 2326//2326
f 1628//1628 1627//1627 1626//1626
f 1887//1887 1856//1856 1855//1855
f 2308//2308 2310//2310 2307//2307
f 2308//2308 1848//1848 1880//1880
f 1815//1815 2295//2295 2315//2315
f 2323//2323 1879//1879 2301//2301
f 1846//1846 1845//1845 2298//2298
f 1838//1838 1840//1840 1836//1836
f 2293//2293 1808//1808 1853//1853
f 2303//2303 1837//1837 1810//1810
f 1858//1858 2303//2303 2304//2304
f 1653//1653 1683//1683 1682//1682
f 2248//2248 1573//1573 2237//2237
f 1614//1614 2389//2389 1615//1615
f 1610//1610 1649//1649 1611//1611
f 1621//1621 1599//1599 1597//1597
f 1619//1619 1618//1618 1660//1660
f 1260//1260 1292//1292 1263//1263
f 1231//1231 2129//2129 2128//2128
f 1252//1252 1233//1233 2140//2140
f 1282//1282 1281//1281 2415//2415
f 1275//1275 2163//2163 1276//1276
f 1358//1358 2171//2171 1312//1312
f 1235//1235 2130//2130 1236//1236
f 1262//1262 2416//2416 1334//1334
f 1303//1303 2159//2159 2172//2172
f 1237//1237 1241//1241 1238//1238
f 1362//1362 1335//1335 2171//2171
f 1362//1362 1392//1392 1363//1363
f 2124//2124 2400//2400 2125//2125
f 2146//2146 2147//2147 2398//2398
f 1333//1333 2168//2168 2167//2167
f 1386//1386 1333//1333 2176//2176
f 1341//1341 1343//1343 1318//1318
f 1388//1388 1359//1359 1389//1389
f 2126//2126 2127//2127 1230//1230
f 2169//2169 1311//1311 1309//1309
f 2168//2168 1387//1387 2169//2169
f 1256//1256 2132//2132 2396//2396
f 1240//1240 1256//1256 2396//2396
f 1279//1279 1251//1251 1247//1247
f 1234//1234 1252//1252 1285//1285
f 1287//1287 1284//1284 1332//1332
f 1380//1380 1351//1351 1321//1321
f 1268//1268 2137//2137 1269//1269
f 1267//1267 1214//1214 1265//1265
f 2399//2399 2163//2163 2161//2161
f 1225//1225 1249//1249 2123//2123
f 2181//2181 1394//1394 1399//1399
f 2379//2379 1377//1377 1376//1376
f 2148//2148 2156//2156 1320//1320
f 1243//1243 1242//1242 2134//2134
f 1263//1263 1261//1261 1260//1260
f 1239//1239 1254//1254 1237//1237
f 2113//2113 2135//2135 2114//2114
f 1291//1291 1315//1315 1337//1337
f 1363//1363 1336//1336 1315//1315
f 2121//2121 1217//1217 1216//1216
f 1398//1398 1397//1397 2178//2178
f 2145//2145 1273//1273 1272//1272
f 1224//1224 1223//1223 1222//1222
f 1225//1225 1224//1224 2139//2139
f 1380//1380 1321//1321 2174//2174
f 1380//1380 1379//1379 1352//1352
f 1395//1395 1339//1339 2382//2382
f 1989//1989 1991//1991 1990//1990
f 2300//2300 1850//1850 1825//1825
f 2042//2042 2403//2403 2074//2074
f 1524//1524 1550//1550 1552//1552
f 1552//1552 1549//1549 1581//1581
f 2095//2095 2069//2069 2068//2068
f 1764//1764 1766//1766 2413//2413
f 1679//1679 1650//1650 1649//1649
f 2417//2417 1404//1404 2173//2173
f 1870//1870 1897//1897 1871//1871
f 1375//1375 1408//1408 1435//1435
f 1612//1612 2388//2388 1569//1569
f 2392//2392 1470//1470 1472//1472
f 1248//1248 2123//2123 1249//1249
f 2166//2166 1382//1382 2407//2407
f 1800//1800 1799//1799 1798//1798
f 2386//2386 1842//1842 2316//2316
f 1309//1309 2167//2167 2168//2168
f 2286//2286 2285//2285 1835//1835
f 1272//1272 1245//1245 1246//1246
f 2153//2153 1346//1346 1300//1300
f 1300//1300 1347//1347 1301//1301
f 1453//1453 2179//2179 2183//2183
f 1935//1935 2350//2350 2341//2341
f 2063//2063 1973//1973 1972//1972
f 1704//1704 1701//1701 2264//2264
f 1734//1734 1704//1704 2264//2264
f 1877//1877 1847//1847 1878//1878
f 1878//1878 2320//2320 2322//2322
f 2028//2028 2029//2029 2026//2026
f 1540//1540 2238//2238 2231//2231
f 2082//2082 2051//2051 2050//2050
f 2082//2082 2109//2109 2111//2111
f 1340//1340 1342//1342 1341//1341
f 1665//1665 1667//1667 1724//1724
f 1696//1696 1694//1694 1731//1731
f 2224//2224 2222//2222 1541//1541
f 2100//2100 2072//2072 2041//2041
f 1711//1711 1647//1647 1678//1678
f 2094//2094 2362//2362 2361//2361
f 1680//1680 1713//1713 1681//1681
f 1713//1713 1712//1712 2269//2269
f 1354//1354 2175//2175 1330//1330
f 2407//2407 2381//2381 2166//2166
f 2045//2045 2049//2049 2048//2048
f 2049//2049 2076//2076 2106//2106
f 1355//1355 1307//1307 1356//1356
f 1491//1491 1572//1572 1492//1492
f 2164//2164 2399//2399 2161//2161
f 2156//2156 2165//2165 1320//1320
f 2417//2417 2159//2159 1369//1369
f 2382//2382 2158//2158 2177//2177
f 1507//1507 1506//1506 2214//2214
f 2198//2198 1504//1504 2200//2200
f 2024//2024 2369//2369 2053//2053
f 2382//2382 1338//1338 2150//2150
f 2264//2264 2266//2266 1777//1777
f 2023//2023 2367//2367 2369//2369
f 2019//2019 2078//2078 2081//2081
f 1335//1335 1363//1363 1315//1315
f 1431//1431 1473//1473 1456//1456
f 1594//1594 1538//1538 1568//1568
f 1457//1457 1405//1405 1458//1458
f 1476//1476 2209//2209 1456//1456
f 1330//1330 1327//1327 1354//1354
f 1748//1748 1698//1698 1699//1699
f 1398//1398 2178//2178 2384//2384
f 1600//1600 1580//1580 1578//1578
f 2241//2241 1603//1603 1605//1605
f 2243//2243 2242//2242 1631//1631
f 1608//1608 1607//1607 1635//1635
f 1430//1430 1401//1401 1365//1365
f 1584//1584 1586//1586 1585//1585
f 1564//1564 2235//2235 1591//1591
f 1648//1648 1592//1592 1591//1591
f 2246//2246 1593//1593 1592//1592
f 2187//2187 1463//1463 2201//2201
f 2220//2220 1559//1559 1531//1531
f 1394//1394 1396//1396 2180//2180
f 1576//1576 2240//2240 1577//1577
f 1666//1666 2250//2250 1667//1667
f 1600//1600 1623//1623 1601//1601
f 1623//1623 1625//1625 1627//1627
f 1392//1392 1364//1364 1363//1363
f 1423//1423 1393//1393 1392//1392
f 2228//2228 1557//1557 1501//1501
f 1557//1557 1556//1556 1606//1606
f 1411//1411 1412//1412 2407//2407
f 1362//1362 2171//2171 1360//1360
f 1598//1598 2225//2225 1597//1597
f 1384//1384 2176//2176 1418//1418
f 2236//2236 1643//1643 2245//2245
f 1567//1567 1610//1610 1569//1569
f 1615//1615 2230//2230 2229//2229
f 2389//2389 2237//2237 1574//1574
f 1358//1358 2170//2170 1389//1389
f 1385//1385 1387//1387 1386//1386
f 2104//2104 2105//2105 2103//2103
f 2109//2109 2108//2108 2110//2110
f 1451//1451 1450//1450 1465//1465
f 1440//1440 1416//1416 1415//1415
f 2234//2234 1643//1643 2236//2236
f 1642//1642 1638//1638 1675//1675
f 2245//2245 1646//1646 1648//1648
f 2227//2227 1583//1583 1554//1554
f 1610//1610 1612//1612 1569//1569
f 1617//1617 1655//1655 1656//1656
f 2203//2203 2405//2405 1445//1445
f 1352//1352 1383//1383 1324//1324
f 1381//1381 1379//1379 2185//2185
f 2333//2333 2329//2329 2320//2320
f 2415//2415 2149//2149 2141//2141
f 2346//2346 1927//1927 1948//1948
f 1830//1830 1781//1781 1779//1779
f 1924//1924 2331//2331 2354//2354
f 2312//2312 1831//1831 1832//1832
f 1468//1468 1496//1496 2218//2218
f 1834//1834 1805//1805 1835//1835
f 2311//2311 2313//2313 2302//2302
f 1516//1516 2207//2207 1517//1517
f 1921//1921 1917//1917 1941//1941
f 1893//1893 1863//1863 1892//1892
f 2293//2293 2304//2304 1810//1810
f 2303//2303 1860//1860 1859//1859
f 2204//2204 2216//2216 1517//1517
f 1796//1796 1798//1798 1797//1797
f 1952//1952 2401//2401 1953//1953
f 2394//2394 1265//1265 2144//2144
f 1785//1785 1760//1760 1783//1783
f 1263//1263 1244//1244 1243//1243
f 1912//1912 1959//1959 2335//2335
f 1258//1258 1259//1259 2131//2131
f 2218//2218 1496//1496 2208//2208
f 2291//2291 1791//1791 1771//1771
f 2298//2298 2297//2297 1846//1846
f 1931//1931 1958//1958 1907//1907
f 2334//2334 1903//1903 1902//1902
f 1954//1954 1955//1955 2334//2334
f 1253//1253 1285//1285 1287//1287
f 1841//1841 1838//1838 1864//1864
f 2314//2314 1895//1895 1843//1843
f 1218//1218 1217//1217 2120//2120
f 2212//2212 2198//2198 2197//2197
f 2221//2221 1480//1480 1482//1482
f 1459//1459 1477//1477 1500//1500
f 1909//1909 1908//1908 1910//1910
f 1270//1270 2119//2119 2118//2118
f 1844//1844 2317//2317 2319//2319
f 2318//2318 2317//2317 2316//2316
f 1215//1215 2418//2418 1213//1213
f 2116//2116 2419//2419 2117//2117
f 2116//2116 1214//1214 2419//2419
f 2390//2390 2184//2184 1461//1461
f 2213//2213 2200//2200 1504//1504
f 2215//2215 2213//2213 1506//1506
f 1934//1934 1886//1886 1885//1885
f 1935//1935 1934//1934 1933//1933
f 1490//1490 1491//1491 1492//1492
f 1483//1483 2215//2215 1509//1509
f 1759//1759 1782//1782 1758//1758
f 1966//1966 1967//1967 1941//1941
f 1966//1966 2021//2021 1999//1999
f 2410//2410 1786//1786 1761//1761
f 1302//1302 2138//2138 2146//2146
f 1819//1819 2413//2413 1766//1766
f 1768//1768 1769//1769 1744//1744
f 1478//1478 1477//1477 2209//2209
f 1976//1976 1953//1953 2401//2401
f 1499//1499 1475//1475 1529//1529
f 1499//1499 1478//1478 1476//1476
f 1978//1978 1980//1980 1958//1958
f 1795//1795 1773//1773 1793//1793
f 2420//2420 1957//1957 1955//1955
f 1774//1774 1777//1777 2266//2266
f 1774//1774 2273//2273 2281//2281
f 2148//2148 1247//1247 1278//1278
f 2278//2278 2260//2260 1757//1757
f 1732//1732 1731//1731 2272//2272
f 1746//1746 2272//2272 1731//1731
f 1306//1306 1286//1286 1287//1287
f 1306//1306 1305//1305 1286//1286
f 1328//1328 1330//1330 1332//1332
f 2347//2347 2005//2005 2007//2007
f 2006//2006 2004//2004 2031//2031
f 1922//1922 1948//1948 1898//1898
f 1948//1948 2347//2347 2346//2346
f 2294//2294 1762//1762 1761//1761
f 2421//2421 1990//1990 1939//1939
f 1801//1801 1800//1800 1798//1798
f 1808//1808 1806//1806 1854//1854
f 1853//1853 1808//1808 1854//1854
f 1946//1946 2331//2331 1947//1947
f 1753//1753 1752//1752 2267//2267
f 2344//2344 2338//2338 2345//2345
f 1927//1927 1898//1898 1948//1948
f 1842//1842 2386//2386 1816//1816
f 1582//1582 1553//1553 1605//1605
f 1668//1668 1630//1630 1629//1629
f 1629//1629 1695//1695 1668//1668
f 1767//1767 1744//1744 2263//2263
f 1692//1692 1726//1726 2263//2263
f 1817//1817 1766//1766 2289//2289
f 1825//1825 1850//1850 1796//1796
f 1385//1385 1446//1446 1447//1447
f 1420//1420 1447//1447 2405//2405
f 1370//1370 2160//2160 2162//2162
f 1372//1372 1374//1374 1373//1373
f 2207//2207 2206//2206 1450//1450
f 1273//1273 2145//2145 2153//2153
f 2422//2422 1751//1751 2283//2283
f 2283//2283 2286//2286 2268//2268
f 1298//1298 2137//2137 1295//1295
f 1367//1367 1347//1347 1346//1346
f 1403//1403 1404//1404 1368//1368
f 2246//2246 1679//1679 1649//1649
f 1470//1470 1469//1469 1497//1497
f 1305//1305 1308//1308 1286//1286
f 1308//1308 2167//2167 1309//1309
f 1391//1391 1390//1390 1421//1421
f 1358//1358 1360//1360 2171//2171
f 1587//1587 1586//1586 2244//2244
f 2012//2012 2038//2038 2037//2037
f 1229//1229 2415//2415 2126//2126
f 1342//1342 2181//2181 1398//1398
f 1493//1493 1444//1444 1490//1490
f 1493//1493 1492//1492 1514//1514
f 1998//1998 1965//1965 1995//1995
f 2155//2155 2398//2398 1271//1271
f 1955//1955 1956//1956 2420//2420
f 1500//1500 1477//1477 1479//1479
f 1502//1502 2195//2195 2220//2220
f 2195//2195 1502//1502 1481//1481
f 1443//1443 1442//1442 1441//1441
f 2226//2226 1575//1575 1577//1577
f 1579//1579 1521//1521 2226//2226
f 1438//1438 1434//1434 2196//2196
f 2071//2071 2074//2074 2363//2363
f 1577//1577 1579//1579 2226//2226
f 1996//1996 2343//2343 1992//1992
f 2163//2163 2399//2399 1277//1277
f 1935//1935 1933//1933 1932//1932
f 2350//2350 1935//1935 1932//1932
f 1624//1624 1691//1691 1625//1625
f 1323//1323 1322//1322 1351//1351
f 2332//2332 2401//2401 1929//1929
f 1605//1605 1551//1551 2241//2241
f 1826//1826 1801//1801 1798//1798
f 1426//1426 1425//1425 2392//2392
f 2276//2276 2275//2275 1736//1736
f 1778//1778 2277//2277 2274//2274
f 1687//1687 2252//2252 1686//1686
f 2296//2296 2317//2317 1844//1844
f 1888//1888 2330//2330 1856//1856
f 2145//2145 1272//1272 1269//1269
f 2188//2188 1448//1448 2205//2205
f 1784//1784 1810//1810 1837//1837
f 1879//1879 1848//1848 2301//2301
f 1880//1880 1879//1879 1900//1900
f 2096//2096 2404//2404 2097//2097
f 2372//2372 2100//2100 2041//2041
f 2373//2373 2374//2374 2372//2372
f 2395//2395 2095//2095 2068//2068
f 2339//2339 2327//2327 2340//2340
f 2303//2303 1859//1859 1837//1837
f 2319//2319 2318//2318 2328//2328
f 1485//1485 1487//1487 1440//1440
f 1376//1376 1348//1348 1350//1350
f 2214//2214 1504//1504 1503//1503
f 2407//2407 2378//2378 2381//2381
f 2354//2354 2331//2331 1946//1946
f 1949//1949 1924//1924 2354//2354
f 1455//1455 2191//2191 1427//1427
f 1911//1911 1910//1910 1960//1960
f 2336//2336 1939//1939 1990//1990
f 2384//2384 1342//1342 1398//1398
f 2080//2080 2107//2107 2377//2377
f 1930//1930 1904//1904 1903//1903
f 1891//1891 1890//1890 1915//1915
f 1915//1915 1913//1913 2337//2337
f 1886//1886 1936//1936 1908//1908
f 1458//1458 1431//1431 1456//1456
f 1352//1352 1379//1379 1381//1381
f 2183//2183 2190//2190 1496//1496
f 2071//2071 2073//2073 2375//2375
f 2073//2073 2099//2099 2406//2406
f 1414//1414 1440//1440 1415//1415
f 2102//2102 2101//2101 2408//2408
f 1408//1408 1433//1433 2184//2184
f 1884//1884 2312//2312 1885//1885
f 1671//1671 2255//2255 1637//1637
f 1776//1776 2282//2282 1735//1735
f 2409//2409 1669//1669 1702//1702
f 1669//1669 1700//1700 1702//1702
f 1657//1657 1616//1616 1617//1617
f 1657//1657 1717//1717 1658//1658
f 1652//1652 1650//1650 1681//1681
f 1644//1644 1642//1642 1676//1676
f 2287//2287 2279//2279 2278//2278
f 1760//1760 2410//2410 1739//1739
f 1601//1601 1602//1602 1580//1580
f 1772//1772 1732//1732 2272//2272
f 1772//1772 1790//1790 1773//1773
f 2270//2270 2258//2258 1714//1714
f 2270//2270 2268//2268 1755//1755
f 1716//1716 1759//1759 1738//1738
f 1737//1737 2422//2422 2283//2283
f 2257//2257 1752//1752 2422//2422
f 2262//2262 2412//2412 1723//1723
f 1694//1694 1696//1696 1695//1695
f 1745//1745 1744//1744 1769//1769
f 1573//1573 2248//2248 1620//1620
f 1572//1572 2391//2391 1513//1513
f 1539//1539 1512//1512 1489//1489
f 2414//2414 1841//1841 1866//1866
f 2383//2383 1829//1829 1881//1881
f 2383//2383 1883//1883 1851//1851
f 1306//1306 1331//1331 1307//1307
f 2311//2311 2302//2302 1834//1834
f 1529//1529 1475//1475 1474//1474
f 1545//1545 1518//1518 1543//1543
f 1615//1615 1574//1574 1570//1570
f 2235//2235 1564//1564 1535//1535
f 1591//1591 2245//2245 1648//1648
f 2423//2423 1561//1561 1558//1558
f 2423//2423 1608//1608 1561//1561
f 1792//1792 1793//1793 1773//1773
f 2298//2298 1845//1845 1792//1792
f 2299//2299 2292//2292 2306//2306
f 1567//1567 1568//1568 1537//1537
f 1522//1522 1550//1550 1523//1523
f 2140//2140 1328//1328 1284//1284
f 1319//1319 1294//1294 1317//1317
f 1341//1341 1318//1318 1319//1319
f 2359//2359 2066//2066 2360//2360
f 1234//1234 1236//1236 2129//2129
f 1311//1311 2169//2169 2170//2170
f 1311//1311 2143//2143 1310//1310
f 1973//1973 1974//1974 1950//1950
f 1973//1973 2063//2063 1975//1975
f 1232//1232 2128//2128 2127//2127
f 2141//2141 1232//1232 2126//2126
f 1267//1267 1266//1266 1295//1295
f 2007//2007 2348//2348 2347//2347
f 2007//2007 2006//2006 2032//2032
f 2011//2011 2356//2356 2362//2362
f 1957//1957 1930//1930 1955//1955
f 2420//2420 2010//2010 1957//1957
f 1220//1220 1274//1274 1221//1221
f 1274//1274 1276//1276 2139//2139
f 2416//2416 1262//1262 1258//1258
f 2138//2138 1302//1302 1275//1275
f 2057//2057 2032//2032 2056//2056
f 2057//2057 2058//2058 2088//2088
f 2072//2072 2039//2039 2041//2041
f 1971//1971 2000//2000 2002//2002
f 2353//2353 2026//2026 2030//2030
f 1247//1247 1249//1249 1278//1278
f 2004//2004 2030//2030 2029//2029
f 2135//2135 2136//2136 2144//2144
f 1289//1289 1237//1237 1254//1254
f 1246//1246 2120//2120 2119//2119
f 1988//1988 1987//1987 2402//2402
f 1257//1257 2416//2416 1258//1258
f 1268//1268 2118//2118 2418//2418
f 1215//1215 1268//1268 2418//2418
f 1213//1213 2419//2419 1214//1214
f 2371//2371 2065//2065 2059//2059
f 2114//2114 2117//2117 2115//2115
f 1987//1987 2335//2335 1959//1959
f 2172//2172 2162//2162 1303//1303
f 1303//1303 2163//2163 1275//1275
f 2350//2350 1980//1980 1982//1982
f 1448//1448 1420//1420 2205//2205
f 1422//1422 1448//1448 2189//2189
f 1220//1220 2121//2121 2147//2147
f 1849//1849 1848//1848 2308//2308
f 1796//1796 1849//1849 1826//1826
f 1776//1776 1777//1777 1774//1774
f 1776//1776 1775//1775 1797//1797
f 2053//2053 2027//2027 2024//2024
f 1469//1469 1519//1519 1523//1523
f 1498//1498 1497//1497 1524//1524
f 1404//1404 1402//1402 1405//1405
f 1503//1503 1505//1505 2221//2221
f 1714//1714 2269//2269 2270//2270
f 2351//2351 2014//2014 2363//2363
f 2351//2351 2357//2357 1984//1984
f 2247//2247 2252//2252 2253//2253
f 1553//1553 1525//1525 1551//1551
f 1533//1533 1564//1564 1565//1565
f 1738//1738 1719//1719 1685//1685
f 1720//1720 2410//2410 1763//1763
f 2018//2018 2047//2047 2079//2079
f 2178//2178 1400//1400 2384//2384
f 1293//1293 1290//1290 2157//2157
f 2301//2301 2305//2305 2323//2323
f 1647//1647 1646//1646 1645//1645
f 1864//1864 1862//1862 1863//1863
f 1767//1767 2413//2413 1768//1768
f 1724//1724 2256//2256 2262//2262
f 2412//2412 1725//1725 1723//1723
f 1473//1473 2191//2191 1471//1471
f 1473//1473 1475//1475 1456//1456
f 2008//2008 1976//1976 1975//1975
f 1449//1449 1422//1422 1450//1450
f 1449//1449 1451//1451 1423//1423
f 1822//1822 2290//2290 1818//1818
f 1698//1698 1702//1702 1700//1700
f 1687//1687 1661//1661 2253//2253
f 1560//1560 2219//2219 1500//1500
f 2219//2219 2220//2220 2195//2195
f 1324//1324 1353//1353 1325//1325
f 2042//2042 2075//2075 2102//2102
f 2325//2325 1933//1933 1934//1934
f 1297//1297 1318//1318 2153//2153
f 1450//1450 2206//2206 1465//1465
f 1630//1630 1632//1632 1631//1631
f 2222//2222 1515//1515 1541//1541
f 1401//1401 1366//1366 1365//1365
f 1269//1269 2137//2137 1298//1298
f 1270//1270 1272//1272 1246//1246
f 1818//1818 1817//1817 2385//2385
f 2142//2142 1288//1288 1254//1254
f 1356//1356 2381//2381 1357//1357
f 2062//2062 2359//2359 2035//2035
f 1944//1944 1947//1947 1945//1945
f 1944//1944 1970//1970 1969//1969
f 2347//2347 1948//1948 1949//1949
f 2155//2155 1271//1271 1299//1299
f 2422//2422 1737//1737 1710//1710
f 1589//1589 1588//1588 1587//1587
f 1591//1591 2236//2236 2245//2245
f 1558//1558 1557//1557 2423//2423
f 1655//1655 1715//1715 1656//1656
f 1711//1711 1712//1712 1680//1680
f 2203//2203 1445//1445 1444//1444
f 1493//1493 2203//2203 1444//1444
f 1692//1692 1729//1729 1690//1690
f 1726//1726 1691//1691 1727//1727
f 1872//1872 2297//2297 1820//1820
f 1667//1667 2250//2250 2249//2249
f 1667//1667 2254//2254 1724//1724
f 1693//1693 1626//1626 1690//1690
f 1513//1513 1542//1542 2216//2216
f 1542//1542 2391//2391 1540//1540
f 1962//1962 2337//2337 2336//2336
f 1639//1639 1638//1638 1641//1641
f 1583//1583 2227//2227 1528//1528
f 2228//2228 1556//1556 1557//1557
f 1831//1831 1804//1804 1803//1803
f 2311//2311 1834//1834 1831//1831
f 1635//1635 1636//1636 1608//1608
f 1634//1634 1670//1670 1635//1635
f 1838//1838 1836//1836 1862//1862
f 2349//2349 2420//2420 1956//1956
f 1349//1349 1348//1348 2165//2165
f 1830//1830 2383//2383 1851//1851
f 2258//2258 2259//2259 1684//1684
f 2411//2411 1674//1674 1705//1705
f 1705//1705 1736//1736 2411//2411
f 1858//1858 2304//2304 1857//1857
f 1889//1889 1860//1860 1858//1858
f 1748//1748 1733//1733 1698//1698
f 1748//1748 1772//1772 1749//1749
f 2266//2266 2265//2265 1750//1750
f 1852//1852 2302//2302 2313//2313
f 1852//1852 1855//1855 1853//1853
f 1432//1432 1407//1407 2193//2193
f 1915//1915 2337//2337 1916//1916
f 1912//1912 1911//1911 1960//1960
f 1979//1979 2037//2037 2013//2013
f 2013//2013 2039//2039 1983//1983
f 1370//1370 1373//1373 2160//2160
f 1585//1585 1532//1532 1531//1531
f 1281//1281 1326//1326 2149//2149
f 2149//2149 2415//2415 1281//1281
f 2123//2123 1226//1226 1225//1225
f 2355//2355 2360//2360 2066//2066
f 1827//1827 2307//2307 2309//2309
f 1873//1873 1847//1847 1846//1846
f 1878//1878 1875//1875 2321//2321
f 2277//2277 1707//1707 2275//2275
f 2155//2155 1299//1299 1301//1301
f 2398//2398 2155//2155 2146//2146
f 1729//1729 1728//1728 1730//1730
f 2066//2066 2069//2069 2355//2355
f 1281//1281 1283//1283 1326//1326
f 2380//2380 1759//1759 1716//1716
f 2001//2001 1971//1971 2344//2344
f 1435//1435 1434//1434 2379//2379
f 1423//1423 1361//1361 1449//1449
f 2181//2181 1340//1340 1339//1339
f 1664//1664 1662//1662 1661//1661
f 2141//2141 2126//2126 2415//2415
f 1631//1631 2242//2242 1604//1604
f 1467//1467 2392//2392 1425//1425
f 1936//1936 1935//1935 2341//2341
f 1565//1565 1508//1508 1507//1507
f 1565//1565 1590//1590 1566//1566
f 1323//1323 1283//1283 1322//1322
f 2047//2047 1993//1993 2048//2048
f 2299//2299 1794//1794 2292//2292
f 2189//2189 2188//2188 2207//2207
f 1961//1961 1984//1984 2402//2402
f 2194//2194 2390//2390 2210//2210
f 1823//1823 1820//1820 2297//2297
f 1791//1791 1823//1823 2298//2298
f 2409//2409 1672//1672 1670//1670
f 2199//2199 2200//2200 1463//1463
f 2005//2005 2347//2347 1949//1949
f 1842//1842 1816//1816 1815//1815
f 1387//1387 1385//1385 1388//1388
f 1875//1875 1925//1925 2321//2321
f 2072//2072 2014//2014 2039//2039
f 2185//2185 1410//1410 1381//1381
f 1551//1551 1605//1605 1553//1553
f 2242//2242 1605//1605 1604//1604
f 2232//2232 1595//1595 2224//2224
f 2231//2231 1619//1619 1595//1595
f 1796//1796 1826//1826 1798//1798
f 1552//1552 1525//1525 1524//1524
f 1734//1734 2264//2264 1777//1777
f 1448//1448 1421//1421 1420//1420
f 1713//1713 2269//2269 1714//1714
f 2017//2017 2043//2043 2044//2044
f 2357//2357 2403//2403 2016//2016
f 1345//1345 1366//1366 1344//1344
f 1403//1403 1366//1366 1401//1401
f 1906//1906 1933//1933 2325//2325
f 1472//1472 1498//1498 1471//1471
f 1686//1686 1740//1740 1687//1687
f 2159//2159 1302//1302 2154//2154
f 2159//2159 2417//2417 2172//2172
f 2313//2313 1884//1884 1909//1909
f 1677//1677 2257//2257 1678//1678
f 1995//1995 1994//1994 1997//1997
f 1513//1513 1492//1492 1572//1572
f 2035//2035 2063//2063 2062//2062
f 2035//2035 2359//2359 2008//2008
f 1294//1294 1266//1266 1316//1316
f 1339//1339 1395//1395 1394//1394
f 2027//2027 2026//2026 2002//2002
f 1262//1262 1260//1260 1259//1259
f 1262//1262 1334//1334 1290//1290
f 1637//1637 1609//1609 1636//1636
f 1862//1862 1836//1836 1859//1859
f 1624//1624 2251//2251 1666//1666
f 1501//1501 1558//1558 1560//1560
f 2317//2317 2296//2296 2386//2386
f 1811//1811 1784//1784 1782//1782
f 1998//1998 2021//2021 1966//1966
f 2349//2349 1977//1977 2355//2355
f 2420//2420 2349//2349 2011//2011
f 2284//2284 2283//2283 1751//1751
f 1405//1405 2193//2193 1406//1406
f 2030//2030 2003//2003 2353//2353
f 2160//2160 1349//1349 2164//2164
f 2164//2164 2156//2156 2399//2399
f 1501//1501 1479//1479 2228//2228
f 1215//1215 1267//1267 2137//2137
f 1506//1506 1508//1508 1536//1536
f 1352//1352 1351//1351 1380//1380
f 2323//2323 2322//2322 1899//1899
f 2178//2178 1397//1397 1426//1426
f 1606//1606 1608//1608 2423//2423
f 2379//2379 1376//1376 1375//1375
f 1962//1962 1964//1964 2337//2337
f 1639//1639 2255//2255 1640//1640
f 1717//1717 1657//1657 1656//1656
f 1658//1658 1686//1686 2252//2252
f 1224//1224 1221//1221 1274//1274
f 1964//1964 1918//1918 1916//1916
f 1231//1231 1252//1252 1234//1234
f 1696//1696 1732//1732 1699//1699
f 1326//1326 1327//1327 1329//1329
f 2171//2171 2157//2157 1312//1312
f 1610//1610 1567//1567 1593//1593
f 2010//2010 2420//2420 2011//2011
f 1437//1437 2185//2185 1379//1379
f 1614//1614 1654//1654 1617//1617
f 2378//2378 1415//1415 1417//1417
f 1418//1418 1416//1416 1442//1442
f 1255//1255 1253//1253 1286//1286
f 1516//1516 1515//1515 2222//2222
f 1600//1600 2240//2240 2251//2251
f 1322//1322 1280//1280 1304//1304
f 2045//2045 2048//2048 2046//2046
f 2045//2045 2044//2044 2077//2077
f 1868//1868 1919//1919 1867//1867
f 1894//1894 1920//1920 1868//1868
f 1353//1353 1382//1382 2166//2166
f 2236//2236 2235//2235 1589//1589
f 2402//2402 2016//2016 1988//1988
f 2006//2006 2005//2005 2004//2004
f 2312//2312 2311//2311 1831//1831
f 1885//1885 2325//2325 1934//1934
f 2363//2363 2357//2357 2351//2351
f 1827//1827 1826//1826 2307//2307
f 1897//1897 1923//1923 1922//1922
f 1668//1668 1695//1695 1697//1697
f 1700//1700 1632//1632 1668//1668
f 2037//2037 2036//2036 2040//2040
f 2064//2064 2065//2065 2090//2090
f 2380//2380 1718//1718 2259//2259
f 1870//1870 1869//1869 2319//2319
f 1362//1362 1361//1361 1392//1392
f 1605//1605 2242//2242 1582//1582
f 1641//1641 2234//2234 2244//2244
f 2405//2405 2205//2205 1420//1420
f 1394//1394 2181//2181 1339//1339
f 2181//2181 1342//1342 1340//1340
f 2346//2346 2348//2348 1951//1951
f 2269//2269 1712//1712 1737//1737
f 1317//1317 1316//1316 1338//1338
f 1906//1906 2325//2325 2324//2324
f 2144//2144 2136//2136 2424//2424
f 1559//1559 1561//1561 1585//1585
f 1620//1620 2238//2238 1573//1573
f 1463//1463 1462//1462 2199//2199
f 1313//1313 1334//1334 2416//2416
f 2027//2027 2052//2052 2028//2028
f 2028//2028 2370//2370 2054//2054
f 1891//1891 1861//1861 1860//1860
f 2274//2274 1800//1800 1802//1802
f 1586//1586 1532//1532 1585//1585
f 1277//1277 1276//1276 2163//2163
f 1480//1480 2221//2221 1505//1505
f 2123//2123 2125//2125 1226//1226
f 2225//2225 2224//2224 1595//1595
f 2157//2157 1334//1334 1312//1312
f 1549//1549 1552//1552 1550//1550
f 1997//1997 1994//1994 2018//2018
f 2009//2009 2360//2360 1977//1977
f 1876//1876 2306//2306 1877//1877
f 1990//1990 1992//1992 2343//2343
f 1841//1841 2414//2414 1813//1813
f 1761//1761 1763//1763 2410//2410
f 1562//1562 2221//2221 1482//1482
f 1976//1976 2401//2401 1974//1974
f 1526//1526 1525//1525 1527//1527
f 1824//1824 2292//2292 1793//1793
f 1216//1216 1245//1245 2398//2398
f 1634//1634 1607//1607 1633//1633
f 2141//2141 2149//2149 2140//2140
f 2030//2030 2004//2004 2003//2003
f 1503//1503 1533//1533 2214//2214
f 2151//2151 2424//2424 2152//2152
f 2011//2011 2349//2349 2356//2356
f 2356//2356 2361//2361 2362//2362
f 1229//1229 1282//1282 2415//2415
f 2291//2291 1770//1770 1821//1821
f 1823//1823 1791//1791 2291//2291
f 2272//2272 1790//1790 1772//1772
f 2056//2056 2031//2031 2054//2054
f 2384//2384 1400//1400 1345//1345
f 2331//2331 1924//1924 1923//1923
f 2042//2042 2102//2102 2043//2043
f 1486//1486 1484//1484 1510//1510
f 1412//1412 1413//1413 1414//1414
f 1640//1640 1674//1674 1638//1638
f 1894//1894 1917//1917 1920//1920
f 2253//2253 1618//1618 2247//2247
f 1888//1888 1914//1914 2330//2330
f 2417//2417 2173//2173 2172//2172
f 2250//2250 1576//1576 2239//2239
f 1542//1542 1513//1513 2391//2391
f 2287//2287 1811//1811 1782//1782
f 2381//2381 2378//2378 1357//1357
f 2411//2411 2275//2275 1707//1707
f 1978//1978 2010//2010 2012//2012
f 2258//2258 2270//2270 1757//1757
f 2268//2268 2286//2286 1755//1755
f 1708//1708 1677//1677 1676//1676
f 2019//2019 2081//2081 2020//2020
f 2021//2021 2050//2050 2022//2022
f 1217//1217 2121//2121 2122//2122
f 1819//1819 1768//1768 2413//2413
f 1819//1819 1818//1818 2290//2290
f 1601//1601 1627//1627 1602//1602
f 2080//2080 2079//2079 2365//2365
f 1878//1878 2322//2322 1876//1876
f 1926//1926 2333//2333 2320//2320
f 1850//1850 2301//2301 1848//1848
f 2262//2262 1764//1764 2412//2412
f 1853//1853 1857//1857 2304//2304
f 2309//2309 1829//1829 1827//1827
f 2309//2309 2307//2307 2310//2310
f 1454//1454 2183//2183 1496//1496
f 2369//2369 2393//2393 2053//2053
f 2184//2184 2390//2390 1436//1436
f 1740//1740 1739//1739 2410//2410
f 2316//2316 2317//2317 2386//2386
f 1303//1303 1302//1302 2159//2159
f 1715//1715 2259//2259 1718//1718
f 1717//1717 1716//1716 1685//1685
f 1240//1240 1289//1289 1257//1257
f 1444//1444 1419//1419 1442//1442
f 1331//1331 1306//1306 1332//1332
f 1817//1817 1816//1816 2385//2385
f 2193//2193 1407//1407 1406//1406
f 2351//2351 2015//2015 2014//2014
f 1984//1984 1986//1986 2351//2351
f 1800//1800 2274//2274 2276//2276
f 2199//2199 1439//1439 2197//2197
f 2185//2185 1462//1462 1410//1410
f 1593//1593 2246//2246 1649//1649
f 1613//1613 1654//1654 1614//1614
f 2182//2182 2179//2179 2180//2180
f 1890//1890 1913//1913 1915//1915
f 2273//2273 1774//1774 2266//2266
f 2281//2281 1794//1794 2299//2299
f 1500//1500 1501//1501 1560//1560
f 1500//1500 2219//2219 1460//1460
f 1261//1261 1263//1263 1243//1243
f 1292//1292 1290//1290 1293//1293
f 1477//1477 1459//1459 2192//2192
f 1459//1459 1500//1500 1460//1460
f 2215//2215 2202//2202 2201//2201
f 1395//1395 2382//2382 2177//2177
f 1326//1326 1329//1329 2149//2149
f 1283//1283 1323//1323 1326//1326
f 2197//2197 1439//1439 1438//1438
f 2196//2196 2212//2212 2197//2197
f 2387//2387 1479//1479 1478//1478
f 1554//1554 1582//1582 1555//1555
f 2248//2248 2247//2247 1618//1618
f 2248//2248 2237//2237 1659//1659
f 1803//1803 1830//1830 1851//1851
f 2334//2334 1955//1955 1930//1930
f 1968//1968 1943//1943 2339//2339
f 1807//1807 1809//1809 2287//2287
f 1807//1807 2278//2278 1754//1754
f 2098//2098 2036//2036 2096//2096
f 1530//1530 1562//1562 1482//1482
f 1320//1320 1279//1279 2148//2148
f 1305//1305 1333//1333 2167//2167
f 1786//1786 1840//1840 2294//2294
f 2310//2310 1902//1902 1903//1903
f 1271//1271 2398//2398 1245//1245
f 1285//1285 1284//1284 1287//1287
f 2156//2156 1278//1278 2399//2399
f 2189//2189 2207//2207 1450//1450
f 1854//1854 1805//1805 2302//2302
f 1874//1874 1873//1873 1871//1871
f 1787//1787 1762//1762 1788//1788
f 2095//2095 2361//2361 2069//2069
f 2095//2095 2395//2395 2093//2093
f 1695//1695 1629//1629 1693//1693
f 1527//1527 1583//1583 1528//1528
f 1527//1527 1553//1553 1583//1583
f 1981//1981 2341//2341 2350//2350
f 1248//1248 1247//1247 1251//1251
f 1937//1937 1908//1908 1936//1936
f 1937//1937 2341//2341 2342//2342
f 1952//1952 1929//1929 2401//2401
f 2257//2257 2422//2422 1710//1710
f 1928//1928 2333//2333 1926//1926
f 2385//2385 2296//2296 1818//1818
f 2211//2211 2194//2194 1481//1481
f 2224//2224 1543//1543 2222//2222
f 1728//1728 1745//1745 1730//1730
f 1728//1728 1692//1692 2263//2263
f 2299//2299 1825//1825 2281//2281
f 1723//1723 1725//1725 1727//1727
f 1723//1723 1724//1724 2262//2262
f 1660//1660 1621//1621 1596//1596
f 1514//1514 1513//1513 2216//2216
f 1889//1889 1858//1858 1856//1856
f 1889//1889 2330//2330 1890//1890
f 2165//2165 2174//2174 1320//1320
f 1571//1571 1573//1573 2238//2238
f 1883//1883 2324//2324 1851//1851
f 1261//1261 2134//2134 2133//2133
f 2019//2019 2079//2079 2078//2078
f 2024//2024 2023//2023 2369//2369
f 2025//2025 2000//2000 2001//2001
f 1979//1979 1978//1978 2012//2012
f 1862//1862 1859//1859 1861//1861
f 1936//1936 1886//1886 1934//1934
f 1365//1365 1427//1427 1430//1430
f 1754//1754 1806//1806 1807//1807
f 1965//1965 1941//1941 1940//1940
f 2319//2319 1869//1869 1844//1844
f 2277//2277 2275//2275 2274//2274
f 2277//2277 2267//2267 1709//1709
f 2383//2383 1830//1830 1828//1828
f 1319//1319 1297//1297 1296//1296
f 1296//1296 1294//1294 1319//1319
f 1785//1785 1836//1836 1840//1840
f 2223//2223 1520//1520 2218//2218
f 2223//2223 2217//2217 1548//1548
f 2305//2305 1876//1876 2323//2323
f 2305//2305 2300//2300 2299//2299
f 1434//1434 1436//1436 2196//2196
f 1434//1434 1438//1438 1377//1377
f 2354//2354 1946//1946 2353//2353
f 2353//2353 1969//1969 2002//2002
f 2037//2037 1979//1979 2012//2012
f 2304//2304 2293//2293 1853//1853
f 1874//1874 1925//1925 1875//1875
f 2151//2151 2144//2144 2424//2424
f 2394//2394 1316//1316 1266//1266
f 1822//1822 2296//2296 1844//1844
f 1453//1453 1397//1397 1399//1399
f 2007//2007 2033//2033 2348//2348
f 1220//1220 2138//2138 1274//1274
f 1386//1386 2168//2168 1333//1333
f 2421//2421 1987//1987 1989//1989
f 2421//2421 1989//1989 1990//1990
f 1684//1684 2259//2259 1715//1715
f 1923//1923 1897//1897 1870//1870
f 1346//1346 1318//1318 1344//1344
f 1930//1930 1957//1957 1931//1931
f 1415//1415 2378//2378 1412//1412
f 1863//1863 1893//1893 1865//1865
f 2212//2212 2196//2196 2211//2211
f 2212//2212 1505//1505 2198//2198
f 1642//1642 1641//1641 1638//1638
f 1943//1943 1895//1895 2339//2339
f 1945//1945 2328//2328 2318//2318
f 2198//2198 2200//2200 2199//2199
f 2200//2200 2213//2213 2201//2201
f 1255//1255 1235//1235 1253//1253
f 2065//2065 2060//2060 2059//2059
f 2326//2326 1855//1855 1852//1852
f 1413//1413 1411//1411 1464//1464
f 1413//1413 2186//2186 1414//1414
f 1702//1702 1701//1701 2409//2409
f 1250//1250 1280//1280 1282//1282
f 1593//1593 1590//1590 1592//1592
f 1626//1626 1693//1693 1629//1629
f 1753//1753 2267//2267 1780//1780
f 1753//1753 1781//1781 2284//2284
f 1985//1985 2342//2342 1986//1986
f 1880//1880 1900//1900 1901//1901
f 1373//1373 1370//1370 1372//1372
f 2423//2423 1557//1557 1606//1606
f 1988//1988 2044//2044 2046//2046
f 1367//1367 1368//1368 1347//1347
f 1603//1603 1602//1602 1627//1627
f 1603//1603 1628//1628 1604//1604
f 1648//1648 2246//2246 1592//1592
f 1457//1457 2193//2193 1405//1405
f 1456//1456 2209//2209 1457//1457
f 1442//1442 1416//1416 1441//1441
f 1815//1815 2315//2315 1843//1843
f 1812//1812 1789//1789 1788//1788
f 1841//1841 1813//1813 1812//1812
f 2390//2390 1460//1460 2210//2210
f 1460//1460 2219//2219 2210//2210
f 1872//1872 1820//1820 1869//1869
f 2116//2116 1265//1265 1214//1214
f 1547//1547 1546//1546 1575//1575
f 1522//1522 1519//1519 1521//1521
f 1522//1522 1579//1579 1549//1549
f 1536//1536 1509//1509 2215//2215
f 1508//1508 1537//1537 1536//1536
f 1926//1926 1925//1925 1927//1927
f 2094//2094 2404//2404 2096//2096
f 2245//2245 1643//1643 1644//1644
f 1595//1595 1597//1597 2225//2225
f 2225//2225 1598//1598 1544//1544
f 1435//1435 1408//1408 2184//2184
f 2360//2360 2355//2355 1977//1977
f 2405//2405 1446//1446 1445//1445
f 1447//1447 1388//1388 1385//1385
f 2356//2356 2355//2355 2069//2069
f 1389//1389 2169//2169 1387//1387
f 1358//1358 1312//1312 2170//2170
f 1712//1712 1711//1711 1710//1710
f 1765//1765 2289//2289 1766//1766
f 1765//1765 1764//1764 2271//2271
f 2255//2255 1639//1639 1609//1609
f 1380//1380 2174//2174 1378//1378
f 1845//1845 1824//1824 1792//1792
f 1845//1845 1847//1847 1877//1877
f 1362//1362 1363//1363 1335//1335
f 2070//2070 2036//2036 2098//2098
f 2070//2070 2372//2372 2041//2041
f 1530//1530 1502//1502 1531//1531
f 1530//1530 1588//1588 1563//1563
f 1835//1835 1756//1756 2286//2286
f 1249//1249 1225//1225 2139//2139
f 2324//2324 1832//1832 1851//1851
f 2195//2195 2210//2210 2219//2219
f 1433//1433 1461//1461 2184//2184
f 1433//1433 1408//1408 1409//1409
f 1736//1736 1735//1735 2282//2282
f 1736//1736 2275//2275 2411//2411
f 1538//1538 1594//1594 1539//1539
f 1538//1538 1511//1511 1568//1568
f 2232//2232 2231//2231 1595//1595
f 1250//1250 1279//1279 1304//1304
f 1778//1778 1802//1802 1779//1779
f 1778//1778 2267//2267 2277//2277
f 2230//2230 1570//1570 1512//1512
f 1975//1975 2063//2063 2035//2035
f 2229//2229 1594//1594 2388//2388
f 1613//1613 2229//2229 2388//2388
f 1612//1612 1651//1651 2388//2388
f 1612//1612 1611//1611 1652//1652
f 1347//1347 1369//1369 1301//1301
f 1904//1904 1882//1882 1905//1905
f 2061//2061 2034//2034 2033//2033
f 1623//1623 1600//1600 2251//2251
f 1623//1623 1627//1627 1601//1601
f 2154//2154 2146//2146 2155//2155
f 1963//1963 1995//1995 1965//1965
f 1963//1963 1962//1962 1996//1996
f 1734//1734 1777//1777 1735//1735
f 1596//1596 1621//1621 1597//1597
f 1429//1429 1458//1458 1402//1402
f 2175//2175 1331//1331 1330//1330
f 2175//2175 1354//1354 2166//2166
f 1675//1675 1708//1708 1676//1676
f 1378//1378 1377//1377 1437//1437
f 2081//2081 2109//2109 2082//2082
f 2020//2020 2081//2081 2050//2050
f 2028//2028 2054//2054 2029//2029
f 2370//2370 2028//2028 2052//2052
f 1833//1833 1804//1804 1831//1831
f 1833//1833 1835//1835 2285//2285
f 1670//1670 1634//1634 2409//2409
f 1670//1670 1637//1637 1635//1635
f 1998//1998 1997//1997 2020//2020
f 1998//1998 1966//1966 1965//1965
f 1701//1701 1703//1703 2265//2265
f 2265//2265 2264//2264 1701//1701
f 2079//2079 2047//2047 2365//2365
f 1961//1961 1985//1985 1984//1984
f 2402//2402 1959//1959 1961//1961
f 2234//2234 1587//1587 2244//2244
f 2234//2234 1641//1641 1643//1643
f 1524//1524 1523//1523 1550//1550
f 1928//1928 2346//2346 1951//1951
f 1518//1518 1545//1545 1495//1495
f 2077//2077 2103//2103 2076//2076
f 2077//2077 2044//2044 2043//2043
f 2032//2032 2031//2031 2056//2056
f 2032//2032 2057//2057 2033//2033
f 1257//1257 1313//1313 2416//2416
f 1257//1257 1256//1256 1240//1240
f 1463//1463 2187//2187 1464//1464
f 1470//1470 2392//2392 1467//1467
f 1470//1470 1497//1497 1472//1472
f 1214//1214 1267//1267 1215//1215
f 1797//1797 2282//2282 1776//1776
f 1478//1478 1499//1499 2387//2387
f 1751//1751 2422//2422 1752//1752
f 1732//1732 1772//1772 1748//1748
f 1674//1674 2411//2411 1706//1706
f 1665//1665 1727//1727 1624//1624
f 1968//1968 1970//1970 1944//1944
f 1968//1968 2339//2339 2338//2338
f 1783//1783 1784//1784 1837//1837
f 1783//1783 1760//1760 1758//1758
f 1343//1343 2384//2384 1345//1345
f 2214//2214 2213//2213 1504//1504
f 2391//2391 2238//2238 1540//1540
f 2403//2403 2357//2357 2074//2074
f 2403//2403 2042//2042 2017//2017
f 1426//1426 1428//1428 2178//2178
f 1426//1426 2392//2392 1455//1455
f 2378//2378 2407//2407 1412//1412
f 2175//2175 2166//2166 2381//2381
f 1255//1255 2142//2142 1254//1254
f 1950//1950 2333//2333 1928//1928
f 1950//1950 1974//1974 2332//2332
f 2211//2211 1436//1436 2194//2194
f 2211//2211 1480//1480 2212//2212
f 2316//2316 1842//1842 1843//1843
f 2316//2316 1896//1896 2318//2318
f 1901//1901 1954//1954 2334//2334
f 1228//1228 2400//2400 2124//2124
f 1887//1887 2326//2326 1911//1911
f 1560//1560 1559//1559 2220//2220
f 1620//1620 1619//1619 2231//2231
f 1718//1718 2380//2380 1716//1716
f 2380//2380 2259//2259 2260//2260
f 1494//1494 1465//1465 2206//2206
f 1691//1691 1690//1690 1625//1625
f 1691//1691 1726//1726 1692//1692
f 2145//2145 1298//1298 1297//1297
f 1438//1438 1437//1437 1377//1377
f 1980//1980 1932//1932 1958//1958
f 2250//2250 2240//2240 1576//1576
f 1940//1940 1918//1918 1964//1964
f 1941//1941 1917//1917 1940//1940
f 1808//1808 1807//1807 1806//1806
f 1808//1808 2293//2293 1809//1809
f 2215//2215 1483//1483 2202//2202
f 2150//2150 1338//1338 1316//1316
f 2413//2413 1767//1767 2412//2412
f 1234//1234 1285//1285 1253//1253
f 1909//1909 1884//1884 1886//1886
f 1993//1993 1991//1991 2048//2048
f 2335//2335 2421//2421 1939//1939
f 1933//1933 1906//1906 1907//1907
f 1745//1745 1769//1769 1747//1747
f 1446//1446 2405//2405 1447//1447
f 2161//2161 1303//1303 2162//2162
f 2161//2161 2160//2160 2164//2164
f 1839//1839 1812//1812 1788//1788
f 2174//2174 1321//1321 1320//1320
f 1526//1526 1474//1474 1498//1498
f 1527//1527 1529//1529 1526//1526
f 1865//1865 1868//1868 1866//1866
f 2058//2058 2056//2056 2055//2055
f 2058//2058 2397//2397 2088//2088
f 1614//1614 1616//1616 2389//2389
f 1922//1922 1924//1924 1949//1949
f 2073//2073 2406//2406 2375//2375
f 2073//2073 2072//2072 2100//2100
f 1541//1541 1515//1515 1542//1542
f 2232//2232 2224//2224 1541//1541
f 1878//1878 1847//1847 1875//1875
f 1368//1368 2417//2417 1369//1369
f 1581//1581 1549//1549 1580//1580
f 1581//1581 2241//2241 1551//1551
f 1836//1836 1837//1837 1859//1859
f 1742//1742 1721//1721 1741//1741
f 1521//1521 1547//1547 2226//2226
f 1521//1521 1520//1520 2223//2223
f 2176//2176 1417//1417 1418//1418
f 2141//2141 1233//1233 1232//1232
f 1888//1888 1887//1887 1912//1912
f 1720//1720 1741//1741 1688//1688
f 1720//1720 1740//1740 2410//2410
f 1312//1312 1314//1314 2170//2170
f 2279//2279 1782//1782 1759//1759
f 2227//2227 2387//2387 1528//1528
f 2227//2227 2228//2228 2387//2387
f 1662//1662 1663//1663 1622//1622
f 1292//1292 1291//1291 1264//1264
f 1292//1292 1260//1260 1290//1290
f 2124//2124 2123//2123 1248//1248
f 1632//1632 1700//1700 1669//1669
f 1951//1951 2348//2348 1972//1972
f 1791//1791 1790//1790 1771//1771
f 1791//1791 2298//2298 1792//1792
f 2121//2121 1220//1220 1219//1219
f 2121//2121 1216//1216 2147//2147
f 1987//1987 1959//1959 2402//2402
f 2142//2142 1310//1310 1288//1288
f 2142//2142 1286//1286 1308//1308
f 1327//1327 1325//1325 1354//1354
f 1327//1327 1330//1330 1328//1328
f 2151//2151 2150//2150 1316//1316
f 2151//2151 2394//2394 2144//2144
f 2335//2335 1987//1987 2421//2421
f 2143//2143 1257//1257 1289//1289
f 1404//1404 2417//2417 1368//1368
f 1355//1355 1333//1333 1307//1307
f 1417//1417 1355//1355 1357//1357
f 1704//1704 1672//1672 1701//1701
f 1704//1704 1734//1734 1705//1705
f 1417//1417 2176//2176 1355//1355
