# Rhino

mtllib doublewall_iterative_loop.mtl
usemtl diffuse_0_0_0_255
v 159.09701644421182 0.0037819792745494851 -0.71034952280717789
v 147.31319072701726 0.0035018597246789795 -0.65773612274387006
v 123.41290863606325 0.0029337134857314595 -0.55102416573987512
v 112.52774797236603 0.0026749565778345641 -0.50242319976354111
v 101.96755812947617 0.0024239247230752881 -0.45527319039626946
v 91.502566922624212 0.0021751558854248287 -0.408548231775967
v 80.83640584599766 0.0019216049324768392 -0.36092507327617795
v 70.120608423317051 0.0016668740477143729 -0.31308029431158957
v 59.632385941682642 0.0014175529671547338 -0.26625161077345183
v 49.573503357710734 0.0011784379522623567 -0.22133987953429823
v 39.692940834655133 0.0009435618777615673 -0.17722432645740582
v 29.585322164210226 0.00070328833157873305 -0.13209499430689675
v 19.587298653781687 0.00046562002989958273 -0.08745499169475579
v 9.866845008422132 0.00023454998813576822 -0.044054305982513142
v 0 0 0
v -10.147283497240949 -0.00024121643980379304 0.045306430951143284
v -20.161801594230951 -0.00047927684306614537 0.090020079958094357
v -29.536570819100262 -0.00070212943762726354 0.1318773252675669
v -39.803497288800457 -0.00094618997377438063 0.17771794806145635
v -49.92233868673469 -0.0011867303013559649 0.22289738837423556
v -59.90485942200462 -0.0014240300783967541 0.26746817291308389
v -69.562233862142079 -0.0016536006309024742 0.31058721737065298
v -79.92709026389727 -0.0018999891111661782 0.35686508582790566
v -90.365569589018861 -0.0021481277209431937 0.40347167200508238
v -100.35367498541879 -0.0023855602538560561 0.44806739140102536
v -110.21432498723229 -0.0026199629772918342 0.49209403740547941
v -120.12804452841746 -0.0028556272447985975 0.53635763268039227
v -130.97156437183136 -0.0031133942867427322 0.58477267727687376
v -140.8999932390528 -0.0033494082173319839 0.62910194796768337
v 159.13996553460896 -0.047430836398916654 8.9086876356423659
v 139.37765056489866 -0.044973814490163022 8.4471979727703115
v 134.1615810544767 -0.09243652814404868 17.361872947634765
v 107.25901636706052 -0.048322500067001783 9.0761641909415403
v 86.188289879604099 -0.047014893655727974 8.8305632706650954
v 75.427902073109237 -0.046055184572765029 8.6503060985430125
v 5.5462060724125593 -0.050937247012825537 9.5672785282465611
v -54.052349641137027 -0.050700444259518918 9.5228010971067079
v -134.20129472639744 -0.039439486102651244 7.4077138181487499
v -140.85455398295923 -0.057531516037329311 10.805845827179837
v 159.19123825034578 -0.10856880499932231 20.391914715114353
v 143.96530311895316 -0.09222069122654375 17.321333420532881
v 128.90452770712469 -0.13459516339014499 25.280310425596866
v 102.27625889346552 -0.1036533188781732 19.468664488987372
v 80.632654364523532 -0.091674216231467653 17.218691860701654
v 70.035394158291268 -0.09179935563406616 17.242196144691263
v 59.395167680738993 -0.094520731067177621 17.753337956928135
v 48.229799883579958 -0.10081160485196961 18.934920103869615
v 37.959891041535911 -0.089739348079660886 16.855275625827915
v 11.883285983451287 -0.10009487609738699 18.800300664742338
v -19.45070379363068 -0.10586473905414095 19.884024054087718
v -29.301914343204714 -0.11579005575094925 21.748244735197829
v -39.552509299884093 -0.13123213852315985 24.648650933064232
v -46.691280712139076 -0.092024731338710808 17.284527292649614
v -56.484330332012121 -0.10046892506818494 18.870556340035819
v -73.309500140905669 -0.098752463418236403 18.548162263965878
v -82.678223306890771 -0.12687225484887676 23.829756628610028
v -99.731643631835226 -0.097927586059540772 18.393229834270073
v -110.00682202386881 -0.097029143227700843 18.224479983856895
v -120.38423696672803 -0.094927877051759424 17.829810072410908
v -131.13981429141754 -0.090952487361505518 17.083133275864895
v -140.80742287964662 -0.11373099509785334 21.361502067881077
v 159.23379411298441 -0.15931273296121162 29.922883130180168
v 139.7925002496265 -0.14530614138050169 27.292097786594297
v 118.96305207466112 -0.13393463786815119 25.1562473477141
v 113.72854117016942 -0.17948574052547883 33.711874358374331
v 104.00413815875714 -0.16768866847348818 31.49609159118765
v 80.204986894443806 -0.18249692084839353 34.277448717761814
v 46.684095356085166 -0.15298937258421574 28.735199195368068
v 40.640899870288933 -0.19210996144386172 36.083016200767105
v 30.544807735211577 -0.1747538891372642 32.823115290312018
v 19.542809188026808 -0.15066769905138244 28.29913131492782
v 8.0077021650598397 -0.14764300828210253 27.731019358577356
v -2.6839521666329063 -0.14612784795610878 27.446434664580607
v -23.436432769321982 -0.16435888857949976 30.870676329225574
v -33.12168476305709 -0.16240570834668233 30.503820631314341
v -53.23392105887234 -0.18980028236376256 35.64920117608537
v -73.789980842340128 -0.15327396420946116 28.788652562097383
v -93.275587644802727 -0.14585048172375537 27.394338405856786
v -115.26733984281131 -0.14204582316097003 26.679729150163269
v -133.69642561232317 -0.13959813411975119 26.219992431319355
v -140.75881304085496 -0.17169372937075877 32.248341376439527
v 159.27297117795618 -0.20602775738848322 38.697123521256316
v 144.34020952450544 -0.24243865076869042 45.535992499462793
v 128.62360045387425 -0.22163644515319447 41.628822269486164
v 118.56672767879166 -0.22759718472354962 42.748397021720564
v 108.1416016548754 -0.22277556197457216 41.842776665259834
v 96.89903033334221 -0.21253530464127834 39.919402320262037
v 85.964578644602767 -0.22769922295049128 42.767562331878054
v 76.090102240079645 -0.22752209224006492 42.734292790598431
v 66.033773720726501 -0.22691298965378337 42.619888215623718
v 33.674681676545802 -0.22947268466805326 43.100662434580528
v 13.164078160711938 -0.19724021626836929 37.04660531690655
v 7.0752209409428986 -0.24000964963158822 45.079765832594745
v -2.8532430063272045 -0.23929409008917446 44.945366000504038
v -21.908429454308731 -0.22469722676180481 42.203712980729449
v -31.331538862786743 -0.20827193782508857 39.118636275954515
v -48.428348634035757 -0.23606721580893009 44.33927896548019
v -58.678585240732929 -0.23285017365719796 43.735038648068866
v -74.747095559000456 -0.20720639748697067 38.918501368859467
v -83.93600085275753 -0.22903852419085524 43.019116327267568
v -91.202649841666016 -0.19637215048430789 36.883561029589629
v -100.16744436127917 -0.1915884005911721 35.985054134895989
v -116.57813552479453 -0.23335772253460618 43.830368917402154
v -127.56958660690461 -0.23076389732148073 43.343184200460314
v -140.71102709446072 -0.22867404820522097 42.950658696050482
v 159.31681867257575 -0.25831183695652271 48.517370612653508
v 150.92086418215405 -0.28057710824941751 52.699340869356121
v 91.688772769328409 -0.26777428823174887 50.294653685832344
v 62.757618683241077 -0.27339259161578866 51.349910427878655
v 44.764476495638618 -0.24620376244035924 46.243173868016044
v 26.154984080208436 -0.26709987821016057 50.167982754497444
v 1.3229049326528752 -0.27756343088583435 52.133297503790061
v -44.808209423461363 -0.28570426314161068 53.662347741296799
v -64.504933004998605 -0.27823326796828951 52.259109523732263
v -75.253942192651465 -0.26753387367818959 50.249497868987731
v -112.06491561492234 -0.28105434663063988 52.788978075631434
v -121.79158268319756 -0.27820686515667603 52.25415042077546
v -131.7982256004768 -0.27338861764292233 51.349164017197921
v -140.66463929120764 -0.28398721073165234 53.33984270585276
v 159.35981438449264 -0.30958024447801336 58.146849299125108
v 150.05227064712673 -0.33193412668850897 62.345462884238771
v 113.36937429939661 -0.33893879632722701 63.661113598832515
v 106.47024672636903 -0.30718932478760053 57.697775272614194
v 97.350359464919563 -0.31006003853548236 58.236966524807571
v 87.368834942650082 -0.31997313941764105 60.098892772881982
v 60.765033902130966 -0.32235983033223192 60.547172530427275
v 53.292257320017711 -0.28314979171864252 53.182554642353495
v 35.86204996278245 -0.28393793596444539 53.330587682284659
v 28.021823195344723 -0.32313916137121623 60.693550231483556
v 1.6725133473463529 -0.32262683639709167 60.597322892720484
v -7.9153650120695431 -0.29227900480282187 54.897247317012756
v -26.113531678580074 -0.31811276547915668 59.749468399174219
v -41.666859262369286 -0.33167310753600532 62.29643701259684
v -50.415004673213673 -0.32962176333961679 61.911143687282333
v -60.008355734833572 -0.32691821650547581 61.403350528197961
v -69.957993012339841 -0.32211605998503501 60.501386412295091
v -89.021390475418258 -0.32582120837747652 61.197305189585819
v -107.95271961848866 -0.32909228430850135 61.811694391093283
v -133.96760807285827 -0.31670638393569561 59.485315058890137
v -140.61708934363614 -0.34068612280992738 63.989304856124619
v 159.40254175334852 -0.3605286777323613 67.716228881025557
v 149.38461547826188 -0.38451025640557646 72.220564238145897
v 130.748464324217 -0.36949146831130975 69.39966328096267
v 120.7099989123292 -0.3811987486329258 71.598580933840765
v 94.053307870910857 -0.35758651761892679 67.163618229102781
v 84.431472432657245 -0.37375590533514469 70.200630336817312
v 74.903824277671134 -0.40125335448141186 75.365333382773485
v 64.933948414676024 -0.40197620432189751 75.501102513692047
v 56.797635243593959 -0.37490031993951334 70.415579787652121
v 46.39692922486789 -0.36063780415776137 67.736725530700824
v 37.179980511488594 -0.34015164906446671 63.888917428664797
v 29.530410340028681 -0.37821107561086365 71.037421828673786
v 20.462591899822741 -0.36418963545219185 68.403847553822516
v 3.1151255547684116 -0.37442930639957694 70.327111760982007
v -13.933295612530856 -0.38526994351713029 72.363252322349126
v -23.666187759506158 -0.36912268708016427 69.330397017855091
v -34.189954216217302 -0.36194146253211557 67.981584911679931
v -74.812973208643683 -0.37060884757687518 69.609534824543204
v -94.168464773260041 -0.36850094749701157 69.213618901382631
v -103.14528872684932 -0.36447495726366697 68.457438067648752
v -122.42025238058554 -0.37838627225613664 71.070328104553198
v -131.93674124067488 -0.36320451677642041 68.218817829838173
v -140.57459691760377 -0.39135440848957614 73.506065774206945
v 159.44553588126638 -0.41179519648147789 77.345352809215626
v 149.07583622213883 -0.43756163414701632 82.184928959950923
v 128.70607324059077 -0.42876022133253855 80.531805307292586
v 116.6798417273137 -0.42955620377216519 80.681310554444678
v 113.0126486066159 -0.47724910591870184 89.63922063823702
v 57.284146230844286 -0.43125287341655394 80.999987200901472
v 31.934198196707058 -0.42391788881269576 79.622295142122198
v 22.295193773364701 -0.4259102775039878 79.996515161154406
v 4.1363440803910692 -0.42671974371950228 80.148552995875718
v -3.6586871589950931 -0.45046268687627844 84.608066683475499
v -12.887230948825334 -0.44444350713587255 83.47751541764498
v -20.61877543212907 -0.41459574830849988 77.87136591226249
v -39.411358599222979 -0.41833562696325544 78.573807894319145
v -49.791859831140329 -0.42330741795916538 79.50763357261792
v -70.237244115337205 -0.42075379249257594 79.027999365255653
v -90.428507739719123 -0.41283059658775301 77.539826633101256
v -119.67586632204515 -0.43712464197955114 82.102850990961656
v -140.53394571160183 -0.43982720967431987 82.610460243393732
v 159.48887096071678 -0.46346826838060906 87.050837503848442
v 139.17874935662752 -0.46782845248850435 87.869788237183627
v 129.15210402772254 -0.48876523314032738 91.802234997235303
v 96.521712053428132 -0.49021303942578243 92.074168931623717
v 86.743579090243131 -0.48137334382425934 90.41385482193283
v 79.17531702985697 -0.51650440078464044 97.012338773126885
v 58.976999072359092 -0.48216573642713456 90.562685808679561
v 30.342534690910128 -0.47034721170490457 88.342873697873472
v 20.423301145997925 -0.48720640272557603 91.509447977303125
v 10.670067596252125 -0.51221448238112544 96.206585682068976
v 3.1610714927851404 -0.48045235416765308 90.240870118529187
v -6.7585472404648499 -0.49475983309054072 92.928169568737815
v -23.490565790134724 -0.45779444100463706 85.985151978814599
v -33.977796048267237 -0.46548593386688708 87.429805131996659
v -49.970298690054136 -0.51751952678074531 97.203004616216049
v -75.91690573861942 -0.46690338437855416 87.69603749908174
v -86.245265257896193 -0.45995981043125767 86.391862070852085
v -92.467300093751646 -0.49962080856170132 93.841181342623202
v -102.79900730397432 -0.48921307434744676 91.886350684984109
v -113.09669075368058 -0.487570883998103 91.577906601522102
v -122.2988786127564 -0.49643957104996161 93.243666024769709
v -140.4922098920724 -0.48959331211739254 91.9577687702822
v 159.53481783314382 -0.51825566170185766 97.341269014816191
v 150.13243028045821 -0.48971966375603415 91.981500742267201
v 110.51555692604509 -0.52752119745156278 99.081566467639334
v 100.51971004278634 -0.53673614470875464 100.81236214670434
v 89.683852097763804 -0.53989372304494054 101.40543368450187
v 70.797982209919368 -0.54875404729892807 103.06962236684285
v 61.043105626615173 -0.53170145648238076 99.866722808305553
v 50.685456698772541 -0.51834434282494612 97.357925529540211
v 39.530335399519387 -0.50684986787149455 95.198978003596551
v 28.321234694034075 -0.52170049683985553 97.988294505625504
v 18.279128162128103 -0.54471821991461411 102.31159387213225
v 0.57078212229868086 -0.53391777502423565 100.28300240803901
v -38.188193630663903 -0.52101913954442125 97.86031870392344
v -56.353154958923227 -0.56352165038509838 105.84334454865996
v -82.096137606837686 -0.50989599746384329 95.771116702743882
v -88.883188378503093 -0.54969317922103755 103.24601463773564
v -115.76631532158805 -0.54741798134404007 102.81867603833945
v -131.68433173487867 -0.51596404016532915 96.910845644735389
v -140.44770823991914 -0.54265741400689649 101.9245234027307
v 159.58333218063919 -0.57610453144110352 108.20672173944715
v 142.64063257729205 -0.56760627877991965 106.61053908368933
v 124.10497535288786 -0.59736220430323783 112.19944001655921
v 71.462317953337703 -0.6003360328949725 112.75799879428766
v 62.999423036039971 -0.58248225773576223 109.40461694217731
v 25.313735441024988 -0.57005326108816234 107.07014306054208
v 17.730050768971068 -0.60590799731284051 113.80455192901684
v 8.7585959507578082 -0.56894688389633075 106.8623379793317
v -1.5580387113613199 -0.58939374010316214 110.70276477563931
v -20.096466910263359 -0.5367683328670978 100.81840788129949
v -28.676988996162578 -0.55375342645214687 104.00862978543032
v -36.469005235884538 -0.57959949792353882 108.86316314029085
v -59.465158132346403 -0.61515493859889148 115.54135688031818
v -67.453056997628607 -0.57584087171625242 108.15719990282577
v -86.338743080770399 -0.60024045101107504 112.74004614551313
v -96.333107587746241 -0.58753781597334864 110.35417618638587
v -106.25066163002074 -0.57361249330125474 107.73865515977542
v -122.8748284851749 -0.59077864172587624 110.96288365399599
v -131.89652123432913 -0.56953134626763813 106.97211451072639
v -140.40244439468549 -0.59663036060925378 112.06198161687132
v 159.63128684847828 -0.63328603498456459 118.94682653794621
v 149.26456004340619 -0.6613168616510734 124.21171111303966
v 138.17311723379422 -0.66966056664369944 125.77886588295007
v 131.17442948459015 -0.63375200738215653 119.03434771303239
v 121.47921063085683 -0.64856437436907299 121.81647766581295
v 104.7288690101544 -0.62558522250668602 117.50042292976926
v 88.230469015665548 -0.60043782076928665 112.7771170820256
v 86.511981634080627 -0.65721190044138211 123.44069757100849
v 72.030301357828876 -0.6458230274575385 121.30158471450608
v 63.387015709556835 -0.63957814480949082 120.12864084389173
v 53.379756142073745 -0.65450293106408708 122.93188592380002
v 28.857237488982406 -0.61218595901544859 114.98370886664071
v 6.6854088401109948 -0.62263930231614495 116.94710604207307
v -3.8248895751161456 -0.65125891049200391 122.3225783898223
v -19.674885675401441 -0.62502207320852676 117.39464952221027
v -43.487261928772966 -0.61388071731727223 115.30202651556431
v -51.192267254544987 -0.64522692521273939 121.1896219261416
v -67.594426158945652 -0.63981992983059399 120.17405406853123
v -94.066778431805176 -0.63784058884056094 119.80228473146542
v -101.23599572740895 -0.66778678013366743 125.42692229559589
v -104.15694568811827 -0.62431069836549113 117.26103568044815
v -121.63004826980236 -0.64505582949067275 121.1574859053801
v -140.35835386692494 -0.64920423470715605 121.93665930954592
v 159.67758649281768 -0.68849407616500002 129.31626615134985
v 143.32262219924542 -0.70385498766967203 132.20142637164861
v 128.35380503491888 -0.68535082901126998 128.72588636511554
v 118.96589921314035 -0.6998514470363375 131.44946212968907
v 111.87508782472582 -0.66290160161526046 124.50936458906756
v 77.694093938334035 -0.67910346867375893 127.55247712294221
v 68.681284695063169 -0.68764452524402486 129.15669941459541
v 59.259893221345365 -0.69258157458187952 130.08399974772843
v 34.088422710688903 -0.65974804418823396 123.9170482777385
v 19.582299129413656 -0.70803107544310251 132.98579924671563
v 9.7969331237714528 -0.71095400377072338 133.53479769222247
v -9.9001259042465506 -0.70572127662052253 132.5519617314105
v -20.30352419297185 -0.70980940516079727 133.31981368059473
v -34.680886983037709 -0.6792701099505507 127.58377648841054
v -67.132800132567297 -0.7003146460022549 131.53646238550573
v -83.147882453323234 -0.69745853810337621 131.00001447404401
v -111.47200161598332 -0.66920242698887478 125.69281589125927
v -121.27558930767449 -0.69948745435482351 131.38109527495635
v -130.66105141773718 -0.67427820287031182 126.64617251048253
v -140.31466465298226 -0.70129957921557207 131.7214572750288
v 159.72557287470184 -0.74571339577227036 140.06347374468936
v 142.17988507585423 -0.75258907612345638 141.3548970714196
v 125.74430558693331 -0.73882872991288195 138.77036271665375
v 116.60275037477666 -0.75099672172012788 141.05581341484265
v 109.52816778706222 -0.71361129246537303 134.03390242525114
v 100.04151769461301 -0.7365385936929556 138.34021832587274
v 90.994289670690208 -0.73769895871618019 138.55816366103878
v 74.466197331035502 -0.73596566607460545 138.23260830723481
v 56.636111024229535 -0.74509241937772686 139.94683897398301
v 46.392413732146053 -0.76138130694670281 143.0062961183491
v 39.898660952096776 -0.70901026643269915 133.16971560417284
v 29.585347975502145 -0.7072354997753223 132.83637040142037
v 14.734722719175693 -0.75687338089568357 142.15959578324993
v 4.6845009199703895 -0.75664102180388682 142.11595298196821
v -15.312602029429854 -0.75532960995639087 141.86963730638604
v -30.542978897058561 -0.71735637343425651 134.7373215309438
v -40.543512752728049 -0.71572876961448628 134.43161715957331
v -47.761034483762728 -0.74992077278221814 140.85372351453205
v -67.043551234740562 -0.75995667311275383 142.7387145451527
v -86.014481923911831 -0.74248011361072486 139.4561831506004
v -95.658173910163129 -0.75056412722977939 140.97456143870508
v -104.90946896800901 -0.756134860331656 142.02088330173484
v -121.48825516713791 -0.75521597650953254 141.84829412629671
v -140.27082657719561 -0.75357242769706545 141.53959488976284
v 159.77165668639961 -0.80066407650122073 150.38457468128402
v 132.64709305564119 -0.77705289388103438 145.94980889090763
v 122.9204402833719 -0.79294498568197014 148.93473794717951
v 108.09418340291181 -0.75903181711584011 142.56500364713972
v 102.57440464537996 -0.79424590775545312 149.17908338301228
v 75.384832574437851 -0.79503676986780647 149.32762690567014
v 56.252893985765027 -0.79798016373865721 149.88046928786562
v 9.5251831331156325 -0.80487176727558563 151.17488338384257
v -0.42736971645226163 -0.80228805683304927 150.6895984717317
v -10.663107016499254 -0.80229545750466968 150.69098850143689
v -20.247500412454343 -0.80421420455797943 151.05137679411393
v -45.929202683562437 -0.8048644238150473 151.17350409980921
v -55.888536352324621 -0.77929361118623319 146.37067118361239
v -62.586703212729844 -0.80673716307501309 151.5252509876172
v -78.236114214399748 -0.77634123189164939 145.81614111595849
v -100.48091398429992 -0.79810837204752261 149.90454998856728
v -111.95498709376145 -0.78873146251953585 148.14333377746576
v -122.23052936430904 -0.8077773884904218 151.72063112426116
v -130.84919237606286 -0.78010172704347269 146.52245538756833
v -140.22651023589626 -0.80641556354248678 151.46484661788043
v 159.81624029772837 -0.85382590712276851 160.36968519384658
v 141.0008197084835 -0.85500652410973998 160.5914343501461
v 130.17117929985872 -0.83605220543495307 157.03134312594841
v 118.14857295527112 -0.84247179963278995 158.23710215947679
v 96.054702937103485 -0.83539976443648811 156.90879852212146
v 85.696822448124436 -0.81634901145389449 153.33059454278293
v 77.840842593540486 -0.84696436583783452 159.08091753448906
v 71.564835019439926 -0.87720729414786547 164.76128967120042
v 66.378453008403412 -0.83132266633788277 156.1430183634977
v 45.981517130653629 -0.87644112626071546 164.61738433659298
v 25.103859813485741 -0.84915769761494175 159.49287964959007
v 3.7334041172743184 -0.8549213906624118 160.57544417692958
v -15.61824232548031 -0.85594285254626357 160.76730005690365
v -26.551717678534715 -0.84642514054451112 158.97963764849584
v -36.763172721052968 -0.82866244658555388 155.64336310513477
v -45.070680032393312 -0.86641003834722596 162.73329719726075
v -65.733839317589315 -0.90295792381039064 169.59789668683666
v -64.176248745140725 -0.85305371631898197 160.22464860606985
v -74.732448806091128 -0.86749623671744303 162.93731219521081
v -85.900447727407141 -0.85616661775418379 160.80932871362023
v -122.7003044221992 -0.86125446818016371 161.76495323183738
v -140.18180317483686 -0.85972459654351496 161.47760538876932
v 159.86058096107735 -0.90669804476146965 170.3003841781576
v 107.16166413244967 -0.93534973321368398 175.68188199758234
v 99.441646905938569 -0.89180019206514771 167.50219788861409
v 88.314693199535355 -0.86969761294903947 163.35078525839532
v 79.821469784564215 -0.90060449112627339 169.1558636499783
v 63.365004686481782 -0.88731956538617851 166.66062505276122
v 54.351948992948564 -0.90495530844384575 169.97305506773887
v 37.552126711477754 -0.90668966861744593 170.29881093053555
v 20.096175480069718 -0.90295395333691886 169.59715093342848
v 10.647358653917763 -0.89144592893046593 167.43565848412115
v 2.6806969325402008 -0.91268046925449653 171.42403189678166
v -14.502063863887543 -0.91225858453742603 171.34479148171695
v -24.136201708573822 -0.89661891861487675 168.40727426702693
v -39.911821702232345 -0.916456307731778 172.13322802551463
v -48.472711907212272 -0.92280799097238742 173.32623169670526
v -58.140389673250269 -0.93622462420671582 175.84620822845025
v -82.439494089927507 -0.90679925716005982 170.31939437727021
v -102.32656392008627 -0.89138788366767585 167.42475614391239
v -116.03473574630831 -0.93585990663007124 175.77770522045068
v -140.13681460478901 -0.91336930296154151 171.55341195403153
v 159.90289901095881 -0.95715840301829758 179.77809116843292
v 112.94302303545624 -0.98446880807432535 184.90766269444464
v 104.08185449343728 -0.97866458722296557 183.81748604021706
v 88.916250570177553 -0.92335922859524544 173.42976779616291
v 79.305474491899645 -0.95530864933948578 179.43066154291665
v 58.333860533515093 -0.98830518689965174 185.62822980228842
v 47.218982826794687 -0.99103688080322172 186.14130967924802
v 28.811594957885774 -0.93626945395237726 175.85462836672721
v 20.15316605421566 -0.96315892209645426 180.90513749900131
v 11.514332758787106 -0.93932480770604343 176.42849959215562
v 2.8504230853388322 -0.96739359219191101 181.70051358731655
v -21.948674790237845 -0.94174830682732136 176.88369284396384
v -41.105694775665938 -0.96711291732606242 181.64779588514077
v -59.560341720114593 -0.98091033226069158 184.23929266579677
v -68.031406901564338 -0.95992811034420811 180.2983109090539
v -78.61708761283785 -0.95781284593545024 179.9010117822603
v -107.72715377259371 -0.93659252957309036 175.9153099824355
v -122.96983433737589 -0.91187740628913616 171.27319675126452
v -131.34248361245884 -0.93988889880597526 176.53444989346306
v -140.09216020743926 -0.96661553936246492 181.55437596571167
v 159.94811083970822 -1.0110693247770541 189.90389957836152
v 152.26632366760063 -0.98412797243076966 184.84364530587587
v 106.33709384958107 -1.023149114330181 192.17278370531787
v 97.670627443377015 -1.0532092120502057 197.81881572196215
v 88.032914764839063 -0.97917713377853488 183.9137549974769
v 79.090029552748689 -1.0113259614456638 189.95210231080895
v 37.483523528035576 -1.0148048287259144 190.60551988212612
v 28.768543772303076 -1.0458685706176993 196.44006117042701
v 20.17675404386614 -1.020087904345587 191.59781253444197
v 11.532819464606661 -0.99410107412279558 186.71684119443711
v 2.8100816930320036 -1.0228008603446597 192.10737296811644
v -14.751338420395001 -1.0177653076352726 191.16157125836278
v -23.814040146705679 -1.0396846706576071 195.27857136132107
v -33.809342064809897 -1.0133097956919528 190.32471559285196
v -40.271235942257874 -1.0671583303292209 200.43880615381255
v -55.001981601579189 -1.0216070099003218 191.88313824024951
v -74.539337209681804 -1.0063710860913488 189.02145380961642
v -84.522599440438796 -0.99984727642117832 187.79612052522134
v -90.585923665578548 -1.0423312987257987 195.77567376427183
v -110.64354936406457 -1.0296593825472655 193.39557356890262
v -140.04840606656873 -1.0187883032239142 191.35371520613111
v 159.99131538401298 -1.0625867455950129 199.58014913891412
v 128.03831953152601 -1.033833601431752 194.17959542026304
v 124.64532998553639 -1.0859960992423794 203.97700644166954
v 107.43060676230532 -1.0701145981116724 200.99406657595563
v 88.182098798623699 -1.0340952239382659 194.22873461673231
v 79.678605580588439 -1.0694683052546452 200.8726767455918
v 45.036275770892971 -1.0472960941411884 196.70818549901634
v 20.595694350976572 -1.0765538491317557 202.20351764831429
v 2.4761120804324435 -1.0798451717481612 202.82170967956486
v -22.527227911786042 -1.0881319106465526 204.3781648038827
v -30.919895053501534 -1.0746795053653386 201.85146939436586
v -60.718974525978467 -1.0648177698418522 199.99919083480376
v -80.604173827878043 -1.0498173406718934 197.18173813901481
v -96.803630477975332 -1.0843510535186169 203.66802604805997
v -116.34583122760645 -1.0731265896924924 201.55979330969726
v -124.51453537639256 -1.0700178327340382 200.9758916376922
v -140.0040232995037 -1.0717106456476131 201.29384389444087
v 160.03728725977948 -1.1174039530848177 209.87618049028242
v 131.96784394345272 -1.1281329985796447 211.89136137678403
v 115.53086558282948 -1.0996907428119584 206.54920021065064
v 107.28025551303534 -1.1151774588406624 209.45798964125134
v 98.886497949198613 -1.1019304520156084 206.96987315688321
v 89.362569429886463 -1.0868795059182048 204.14293212901001
v 70.570276543307287 -1.1086782282587819 208.23727291935563
v 61.872718296603125 -1.0729617678318846 201.52883567574756
v 20.735012251456567 -1.1293234799228458 212.11496330387453
v 1.8255452105530026 -1.1400133424001524 214.1227846477249
v -26.359419412298507 -1.1303804324169278 212.31348520081838
v -72.961738403796033 -1.1531397702816548 216.58825341543468
v -83.07651293363682 -1.1421090149988231 214.51640394660438
v -103.18947760684441 -1.1262592019734257 211.53941589311546
v -113.26215690730803 -1.1244664479763742 211.202692221756
v -122.57471545592679 -1.1179935544631689 209.9869222546574
v -131.49202053436997 -1.0978212522079502 206.19806350099884
v -139.9592789718865 -1.1250641155700123 211.31494902145806
v 160.08210836876884 -1.1708489776880242 219.91448185743971
v 150.32229633682522 -1.144500919182974 214.96566288547652
v 149.18642214722391 -1.2010954620315033 225.59552190544488
v 122.01578028826998 -1.1428377769896088 214.6532835259911
v 112.25349010653044 -1.1534213322283904 216.64113773341779
v 85.011373197662138 -1.1771323846753603 221.09466155462511
v 54.756412215182024 -1.1719767020035761 220.12629645802053
v 28.599094745767957 -1.1643190149025031 218.68799286536552
v 12.060900048580777 -1.1594368897899585 217.77100866418763
v -2.8976400218212746 -1.1875641569519075 223.05400715663112
v -31.528757028644492 -1.1741876297510316 220.54156353282357
v -52.294731963880821 -1.1633003969499214 218.49667114623819
v -62.753171702390347 -1.1602168244177165 217.91749973418507
v -69.411202422859844 -1.2085178140330299 226.98962372873152
v -89.854844950663903 -1.1814401642934627 221.90376942481473
v -109.52936338305878 -1.1694426871578116 219.65034561171592
v -120.24764852213215 -1.1739817042429195 220.50288561425603
v -139.91631703491666 -1.1762922495927342 220.93686334586272
v 160.12395292216692 -1.2207447352070631 229.28614282378118
v 137.93104574608512 -1.2157026206257342 228.33910863172369
v 119.08376522404838 -1.2599923237766006 236.65781352506298
v 109.57050087295926 -1.2439703165033507 233.64848312039967
v 99.06207008813108 -1.23645300667431 232.2365458616074
v 88.68904194136266 -1.2279469661616531 230.63890045417745
v 60.563286504376151 -1.2030994019272612 225.9719115272012
v 52.153740463192406 -1.2238139787320961 229.86262289283425
v 42.073790032098998 -1.2507324455067419 234.9185786872726
v 24.893833835760006 -1.220167118991526 229.1776521702711
v 15.038897358304013 -1.2153149223665878 228.26628928147937
v 8.2221055312505769 -1.2501978434004286 234.81816715047555
v -10.980467358244312 -1.2139304915465345 228.00625883156769
v -18.973673984572002 -1.2468164922996721 234.18306553661779
v -34.737771950075171 -1.264344953760201 237.47534540645347
v -53.109580698809651 -1.2600899571685886 236.67615149794861
v -62.906393054429941 -1.2559689121316069 235.90211701417252
v -71.292511315406898 -1.2595138530705299 236.56794485760048
v -78.813723124823269 -1.2436074573696487 233.58032917407056
v -87.937998584855507 -1.2318252537534136 231.36733906795405
v -113.19056768509003 -1.2199463210383783 229.1361808376011
v -121.9258047207347 -1.2328139529357713 231.55304129985967
v -139.87364464615607 -1.2271751241713673 230.49392938225026
v 160.17037799197769 -1.2761023346547518 239.68367318971178
v 121.65717332476731 -1.3198978992337516 247.90956660172938
v 111.81678504882206 -1.2950844949235716 243.2489937558953
v 101.97527400798394 -1.2854168543398146 241.43317104068231
v 92.169044658791648 -1.2783046457020646 240.09732183448929
v 82.270680682225191 -1.26915779963349 238.37931724796471
v 71.427317015844196 -1.2676094544966645 238.08849962331988
v 61.906759797616445 -1.2978217063781585 243.76310996579895
v 52.647395890236751 -1.2724102996054398 238.99021742354924
v 18.988666528860307 -1.2724375911541301 238.99534345339299
v 9.6105731159601646 -1.2947517184791195 243.18649008483737
v 0.11403565931155413 -1.2871485314165056 241.75842295134149
v -27.221405991827055 -1.2856811635321037 241.48281486341398
v -43.29163106482963 -1.2656891332502482 237.72781565812136
v -58.568699153979196 -1.3057368791781983 245.24977575984028
v -77.685977891116352 -1.2958845169621327 243.39925773993008
v -86.723360129896946 -1.2834214135428965 241.0583777605232
v -95.964202645679279 -1.2700514811039056 238.54717279659172
v -114.4127120448978 -1.2797045793462303 240.36026409933834
v -131.12622863673161 -1.2532473139882541 235.39093337141816
v -139.82920151680545 -1.2801694430345378 240.44757703130898
v 160.21533467765798 -1.3297090219152778 249.75233881408178
v 149.53502842990051 -1.3557297695273292 254.63968068114082
v 138.2374703961714 -1.3636159610331333 256.12090306923938
v 132.16898997229731 -1.3203718579834458 247.99858781184713
v 113.35559945913386 -1.3390976428627255 251.51575472028577
v 95.033168376312943 -1.3301844390309725 249.84163394152279
v 77.440375265393953 -1.307462734902515 245.57393427611154
v 69.862905457762892 -1.3265744249448517 249.163583746846
v 61.364993005924873 -1.3519628400953252 253.93215789211715
v 53.270075017813213 -1.323783394135603 248.63935892712553
v 44.303283347240125 -1.343937831700714 252.42486224882245
v 26.070182938377172 -1.3246320188784466 248.7987517046389
v 15.061734609301567 -1.3304638678660012 249.89411760820624
v -7.3575716843863006 -1.3305546244305333 249.91116394231472
v -17.811634875689521 -1.3063980847185803 245.37396656206104
v -27.062831033473458 -1.3421082911194162 252.08122914444482
v -48.357516861728584 -1.3119481056678524 246.41639816904777
v -74.979952746469365 -1.3443064689610082 252.49410147065512
v -84.894659075156966 -1.3350686173473605 250.75900378530639
v -102.53486960244751 -1.3586798568759377 255.19378026449698
v -112.39329983116804 -1.3395453345619899 251.59984232677701
v -121.81327789185363 -1.3242702158019029 248.73079611204892
v -139.78440861321812 -1.333580835305952 250.47956141229236
v 160.25811116751595 -1.3807160274187709 259.33271971731409
v 143.19233309565669 -1.4000652112052308 262.96697640441522
v 118.73919497746581 -1.3738643937905408 258.04581296167595
v 98.896227585815893 -1.3771667879036613 258.66608449464678
v 88.103587283423707 -1.3798200624444235 259.16443526999541
v 69.647893126555417 -1.3813699714045242 259.45554661945567
v 60.731465263935007 -1.4055292760075986 263.99326331481899
v 52.487436297830115 -1.3754204518864981 258.33807927136462
v 35.29231911623809 -1.3594368545313955 255.33596320212658
v 27.809094032711556 -1.3809477330856907 259.3762397891997
v 19.450951571115439 -1.3782409824567594 258.86784487797314
v 9.2437999755698002 -1.3805295484477256 259.29769434079077
v -0.83944300200815292 -1.3809330206440791 259.37347642772494
v -9.4487639102762557 -1.3823916846617976 259.64744971358022
v -25.647574474281924 -1.3991734123991932 262.79947446687089
v -35.580742848567951 -1.3824044006192935 259.64983808583526
v -55.036506747263218 -1.354234485424513 254.35882923492125
v -82.275989192135029 -1.3848031956524665 260.1003912970836
v -100.51190356816491 -1.4123871353403388 265.28133941220511
v -110.92471107785897 -1.3948663648745878 261.99050410197634
v -120.74105929056961 -1.377294045657095 258.68998665747398
v -129.6802239164351 -1.4099856247854063 264.83027615859231
v -139.74047365800718 -1.3859692035354101 260.31939650127589
v 160.30230835121108 -1.433417078848322 269.23128446761001
v 143.23887646348166 -1.4497324125764521 272.29570885668846
v 118.62035879793524 -1.4572929870476514 273.71577228849327
v 100.79348065409874 -1.4584594473702168 273.93486247205311
v 94.789015566151321 -1.4232305004949808 267.31799236661317
v 77.057849856504831 -1.4654045262754494 275.23932056871666
v 59.987327536468456 -1.4591800678588811 274.07021287538311
v 51.690193343530154 -1.4280292331487203 268.21931339540112
v 42.610838951510658 -1.4490508933844808 272.16770264681332
v 24.606339467783727 -1.4323003851671388 269.02154169381009
v 13.840687430400664 -1.4269376400648639 268.01428513639763
v -12.689197651357688 -1.4676719953550332 275.66520750823832
v -23.084162624214855 -1.4546511239095139 273.21956485761672
v -56.531955818161521 -1.4427566760757031 270.98549250311481
v -61.807519977877718 -1.3992358711773818 262.81120577475423
v -68.702862683069782 -1.4470761081830119 271.7967889998468
v -78.499534196201722 -1.4262563554422627 267.88632298447038
v -109.72891377246489 -1.4475403659653807 271.8839881276644
v -129.04287477042564 -1.4635312737511299 274.88747727709955
v -139.69686074853379 -1.4379735620257748 270.08710503556375
v 160.34321177073554 -1.4821906213181251 278.39216561026484
v 135.58170459949079 -1.487547490028021 279.39831843542066
v 127.4828128656884 -1.5338342863040566 288.09212695713762
v 109.75501599369366 -1.4701373902781256 276.12826983088559
v 93.028278229394346 -1.4768593146437183 277.39081396948501
v 84.804024152192468 -1.4970220974785775 281.17788473986428
v 68.234824573703918 -1.49039479913273 279.93311371506599
v 59.257072611336753 -1.5130822085371278 284.19437198059615
v 41.744207665796907 -1.5031445882540879 282.32784038079836
v 33.48274925078691 -1.4686554393009033 275.8499226763974
v 15.752594391989248 -1.5127535087432875 284.13263400565125
v -1.7665087996624891 -1.4870168121083793 279.29864395820488
v -10.41390355942923 -1.5125621601701482 284.09669399705984
v -19.858927432959803 -1.5078330452830073 283.20844891176574
v -29.747220489932488 -1.4971578516696695 281.20338274443742
v -40.064978740412897 -1.4846422395877994 278.85264033566597
v -50.584322822695412 -1.4839897336780155 278.73008353988638
v -61.558779909951994 -1.4906881648943795 279.98821508227928
v -72.108671390732297 -1.5019908864485956 282.11114656322189
v -80.269206479940578 -1.4695039953077753 276.00930254358508
v -90.599444218255542 -1.4902149989738405 279.89934278513869
v -107.97576397645511 -1.492395824249968 280.30895586910009
v -139.65396319345982 -1.4891249265957072 279.69460015239753
v 160.42357768163711 -1.5780195327893694 296.39121229756
v 148.69853055068174 -1.5596285268149472 292.93692517190112
v 138.29640252229666 -1.5426742266926681 289.75248704392817
v 117.02601034400871 -1.5569430658525221 292.43252898814711
v 101.47924136186904 -1.5449090450677545 290.17224137124282
v 83.673831651947509 -1.5466930623977646 290.50732407978563
v 67.876065910891398 -1.5460825188077365 290.39264884857317
v 58.432524977006068 -1.5654467841181372 294.02973821998518
v 49.954811605047198 -1.5352180818070451 288.35203807875899
v 40.66719186830754 -1.5589554803104306 292.81051034290607
v 6.1866339996622912 -1.5379437429244831 288.86398484881926
v -14.844082482842111 -1.5552962464814186 292.12321545957656
v -36.128794840905925 -1.5381201937746596 288.8971266955046
v -55.797634113157557 -1.535605625954247 288.42482848294884
v -60.50526818453659 -1.5882719429274061 298.31686924073773
v -65.45435258141498 -1.541220685701262 289.47947598949776
v -74.956911972041524 -1.5543478382572289 291.94508086904221
v -92.174400099326647 -1.5443032722786825 290.05846221476219
v -100.34632222762238 -1.5194354204550677 285.38766277529072
v -110.59221777731997 -1.538534259507685 288.97489851138647
v -120.72004501385535 -1.5508581975389575 291.28963977882296
v -129.22252003773949 -1.5160941779440122 284.76009454952197
v -139.61154036119112 -1.5397102281525008 289.19577459372471
v 151.48157619931797 -1.6131007472933447 302.98033459905542
v 142.10246522163433 -1.5936360484594729 299.32438132058502
v 132.38299200236523 -1.5844535915777556 297.59968813999518
v 123.1452784828619 -1.5937805807024574 299.35152806105071
v 107.36909562111578 -1.5762568358151725 296.06013408067696
v 103.67594817492198 -1.6261708642334156 305.43522677512243
v 87.841208538795726 -1.5890050507813953 298.45456508102728
v 77.046283414615985 -1.5841531833175964 297.54326401687337
v 66.944803740868807 -1.5974450280036194 300.0398021637638
v 57.602769279982056 -1.6159134123348053 303.50862286424984
v 39.222125816843544 -1.6174446394850861 303.7962253063842
v 31.335004338928542 -1.579085458326233 296.59141955450815
v 21.52086426413527 -1.5933307190953769 299.26703289207529
v 11.385004983265958 -1.5957132900610418 299.71453882099723
v 1.7523031065866803 -1.5939764495018949 299.38831708027357
v -8.439640993305062 -1.5980413538865719 300.15180695692248
v -27.194105739728911 -1.611080704528888 302.60092045909499
v -34.896947420793964 -1.592587422973395 299.12742344230202
v -42.479476161037297 -1.5758908907308182 295.99140051627347
v -44.20818713936211 -1.6282434891325579 305.82451714431392
v -76.445942587677592 -1.6089663478045964 302.20379181796199
v -83.866433088871503 -1.5732785903769013 295.50074570961903
v -92.364127284775975 -1.5899025974168239 298.62314660352234
v -101.98753543792915 -1.5781779965811324 296.42097572847018
v -113.16582099380841 -1.59213674032668 299.04277406170246
v -130.37913430748458 -1.568438700993795 294.59169442613535
v -139.56809096129481 -1.5915196166038754 298.9268629183087
v 160.47304082751754 -1.6369997567985024 307.46916141820753
v 143.76750283561142 -1.6465320513105439 309.25956278377492
v 136.4011417010789 -1.6264898271710422 305.49513592693467
v 128.53002600643273 -1.6366098822739445 307.39593331136058
v 119.70938940895655 -1.6508364002949634 310.06802629589293
v 110.23491752020838 -1.6653004062991954 312.7847254147535
v 83.461064095417427 -1.6387082655448353 307.79006174169393
v 64.976373747720302 -1.6434554613027217 308.68170286302717
v 49.318532177500572 -1.6396877257728306 307.97402866881458
v 34.436179503132692 -1.6711076725164844 313.87547406425136
v 28.257801088001031 -1.6313669387482719 306.41117846180208
v 17.750354011625262 -1.643099218753548 308.61479167541466
v 7.6064928640528535 -1.6459838753165172 309.15660173415216
v -2.5035385464870217 -1.6442842156552047 308.83736348834344
v -15.913027763477118 -1.6884881983714308 317.13996795768293
v -23.307868130591288 -1.6590411090449493 311.60907412350201
v -33.731903636692067 -1.6462722825364722 309.21077176423654
v -50.34969921119017 -1.6762029380928993 314.83249133164981
v -60.511844276655836 -1.6836136990675072 316.2244160725466
v -78.290262251666718 -1.6614198312775557 312.05585716490424
v -99.73688359692116 -1.678308922323879 315.22804741085014
v -117.13502349519146 -1.6463017508825146 309.21630665061292
v -131.92253807532583 -1.616846146362434 303.68381345186452
v -139.52285194907822 -1.6454629521314814 309.05875943810059
v 160.52233106202027 -1.6957737999912865 318.50838466709314
v 143.19487036918912 -1.6997967798031937 319.26400006898933
v 116.99451277592206 -1.7058325659684783 320.39767043335024
v 100.20533114995018 -1.6768419508134116 314.95251377177243
v 89.645440613676612 -1.6935068554989243 318.0825962580339
v 74.023552621562359 -1.7282345671258668 324.60532195031027
v 67.75025342355184 -1.6912109392085881 317.6513662266629
v 50.004483989722502 -1.6928820787036898 317.96524767780642
v 41.275506792976074 -1.7122041736096776 321.5944164012032
v 32.193501815634434 -1.7238062190623964 323.77356833526113
v 13.777888911071784 -1.6985594211686816 319.03159342376961
v -7.069749277206796 -1.6905682738394603 317.53065772851943
v -22.465639217350997 -1.7181155726768225 322.70472378301525
v -31.217494733086227 -1.699795407967315 319.26374240420108
v -46.038101302656571 -1.7179249515622246 322.66892040917827
v -54.287219456606294 -1.7271712479122812 324.40560422552056
v -70.67597349528333 -1.6955362038521002 318.46375821838222
v -81.488017210834329 -1.7178606965400718 322.65685172211369
v -88.959937862248523 -1.6737033569998516 314.36300799826103
v -104.00360082402901 -1.7276753854227422 324.50029375551657
v -113.06138555207301 -1.7295847012701984 324.85891063378727
v -120.32060844475004 -1.6985135048723237 319.02296920432337
v -129.72021823349516 -1.7225182426548713 323.53165441663799
v -139.48061333759958 -1.6958285874443959 318.51867510982817
v 160.5690862167896 -1.7515249952052159 328.9798420813633
v 151.50706372332729 -1.7252645789874919 324.04748450497704
v 132.48912377620246 -1.7793049230475049 334.19760163353379
v 114.23484325883763 -1.759204526287192 330.42224851547581
v 91.928700346048331 -1.7566743366787136 329.94701614362492
v 66.152428427592483 -1.7489157100798707 328.48975360940648
v 57.205878952901386 -1.7743935919799583 333.27513182952879
v 49.087784933307319 -1.7451070013337926 327.7743836288177
v 39.832472573399087 -1.7650466771142987 331.51954936003943
v 30.666154484832873 -1.7754389638694761 333.4714786016761
v 21.086979255830641 -1.787127892780461 335.66694940441556
v 14.84063618063081 -1.7531533412314388 329.28568585750639
v -3.1989545379556148 -1.7393100785073443 326.68557772469779
v -19.818072641720789 -1.770884233218851 332.61598720173282
v -29.5353061406108 -1.7570694675744676 330.02123152737823
v -38.305579262508132 -1.7385672775806711 326.5460612848953
v -46.730955541186773 -1.7652053760828608 331.54935696298554
v -63.495689174901912 -1.738229072806746 326.48253803890583
v -77.828610290638608 -1.7744922717799341 333.29366634380364
v -88.003807792456001 -1.7640466560340542 331.33172059484906
v -98.699578326047885 -1.7692134413885583 332.30217105067578
v -120.77866413032538 -1.7535559465990787 329.36130513250799
v -129.86678041236163 -1.7787585435228834 334.09497800542528
v -139.43487957265458 -1.7503618698149808 328.76137828081534
v 160.61425669124182 -1.8053866057916252 339.09638862992091
v 141.79967400465037 -1.8063404644324805 339.27554694389352
v 122.01356440210313 -1.805413822323942 339.10150056981848
v 111.49024759031721 -1.8033857073270951 338.72057026439001
v 94.172851224797554 -1.8120450903289225 340.34701719506535
v 65.887142534663766 -1.8023612823130293 338.52815783507293
v 56.421818946660707 -1.8283478673862987 343.40908312990604
v 47.791434744549647 -1.7992775273699522 337.94895216173251
v 28.308997488044213 -1.8180677162769712 341.47821574419214
v 3.3432024644224043 -1.8395552471918677 345.51410706542953
v 0.40671097027342284 -1.7897742812062347 336.16400679654618
v -16.468204556447546 -1.8213707644405872 342.09861012405969
v -26.739984683257177 -1.8102414613488804 340.00825093216309
v -41.424655391136952 -1.8476139747154434 347.02773599755955
v -48.29420908699413 -1.8153074542481704 340.95977006466575
v -57.887820306821254 -1.8339273994748169 344.45705766089765
v -66.98473658465673 -1.7944342824766295 337.03927063020541
v -83.893323677189585 -1.8064407485467768 339.2943827881931
v -92.609986266977785 -1.8109438824397444 340.14018303714494
v -102.66358355169913 -1.8162934633674581 341.14496703601725
v -112.17829867587588 -1.8356136017245603 344.77376827100062
v -120.59550974902626 -1.8067411296181604 339.35080180459778
v -129.89101030290632 -1.8337450161530455 344.42280154891267
v -139.38830959248125 -1.8058922614597464 339.19136330759585
v 160.65883021948002 -1.8585364132607651 349.07924089621844
v 142.01150916946102 -1.8594888954891644 349.25814068579342
v 123.64131025743815 -1.8655276715215336 350.39237262136413
v 85.952495028891761 -1.8496285382994415 347.40612101150901
v 78.645907116570768 -1.8886151990425333 354.72878299442272
v 68.408491871993817 -1.8883048321023352 354.67048838415309
v 20.367174399263973 -1.8372973341913053 345.09001499459072
v 12.520549689526348 -1.8599450191885012 349.34381203103948
v -12.657912462991931 -1.8725495566389441 351.71125682989481
v -49.295705690961512 -1.8709214146937825 351.40545138522515
v -66.769970757235541 -1.8545820453259125 348.33651250679014
v -85.437722441430907 -1.8533342450339774 348.10214465926794
v -104.97677302077713 -1.8614226860680105 349.62135452573256
v -120.98532394175228 -1.8625883288019054 349.84029114585491
v -130.10069953075649 -1.8886925157368069 354.74330498749879
v -139.34209974215113 -1.8609932315937954 349.54069232250384
v 160.70359423637544 -1.9119133608253378 359.10475570682075
v 142.66955093932341 -1.9130727223881649 359.32251256721287
v 134.36064016696207 -1.9419757615628441 364.75122028727293
v 125.0007303527388 -1.9209277429667964 360.79788028194929
v 115.44097174600822 -1.9041093975763488 357.63897782508815
v 97.858320975791912 -1.9257091688854189 361.69595067656513
v 88.562420985381593 -1.9033835243334352 357.50264082418829
v 81.806175088317872 -1.9349622290336583 363.43390490198425
v 62.532431765692152 -1.9355362423816587 363.541718847597
v 38.810442665948031 -1.8859046005543405 354.21966535976179
v 21.366132580677544 -1.8901183454149759 355.01111116990722
v 2.3266597301319223 -1.9323221718299237 362.9380366703852
v -8.4404179533478043 -1.9243315370537175 361.4371972453194
v -18.419292631574024 -1.9140694042525865 359.50971414484178
v -28.558532692722821 -1.9029593724825418 357.42297458516538
v -39.652189711460665 -1.9008367672936402 357.02429667776897
v -67.280505124696845 -1.9106759940983693 358.87234754161528
v -82.939813604902298 -1.8989182619587837 356.66395378582951
v -91.36559932982243 -1.8987765390035065 356.63733469926893
v -111.73983627698985 -1.895052353570577 355.93784029355908
v -130.19010092451865 -1.9440240166592275 365.13593340297422
v -139.2956803270466 -1.916344088327719 359.9369562395155
v 160.74886772186116 -1.9658978025363467 369.24437298749189
v 151.90346256197628 -1.9934685998709938 374.42285264267417
v 126.52130989450936 -1.9733418572100163 370.64255111095275
v 117.21308753634952 -1.9581840720494483 367.79554305679136
v 99.094991949301573 -1.9860963417219182 373.038159687519
v 89.514684052790528 -1.9594490368273227 368.03313482053551
v 79.276667533093558 -1.9839400174586217 372.63314850150658
v 57.835079570317163 -1.9860615012332801 373.03161577950669
v 40.387800463368492 -1.9486076014619584 365.99684432842383
v 29.920185177228262 -1.9741023065071204 370.78538235250932
v 21.296654426832902 -1.9428966766075746 364.92419097671194
v 11.874945379650626 -1.9626386723567748 368.63222749443429
v 3.8532917506838373 -1.9812547202725455 372.12878307900775
v -20.599943188741776 -2.0092342345379848 377.38402991234403
v -41.042858630732979 -1.9600616348049016 368.14819591670386
v -59.118622725879135 -1.9479899201802482 365.88082846165372
v -69.207871241206959 -1.9634664819083127 368.78771066270889
v -85.997852181591554 -1.9410099494434689 364.56981681351107
v -89.6196774489201 -1.9868505769401281 373.17982377091045
v -95.73771270413144 -1.9450649195017604 365.33144077724711
v -121.370810472893 -1.9717031140378367 370.33475449288818
v -129.95828720327583 -1.9990451847875192 375.4702736216571
v -139.24920436488 -1.9717623722001463 370.34588464571647
v 160.79438837932415 -2.0201769739561541 379.43934781849845
v 128.1062034824071 -2.0212089504858568 379.63317860979663
v 119.88303506333546 -2.0126401873247914 378.02375233311335
v 110.10094932608688 -1.9974541844012492 375.17144428307432
v 95.444939553476331 -2.0373294816611178 382.66101424720813
v 88.49939700993211 -2.0136663369141843 378.21648868044389
v 79.885497622537954 -2.0431168663872086 383.74802865947805
v 72.528737921837489 -2.0192670606703587 379.26844353229848
v 63.706584598969215 -2.0280847130871962 380.92461738513231
v 54.118724736807224 -2.0385427505818825 382.88889624663824
v 37.540871879417324 -2.0099706926728231 377.52235501850652
v 25.048913333856603 -2.0855915974307209 391.72583676920982
v 19.992471612244657 -1.9956422919176475 374.83112592922436
v 10.264263658388785 -2.0140649385273264 378.29135595104304
v -0.05176804038697469 -2.0246959399638627 380.28812173131888
v -10.372916877738362 -2.0228752157478311 379.94614455902382
v -28.145822515496235 -2.0392772804082142 383.02685916861589
v -51.887325645779612 -2.0961610080515811 393.71103426651956
v -66.186749669536795 -2.0491324993737408 384.87791375694957
v -76.303953273322094 -2.0653905962099088 387.9315876379149
v -93.282707103064098 -2.0343042933382094 382.09280883793843
v -103.52801994002763 -2.038213837325543 382.82711817813725
v -112.63493132830703 -2.0446803742006523 384.04169421090711
v -139.20322410924766 -2.0265895719044238 380.64379278283201
v 160.83965287178316 -2.0741506923149018 389.57695098763583
v 151.84271030750457 -2.1011928131077866 394.65613207402879
v 124.66185871412753 -2.0687234345881507 388.55757735906917
v 104.28832027611011 -2.0376801359767569 382.72687582594568
v 98.156879936339635 -2.0796772053431596 390.61496722392502
v 77.920044496153537 -2.0984811030131141 394.14680565211989
v 70.534873874385994 -2.0656808822109269 387.9861105496754
v 60.89418002538504 -2.0794141128213823 390.56555192212107
v 34.776476178677243 -2.0680827439553013 388.43723976537848
v 32.075372342088187 -2.1250276715734344 399.13290973666398
v 17.63571425025367 -2.0485546095865175 384.76937171988851
v 7.1128369517252281 -2.0630848072709114 387.49850327821645
v -4.4648154312569091 -2.0753943039022715 389.8105320925377
v -17.125353498999431 -2.069267136388703 388.6596980441754
v -36.417146652555829 -2.0625285942858227 387.39403268231132
v -60.494906851384741 -2.0829002366618852 391.22033245546271
v -69.036323416985596 -2.099754214933796 394.38592765138213
v -86.572026933926338 -2.0771669042943586 390.14347041693242
v -97.178221858681866 -2.0827588781537543 391.19378182113195
v -107.79309684955908 -2.0854969650340536 391.70806245769739
v -119.37837225694429 -2.0815479296800277 390.96633565922053
v -129.45131686344004 -2.0535293204658274 385.70374582471976
v -139.15811631346671 -2.0803764439758652 390.74630158433666
v 160.884520308486 -2.1276509584290579 399.62562808087574
v 143.09534993160969 -2.1276905479586503 399.63306397659352
v 125.52120599337377 -2.1284639771600951 399.77833316614743
v 109.1742078986457 -2.13969133330761 401.88710915422433
v 101.80887284312794 -2.1191304541339377 398.02526601631365
v 84.590276344943376 -2.1359344740025108 401.18147778482336
v 65.430344947386374 -2.1700089639333555 407.58151223886335
v 58.291824948933353 -2.1322749138934114 400.49412161800382
v 41.6737066071328 -2.1082185968872409 395.97574854801206
v 29.32629661669182 -2.182293659273455 409.88888275545565
v 15.224588882554031 -2.1005021238634072 394.5264035008376
v -2.4418194113358425 -2.1264626908068749 399.40244194550615
v -11.013354463287101 -2.1215041896546154 398.4711124295107
v -20.195885318265823 -2.1292489534210972 399.92577117992761
v -35.847631270669041 -2.11062470975412 396.42767622997479
v -44.317062920297644 -2.1317100232425901 400.38802114121307
v -60.188088537887978 -2.1286866315588213 399.82015318534485
v -76.116853043077469 -2.1679492576238317 407.19464830127544
v -85.092539901525328 -2.1687543692854661 407.34586824277102
v -101.66746604103841 -2.1307537901856222 400.20841685299132
v -112.36599818255681 -2.128788494980995 399.83928566284072
v -139.1132526919873 -2.1338721607891102 400.79412420601687
v 160.9293036740147 -2.1810509774481943 409.6554762829598
v 143.30091338136438 -2.1807863226654263 409.60576754978212
v 117.32616407592477 -2.1632632456239662 406.31449900740591
v 108.60315612466368 -2.1923504677068877 411.77780084644377
v 100.49752445096277 -2.1629860786761128 406.26244017926712
v 91.323004741780267 -2.1769400841081961 408.88334853970019
v 82.075565618778199 -2.1918120379192487 411.6766703761636
v 72.583155199877268 -2.2077069290522786 414.66212521645929
v 38.965326119027353 -2.1647381668894923 406.59152580767835
v 19.769611263904551 -2.1984381826405297 412.92122472163231
v 3.9135204564136075 -2.1636421348937347 406.38566381093489
v -5.529443669246092 -2.1707394394708217 407.71871366483884
v -23.74712404831223 -2.1856410291815109 410.51760185839663
v -33.446189947605376 -2.1927980395188342 411.86186593512213
v -43.09903292408282 -2.1836021378205714 410.13464748447603
v -50.712439137438849 -2.2120549892820236 415.4787987847298
v -78.224217079851684 -2.2101280189548334 415.11686595722387
v -95.901554634060773 -2.1801529386012817 409.48680231093539
v -107.06115989788245 -2.1757752403898394 408.66456199450755
v -117.68896836764563 -2.1729165832213084 408.1276352669766
v -123.09369389657192 -2.2150456949972295 416.04052750490195
v -139.07040732371999 -2.184961297421637 410.38993137258689
v 160.9744830052357 -2.2349231489116619 419.77400642620972
v 152.08464369146679 -2.2609984151550861 424.67158824461052
v 143.35384791115493 -2.2335302231368814 419.51238041304811
v 127.20944227930595 -2.2304535381099413 418.93450264536222
v 123.83153613559082 -2.269718070932413 426.3093558976372
v 106.88143870313897 -2.2440903567775194 421.4958354633431
v 79.831265570417443 -2.2463787981971564 421.92566152857563
v 62.898790163968044 -2.2235233568432022 417.63284269476588
v 45.97992999939791 -2.2032020903916418 413.81600476986097
v 36.261799546426502 -2.2215325347420958 417.25891692023555
v 26.415405477745963 -2.2404943315906394 420.82041273097417
v 16.048869489902444 -2.2590434498494005 424.30439726572473
v 6.844933998491598 -2.246705433207012 421.9870116858836
v 0.7850684188745447 -2.2109999546896688 415.28063711729357
v -8.6294477441490471 -2.2214332367991574 417.240266303385
v -18.158674397437579 -2.2318011673565934 419.18762084690019
v -28.148263381727475 -2.235673436568959 419.91492905972217
v -39.909053636730391 -2.2367384284951868 420.11496096146044
v -49.624986695883365 -2.2650670835265601 425.43578509135858
v -60.023317118162709 -2.2391359311060341 420.56527142375586
v -80.602940338981995 -2.2575538050789419 424.02460502599178
v -99.162194144136237 -2.2770016951141088 427.67740119508852
v -108.45532599384021 -2.2716411534801182 426.67055850370815
v -129.2146849971617 -2.2620016777726732 424.86002585091859
v -139.02489852070138 -2.2392263335135567 420.58225123838992
v 161.01949446662428 -2.288595151135155 429.85493982083045
v 143.93903493866591 -2.280007844960096 428.24203070613606
v 114.08498294265094 -2.2771735453521842 427.7096789326867
v 87.230019729686461 -2.285323461848634 429.24043541594227
v 77.631260720020876 -2.3002978419897318 432.05299545793588
v 60.440314933042714 -2.276597321207305 427.60144974458723
v 50.79843321997943 -2.2946728118615738 430.99647526649727
v 43.482822806794417 -2.2588459170476654 424.26729570558138
v 33.840386012009347 -2.2787249297109611 428.00106739859865
v 24.194906696978165 -2.2992427167849883 431.8548167712591
v 6.6975794140046787 -2.2926850875869604 430.62313134061975
v -11.428959417777406 -2.2741261726605444 427.13730674867264
v -22.068358703105531 -2.2879593463351284 429.73551990773814
v -32.225980019442375 -2.2742725211726338 427.16479462955107
v -40.561521372304242 -2.2930024539473379 430.68274061562153
v -49.110774220397644 -2.320690507166546 435.88324383455205
v -57.743737484501821 -2.2964687425588863 431.3337956009421
v -73.848182195602305 -2.2937873921040364 430.83017147248262
v -83.136835053906168 -2.3073955947630793 433.38612949423162
v -122.96043482253967 -2.2981085686716369 431.6417956221249
v -130.53106223100471 -2.3176918517209515 435.32002195783122
v -138.98192738631778 -2.2904654346010602 430.20622544959048
v 161.06201826605681 -2.3393008466910032 439.37872724164976
v 139.29583439218388 -2.3182260372158225 435.42035524465501
v 129.11823463537911 -2.3156850464847594 434.94309415404911
v 112.57419206545997 -2.3300259459279005 437.63667080699366
v 85.219238573234577 -2.3445252129383789 440.35999281749974
v 74.578430778429194 -2.3500013501997046 441.38854723515209
v 65.126701776084076 -2.3646602769314313 444.14185730179582
v 32.042037122793687 -2.3370228011629024 438.95085378272273
v 22.765637823956666 -2.3598747513161697 443.24301688244321
v 5.3257812472544117 -2.3467553707822617 440.77887178143743
v -4.4494386475002727 -2.3634323310405989 443.91121860330594
v -13.101287509500168 -2.3268257841690456 437.03560104609772
v -40.145021581466125 -2.3460124626737979 440.63933521023301
v -57.866949719452577 -2.3516582288159498 441.69975013948834
v -75.513398337860309 -2.3425948300346136 439.99741902348063
v -92.995718310747037 -2.3198166382438785 435.71910957385484
v -121.97498805245672 -2.3430425558692605 440.08151304142524
v -130.25097394628014 -2.3709242863458257 445.31839365359633
v -138.93642457865027 -2.3447233217915482 440.39720257437108
v 161.10690218997533 -2.3928207722841535 449.43109687270157
v 150.26404730965734 -2.4149377002564734 453.58520457403267
v 138.7900736394682 -2.4081913928198446 452.31808068986413
v 128.06075107077166 -2.4051573975675637 451.74822112080494
v 121.9267439651066 -2.3611070102211897 443.47446567197898
v 111.34800473345479 -2.3795230663446318 446.93345783700397
v 102.40179193980617 -2.3943171814972857 449.71215964256737
v 94.438047813465062 -2.3743076805876626 445.95387902001346
v 71.507931083592894 -2.4020703121670977 451.16838990497104
v 62.952772135287418 -2.4172392300059755 454.01748895228684
v 56.136117798503577 -2.3814807385094809 447.30115723119616
v 39.863294819774808 -2.3731002408547965 445.72709188667818
v 13.346379414081895 -2.3839399106585688 447.76305076252174
v 3.7143086465944748 -2.4024241259010068 451.23484490084604
v -31.228615736710481 -2.372808944195981 445.67237914831105
v -39.972006183023979 -2.3978792130603779 450.38119752915043
v -47.751208259023826 -2.4273602687665061 455.91847109200194
v -57.227575493513115 -2.4044344950267487 451.61244209146844
v -67.504352568919671 -2.3821794485994587 447.43239231814971
v -77.951509084914392 -2.3851811502684086 447.99618635120476
v -94.947776246538751 -2.3720032938460918 445.52105802778613
v -96.868294118469834 -2.4268098117340742 455.81508160678572
v -112.8276585165531 -2.411772114471205 452.99062903867173
v -121.5355814224533 -2.3923263932991858 449.33824023586999
v -138.89037401389984 -2.3996343586126159 450.71085740165927
v 161.14868719863577 -2.4426455282139159 458.78942197934259
v 152.03322281767061 -2.4701312700022982 463.95192609304502
v 142.53106752811578 -2.4548559112637349 461.08283480443561
v 123.58642866433171 -2.4470052393960486 459.6082838854627
v 115.05710478124799 -2.4721651444032204 464.33393815742932
v 96.296237168146376 -2.4338883223650782 457.14460149141973
v 87.04291643324261 -2.4063033813379207 451.96346529992104
v 86.26266529203906 -2.4629707908578666 462.60701048830117
v 69.455280878963862 -2.4555424499114906 461.21178379262403
v 59.851949878887822 -2.4684403039474319 463.63432072217972
v 54.803621675477018 -2.4302048772586886 456.45275912961768
v 0.60654735718276243 -2.4555674675733599 461.2164827301159
v -19.618198557574203 -2.4671078116850822 463.38404562177925
v -23.265830563262426 -2.4105976527628172 452.77003599637385
v -29.038667125109697 -2.4640570010604961 462.81102770866232
v -38.544129082146043 -2.4517618973827666 460.50170224808858
v -45.97886477031517 -2.4796003956631694 465.73046278141521
v -55.428755683866569 -2.4577505735678642 461.62652418955975
v -101.77712655136028 -2.4826310402281706 466.29969300830567
v -120.98848480646868 -2.4425108874850139 458.76413311056945
v -128.6951421363286 -2.4819489993881234 466.171588819965
v -138.84469516092108 -2.4541021635451443 460.94126228555422
v 161.19322325592924 -2.4957506550492212 468.76388211424955
v 151.76391646108002 -2.5239876828784986 474.06749638269389
v 144.6014975848353 -2.5002312317809015 469.60544556874822
v 135.87142540707876 -2.4983788594149132 469.25752408882909
v 118.91538690642102 -2.5265060852735246 474.5405148234729
v 109.19944375876696 -2.5185284833382298 473.04212328921233
v 103.87255644323469 -2.4746122890089737 464.79357261777295
v 84.625636858835108 -2.5202896328904103 473.37291086183154
v 76.785653348895323 -2.4914227741167565 467.95099871856996
v 48.891756271108534 -2.4690300254811746 463.74508505473909
v 38.906577376250794 -2.489951197368157 467.67460010154355
v 29.576810959639488 -2.5125223538599926 471.91402318634164
v 20.72677238830758 -2.5370973244893662 476.52981227237956
v 5.8465405038639915 -2.5002134676880701 469.60210903146503
v -4.0952981823546963 -2.5065117022228947 470.7850737098538
v -14.662148362156728 -2.5138225733016384 472.15823665046833
v -25.09154362583817 -2.5151319665171172 472.40417317689173
v -45.475210954536436 -2.5245986412540447 474.18224952094533
v -53.90240410367349 -2.5105699338883483 471.54731028432877
v -71.535249378698296 -2.4729132855121634 464.47445761593735
v -77.119752816387376 -2.5043291166594486 470.37513000026968
v -94.448692628507331 -2.5238507714744287 474.04178102482388
v -111.38450980338709 -2.5109569523866071 471.62000195859378
v -121.20314134604391 -2.526469487964448 474.53364094099493
v -138.80089189904854 -2.5063334996557955 470.75160284730555
v 161.23726142656076 -2.548262098115913 478.62683371060859
v 151.28829392015797 -2.5740151629109391 483.46389810453354
v 122.05018254355831 -2.5765723609812881 483.94420333549624
v 112.07414055788254 -2.5676956130640178 482.2769298817866
v 102.41264146227658 -2.5597909694803889 480.79224173577427
v 93.076672148735327 -2.5440071652141683 477.82765176465307
v 85.066715851878513 -2.5765166145426406 483.93373277149192
v 64.188709819520753 -2.5595523516889784 480.74742339543741
v 45.287741497791586 -2.5817680582422895 484.92008416456179
v 37.525065942564297 -2.5468769421282218 478.36666705621928
v 1.6706484195161693 -2.550785472726659 479.10078605685078
v -19.676277540216773 -2.5672482880508483 482.19291114807345
v -41.135858801531583 -2.5620063593318605 481.20834690440017
v -51.727869982270647 -2.5622951926744122 481.262596970863
v -60.939598516146248 -2.5480336185497094 478.58391958046138
v -69.478618661635664 -2.5253146569995693 474.31673503930017
v -77.721923111258349 -2.5490623258389746 478.77713632730195
v -96.368987209718 -2.5786324248790038 484.33113443703792
v -103.8460222604152 -2.5419136246645735 477.4344329174761
v -130.16014722376971 -2.5375595175727881 476.61662359852062
v -138.75582838711122 -2.5600675673417186 480.84419367534861
v 161.27978577102519 -2.5989684435718914 488.15074319879352
v 142.44313585565874 -2.6023616256399578 488.78806696178879
v 134.24373466371767 -2.6365752635614967 495.21423686018295
v 114.59123851865377 -2.6167833427159053 491.49682317090276
v 104.70963221290602 -2.6077087260792382 489.79238506340164
v 77.694032314685671 -2.6156834101000754 491.29022854094592
v 69.669162199247779 -2.6009611053777348 488.52501451552007
v 61.42703681305106 -2.6153160397905708 491.22122728390116
v 43.83912074783386 -2.6305237161054151 494.07760613443963
v 36.531930120389532 -2.6036085543333343 489.02227110146293
v 28.271031624688135 -2.571169867856554 482.92948111350995
v 18.369423841317058 -2.5984021463704607 488.04437853691365
v 7.417391051240088 -2.5981789575949392 488.00245814850086
v -11.577660027894211 -2.5958634940306524 487.5675566542003
v -17.638531661589269 -2.626570545478728 493.33510262917446
v -30.770511179883101 -2.5613267921027614 481.08070732154829
v -36.907165635239494 -2.6075458208237592 489.76178741543424
v -47.715056862345875 -2.6064741560928155 489.56050219545716
v -59.28827074403145 -2.6067728284268128 489.61660026859147
v -68.992860053861733 -2.5783228568599839 484.27298988396547
v -78.563531750373443 -2.5986048969314766 488.08246012167524
v -88.332716214670114 -2.6149458711310558 491.15170042732666
v -108.26365239414494 -2.6499380062569458 497.72409141192963
v -127.68328518077837 -2.6340289798874323 494.73598162357052
v -138.70963774915649 -2.6151456284961228 491.18921981561653
v 161.32325560961866 -2.6508022032780332 497.88640904959061
v 152.5961124247078 -2.6776377372967204 502.92678801524289
v 143.7212998027596 -2.6537288057512001 498.43609759077049
v 135.90953213738419 -2.6844730917609354 504.21063714007266
v 117.07266278796055 -2.6662597560201107 500.78972089153058
v 97.384163068885826 -2.6464472439025144 497.06843965061353
v 80.146286804168057 -2.6714752348372599 501.76931718753087
v 69.243363008454992 -2.6593685177129487 499.49537539475614
v 58.380308267712877 -2.6692927439804066 501.35939126617575
v 48.172916345252759 -2.6737510505221849 502.19677182659689
v 37.634079745235013 -2.665266580422383 500.60317787777092
v 29.053883423172323 -2.6760899621529575 502.63607744943886
v 20.701865588801297 -2.6584521251707542 499.32325414349236
v 5.2644452794431515 -2.6944835642829617 506.09085219750125
v -4.4385618413338648 -2.6884804157506892 504.96331199021461
v -14.180514547069862 -2.6795240130815614 503.28107739821235
v -23.677185580977465 -2.6675585313213901 501.03366311028287
v -33.02920386782526 -2.657100821347683 499.06944576534966
v -52.827254029735144 -2.6518228075383945 498.07810384659331
v -71.854517579856349 -2.685841500791696 504.4676583005172
v -89.913138678191245 -2.6665186233068994 500.83834258941272
v -99.881151928350931 -2.6837454436371786 504.07396677252063
v -109.7934480365511 -2.7028179924764686 507.65626455440088
v -118.59718795446324 -2.6691547756541354 501.33347739210058
v -138.66759248775267 -2.6652807117379211 500.6058320893693
v 161.36802235167366 -2.7041824003431998 507.91253419702139
v 144.71462219977892 -2.7040781690013205 507.89295696546105
v 137.54950166482124 -2.7270531326684591 512.20822505455021
v 129.20684869054821 -2.7226607891985282 511.38323399529793
v 119.90097778461222 -2.7161883866229459 510.16755623845813
v 110.19257471887715 -2.7082042687957824 508.66794085807385
v 90.458451631822626 -2.6858455068745002 504.46841074224767
v 84.085836128253121 -2.7244811096441595 511.72513532948687
v 63.803066606439018 -2.7169332609444723 510.307462113253
v 33.745017343832188 -2.7191679334301284 510.72718903891121
v 8.6973633816689642 -2.7459109826884855 515.75019707240517
v -1.0115842488170017 -2.7388468297799022 514.42337392418199
v -20.409072943068679 -2.7207038506909953 511.01567240015515
v -39.039737259843179 -2.6987781839416698 506.89748830088308
v -47.296469038374624 -2.6884656894316663 504.9605460222075
v -63.99873381084879 -2.7241146634987103 511.6563076533979
v -73.80769320487704 -2.741371498356159 514.89756930924636
v -91.541780796051881 -2.7177258082787716 510.45632216241222
v -93.134323928284459 -2.7682190179888835 519.94019947052038
v -110.64926135517223 -2.75692914031805 517.81968038945888
v -128.54967702764404 -2.69197437896986 505.61956495334653
v -128.91835965906452 -2.747691743120015 516.08466805462285
v -138.62260310015697 -2.7189263930061429 510.68182175568006
v 161.412900689015 -2.7576956644600727 517.9636526375748
v 143.96334413576014 -2.7557285356319312 517.59417704745579
v 134.09182969217758 -2.7667887988947655 519.67156884690803
v 93.898177589565478 -2.7420791956751032 515.03049242073212
v 87.257915594851596 -2.7802907558696575 522.2075712936612
v 78.415636086055301 -2.7590963878359958 518.22674323363958
v 58.206991216600073 -2.7699396423728899 520.26337541129942
v 38.238661538004877 -2.7706417896728794 520.39525609155476
v 28.32077553582468 -2.763998872880336 519.14755153503779
v 18.427839255708051 -2.7547011179511287 517.40120252107454
v 2.4342410711697653 -2.789544251443715 523.94560730283956
v -7.3595124171993405 -2.7825750520711949 522.63661878411085
v -17.190791299830948 -2.7730360135226988 520.84495072119921
v -66.120714113392694 -2.7773580551366308 521.65673734799816
v -76.193767986586607 -2.8009371857723977 526.08548298063738
v -83.366104854316404 -2.7540019827034143 517.26988757895333
v -102.05584873704933 -2.790048830297053 524.0403797279796
v -129.06477526412274 -2.8026876194222154 526.41425784098988
v -138.57653632070682 -2.7738567643561396 520.99910808709728
v 161.45669373153899 -2.8099148149432835 527.77170443621958
v 141.47574501262497 -2.8072305651253942 527.26753573546807
v 129.15189434063234 -2.8075680409404526 527.33092206487572
v 106.56450110951255 -2.841389626595344 533.68345482242103
v 88.006971111655631 -2.8376885463960093 532.98830015272506
v 78.796526367442553 -2.8060169075251338 527.03958073239232
v 62.366443330828844 -2.8093249355572993 527.66091045510166
v 42.452364026982821 -2.8248070915163339 530.56884339151065
v 32.38835237439136 -2.8163647894530754 528.98316964595483
v 22.406196192678294 -2.8054648449643196 526.9358896891074
v -3.7806719053311042 -2.8349135918684283 532.46709485746669
v -13.874712149240452 -2.8253535032094419 530.67147306165634
v -23.946058913103116 -2.8141781660294214 528.57246752604874
v -33.941090394078799 -2.8010259288498105 526.10215113193499
v -40.984925976799531 -2.8386127674335171 533.1618917896094
v -50.717211964493742 -2.8205682378106189 529.77268151742055
v -59.330862245838517 -2.8087860004847585 527.5596850797665
v -67.119869593391797 -2.8319790552127984 531.91591608001181
v -92.595131518345141 -2.8747529518946635 539.9499149176761
v -93.511129141674019 -2.8210740330375188 529.86768240767196
v -110.91554607064583 -2.8669888277023006 538.49161979902124
v -120.06064345816557 -2.8336352851408151 532.22699714461623
v -138.53075173153499 -2.8284506499138047 531.25319403993399
v 161.50062166946398 -2.8622948157085943 537.60996790786999
v 134.01275954390934 -2.8863038458271717 542.11945932738672
v 124.50268434588457 -2.9040265499988323 545.44822279670211
v 115.61395281012119 -2.8710100673386592 539.24690835279898
v 96.659463397653752 -2.8674841513083607 538.58465385913382
v 79.058308261856851 -2.8594364648549231 537.07309871385905
v 70.624367347015038 -2.87143157520876 539.32607798665595
v 62.235426179212084 -2.855826406736071 536.39504024875896
v 35.820897032993344 -2.8720593835809609 539.44399597222582
v 25.936870617648538 -2.8576472507762105 536.7370399269912
v 10.176914113180118 -2.8776577131027921 540.4955011274933
v 0.6060245672275073 -2.8891102016436321 542.6465625636265
v -10.352442508079491 -2.8775393583812843 540.47327117491
v -20.839566118484669 -2.8666172973032076 538.42183717396256
v -31.026400749218681 -2.8542495152809693 536.09886091744124
v -48.238802848449041 -2.8749418178933297 539.98538863719727
v -57.821574934418038 -2.8566324690359011 536.54643874369754
v -65.698280144109816 -2.8869340831160457 542.23783352377905
v -82.863407362640089 -2.8972948934288638 544.18385070872432
v -101.95085935680274 -2.8461712038709379 534.581553645643
v -111.95628556912786 -2.9182397171167054 548.11780815043971
v -120.41792845142592 -2.8870045673281197 542.25107220722657
v -129.18836431558336 -2.8569183303565637 536.60013059073322
v -138.48532032304942 -2.8826234001873559 541.42818033981075
v 161.54592118022407 -2.9163102901507614 547.75541390525223
v 143.05030574380126 -2.9141369836391391 547.34721303177685
v 133.65015152937971 -2.9357890489918077 551.41400800184647
v 124.30292863597947 -2.9546527038164072 554.9570703059785
v 115.13143066157537 -2.9245028854820134 549.29418653237099
v 75.686632082975621 -2.9081447366355064 546.2217204019978
v 55.426637689349647 -2.8916281958613013 543.11950433856259
v 49.319492901599645 -2.9368178731554622 551.6072467005863
v 38.57894338451959 -2.9338041296123833 551.04119090486006
v 29.582346499400444 -2.959002276284366 555.77402791010445
v 18.90513593579243 -2.8951073936077023 543.7729839796209
v 10.379988970013159 -2.9202806850196907 548.5011525504749
v -17.720143371334416 -2.9181897870684566 548.10843004884373
v -28.249285921021368 -2.907891341581319 546.17412652515009
v -46.328331747551005 -2.9284963600675269 550.04426012086196
v -64.163230531208711 -2.9413733075163577 552.46287027476524
v -81.140904065304056 -2.9536599036342182 554.77059780456329
v -90.760328621622762 -2.9298733086594098 550.30288522273349
v -97.442811657522896 -2.9649194959571901 556.88542854604179
v -120.97668573947178 -2.9405638640494658 552.31083671277565
v -129.51551955422335 -2.9647369396226964 556.85113993796313
v -138.44007422541787 -2.9365751844166539 551.56166373535643
v 161.59184202737674 -2.9710666507409087 558.0400166995089
v 142.68880931003366 -2.9670491520828364 557.28543079425026
v 133.19318272405985 -2.9873331452176899 561.09526786568654
v 123.95108542310575 -3.0049903370542097 564.41172649338887
v 106.12248487817044 -2.9516653630524274 554.39597360712878
v 96.811881374547767 -2.926776973292192 549.72131663368714
v 89.099099775715985 -2.9642617545200096 556.7618883883315
v 59.464575866882925 -2.9452153537660593 553.18450186549103
v 54.259402656238379 -2.9884403496897676 561.30322833063087
v 44.453783413303981 -2.9859902780719949 560.84304410482332
v 19.961809474271604 -2.9509923479194526 554.26956467048194
v 10.748345209261117 -2.9637000959109514 556.65639496915833
v -4.6284004947747235 -2.9832348111353895 560.32549906255826
v -30.680946388414668 -3.0029102215720513 564.02102920690936
v -38.860301733407539 -3.0026575171482364 563.97356504758068
v -45.882082842081786 -2.9810991409767666 559.92436722977618
v -62.747031745545286 -2.996286869126493 562.77699932006567
v -71.889812841600559 -2.9759208096592147 558.95174815566179
v -88.421187849826026 -2.9883225547609982 561.28110352101658
v -104.52086916104324 -2.9997635399553246 563.4300043433293
v -121.11098606802599 -2.9949043399623179 562.51732604827748
v -138.39518430614814 -2.9901022589112927 561.61537610743062
v 161.63693578858579 -3.0248367878840554 568.13938226634718
v 141.82948720143401 -3.0212840292983856 567.47208607493872
v 131.78207755948426 -3.0397591078231017 570.94216411100911
v 121.76408447184967 -3.0545010362178573 573.71106394890649
v 100.15372482853194 -3.0413750215620894 571.24567279524558
v 89.705739438011207 -3.0289689284462611 568.91550076500016
v 73.631819206683133 -2.9998037065111021 563.43754861886464
v 49.811627425166947 -3.0303523892815747 569.17534902773195
v 41.580538915648646 -3.0423293543054797 571.42492015744233
v 30.87735939894381 -3.0544001800180922 573.69212065277975
v 8.922028882361019 -3.0473369561574373 572.36547200280461
v -1.1836786675163182 -3.0364009538883465 570.31141950037772
v -11.232675835446827 -3.0212534665552084 567.46634563363841
v -18.012414721906993 -3.0605082032664086 574.83935893322678
v -36.751490679635594 -3.0497397344023511 572.81677336004486
v -45.488397595516659 -3.0372357739839799 570.46821942272231
v -53.831231880944102 -3.0165384153203831 566.58074205110279
v -70.223281650009341 -3.0332291994253637 569.71568533430514
v -79.279097067163548 -3.0120139109430966 565.7309278951077
v -86.675992467741878 -3.0472008893577822 572.3399152825973
v -120.88665533689172 -3.0488993107314855 572.65892094727428
v -129.43989228540724 -3.0703083233776169 576.68006458994068
v -138.35118387897737 -3.0425686963939143 571.46987453871634
v 161.67971125650888 -3.0758425748248328 577.71953429326891
v 154.61186980960957 -3.1029199145928033 582.80533037682608
v 118.87957484253027 -3.1006780142702155 582.3842458840943
v 110.62332059373306 -3.0608360574289009 574.90093807763128
v 101.87757683951679 -3.0952134625842973 581.35786752491276
v 93.879562030928 -3.0780479836145105 578.13376477091174
v 62.228716949983209 -3.0926110256625634 580.86906531547606
v 39.933467004013295 -3.0939495097131839 581.12046582234143
v 31.564870117561583 -3.1059872608294654 583.38145408805826
v 23.121659553087909 -3.0979863906609353 581.87869220239463
v 13.009331083505543 -3.0955673318179606 581.42433294498983
v -6.4263488189986901 -3.1131431839778543 584.72551396372182
v -34.312805544411844 -3.0995041003085362 582.1637557222341
v -52.480693385492458 -3.0742709110040778 577.42433684135767
v -59.346970656000082 -3.1016203222582135 582.56123469895442
v -68.145450540759157 -3.0912414165322843 580.6118187465479
v -85.066165046628612 -3.1049077239548524 583.17869028422751
v -94.60878232718963 -3.0805496543337085 578.60364058793402
v -103.73463611463453 -3.0538397158015869 573.58685157015771
v -112.26472823854678 -3.0812312781304172 578.73166644517369
v -120.96042774280531 -3.1024886730582466 582.72433251934149
v -129.88189398208496 -3.1198214103749251 585.97985053984871
v -138.30847490494884 -3.0934951955189263 581.03513434702518
v 161.73120014979037 -3.1372383151415306 589.25117729530461
v 154.23756647744719 -3.1509099457618959 591.81904866158766
v 136.26664804111527 -3.1351686042075926 588.86243424107579
v 114.88267059575941 -3.1474569336805871 591.17048733798674
v 104.25756262178676 -3.1456122392097541 590.82400795723379
v 93.563844071013833 -3.1340484256885475 588.652036928283
v 74.49253700352385 -3.1504379736371675 591.73040058891343
v 74.037215988672202 -3.0997721493823747 582.21410198746912
v 55.996663158482249 -3.1386566831602067 589.51758199298229
v 46.258263538713067 -3.1396138077658406 589.69735373615367
v 36.699718091262241 -3.1455527901592859 590.81284195086619
v 27.027522218907194 -3.1470227472082115 591.08893634812171
v 17.527719258089803 -3.1442047041072101 590.55963794992772
v -1.3915496922105888 -3.1471549846486369 591.11377381968532
v -11.222573705821588 -3.1516387897435152 591.95594364088288
v -30.938536216916617 -3.1474459666999337 591.16842746697421
v -41.241508610345846 -3.1445371808524669 590.62208533005582
v -52.096381273496064 -3.137225680054712 589.24880411257845
v -74.751918443286741 -3.1362525389658913 589.06602407656806
v -93.779427128045199 -3.1402667006009324 589.81998320611365
v -112.63358859889135 -3.1407395895365653 589.90880347862276
v -131.77901186506651 -3.1651579758668049 594.49518214909722
v -138.26263308742509 -3.1481573205901441 591.30203737325814
v 161.77595735378674 -3.1906071389544195 599.2751662638359
v 151.80153895474635 -3.1908442461265167 599.3197008723937
v 140.25907435709777 -3.1911186281536175 599.37123662336012
v 130.61857024745709 -3.1913477976727336 599.41428034377009
v 120.28835285894689 -3.191593362730714 599.46040355309492
v 109.39865656541119 -3.1918522274575025 599.50902477012664
v 98.747242961413377 -3.1921054278404881 599.5565820828906
v 89.076700317573284 -3.1923353114214024 599.59975992183354
v 79.583928423718703 -3.1925609691197678 599.64214403522305
v 69.801395013858411 -3.1927935148924007 599.6858218998043
v 60.49329077389848 -3.193014782758496 599.72738149377324
v 51.182516272469286 -3.1932361141007277 599.76895301014656
v 41.751656298108799 -3.1934603000581774 599.81106069407542
v 32.007872196826526 -3.193691924700488 599.85456554753773
v 22.232624786118038 -3.1939242972737247 599.89821088098711
v 12.741111729813241 -3.1941499250477818 599.94058937381465
v 3.401116938591997 -3.1943719510009032 599.98229135535553
v -6.2815715802739192 -3.1946021233078454 600.02552342420631
v -16.353858876821448 -3.1948415569733015 600.07049500591529
v -26.4740735520827 -3.1950821299457175 600.11568057775025
v -36.77620169726606 -3.195327027279518 600.16167837189755
v -47.247654936873602 -3.1955759497294594 600.20843218273626
v -57.709220579726434 -3.1958246371362975 600.25514184661506
v -68.51167943106185 -3.1960814280956811 600.30337355869665
v -78.423674746269711 -3.1963170513756722 600.34762945550483
v -88.692600097412594 -3.1965611594282564 600.39347900306984
v -98.099259873543218 -3.1967847701099572 600.43547863595131
v -108.13889368698105 -3.1970234275521534 600.48030442368713
v -117.42029531224861 -3.1972440606563168 600.5217447936127
v -128.1179120689828 -3.1974983593588604 600.56950839803562
v -138.22105232947794 -3.197738526446301 600.61461773461087
v 113.6020469776191 -1.6117437285005849 302.72545280783874
v -103.15825239993089 -0.71025802960133433 133.4040764790077
v -130.60282535616997 -0.72718644618424833 136.58365303623535
v 150.52198998599721 -0.77582257546572464 145.71872457347544
v 5.4411264914692765 -2.1119175837134208 396.67051003030116
v 24.812592933849317 -0.75521253583559655 141.84764788237808
v 83.535020854558056 -0.7641767159886399 143.53134327879158
v 151.99129902587072 -2.2075452827696154 414.63176403480526
v -71.170283942539299 -0.813816069773452 152.85484526355188
v -105.66498878285253 -1.9459477320278893 365.49725486850917
v -95.982628494768164 -0.84639210081547844 158.97343196780696
v -115.10103010585303 -0.83707488747916159 157.22342818229944
v -24.059838429103735 -1.9544779526802358 367.09944190598452
v 133.42047236732148 -0.89125632815728295 167.400046755733
v -14.678974509078103 -2.4273840454000037 455.92293693356942
v 151.13566626347568 -0.54612569697036406 102.57595297680609
v 21.530652012020454 -2.4195134871597475 454.44465086053401
v 133.57302890297697 -0.58204070931645902 109.32168319608149
v 47.618190250246528 -2.4069656541080349 452.0878565543552
v -61.21581620377097 -0.52061466237904597 97.784347858879613
v -74.952500903638111 -2.4251378437537596 455.50104454556083
v -98.771504489734724 -0.53822631077770211 101.09225229921216
v 34.45880381378889 -0.56196976765517093 105.55186247628006
v -10.185009665390595 -0.54917336942406791 103.14838146356954
v 80.151810752394923 -0.56988552118986036 107.03863734671449
v 53.694130876907181 -0.56701573482354206 106.49962027977151
v 56.751833110168377 -2.5167344623625354 472.70516164785761
v 150.62814696675136 -2.3169132153637975 435.17377473524135
v -27.654154510767142 -0.60611486898238809 113.8434075601763
v 49.689770789347335 -0.70534906277788423 132.48205073870946
v 95.458158658382899 -0.63934113820897664 120.08412512518177
v -103.68307217476647 -2.3285421475806061 437.35797667056437
v 58.097778048590527 -2.3292902801235869 437.49849452016207
v -31.117867114876162 -2.3206615099392138 435.87779743596167
v 153.85848820235043 -1.5219433275321421 285.85870993501663
v 48.225758418833323 -1.1373580209992724 213.6240494212615
v 76.247189255283175 -1.5224741424837589 285.95841015021523
v -118.45872262723739 -1.4916256315256646 280.16429457023236
v -99.415869806325276 -1.1713223716820949 220.00339699245714
v 48.944474379330956 -1.5885326974308214 298.36584540469909
v 140.24224046842284 -1.1649152207767202 218.79997511790768
v 114.02959168599394 -1.4196293305140557 266.6416033142786
v 30.475936646599308 -1.2647089619779308 237.54371517925611
v 45.561508090378226 -1.2976991013541692 243.74008170098048
v 34.515022139879207 -1.4154238160644468 265.85170337948756
v 135.47049748539612 -1.2684948969460947 238.25480767943409
v 151.09304574699584 -1.8323937455899681 344.16899941781475
v -73.826734743519637 -0.91851985516086643 172.52081342064676
v -110.30772158700549 -1.777952552904992 333.94359297413183
v -5.7851605352603599 -0.93966520257902175 176.49243419307487
v 64.61771731809651 -1.8489816154151981 347.28461284638598
v 105.72660081627058 -1.8876126975345642 354.54048834336976
v -56.55534893677077 -1.7800518877155014 334.33790012722199
v 96.604095267345201 -1.0034361122766313 188.47019292282792
v 143.5715716066629 -0.9843310042167559 184.88177971166641
v 11.488169442756998 -1.0502840347273832 197.26939485936259
v -6.0091280851905822 -1.0485653327045839 196.94657998568658
v 134.36636666495878 -1.0764621594267965 202.18629604727488
v 98.232503974382908 -1.7241911471192566 323.84586737280648
v 149.82442000052652 -1.032831039837788 193.9912894835528
v 6.0236025283218737 -2.8384165546537474 533.12503816236631
v -16.009172346512486 -0.33131665120146181 62.229485670803143
v -104.65370208253736 -0.14394593135978084 27.036616603599697
v 21.242724460440712 -0.093636532806385731 17.587263590308453
v -28.603884236029245 -0.26292555471889045 49.383941255392614
v -44.926080255884955 -0.37517381620563128 70.466949170719715
v 152.66536300473939 -2.730957560339732 512.94157342368317
v 91.348450622246745 -0.095757573984883493 17.985647737759223
v 139.39859043256203 -0.40808305317847271 76.648120214218238
v 16.608296462367235 -0.25144349010793121 47.227324699636057
v -15.173906484645443 -3.1076442399860298 583.69267587634113
v 113.13765699816139 -0.090493712325496745 16.996963943811977
v 100.20318807539158 -0.39912599462508069 74.965762430885263
v 151.64985224279391 -2.9981508966217234 563.1271099223502
v 73.756242732446353 -2.7150291442330285 509.94982176170004
v -125.3542194988365 -0.13965945725158235 26.23151043665743
v 126.63445640818382 -2.6745240594742086 502.34196208289984
v 132.57160645558952 -0.31325796414859042 58.837616282054654
v 125.32603521932141 -2.8534736355941845 535.95313146593253
v -98.523405166674451 -0.32620643635613078 61.269660559869152
v 25.08998945523237 -3.0039949888125648 564.22477540320165
v 70.470587329468927 -0.30752753749601425 57.761300008880852
v -84.010230332219777 -3.1530522309743674 592.22142296558309
v -80.240336585637323 -0.41720335977100831 78.361140028829539
v -43.988348308916386 -0.045511576126841646 8.5482029477564652
v -111.87482307013281 -0.38625312758580321 72.547918679113934
v 150.85190272258922 -0.039536392702189005 7.4259152813854143
v 128.76967528776177 -0.044312646216440044 8.3230141701637308
v -103.17338148954113 -3.154857962806318 592.56058419624401
v 69.5761566373058 -2.9518192207443121 554.42487189822373
v 34.53922222865738 -0.042956379450629356 8.0682736282419683
v 39.859915528695453 -0.44841062237338747 84.222638066730866
v -105.13644883237939 -0.051025146685560685 9.5837882672200863
v 89.041209422939403 -0.18282274398120535 34.338646384409486
v -85.464642092120187 -0.045742738219928469 8.5916209229882838
v 152.01229510855251 -2.9429432126598272 552.75773740345517
v -68.226149496727515 -1.3030739321062583 244.74960824320581
v -131.11216723350432 -0.62180361115252936 116.79014251155368
v 67.690442293228443 -2.3129799860377034 434.43501670090944
v -129.38365129238966 -2.9108079165072809 546.72193164423675
v 75.104126307981602 -2.5526311039432699 479.44744138167698
v 41.352037842485458 -2.3152276233219027 434.85717873731852
v 104.63936945294344 -2.2967820647724011 431.39264528486041
v -3.1542151536947927 -2.3113935467100646 434.13704404227195
v 14.882237476453724 -2.3231506630248759 436.34532213090034
v 102.45742013634782 -0.67879723441257056 127.49495873230757
v 94.80566080460612 -2.5951142243862364 487.42682522873702
v 54.517911361351096 -2.5699938382379628 482.70859357877248
v 43.831533060265258 -0.65906783305428007 123.78928775361265
v -73.492649475643816 -2.9194356454822241 548.34243316345101
v -130.92701454187019 -0.99334379754179736 186.57460586766027
v 144.23611177366837 -2.3648170403766926 444.1713013654649
v 150.95623464376635 -0.72028839060084238 135.28802708585687
v -14.52393726212452 -2.969708133572567 557.78485347618266
v -66.228172519263325 -2.3269744154487171 437.0635176873422
v 117.00976966600047 -1.0403343638727165 195.40059986329311
v -104.96721822757362 -1.2069198491103634 226.68948627744527
v 151.04909052322705 -1.0898450428309161 204.69993352372879
v 93.506344047721541 -1.6365504430203259 307.38476914507288
v -27.299995293492003 -0.5046592823924243 94.787531711409827
v -71.647989772617763 -0.51912064030312877 97.503733452609595
v -87.524353176524187 -2.2180492676499171 416.60467295508607
v 72.963362443825488 -1.9354390630508078 363.523466158654
v -116.42557181930076 -2.6161643201134552 491.38055537080845
v 98.905005073037159 -2.2127752694710807 415.61408527135023
v 58.05245246883274 -1.6685174114321057 313.38895877908971
v -50.456124496718274 -1.0673183891715325 200.46886917478773
v -70.736021944891036 -1.0579278061209152 198.70508473694852
v 78.240708393069639 -1.4094106048158324 264.72227314446701
v 29.54366963515659 -0.88804881021439996 166.79759532099084
v 104.60140452674202 -1.4206707186403378 266.83720183687382
v 142.67609268116811 -0.90088208497297728 169.20800266033598
v -131.16816513233843 -0.8333037207404459 156.51510952194218
v 82.997861894606373 -3.1405202383394908 589.86760388261905
v 123.20988350382859 -0.88760403909827801 166.71405627249337
v 93.801915280500353 -2.4900058694499307 467.68486887468441
v 133.04051379351708 -0.9853085150627976 185.06538049649762
v -129.47041656358178 -3.0182269640063168 566.89789338014521
v -31.406227787344392 -0.94571451447700383 177.62864502555524
v 139.44205239495986 -3.0756595431389542 577.68515640240662
v 150.75652548126726 -3.0559802765892528 573.98890198440836
v 149.57760686939881 -0.93579692177456764 175.76587510219869
v -91.225329476769929 -2.4694157416411144 463.81753211756472
v 151.40569289922664 -1.4127323969746044 265.34618811161403
v 128.29365057025859 -1.3701628344181245 257.35056829137187
v -112.72836609136945 -2.3610659723358367 443.46675773913518
v -89.126539708568146 -0.79866978129098243 150.00999657071273
v -5.7871556049304615 -0.99401788759030296 186.70121670011545
v 93.247595812710529 -0.78218905604018119 146.91450755100701
v 63.963848301042134 -2.9965499948164052 562.82642085167799
v 117.42337030553523 -2.2225229346818196 417.44493859658002
v 50.518454268333045 -0.19508396057119626 36.641607009312537
v 23.280382314429687 -0.21044060909821383 39.525966536673963
v 84.039485292862423 -1.7962401092660798 337.37844969624342
v -41.985749727242677 -0.18895983527374938 35.491344364613639
v -15.748990965369444 -0.19325533956134677 36.298146623262937
v 2.7844553602151052 -0.19290657143562839 36.232639317774044
v 123.24532002995954 -0.17942938317764856 33.701289050458314
v -46.396525114519108 -2.7346285825909149 513.63108246509773
v -57.856037821200374 -0.14858843941351552 27.908594777220685
v -26.965199815023823 -2.7618233967080528 518.73894314546828
v 148.64516567601274 -0.18672902058233376 35.072342028431791
v 151.70663052063045 -2.8350551577870533 532.49368444865308
v -9.4585269073179745 -1.158379630512286 217.57242914568866
v -94.857411060646257 -0.24196771098434056 45.447538325928889
v 134.7131244151484 -2.8421363264497472 533.823703577571
v -42.012478906227358 -1.1671944561313694 219.22807205577308
v 143.5256702179897 -2.0212971828735817 379.64975084087752
v 151.16105425978145 -1.7792640088316034 334.18991692887681
v 135.06992462019238 -0.25916500442724555 48.677616627148836
v -75.136531708410303 -0.048058860754963462 9.0266461883423972
v -125.04363461898956 -0.049017825305213591 9.2067635187625569
v 151.30032207441613 -1.2991108406764624 244.00524136502344
v 123.7191978525331 -0.089055391009765117 16.726811522011644
v 151.66820211795851 -1.9392080744655686 364.23137999569798
v 47.119515871993713 -1.9045451369398734 357.72082048642875
v 24.671940953654826 -0.043816999054342887 8.2299193381883811
v -4.6300409016684227 -0.051285240115021224 9.632640265101486
v 5.4726013235498385 -1.8862595380176117 354.28633141988138
v 96.041749797182149 -1.8680928749524242 350.87418145761177
v 70.485820925825763 -0.18251671821724358 34.281167154732742
v 95.393457932822145 -1.1881770953699515 223.16913219595773
v 127.06088308910023 -1.2801647161958272 240.44668921376154
v 20.317767967747187 -1.1777537106319187 221.21136198174753
v 51.972605355006976 -1.9430710040311396 364.95693399117437
v 134.42537704306275 -2.1545110747772469 404.67062421779343
v 151.88146852398665 -2.1543429212940737 404.63904082246114
v -5.0709916766791991 -0.4044320853737986 75.962377895319179
v 12.621991190194422 -0.39896938916473346 74.936348040700977
v 53.044858697310204 -2.829861832074414 531.51824905520493
v 48.188816285233969 -0.41301065803685333 77.573646639828382
v 48.611927396381319 -2.1478689652100229 403.42307127820044
v -43.251292968153507 -2.0883262241579814 392.2394675032121
v -27.17874113598441 -2.0909145827926068 392.72562546110413
v -123.76881234845584 -1.2792082655180366 240.26704405093193
v -121.70282814859158 -2.1302733893060122 400.11818565107041
v -84.482081784986178 -0.36969212852528699 69.437352246697031
v -79.254647083339989 -2.1205257622790441 398.28733949769793
v -40.515768193637001 -1.6823906367677068 315.99469463360339
v -38.366020421346263 -2.8936865386166915 543.50611216687389
v -96.190309580967636 -1.630164516991556 306.18533382886295
v 12.367592498023583 -2.7960148985881119 525.16095534616511
v -102.44884147551201 -0.28186862463508078 52.941919683687615
v 18.864932152332955 -0.30703615632114634 57.669006435135231
v 93.535148179518814 -2.1246768927844641 399.0670247787387
v -50.040380935580629 -0.69706902527587999 130.92685430285732
v -121.14742332465786 -0.18721805915902223 35.164195604115093
v 118.49282459411106 -1.5040174580983035 282.49178698976669
v -94.410019458107683 -0.99268760441520953 186.4513565211048
v 126.85969761085936 -1.4717838612889977 276.43751792876782
v 25.000945810683874 -1.4905724482011351 279.96648061683419
v -131.12235472325003 -1.3059010679168068 245.28061447779803
v -104.36996728287178 -1.3043906647167205 244.99692329004432
v -119.79114128450792 -1.4322645103466698 269.01480351262188
v 133.87942370351021 -1.7250894318971746 324.01458753675666
v -103.31155801530494 -3.1084711013014612 583.84798094235452
v -123.37444074171285 -1.6071759860538464 301.86751746981707
v -106.39424624224316 -1.633502778670902 306.81234218050616
v -55.688562635869204 -1.6334947294463404 306.81083033646502
v 82.636598904002938 -1.7395604173451034 326.73259756827241
v 32.843766508281504 -1.5241142268369572 286.26645867535768
v -82.33386492154699 -1.5210845215127051 285.69740486118684
v -20.993590950005057 -3.1495281250838616 591.55950846108044
v 150.62634775118701 -0.88014625551886638 165.31329951997344
v 36.443599584327202 -0.84883524798942744 159.43231561129554
v 14.839011478711285 -0.85075165946955167 159.79226522538289
v -113.08571205937673 -0.88744861857276192 166.68486444246767
v 127.91181740144695 -0.93778538491369545 176.13935780512872
v -92.289469863289014 -0.89820076234423141 168.70438375830142
v 29.976923214819493 -0.8021767060502043 150.66868403256316
v 5.075768517994959 -0.6696487343980948 125.77664349370991
v 150.53261768014576 -0.60269018856473622 113.20016762579309
v 93.442276814823074 -0.69268822789427986 130.10403188540766
v 134.81699732014999 -0.72207350127320069 135.62331515124296
v -59.11195643889468 -0.67152621833605508 126.12928154975052
v 65.180695719237633 -1.1609421308821766 218.05373028003189
v 34.907781367673977 -1.2083863720250747 226.96493565910771
v 118.08101040329063 -1.2008747198703986 225.5540610519127
v 74.967449475043324 -1.1654144493330705 218.89374262456036
v 101.83160845305257 -1.1505442129290486 216.10074335974113
v 61.523667586552889 -1.2477206456279646 234.35288795992778
v -96.941952772584443 -1.2198119079453136 229.11093472450253
v -66.70345839711112 -1.1089362366632258 208.28573329781105
v -46.262582625009713 -1.1164849575663993 209.70357033549607
v -16.552679410951384 -1.1251240517351562 211.32620652003516
v 11.337814052161832 -1.1058949849420969 207.71451078388688
v 51.717590218112946 -1.0863288154359907 204.03949879613145
v 141.87998791835474 -1.1138121304074957 209.201547093437
v -131.38020401950311 -2.5868158619370547 485.86818691325777
v 22.507327748241437 -2.1411461434870489 402.16035859365303
v -106.14103079524872 -2.5968952600398438 487.7613479045142
v 151.97120290900571 -2.6254041296211312 493.11602079724503
v 134.91618882375019 -2.2084205839663582 414.79616731210086
v -128.8223430705651 -2.164227225491004 406.49555833874041
v 134.07898388634402 -2.1004746490503976 394.52124304941975
v 39.432688607946858 -2.4325624139206639 456.89556299532353
v 132.65274103688205 -2.4503767520926658 460.2415376029694
v 11.531105941976676 -2.4463924288800172 459.49318286930077
v -64.833225817128209 -2.4373320801928458 457.79142463664527
v -86.407652843567803 -2.4145237810770368 453.50746028453591
v -14.105863610973728 -2.3804234624693663 447.10257456428758
v 46.977207431380947 -2.5274879381505002 474.72493114941892
v -8.6700258222485616 -2.5538845672862749 479.68287289066188
v 67.160680983504434 -2.5088279648965113 471.2201252967177
v 70.198443260607448 -2.2611284682340056 424.69601543889377
v 113.92871693323661 -1.8499224474992957 347.46132444987455
v -7.3934909810375586 -2.929520558645379 550.23663001986324
v -24.873320016912089 -2.9591844444709636 555.80824361436112
v 79.739335046632874 -2.9519360535252304 554.44681599260321
v -112.96720286171146 -2.9718269850692423 558.18282634706748
v -8.070304395084321 -3.0705453652149117 576.72458692700661
v 107.23970914543361 -3.0061395414537628 564.62757558655767
v 102.8998028340738 -1.7729224665368406 332.99881797887411
v 47.503771212126992 -1.9952794673353083 374.76297847250254
v 69.213366531859648 -2.7699964614195665 520.27404743771717
v -33.095730214197232 -1.9404624151853795 364.46697629780357
v 107.39102847774929 -1.9436773661363986 365.07082383584219
v 15.233288147476685 -0.04906832104404657 9.2162478711193785
v -45.689911039630658 -0.56272813162246393 105.69430204116708
v -7.0588479328901883 -0.19277384834242639 36.207710628569288
v -55.146747581546265 -0.47151609432665964 88.562418849310887
v 122.69224299851263 -0.32518679942637618 61.078147451546187
v -29.629358054130279 -0.41394698091124837 77.74951130186696
v -110.61027613593703 -0.18888461556946368 35.47721623827394
v 94.231945729141358 -0.44234905387742174 83.084125141112025
v 95.195694252285563 -0.14931319481422634 28.044721819626972
v 80.483006665127917 -0.27995999118081727 52.583430975795551
v -130.36626657250085 -0.46392410355991842 87.136454657892841
v 39.027048868020017 -0.39364031055566784 73.935414885845944
v -90.03851078014722 -0.093029936505786281 17.473329757953479
v -126.08602110034369 -0.32392129289877403 60.840453933766071
v -15.09878725045715 -0.053306289345186997 10.012243444274588
v 38.833628169021551 -0.13876845286984008 26.064157711675534
v 118.06082672137426 -0.044558656419781073 8.3692209888339448
v 55.915944306664315 -0.23519240274549702 44.174967371727519
v 143.63928191764842 -0.51752408063083521 97.203859942210727
v 54.251391652058189 -0.049476666965006189 9.2929453644082969
v 71.498433666881354 -0.26365543814802095 49.52103146871903
v 65.100934337231422 -0.13858683275975636 26.030044949778073
v -78.447575661031976 -0.56185641772088957 105.530572546896
v -94.555887972040921 -1.3219867596969834 248.30190641259767
v -105.17258522482936 -2.434659131624926 457.28937859094901
v -23.876593376305436 -0.98829419912169669 185.62616602504545
v -20.271728123409247 -1.1827081577167746 222.14193004330468
v -103.24026904765307 -2.2247450510164981 417.86230716561346
v -8.0135154210857991 -2.6399761082847704 495.85299985989172
v -106.79546902187232 -1.0788816067461084 202.64072827017202
v -106.3553167699782 -0.84139355191007326 158.03458049035547
v -85.753904762513088 -2.7975187573806011 525.44341733181
v -124.66865167855426 -0.54371168368692224 102.12254140064186
v 21.35397267584429 -2.4767410720234011 465.19341087405689
v 106.63985943318534 -0.84433165471011762 158.58642907820399
v 50.668913411447548 -3.0844827686163399 579.34237701424536
v -47.865022246670009 -1.2133647304638089 227.89999486607348
v 132.08935837415578 -0.17622243824689576 33.098945241628059
v -69.88735829451241 -2.630901454374623 494.14855475149238
v 129.1862070908858 -3.092294148289966 580.8095478844873
v 123.6082974598993 -2.7658554916208118 519.49627058941951
v 37.720536379728344 -0.96235299578165723 180.75376454542493
v -79.384234332122844 -1.9776860703570946 371.45850210166196
v 37.971282556123867 -1.1510745650791705 216.20035664934102
v 11.23493776844299 -0.34382023176368648 64.577968261726085
v 56.941548592417547 -1.8868382514539235 354.39502815867644
v -54.838805454177958 -2.9616502353708825 556.27138031129994
v 146.27355343812332 -3.1096448812859308 584.06844593997289
v 142.05982235765418 -1.3117544025116104 246.38001591135324
v 39.130514850603589 -0.79782452660947456 149.85123677430212
v 85.306894667659193 -0.1379885266611609 25.917668223008008
v -55.115927038663841 -2.7643948781280301 519.22193114379343
v 133.43616002516342 -2.3622159414206862 443.68275045916954
v -77.331153736306703 -3.0722779149589314 577.05000274622307
v -72.174157035682754 -1.7441897037178364 327.60209238223769
v 50.876827294961302 -1.4815089562603703 278.26413200316841
v -110.93100061789048 -2.8120617906096754 528.17495972382153
v -12.998542337746073 -1.7329348759078016 325.48815653448872
v 78.814117069195589 -1.6873015968880622 316.91709476451121
v 124.99906779986081 -0.27186786857907919 51.063529619604196
v 129.49737479496417 -2.5382803645126728 476.75201653501802
v 114.15671266092947 -2.0516222658302468 385.34555365813475
v 151.91337322716953 -2.0476517807449 384.59979806804239
v -111.08103513541343 -1.9946285617814965 374.6407222632476
v -65.679744583151773 -0.47101371793411317 88.468060100926891
v 133.25507141384963 -1.8882698283165382 354.66391380487374
v -75.680240424132165 -1.8268964993139321 343.13648020356499
v 24.57381375466781 -1.6836883524439941 316.2384378284907
v -55.096464339789321 -0.37598080306867132 70.618521321558376
v 121.84098976850963 -0.4652886922992252 87.392758272841149
v 74.765104131230459 -1.7777216314718203 333.90022020078214
v -101.09296236234965 -1.9016129498975261 357.17008302460926
v -4.7613006942175389 -1.9754268465596851 371.0341638306673
v -101.10906493036154 -0.40567966439238035 76.196704182209487
v -67.218755370349896 -1.6390045195741436 307.84570559721857
v -14.77732989925363 -1.0702873517186617 201.02651398863392
v -56.513631348594942 -1.113791520949917 209.19767612605816
v -36.270393793018002 -1.1215715159651154 210.65895217894516
v 91.757526860901848 -1.1383503644758548 213.81043614205177
v -131.2620317701537 -1.0442263078793985 196.13160349053703
v 5.5609367702487873 -1.1969120129084558 224.80976638632126
v 84.083935443559923 -0.7112261343701789 133.58591056922444
v 65.128464675755083 -0.72829566240983468 136.79199135840145
v -34.042827040504193 -0.88338894625064768 165.92235727694421
v -55.734272711367652 -0.88512812769522498 166.24901869402598
v -5.933217675625599 -0.88586339259586566 166.38711968119398
v 144.65533721055078 -1.2561911817127793 235.94386475508955
v -89.384471693862338 -1.4320759258880003 268.97938267329499
v -5.9189201294778684 -1.4301629876258062 268.62008541568872
v -46.064038072998358 -1.531595323858653 287.67159427063604
v -25.878907516287285 -1.5564227830663526 292.33480697487772
v -105.21431949603252 -1.2527369591757633 235.29507607788636
v 23.883526209189654 -0.65805717936558494 123.59946192079133
v -37.280047023642226 -1.3188954004887137 247.72127246964209
v 78.428843963424868 -1.3565368403401408 254.79126859982756
v 100.43408055640204 -2.5168615252102313 472.72902720254774
v -85.227931347476954 -2.5120930229535929 471.83338419223196
v -36.674915675910967 -2.7493854557090458 516.40278929275996
v 7.8982992485335899 -3.1427422113337116 590.28494552875713
v -36.457484073122458 -0.081169875500108901 15.245716102748872
v 152.15136763084206 -0.23300265309717361 43.763678069273482
v 65.961759762022226 -3.141760025887379 590.10046673804891
v 152.34410231689665 -0.085375066483265982 16.035555282516384
v -6.0323354380279852 -2.4152023906565319 453.63491999702387
v 78.48127397337403 -2.4361301056086404 457.56566399377687
v 102.47516650482947 -0.26393159782628572 49.572901106674323
v -18.674977026892577 -0.27898029145285363 52.399419064641648
v 2.0812428805063234 -2.9457134341193409 553.2780537111305
v 141.03917943824047 -2.5477447832903977 478.5296691539761
v -98.188730042620108 -2.6316617970305174 494.29136596318642
v -95.743429611302304 -3.0230264979043113 567.79936490246632
v 78.931930006332536 -3.0465299491519318 572.21389606872549
v -42.69092806753838 -2.6499785159925864 497.73170014516711
v 60.478796885430882 -0.1866416697139357 35.055935368524871
v -95.325283143720583 -0.04959039853952163 9.3143069753023155
v 28.280323432794972 -2.6270270770731372 493.42085058724774
v 1.7222639283846206 -2.6444461451924894 496.69258367399664
v 35.138545482983204 -2.997155601973418 562.94016889832369
v 120.36016210048024 -2.312113019791127 434.27217893400422
v 94.970245053851485 -2.3190540419108174 435.57587506569365
v -116.95150427873838 -0.33108511284086717 62.185997023179112
v 153.13391874376376 -2.3661331466128104 444.41849876367399
v 140.58718980602254 -0.35192042404349877 66.099385303641839
v 44.690037560899086 -0.30513002377665543 57.310987460133816
v 16.19394420137462 -2.8441455416078156 534.20108402445703
v -29.087502482032022 -2.143673594988968 402.63507668116819
v 13.113212485814898 -2.1535077201972399 404.48216933864063
v -58.030707363145638 -0.72716674918382296 136.57995345093826
v 126.66365220722895 -0.54478401637385332 102.32395207931251
v 52.244453450510306 -2.6237077932824491 492.7974067538446
v -44.307375207281126 -0.47058864982165005 88.388221765257384
v -6.4396704834117315 -1.830731262181132 343.85674379439462
v -26.869607243829648 -2.6130019136560918 490.78657699210453
v -25.886150190098334 -0.66307895167432207 124.54267532946437
v 110.07704138433709 -0.13412492238319373 25.191987499795346
v 117.35110913593928 -2.8139762691754981 528.53454628865779
v -112.55740476307855 -3.0257977246465089 568.31987002714118
v -30.994309493694914 -1.9877388071751056 373.34665544229523
v 14.104268195894036 -0.6607670347220278 124.10843997687127
v -64.593375837581362 -0.18369029998962105 34.501594923222513
v 45.801592741551332 -0.93253761453797779 175.15369635341881
v -59.86225209149552 -2.1822669820071496 409.88387210309367
v -5.8352608864232991 -0.84096994237427225 157.95501611155728
v 2.1840154665332818 -3.0924594161577943 580.84058928968079
v -44.787188989253224 -1.0186226115512227 191.32259419988756
v 108.88266842454067 -1.3779967147054322 258.82196533501377
v 78.47760126758655 -1.2200357356591667 229.1529751214006
v -80.022912139744449 -1.1930689828253662 224.08795000728568
v 116.76537481675103 -2.1060036356432192 395.55972388249853
v 43.279281806468845 -2.7209387972600894 511.05980119385606
v 19.558181008008575 -3.0505377567026244 572.96666174361008
v -79.950784938518694 -2.6499486746853904 497.72609520742981
v -48.778464017421044 -2.3743301707711453 445.95810323436228
v -84.078364800355956 -2.8430986014429322 534.00444269129503
v -64.989060660802039 -1.3502121111521319 253.6033275683447
v 37.884612651774901 -1.8236764712588069 342.53167905942877
v 125.34821979567978 -3.1425151291839484 590.24229386809338
v -128.56881738452009 -1.66352052079543 312.45041876565216
v 22.811574671309472 -1.7351443803665347 325.90315628036677
v -130.36262140887683 -0.41354043915970351 77.673152676348536
v -130.20954698409943 -1.201301854398821 225.63428751176136
v 70.984254742783691 -0.92688785966311116 174.09253224123708
v 44.747123348713799 -1.1915504460416741 223.80273113079085
v -36.036392665499449 -2.9515455648184457 554.37347252710015
v 77.612562437750341 -0.34017487939530611 63.893280661050539
v -123.23606948338997 -2.5788952842513595 484.38050594759511
v 76.914118985680815 -0.46114835045960945 86.615099370863163
v 11.536133315016542 -2.6479092351929125 497.34303788080615
v 53.411682085690956 -2.7213730318352987 511.14136121862941
v 43.981312588112203 -0.56045803745956846 105.26792204587218
v -107.57552993593148 -0.52729372968980215 99.038842379458401
v -101.40442250053704 -2.9054670077724154 545.71877649828684
v -75.832581712927237 -0.72611129343880521 136.38171268060748
v 122.67670854478718 -0.98728364736462026 185.43635933750633
v 41.566894002380025 -1.1000678329297671 206.62002708879999
v -86.742221289763734 -1.0918462503625506 205.07580993972982
v 12.569799947627672 -0.4550392410607742 85.467657084422626
v 36.50878307064707 -1.0637498823954274 199.79861508256232
v 6.6022545106319512 -1.7458353724902622 327.91118979983247
v -36.164380893161535 -2.5087959673086857 471.2141153559935
v 150.0338847818326 -0.1324218784908453 24.872113611449379
v -32.802429165091922 -1.8531740652484245 348.07205892214887
v 79.581286948237491 -2.3865805794587232 448.2590338670957
v 124.2563623946691 -1.7461812092289506 327.97614651812574
v 142.08961137686842 -0.29746031713409593 55.870426299446564
v -76.38525074736873 -1.9291681462783572 362.34563243367603
v -115.11294122367357 -0.050463138548821007 9.4782291980787932
v 24.044665667386198 -2.7134290739216453 509.64928886619475
v 117.16474767761059 -0.56210094985539172 105.57650174757583
v 15.407335289985241 -1.5565726821698149 292.36296174487421
v 68.143366015385752 -1.9798502553770732 371.86498973277384
v 107.57682743600978 -2.7948954765694793 524.95070012290375
v -96.05190800077844 -1.8566214920832067 348.71957119791199
v 11.499382183604496 -2.5499571582273006 478.94520804685283
v -13.038834908141837 -0.14853264504313302 27.898115210437879
v 87.420149918547054 -2.6319858318492493 494.35222774008571
v -51.348388437487586 -0.59947671457160823 112.59659749707981
v 125.71668278376653 -2.4900851070880776 467.69975166868448
v -81.438454178718786 -2.4635982270281147 462.72485856513356
v 53.39457424407388 -0.95239141979197939 178.8827334696945
v -54.503733455638383 -0.28110952178997195 52.799341339219808
v -62.591647231772072 -2.4917098277948639 468.00491451992264
v 4.027720545136134 -1.334995523548514 250.74527495671839
v 135.68143434614876 -0.52644093366501465 98.878666131712123
v -71.669847761453951 -1.3927753966061118 261.59776839302486
v 134.50317872238384 -2.2660162757973694 425.61406694527244
v -44.95315303509301 -1.3656987485044283 256.51210222154901
v 134.04815280877546 -1.423411039342966 267.35190204067629
v -12.284724931897671 -0.23944986716924177 44.974624800326836
v -35.326999011411118 -0.30114101388016934 56.561752450988564
v -94.030244371296959 -0.28875866759665314 54.23604066491859
v 115.26527455763673 -2.9753303811407932 558.84085103386087
v -28.005519936919711 -1.2265809466778137 230.38232810991315
v 8.5890991666881575 -1.4785445310686214 277.70733941721977
v 45.696679351894034 -2.8814901285555266 541.21532381564771
v 125.91609590633618 -2.1839173603988229 410.19385410400827
v 85.859501950260608 -1.3218255268684516 248.27162288787542
v -112.9341484931517 -2.219946136932208 416.9609520596627
v 151.31990698856097 -1.885523784365887 354.14813863311662
v 59.023367350275279 -1.1223571733414701 210.80651812306604
v 86.735488279709699 -2.9017605570766705 545.0226131161578
v -74.947215281338202 -2.8623678841212836 537.62369196830559
v -68.82689410454816 -1.5880419554069363 298.27367187936972
v 129.42366421957911 -1.1806693286916925 221.75898737762029
v -67.694037118790391 -0.23360043961770316 43.875957206390581
v -114.11494165771555 -2.3111445013421417 434.09026714440671
v -89.706113577008495 -2.2699697199608408 426.35662182752895
v 107.29324266249239 -2.6575227772839867 499.14869955713925
v -90.895701060473499 -2.1269392922419001 399.49195951746736
v 117.80482075440337 -2.415201886046475 453.6348252187413
v 62.072693784311909 -0.9412574889958023 176.79150508007731
v -119.07501826233042 -2.4849357593318473 466.73257642637452
v -131.57336286499387 -0.18591597882721089 34.919632618659762
v -50.486764076706407 -1.9897990090689746 373.73361246292774
v -93.246116329247059 -1.7213704350454577 323.31606767531883
v -14.291909560174815 -0.96628890636941378 181.49302618723084
v 138.32679138226172 -0.94006531705372254 176.56758561657989
v -98.198362328683601 -0.94217201418939567 176.96327559697875
v -6.4220246852732146 -0.35051308833664052 65.835052747800489
v -60.137461719920367 -0.4231690063789415 79.481636444440767
v 104.63129770726678 -1.3334364801620495 250.45244793543011
v -44.432307559467347 -1.4289220980965069 268.3870155808192
v 54.255994499514813 -1.0350502856757657 194.40811890211234
v 135.32881242420098 -1.9948842680119014 374.68875023632182
v 65.826429699486923 -0.77460853125199947 145.49069695478923
v -131.34425969553317 -0.8864615359580057 166.49946584203903
v 55.156950778715697 -0.14334641858545183 26.924013233182762
v -50.800084850892318 -0.9743141730800744 183.00037034865429
v -42.676992790796589 -0.6645947275902131 124.8273756465139
v -105.47744197640245 -2.950285648951251 554.13682907401881
v -65.011368815172204 -1.0154996843969002 190.73603101359154
v 109.60429085789814 -1.524684279081896 286.37352862756671
v -100.57595971598468 -1.0357542759675198 194.54034574192931
v -83.234189558000338 -0.17569927510010075 33.00068222518442
v -9.5917812164212251 -1.2713722191660963 238.79524016661901
v 96.900448171820273 -2.2650431123635144 425.43128271230563
v -63.507369519903222 -3.1443567693116847 590.58819956742855
v -104.15115054996895 -2.3862257493873358 448.1923879778625
v -80.044600355616012 -0.82256046589930065 154.49725976773556
v 107.74139717191161 -2.0876403838199167 392.1106496748942
v 10.532709470991307 -2.2057422979886496 414.2931187684672
v 3.7415197713368116 -1.4319147667237644 268.94911298456753
v -43.945334610150951 -3.0927695864877478 580.89884697166349
v 143.30841880537966 -1.0675646421309466 200.51512158907676
v -54.403146390106087 -0.83366983715518472 156.58387526644637
v -32.16408005433891 -2.4195519710673352 454.45187909300614
v -119.9040674633612 -2.779000843943038 521.96529383654547
v -29.460231687131284 -0.80069279297413232 150.38996834722906
v -95.20238419845316 -2.23234269910904 419.28933394313657
v -55.043891518313018 -2.7064964708505954 508.34717404068431
v -70.935196654688013 -2.245616778657336 421.78253535649429
v -50.916797135360952 -1.5835007928854452 297.42072891065328
v 140.84689331471057 -0.80511854901294555 151.22123511574785
v 135.28313037457133 -1.6729707290984948 314.225402304954
v -111.58257435385175 -2.4619357919909817 462.41261202712599
v 107.78776049567472 -2.430012195618815 456.41656873803106
v 151.84881787115353 -1.6696560654973496 313.60282625778626
v 29.503924930870994 -0.079383348859892067 14.910162083504815
v -58.186455600702573 -1.209476233288683 227.16963863928686
v 30.911703571008644 -2.3962143462331369 450.06849424065251
v 124.47900600856295 -2.6255718511338841 493.14752305779848
v -108.08567495191139 -0.44154982490698558 82.934010114954958
v 97.932505688054533 -2.9864107308596886 560.92201556802092
v 68.569607242456286 -3.048059855748761 572.50125047817278
v 103.71195635256885 -0.35169824539860883 66.057654642801282
v 106.34220598407288 -1.1962783649408948 224.69075157986444
v 81.539146105789953 -1.1239286321316513 211.10167706516
v 143.14273714831623 -2.8616588540932639 537.49051854097138
v -38.421997628456381 -0.24565014557435916 46.139190887668718
v 92.639207484192681 -1.5348848423408867 288.28944744074732
v -0.21546123362773528 -0.70786567727571992 132.95473336803832
v 84.30699986350335 -0.42758811869151714 80.311655356376946
v 69.029319165318583 -1.4352912293441591 269.58329642053326
v 65.234609550180451 -2.9055715995247624 545.73842142385661
v -19.2131478851841 -0.57935559632818467 108.81735237049688
v 123.94664688714565 -1.4183993824094046 266.41058855037312
v 134.79473220177198 -2.0487250404008819 384.80138285451193
v -17.364924888021676 -1.3610790329991005 255.64440505390934
v -121.54115682688266 -1.9166143560797764 359.98771922755117
v -92.612733572601513 -0.69485121085318724 130.51029373961009
v -129.87650383653542 -2.4247270507992198 455.42388743866013
v -106.03823824160256 -0.23582900906956183 44.294537830912333
v 30.601807389144568 -1.9188508025098372 360.40777934395595
v -14.81093604858674 -0.6617325155075946 124.28978121793202
v 2.8446573472484999 -1.6939175138218729 318.15972807779116
v 114.40539303966727 -0.61217300961396859 114.98127664781435
v 67.262353309997835 -0.44618651611114046 83.804895739932306
v -79.573259799588811 -0.32108180782842055 60.307128201845245
v 97.375217093160146 -0.58521300872104121 109.91751971569806
v -48.973776796321062 -0.14276710256399383 26.815203313957795
v -61.233257805241891 -3.0510843764359379 573.06933048888527
v 111.8331641867898 -0.8892916978301173 167.03104044606016
v -36.934893158922876 -0.76816888158924712 144.28117100746658
v 105.92913965586214 -2.8964539932828188 544.02590880209686
v 110.07427942501045 -3.109273483108268 583.99868814938623
v 96.851386167346647 -0.049716154009388447 9.3379269720077218
v -1.7362360287382614 -2.2607163368148804 424.61860693512352
v 46.772638081164999 -0.82201817690895496 154.39540444344161
v 52.461359021995008 -0.33011607614440663 62.003987893842293
v -18.745023192895445 -1.6036672839703101 301.20849618237565
v -55.92487623509075 -2.0414075719003222 383.42698075442132
v -27.555953173533339 -3.0542837055145355 573.67024385175523
v 114.03062676963941 -0.27869392563536621 52.345632460590934
v 89.306189833402044 -2.230238980546801 418.89420341272427
v 126.30565505398258 -1.6908024687822376 317.57464534816614
v 5.032129169599699 -2.9980301812590824 563.10443658280383
v -37.935508029898614 -1.2170611523383741 228.59427458682998
v -88.457142311027724 -0.94947237449309796 178.33446435330453
v -9.5687624508034617 -2.4656209256238526 463.10477153607223
v -82.966060884741296 -2.0265712397446123 380.6403495484613
v 127.63227833207759 -1.2314585887388603 231.29847028279835
v -121.41748505205689 -1.0216971007764641 191.9000595415624
v -118.42840466352376 -2.2617218745302807 424.8074718612508
v -14.404083694897963 -1.9676371176387875 369.57105950884073
v 70.556338229516854 -2.8265300473338471 530.89245723334443
v -99.352394543742861 -1.4641847788711289 275.01022174936537
v 138.64428175910638 -1.028767006594876 193.22796322894354
v -65.039568311915588 -0.37340137678398833 70.134041080549537
v 107.26085581999435 -1.7184901256007947 322.77507411322273
v -131.55713998647772 -2.2126644544003966 415.59327145222193
v 151.89000777428035 -2.7837798051809273 522.86290130298039
v 58.228843022591775 -1.7203785573247501 323.12976843504129
v -81.274959155994281 -0.082593255951792344 15.513062259668573
v -22.676695582614173 -1.862116145554694 349.75160341914494
v 103.5204490856938 -2.7514067815910153 516.7824444339883
v 119.84198959016888 -0.51198729786511876 96.163914794482395
v 14.17583636077876 -2.5006008768057768 469.67487407376598
v 63.228519696743092 -1.024989430717028 192.51844077327556
v 68.05315746528764 -2.1168968101053451 397.60573226041885
v -25.571469072735169 -0.75836071241650416 142.43895353730673
v -25.972410473859753 -0.057952015355681397 10.884826029987153
v -110.04437910531848 -1.6840349892596009 316.30354482105344
v -22.370808107987386 -2.3490008488041667 441.20062825482859
v 82.40953997650044 -2.999102737508224 563.30588925201641
v -8.9848508265206419 -0.099956922928072345 18.774389637489548
v -113.84666904198124 -0.98163293968354992 184.37501626467221
v 110.13015272083194 -0.39170376403006912 73.571683410758112
v -68.847848639439718 -2.1488396197319162 403.60538427528098
v 152.76296486303826 -1.2489689910711377 234.58735820035452
v 105.12526679620022 -0.44480214967296661 83.544877382519303
v 51.277767404103258 -2.0928885882565282 393.09639265400682
v 145.24094605415414 -3.1538384961421571 592.36910306802656
v -65.496157977744531 -2.2794098604006194 428.12971437237996
v -75.514932414638025 -1.8776150364938076 352.66267959991416
v -49.590407745229669 -1.9279732415175204 362.12119967901953
v 56.395321131875662 -0.61120999527139475 114.80039866594009
v 73.5586490232524 -1.6400327529417495 308.03883332982087
v 97.38591125194236 -2.8033656298948131 526.54160502634045
v -34.922137278078992 -0.63364788423854179 119.01479080380625
v 19.80507136975163 -0.80323495983145676 150.86745034352992
v 69.080327813848072 -1.2115737659703427 227.56360730789811
v -85.85981271662618 -1.6248460486964973 305.18639355418935
v -64.74297617920152 -0.060363429470612573 11.337749417837188
v -44.122818206602801 -2.7849041274454862 523.07407691398885
v -37.101860717957607 -2.1534488642502083 404.4711147318323
v -37.557839312272819 -1.7977260388868785 337.65754413869553
v 74.917110241717168 -1.8357591561205595 344.80110699714891
v -4.158709582763322 -1.5471379958809734 290.59089362487572
v 48.176955851460121 -2.7741545648624992 521.05504240938967
v 143.22105153244581 -2.0749258282497749 389.72254074407175
v -99.991756121709926 -1.9912396831156229 374.00420678595259
v 112.65390010942849 -0.79972675648559743 150.20852273136336
v -85.48455391173971 -2.3576394793979034 442.82317736848921
v -92.407071899859147 -1.3757054258405788 258.39160444895055
v 9.7958640077028747 -0.29099690790610566 54.656437716373432
v -6.7976720497300391 -1.1044690477640415 207.44668441033596
v 85.917288353892729 -1.4402205261121139 270.5091406287267
v -86.918323257018017 -2.563340345641052 481.45890262386206
v 100.33963894484964 -2.6988191245529265 506.90517796325003
v -93.07435634403538 -1.1324086955416988 212.69444332833581
v -113.59860424777773 -2.5625676773502732 481.31377635219155
v 15.171295490065376 -3.0033572881420696 564.10499939859437
v 117.6727016988813 -0.9363321049949036 175.86639578661661
v -29.86709021204183 -2.7095059722960855 508.91243306523154
v 30.537503546418804 -1.1054457280183669 207.63012918942957
v -96.908266292202711 -0.45147244269202247 84.79772387347316
v 97.167251782949791 -0.94909998360196823 178.2645201064951
v 97.477638635242442 -1.585826185088365 297.85749524956708
v -130.30333405466521 -1.3573344051779941 254.94107106061
v -120.76698915037363 -2.0244253077396479 380.23729028638212
v 103.82207829730476 -1.8320993383902646 344.11370244269671
v 145.04900082833322 -1.5048322338122375 282.6448220800234
v -12.718332761045104 -1.6458838929733588 309.13782256997519
v -24.641201396168498 -3.1031782194022526 582.85384642749
v 47.989456551662286 -0.61029570201372962 114.62867171237508
v 75.234444483650677 -0.13673279852457654 25.681811329607768
v -33.342589915223414 -1.440466586939408 270.55535695581483
v 87.98016399026578 -2.0763273767669261 389.98578632212474
v 85.320712360586597 -3.0885067440960938 580.09817942729069
v 132.2804152184778 -1.8333976011327309 344.35754839016755
v -16.488874720166962 -0.49748205160955195 93.439469733418321
v 1.5307644651410044 -0.099274514758803889 18.646216455635397
v -119.5025341338812 -2.7239181514016195 511.61939780690545
v -75.54874959138354 -0.67076314720867458 125.98595786344652
v 42.701293201474471 -1.6651323334467065 312.75315716386598
v 44.434792459907968 -2.0516092233399377 385.34310395493395
v -84.786836773189322 -0.65183598618949645 122.43096752063383
v 28.797076033551036 -0.99017172194965042 185.97881138557699
v -68.520289475502608 -2.2001437711228391 413.2415765471099
v -104.18377324579748 -0.98671343398893896 185.32925912095592
v -85.688957835096716 -0.27744337541037112 52.110748107430709
v 91.387596176719782 -0.4003018942398171 75.186625547662061
v -2.5660167753934786 -2.5969400008844445 487.76975134495478
v -51.814696501433474 -2.1560908543012829 404.96734600010558
v 103.26398567633048 -2.347827737700527 440.98028888960863
v 36.726143522928396 -1.3055014161473082 245.20554996179922
v 104.97098914260899 -0.49401674853248778 92.788599855930102
v 55.648456732748301 -0.85181870914334468 159.99268362315229
v 30.304567157423975 -2.4543124861672823 460.98076609121927
v 11.078836759484233 -1.802282606777851 338.5133806179586
v 79.648923282175147 -0.62408978774470825 117.21954318600325
v -76.732421734127712 -1.1008469791232756 206.76637007129111
v -52.229723660439674 -1.3992395613771009 262.81189888579235
v -72.619457422947505 -2.0136937369015868 378.22163507777208
v 55.69539511678299 -2.1861421270053825 410.61172045985001
v 113.78297440683316 -2.7589695816670314 518.2029258895916
v -39.2116295280766 -2.0129583989000821 378.08352036042839
v 138.47630847783378 -0.20429012121485357 38.370752344402518
v -130.38021736746052 -1.150157101706327 216.02803426951883
v -61.894955809452654 -1.9999007845651704 375.63097648373724
v -21.119563053948781 -3.0105806766969181 565.46173095115296
v -58.246118820506638 -1.8913100815400412 355.23494877616196
v -15.95011355545148 -1.4164851804712839 266.05105394308094
v 23.966522428741854 -1.5428773464973915 289.79063798180761
v 48.806278386442244 -2.3496657704645258 441.32551703654809
v -65.296369316522345 -0.12301182105227326 23.104671400456255
v 35.129577341668607 -0.75445109187722892 141.70462981875932
v 142.30459192620231 -1.7532086280614863 329.2960700956167
v 69.473046763276486 -0.98460129508157479 184.93254704084541
v 44.310483461466902 -0.048323742629690969 9.0763975750284658
v 107.32568025935896 -0.5754433427568415 108.08253410321936
v -62.242641457594857 -2.6664573110259084 500.82682662214791
v 12.585898447807125 -1.9135044279560134 359.40359758165522
v 101.20078496169481 -1.5017874320091664 282.07293277264233
v 67.751516648985387 -0.3584051411635869 67.317376037396514
v 47.46042883386373 -1.853997029212735 348.22663196892228
v -2.9796390682961658 -1.8816834370306879 353.42682614068264
v -14.607486731125476 -2.1767128184607145 408.84066241358556
v -10.959761087711797 -0.60887797639560404 114.3623876734685
v -112.66006398079841 -0.72888017952351447 136.9017781717605
v 53.163178299000251 -2.2403135977829152 420.78646643863209
v -101.28206679554179 -2.7360112853843361 513.89078834876136
v -122.96264284448372 -0.96604895336645313 181.44795706103292
v 150.27129175313925 -0.82812427885301076 155.54228185528794
v -76.420342681075482 -0.61510219708185332 115.53145071513455
v 29.879315790517126 -1.8635977436155713 350.02988428721522
v -81.646700339228687 -2.702287982659243 507.55671556342736
v -1.6675804690585494 -1.2358420626146653 232.12179541225339
v 29.301257090367841 -0.12403526109176255 23.296898827124949
v -5.348104448843344 -0.75470742139640379 141.75277486092889
v -9.7587565937333807 -1.7812692371181242 334.56654854237019
v 152.09928890659748 -2.8887039479107557 542.5702580351392
v 38.775234181153863 -0.61056392846097651 114.67905129273115
v -46.485056987052388 -2.0455892587343669 384.21240527194635
v 17.613132789537076 -1.4671212899560828 275.56177137363869
v 58.36494832274991 -3.04211266385812 571.38422031623963
v -56.122121168549853 -2.9086205375725172 546.31108762059557
v 115.61200851389054 -3.0211328874004266 567.44369787730716
v 14.716657290406687 -2.7021616514035145 507.53298741984668
v 70.92706847421654 -1.0463786645547088 196.53586946508875
v 27.623027621867379 -2.0301422139503984 381.31106708519138
v 64.746374750525746 -0.047045041058368042 8.8362257007085532
v 75.125574985062187 -2.1533745247240859 404.45715192477616
v 141.14615559567378 -0.62041340692695712 116.52902767285957
v -34.814019408581402 -0.039012834867548918 7.3275781327656091
v 152.02917064921868 -1.4668215405462774 275.50547099894499
v -122.73684081321559 -3.1522362539365076 592.06816223690612
v 43.450524520522691 -1.3956231875775984 262.13265417920724
v 69.118693228467308 -0.49746659315616171 93.436566252415616
v 143.33252169239975 -1.9669367071361421 369.43950504219794
v 48.867126850618021 -0.46779211788981456 87.862963698246233
v 160.384598497318 -1.53154046272806 287.66128998943583
v -129.5755944400191 -2.1068298596629802 395.71490924856636
v -113.7302284373304 -0.60927437057051748 114.43684033239478
v 28.386149281636193 -2.9113826587706058 546.82988249822347
v 132.4349154256289 -2.5867127359051096 485.84881728632536
v -10.750137831089177 -2.7309050231140759 512.93170562946625
v -114.19248078942005 -1.9449261697719749 365.30538013617939
v 134.17009511151718 0.0031894282515168015 -0.59905374197182937
v 159.09701644421182 36.003271759395716 -0.51868426524731603
v 147.31319072701726 36.002991639845845 -0.46607086518406504
v 123.41290863606325 36.002423493606784 -0.35935890818001326
v 112.52774797236603 36.002164736698887 -0.31075794220373609
v 101.96755812947617 36.001913704844128 -0.2636079328364076
v 91.502566922624212 36.001664936006478 -0.21688297421610514
v 80.83640584599766 36.00141138505353 -0.16925981571637294
v 70.120608423317051 36.001156654168767 -0.12141503675172771
v 59.632385941682642 36.000907333088207 -0.074586353213646817
v 49.573503357710734 36.000668218073315 -0.029674621974436377
v 39.692940834655133 36.000433341998814 0.01444093110239919
v 29.585322164210226 36.000193068452631 0.059570263252908262
v 19.587298653781687 35.999955400150952 0.10421026586504922
v 9.866845008422132 35.999724330109302 0.14761095157729187
v 0 35.999489780121053 0.19166525755986186
v -10.147283497240949 35.999248563681363 0.2369716885109483
v -20.161801594230951 35.9990105032781 0.28168533751789937
v -29.536570819100262 35.998787650683425 0.32354258282737192
v -39.803497288800457 35.998543590147392 0.36938320562126137
v -49.92233868673469 35.99830304981981 0.41456264593404057
v -59.90485942200462 35.99806575004277 0.4591334304728889
v -69.562233862142079 35.99783617949015 0.50225247493045799
v -79.92709026389727 35.997589791009887 0.54853034338776752
v -90.365569589018861 35.997341652400223 0.5951369295648874
v -100.35367498541879 35.99710421986731 0.63973264896083037
v -110.21432498723229 35.996869817143875 0.68375929496534127
v -120.12804452841746 35.996634152876368 0.72802289024019728
v -130.97156437183136 35.996376385834424 0.77643793483673562
v -140.8999932390528 35.996140371903721 0.82076720552754523
v 159.13996553460896 35.952058943722136 9.1003528932021709
v 139.37765056489866 35.954515965631003 8.6388632303301165
v 134.1615810544767 35.907053251977118 17.553538205194627
v 107.25901636706052 35.951167280054051 9.2678294485014021
v 86.188289879604099 35.952474886465438 9.0222285282249004
v 75.427902073109237 35.953434595548288 8.8419713561028175
v 5.5462060724125593 35.948552533108341 9.758943785806423
v -54.052349641137027 35.948789335861534 9.7144663546665697
v -134.20129472639744 35.960050294018401 7.5993790757085549
v -140.85455398295923 35.941958264083837 10.997511084739699
v 159.19123825034578 35.890920975121844 20.583579972674158
v 143.96530311895316 35.907269088894509 17.512998678092686
v 128.90452770712469 35.864894616731021 25.471975683156728
v 102.27625889346552 35.895836461242993 19.660329746547177
v 80.632654364523532 35.907815563889585 17.410357118261459
v 70.035394158291268 35.907690424486987 17.433861402251068
v 59.395167680738993 35.904969049053875 17.94500321448794
v 48.229799883579958 35.898678175269197 19.12658536142942
v 37.959891041535911 35.909750432041506 17.04694088338772
v 11.883285983451287 35.899394904023666 18.991965922302143
v -19.45070379363068 35.893625041067025 20.075689311647523
v -29.301914343204714 35.883699724370103 21.939909992757634
v -39.552509299884093 35.868257641597893 24.840316190624065
v -46.691280712139076 35.907465048782342 17.476192550209419
v -56.484330332012121 35.899020855052981 19.062221597595681
v -73.309500140905669 35.90073731670293 18.73982752152574
v -82.678223306890771 35.87261752527229 24.021421886169833
v -99.731643631835226 35.901562194061512 18.584895091829935
v -110.00682202386881 35.902460636893352 18.4161452414167
v -120.38423696672803 35.904561903069407 18.021475329970713
v -131.13981429141754 35.908537292759547 17.274798533424701
v -140.80742287964662 35.885758785023313 21.553167325440882
v 159.23379411298441 35.840177047159955 30.114548387740001
v 139.7925002496265 35.854183638740551 27.483763044154131
v 118.96305207466112 35.865555142252902 25.347912605273933
v 113.72854117016942 35.820004039595688 33.903539615934164
v 104.00413815875714 35.831801111647565 31.687756848747483
v 80.204986894443806 35.816992859272773 34.469113975321648
v 46.684095356085166 35.846500407536837 28.926864452927902
v 40.640899870288933 35.807379818677305 36.274681458326938
v 30.544807735211577 35.824735890983789 33.014780547871851
v 19.542809188026808 35.84882208106967 28.490796572487682
v 8.0077021650598397 35.85184677183895 27.922684616137218
v -2.6839521666329063 35.853361932165058 27.638099922140441
v -23.436432769321982 35.835130891541667 31.062341586785436
v -33.12168476305709 35.83708407177437 30.695485888874174
v -53.23392105887234 35.809689497757404 35.840866433645203
v -73.789980842340128 35.846215815911705 28.980317819657216
v -93.275587644802727 35.853639298397297 27.586003663416619
v -115.26733984281131 35.857443956960083 26.871394407723102
v -133.69642561232317 35.859891646001415 26.411657688879188
v -140.75881304085496 35.827796050750408 32.44000663399936
v 159.27297117795618 35.793462022732683 38.888788778816149
v 144.34020952450544 35.757051129352476 45.727657757022627
v 128.62360045387425 35.777853334967972 41.820487527045998
v 118.56672767879166 35.771892595397617 42.940062279280426
v 108.1416016548754 35.776714218146481 42.034441922819695
v 96.89903033334221 35.786954475479888 40.111067577821871
v 85.964578644602767 35.771790557170675 42.959227589437916
v 76.090102240079645 35.771967687881101 42.925958048158265
v 66.033773720726501 35.772576790467269 42.811553473183551
v 33.674681676545802 35.770017095453113 43.29232769214039
v 13.164078160711938 35.802249563852683 37.238270574466384
v 7.0752209409428986 35.759480130489578 45.271431090154607
v -2.8532430063272045 35.760195690031992 45.137031258063871
v -21.908429454308731 35.774792553359248 42.395378238289283
v -31.331538862786743 35.791217842295964 39.310301533514348
v -48.428348634035757 35.763422564312123 44.530944223040024
v -58.678585240732929 35.766639606463855 43.926703905628727
v -74.747095559000456 35.792283382634196 39.1101666264193
v -83.93600085275753 35.770451255930311 43.210781584827402
v -91.202649841666016 35.803117629636745 37.075226287149462
v -100.16744436127917 35.807901379529994 36.176719392455823
v -116.57813552479453 35.76613205758656 44.022034174961988
v -127.56958660690461 35.768725882799686 43.534849458020147
v -140.71102709446072 35.770815731915832 43.142323953610315
v 159.31681867257575 35.741177943164644 48.70903587021337
v 150.92086418215405 35.718912671871692 52.891006126915954
v 91.688772769328409 35.731715491889418 50.486318943392178
v 62.757618683241077 35.726097188505207 51.541575685438488
v 44.764476495638618 35.753286017680807 46.434839125575877
v 26.154984080208436 35.732389901910892 50.359648012057278
v 1.3229049326528752 35.721926349235275 52.324962761349894
v -44.808209423461363 35.713785516979499 53.854012998856632
v -64.504933004998605 35.72125651215282 52.450774781292097
v -75.253942192651465 35.731955906442977 50.441163126547565
v -112.06491561492234 35.71843543349047 52.980643333191267
v -121.79158268319756 35.72128291496432 52.445815678335293
v -131.7982256004768 35.726101162478074 51.540829274757755
v -140.66463929120764 35.715502569389457 53.531507963412594
v 159.35981438449264 35.689909535643153 58.338514556684942
v 150.05227064712673 35.667555653432544 62.537128141798604
v 113.36937429939661 35.660550983793939 63.852778856392348
v 106.47024672636903 35.692300455333395 57.889440530174028
v 97.350359464919563 35.68942974158557 58.428631782367432
v 87.368834942650082 35.679516640703525 60.290558030441815
v 60.765033902130966 35.677129949788934 60.738837787987109
v 53.292257320017711 35.716339988402467 53.374219899913328
v 35.86204996278245 35.71555184415655 53.522252939844492
v 28.021823195344723 35.676350618749836 60.885215489043389
v 1.6725133473463529 35.676862943723961 60.788988150280318
v -7.9153650120695431 35.707210775318288 55.088912574572589
v -26.113531678580074 35.681377014641896 59.941133656734053
v -41.666859262369286 35.667816672585161 62.488102270156674
v -50.415004673213673 35.66986801678155 62.102808944842138
v -60.008355734833572 35.672571563615577 61.595015785757795
v -69.957993012339841 35.677373720136131 60.693051669854924
v -89.021390475418258 35.673668571743576 61.388970447145653
v -107.95271961848866 35.670397495812551 62.003359648653117
v -133.96760807285827 35.682783396185471 59.676980316449971
v -140.61708934363614 35.658803657311125 64.180970113684452
v 159.40254175334852 35.638961102388805 67.907894138585391
v 149.38461547826188 35.61497952371559 72.412229495705731
v 130.748464324217 35.629998311809857 69.591328538522475
v 120.7099989123292 35.618291031488241 71.790246191400598
v 94.053307870910857 35.641903262502126 67.355283486662586
v 84.431472432657245 35.625733874786022 70.392295594377117
v 74.903824277671134 35.598236425639641 75.556998640333319
v 64.933948414676024 35.597513575799155 75.692767771251852
v 56.797635243593959 35.624589460181539 70.607245045211954
v 46.39692922486789 35.638851975963291 67.928390788260657
v 37.179980511488594 35.6593381310567 64.080582686224602
v 29.530410340028681 35.621278704510303 71.229087086233619
v 20.462591899822741 35.635300144668861 68.595512811382321
v 3.1151255547684116 35.625060473721476 70.518777018541812
v -13.933295612530856 35.614219836604036 72.554917579908988
v -23.666187759506158 35.630367093040888 69.522062275414953
v -34.189954216217302 35.637548317589051 68.173250169239736
v -74.812973208643683 35.628880932544178 69.801200082103037
v -94.168464773260041 35.630988832624155 69.405284158942436
v -103.14528872684932 35.635014822857386 68.649103325208586
v -122.42025238058554 35.621103507864916 71.261993362113031
v -131.93674124067488 35.636285263344746 68.410483087398006
v -140.57459691760377 35.60813537163159 73.697731031766779
v 159.44553588126638 35.587694583639689 77.53701806677546
v 149.07583622213883 35.56192814597415 82.376594217510757
v 128.70607324059077 35.570729558788628 80.723470564852391
v 116.6798417273137 35.569933576348888 80.872975812004483
v 113.0126486066159 35.522240674202465 89.830885895796854
v 57.284146230844286 35.568236906704612 81.191652458461306
v 31.934198196707058 35.575571891308471 79.813960399682003
v 22.295193773364701 35.573579502617065 80.188180418714239
v 4.1363440803910692 35.572770036401664 80.340218253435552
v -3.6586871589950931 35.549027093244774 84.799731941035361
v -12.887230948825334 35.55504627298518 83.669180675204814
v -20.61877543212907 35.584894031812667 78.063031169822324
v -39.411358599222979 35.581154153157911 78.765473151879007
v -49.791859831140329 35.576182362162001 79.699298830177725
v -70.237244115337205 35.57873598762859 79.219664622815458
v -90.428507739719123 35.586659183533413 77.73149189066109
v -119.67586632204515 35.562365138141615 82.294516248521461
v -140.53394571160183 35.559662570446847 82.802125500953537
v 159.48887096071678 35.536021511740557 87.242502761408275
v 139.17874935662752 35.531661327632662 88.061453494743461
v 129.15210402772254 35.510724546980725 91.993900254795136
v 96.521712053428132 35.509276740695384 92.265834189183522
v 86.743579090243131 35.518116436296793 90.605520079492635
v 79.17531702985697 35.482985379336412 97.20400403068669
v 58.976999072359092 35.517324043694032 90.754351066239394
v 30.342534690910128 35.529142568416148 88.534538955433277
v 20.423301145997925 35.512283377395477 91.70111323486293
v 10.670067596252125 35.487275297740041 96.398250939628809
v 3.1610714927851404 35.519037425953513 90.432535376088993
v -6.7585472404648499 35.504729947030512 93.11983482629762
v -23.490565790134724 35.541695339116529 86.176817236374404
v -33.977796048267237 35.534003846254166 87.621470389556492
v -49.970298690054136 35.481970253340307 97.394669873775854
v -75.91690573861942 35.532586395742499 87.887702756641602
v -86.245265257896193 35.539529969689909 86.583527328411947
v -92.467300093751646 35.499868971559351 94.032846600183035
v -102.79900730397432 35.51027670577372 92.078015942543914
v -113.09669075368058 35.511918896123063 91.769571859081935
v -122.2988786127564 35.503050209071091 93.435331282329543
v -140.4922098920724 35.509896468003774 92.149434027842005
v 159.53481783314382 35.481234118419195 97.532934272376025
v 150.13243028045821 35.509770116365132 92.173165999827006
v 110.51555692604509 35.471968582669604 99.273231725199167
v 100.51971004278634 35.462753635412298 101.00402740426415
v 89.683852097763804 35.459596057076226 101.59709894206168
v 70.797982209919368 35.450735732822238 103.26128762440268
v 61.043105626615173 35.467788323638786 100.05838806586539
v 50.685456698772541 35.481145437296107 97.549590787100044
v 39.530335399519387 35.492639912249672 95.390643261156356
v 28.321234694034075 35.477789283281197 98.179959763185337
v 18.279128162128103 35.454771560206552 102.50325912969208
v 0.57078212229868086 35.465572005096817 100.47466766559884
v -38.188193630663903 35.478470640576745 98.051983961483302
v -56.353154958923227 35.435968129736068 106.03500980621979
v -82.096137606837686 35.489593782657209 95.962781960303687
v -88.883188378503093 35.449796600900129 103.43767989529545
v -115.76631532158805 35.452071798777013 103.01034129589931
v -131.68433173487867 35.483525739955837 97.102510902295222
v -140.44770823991914 35.456832366114156 102.11618866029053
v 159.58333218063919 35.423385248679949 108.39838699700698
v 142.64063257729205 35.431883501341247 106.80220434124917
v 124.10497535288786 35.402127575817929 112.39110527411901
v 71.462317953337703 35.399153747226194 112.94966405184749
v 62.999423036039971 35.417007522385404 109.59628219973712
v 25.313735441024988 35.42943651903289 107.26180831810191
v 17.730050768971068 35.393581782808212 113.99621718657667
v 8.7585959507578082 35.430542896224836 107.0540032368915
v -1.5580387113613199 35.410096040018004 110.89443003319917
v -20.096466910263359 35.462721447253955 101.01007313885933
v -28.676988996162578 35.44573635366902 104.20029504299015
v -36.469005235884538 35.419890282197514 109.05482839785066
v -59.465158132346403 35.384334841522275 115.73302213787804
v -67.453056997628607 35.4236489084048 108.3488651603856
v -86.338743080770399 35.399249329110091 112.93171140307294
v -96.333107587746241 35.411951964147704 110.54584144394568
v -106.25066163002074 35.425877286819798 107.93032041733522
v -122.8748284851749 35.408711138395176 111.15454891155582
v -131.89652123432913 35.429958433853528 107.16377976828625
v -140.40244439468549 35.402859419511799 112.25364687443113
v 159.63128684847828 35.366203745136488 119.13849179550601
v 149.26456004340619 35.338172918470093 124.40337637059949
v 138.17311723379422 35.329829213477353 125.97053114050988
v 131.17442948459015 35.365737772738896 119.22601297059219
v 121.47921063085683 35.35092540575198 122.00814292337279
v 104.7288690101544 35.373904557614367 117.69208818732909
v 88.230469015665548 35.399051959351766 112.9687823395854
v 86.511981634080627 35.342277879679671 123.63236282856832
v 72.030301357828876 35.353666752663628 121.49324997206588
v 63.387015709556835 35.359911635311676 120.32030610145159
v 53.379756142073745 35.344986849056966 123.12355118135986
v 28.857237488982406 35.387303821105604 115.17537412420052
v 6.6854088401109948 35.376850477804908 117.13877129963291
v -3.8248895751161456 35.348230869629162 122.5142436473821
v -19.674885675401441 35.374467706912526 117.58631477977013
v -43.487261928772966 35.38560906280378 115.49369177312417
v -51.192267254544987 35.354262854908427 121.38128718370143
v -67.594426158945652 35.359669850290459 120.36571932609104
v -94.066778431805176 35.361649191280492 119.99394998902523
v -101.23599572740895 35.331702999987385 125.61858755315569
v -104.15694568811827 35.375179081755675 117.45270093800798
v -121.63004826980236 35.35443395063038 121.3491511629399
v -140.35835386692494 35.35028554541401 122.12832456710572
v 159.67758649281768 35.310995703956166 129.50793140890968
v 143.32262219924542 35.295634792451494 132.39309162920847
v 128.35380503491888 35.314138951109896 128.9175516226754
v 118.96589921314035 35.299638333084715 131.6411273872489
v 111.87508782472582 35.336588178505792 124.70102984662736
v 77.694093938334035 35.320386311447407 127.74414238050204
v 68.681284695063169 35.311845254877142 129.34836467215524
v 59.259893221345365 35.306908205539173 130.27566500528826
v 34.088422710688903 35.339741735932932 124.10871353529831
v 19.582299129413656 35.29145870467795 133.17746450427549
v 9.7969331237714528 35.288535776350329 133.7264629497823
v -9.9001259042465506 35.293768503500644 132.74362698897033
v -20.30352419297185 35.289680374960255 133.51147893815457
v -34.680886983037709 35.320219670170502 127.77544174597037
v -67.132800132567297 35.299175134118798 131.72812764306556
v -83.147882453323234 35.30203124201779 131.19167973160384
v -111.47200161598332 35.330287353132178 125.88448114881911
v -121.27558930767449 35.300002325766343 131.57276053251618
v -130.66105141773718 35.325211577250741 126.83783776804233
v -140.31466465298226 35.298190200905481 131.91312253258863
v 159.72557287470184 35.253776384348896 140.25513900224919
v 142.17988507585423 35.246900703997596 141.54656232897943
v 125.74430558693331 35.260661050208171 138.96202797421358
v 116.60275037477666 35.248493058401039 141.24747867240248
v 109.52816778706222 35.285878487655793 134.22556768281098
v 100.04151769461301 35.262951186428211 138.53188358343257
v 90.994289670690208 35.261790821404873 138.74982891859861
v 74.466197331035502 35.263524114046447 138.42427356479465
v 56.636111024229535 35.25439736074344 140.13850423154284
v 46.392413732146053 35.238108473174464 143.19796137590893
v 39.898660952096776 35.290479513688467 133.3613808617327
v 29.585347975502145 35.29225428034573 133.0280356589802
v 14.734722719175693 35.242616399225483 142.35126104080979
v 4.6845009199703895 35.242848758317166 142.30761823952804
v -15.312602029429854 35.244160170164662 142.06130256394587
v -30.542978897058561 35.28213340668691 134.92898678850364
v -40.543512752728049 35.28376101050668 134.62328241713314
v -47.761034483762728 35.249569007338835 141.04538877209188
v -67.043551234740562 35.239533107008413 142.93037980271254
v -86.014481923911831 35.257009666510442 139.64784840816023
v -95.658173910163129 35.248925652891273 141.16622669626491
v -104.90946896800901 35.24335491978951 142.21254855929467
v -121.48825516713791 35.24427380361152 142.03995938385654
v -140.27082657719561 35.245917352424101 141.73126014732267
v 159.77165668639961 35.198825703619889 150.57623993884386
v 132.64709305564119 35.222436886240018 146.14147414846749
v 122.9204402833719 35.206544794439253 149.12640320473935
v 108.09418340291181 35.240457963005326 142.75666890469955
v 102.57440464537996 35.205243872365656 149.37074864057212
v 75.384832574437851 35.204453010253417 149.51929216323001
v 56.252893985765027 35.201509616382452 150.07213454542546
v 9.5251831331156325 35.194618012845638 151.3665486414024
v -0.42736971645226163 35.197201723288174 150.88126372929153
v -10.663107016499254 35.197194322616554 150.88265375899672
v -20.247500412454343 35.19527557556313 151.2430420516738
v -45.929202683562437 35.194625356306062 151.36516935736904
v -55.888536352324621 35.22019616893482 146.56233644117222
v -62.586703212729844 35.19275261704621 151.71691624517703
v -78.236114214399748 35.223148548229403 146.00780637351835
v -100.48091398429992 35.201381408073701 150.09621524612712
v -111.95498709376145 35.210758317601574 148.33499903502562
v -122.23052936430904 35.191712391630688 151.91229638182099
v -130.84919237606286 35.21938805307758 146.71412064512816
v -140.22651023589626 35.193074216578623 151.65651187544026
v 159.81624029772837 35.145663872998284 160.56135045140641
v 141.0008197084835 35.144483256011313 160.78309960770596
v 130.17117929985872 35.1634375746861 157.22300838350824
v 118.14857295527112 35.157017980488376 158.42876741703662
v 96.054702937103485 35.164090015684565 157.10046377968129
v 85.696822448124436 35.183140768667215 153.52225980034277
v 77.840842593540486 35.152525414283332 159.27258279204889
v 71.564835019439926 35.122282485973301 164.95295492876025
v 66.378453008403412 35.168167113783284 156.33468362105754
v 45.981517130653629 35.123048653860337 164.80904959415281
v 25.103859813485741 35.150332082506225 159.6845449071499
v 3.7334041172743184 35.144568389458755 160.76710943448941
v -15.61824232548031 35.143546927574789 160.95896531446348
v -26.551717678534715 35.153064639576542 159.17130290605567
v -36.763172721052968 35.170827333535613 155.8350283626946
v -45.070680032393312 35.133079741773827 162.92496245482059
v -65.733839317589315 35.096531856310776 169.78956194439652
v -64.176248745140725 35.146436063802184 160.41631386362968
v -74.732448806091128 35.13199354340361 163.12897745277064
v -85.900447727407141 35.143323162366983 161.00099397118007
v -122.7003044221992 35.138235311940889 161.95661848939724
v -140.18180317483686 35.139765183577651 161.66927064632915
v 159.86058096107735 35.092791735359583 170.49204943571743
v 107.16166413244967 35.064140046907482 175.87354725514217
v 99.441646905938569 35.107689588055905 167.69386314617392
v 88.314693199535355 35.129792167172127 163.54245051595515
v 79.821469784564215 35.098885288994893 169.34752890753813
v 63.365004686481782 35.112170214734874 166.85229031032105
v 54.351948992948564 35.094534471677207 170.1647203252987
v 37.552126711477754 35.092800111503607 170.49047618809539
v 20.096175480069718 35.096535826784248 169.78881619098834
v 10.647358653917763 35.1080438511907 167.62732374168098
v 2.6806969325402008 35.08680931086667 171.61569715434149
v -14.502063863887543 35.08723119558374 171.53645673927679
v -24.136201708573822 35.102870861506176 168.59893952458677
v -39.911821702232345 35.083033472389388 172.32489328307446
v -48.472711907212272 35.076681789148665 173.5178969542651
v -58.140389673250269 35.063265155914337 176.03787348601008
v -82.439494089927507 35.092690522960993 170.51105963483005
v -102.32656392008627 35.108101896453491 167.61642140147222
v -116.03473574630831 35.063629873490981 175.96937047801052
v -140.13681460478901 35.086120477159625 171.74507721159137
v 159.90289901095881 35.042331377102755 179.96975642599276
v 112.94302303545624 35.015020972046841 185.09932795200447
v 104.08185449343728 35.020825192898087 184.0091512977769
v 88.916250570177553 35.076130551525807 173.62143305372274
v 79.305474491899645 35.044181130781681 179.62232680047649
v 58.333860533515093 35.011184593221515 185.81989505984825
v 47.218982826794687 35.008452899317831 186.33297493680786
v 28.811594957885774 35.063220326168675 176.04629362428705
v 20.15316605421566 35.036330858024598 181.09680275656115
v 11.514332758787106 35.060164972415123 176.62016484971545
v 2.8504230853388322 35.032096187929142 181.89217884487638
v -21.948674790237845 35.057741473293845 177.0753581015237
v -41.105694775665938 35.03237686279499 181.8394611427006
v -59.560341720114593 35.018579447860475 184.4309579233566
v -68.031406901564338 35.039561669776845 180.48997616661373
v -78.61708761283785 35.041676934185602 180.09267703982016
v -107.72715377259371 35.062897250548076 176.10697523999534
v -122.96983433737589 35.08761237383203 171.46486200882438
v -131.34248361245884 35.059600881315077 176.72611515102292
v -140.09216020743926 35.032874240758701 181.7460412232715
v 159.94811083970822 34.988420455344112 190.09556483592135
v 152.26632366760063 35.015361807690397 185.0353105634357
v 106.33709384958107 34.976340665790872 192.3644489628777
v 97.670627443377015 34.946280568070847 198.01048097952199
v 88.032914764839063 35.020312646342518 184.10542025503673
v 79.090029552748689 34.988163818675503 190.14376756836879
v 37.483523528035576 34.984684951395252 190.79718513968595
v 28.768543772303076 34.953621209503467 196.63172642798688
v 20.17675404386614 34.979401875775466 191.7894777920018
v 11.532819464606661 35.005388705998257 186.90850645199694
v 2.8100816930320036 34.976688919776393 192.29903822567627
v -14.751338420395001 34.981724472485894 191.35323651592262
v -23.814040146705679 34.959805109463559 195.47023661888093
v -33.809342064809897 34.986179984429214 190.51638085041182
v -40.271235942257874 34.932331449791945 200.63047141137238
v -55.001981601579189 34.977882770220731 192.07480349780934
v -74.539337209681804 34.993118694029704 189.21311906717625
v -84.522599440438796 34.999642503699988 187.98778578278117
v -90.585923665578548 34.957158481395254 195.96733902183166
v -110.64354936406457 34.969830397573787 193.58723882646245
v -140.04840606656873 34.980701476897252 191.54538046369095
v 159.99131538401298 34.93690303452604 199.77181439647396
v 128.03831953152601 34.965656178689301 194.3712606778229
v 124.64532998553639 34.913493680878787 204.16867169922938
v 107.43060676230532 34.92937518200938 201.18573183351549
v 88.182098798623699 34.9653945561829 194.42039987429214
v 79.678605580588439 34.930021474866521 201.06434200315164
v 45.036275770892971 34.952193685979864 196.89985075657617
v 20.595694350976572 34.922935930989297 202.39518290587412
v 2.4761120804324435 34.919644608373005 203.01337493712469
v -22.527227911786042 34.911357869474614 204.56983006144253
v -30.919895053501534 34.924810274755828 202.0431346519257
v -60.718974525978467 34.934672010279314 200.19085609236359
v -80.604173827878043 34.949672439449273 197.37340339657464
v -96.803630477975332 34.915138726602549 203.8596913056198
v -116.34583122760645 34.926363190428674 201.75145856725712
v -124.51453537639256 34.929471947387015 201.16755689525203
v -140.0040232995037 34.927779134473553 201.4855091520007
v 160.03728725977948 34.882085827036235 210.06784574784226
v 131.96784394345272 34.871356781541408 212.08302663434387
v 115.53086558282948 34.899799037309208 206.74086546821047
v 107.28025551303534 34.88431232128039 209.64965489881118
v 98.886497949198613 34.897559328105444 207.16153841444304
v 89.362569429886463 34.912610274202848 204.33459738656984
v 70.570276543307287 34.890811551862271 208.42893817691547
v 61.872718296603125 34.926528012289168 201.72050093330739
v 20.735012251456567 34.870166300198321 212.30662856143437
v 1.8255452105530026 34.859476437721014 214.31444990528476
v -26.359419412298507 34.869109347704239 212.50515045837821
v -72.961738403796033 34.846350009839512 216.77991867299451
v -83.07651293363682 34.85738076512223 214.70806920416425
v -103.18947760684441 34.873230578147627 211.73108115067529
v -113.26215690730803 34.875023332144792 211.39435747931586
v -122.57471545592679 34.881496225657997 210.17858751221723
v -131.49202053436997 34.901668527913216 206.3897287585587
v -139.9592789718865 34.874425664551154 211.5066142790179
v 160.08210836876884 34.828640802433142 220.10614711499954
v 150.32229633682522 34.854988860938192 215.15732814303635
v 149.18642214722391 34.798394318089663 225.78718716300472
v 122.01578028826998 34.856652003131558 214.84494878355093
v 112.25349010653044 34.846068447892662 216.83280299097763
v 85.011373197662138 34.822357395445692 221.28632681218497
v 54.756412215182024 34.827513078117477 220.31796171558037
v 28.599094745767957 34.83517076521855 218.87965812292538
v 12.060900048580777 34.840052890331208 217.96267392174747
v -2.8976400218212746 34.811925623169145 223.24567241419098
v -31.528757028644492 34.825302150370021 220.73322879038341
v -52.294731963880821 34.836189383171131 218.68833640379805
v -62.753171702390347 34.83927295570345 218.1091649917449
v -69.411202422859844 34.790971966088023 227.18128898629135
v -89.854844950663903 34.818049615827704 222.09543468237456
v -109.52936338305878 34.830047092963241 219.84201086927575
v -120.24764852213215 34.825508075878133 220.69455087181586
v -139.91631703491666 34.823197530528432 221.12852860342255
v 160.12395292216692 34.778745044914103 229.47780808134101
v 137.93104574608512 34.783787159495432 228.53077388928352
v 119.08376522404838 34.739497456344452 236.84947878262281
v 109.57050087295926 34.755519463617816 233.84014837795954
v 99.06207008813108 34.763036773446856 232.42821111916726
v 88.68904194136266 34.771542813959513 230.83056571173731
v 60.563286504376151 34.796390378193905 226.16357678476103
v 52.153740463192406 34.77567580138907 230.05428815039409
v 42.073790032098998 34.748757334614311 235.11024394483246
v 24.893833835760006 34.77932266112964 229.36931742783094
v 15.038897358304013 34.784174857754579 228.45795453903921
v 8.2221055312505769 34.749291936720624 235.00983240803538
v -10.980467358244312 34.785559288574632 228.19792408912753
v -18.973673984572002 34.752673287821494 234.37473079417762
v -34.737771950075171 34.735144826360852 237.66701066401333
v -53.109580698809651 34.739399822952464 236.86781675550847
v -62.906393054429941 34.74352086798956 236.09378227173235
v -71.292511315406898 34.739975927050637 236.75961011516031
v -78.813723124823269 34.755882322751518 233.77199443163042
v -87.937998584855507 34.767664526367639 231.55900432551388
v -113.19056768509003 34.779543459082788 229.32784609516094
v -121.9258047207347 34.766675827185395 231.74470655741953
v -139.87364464615607 34.772314655949685 230.68559463981009
v 160.17037799197769 34.723387445466301 239.87533844727162
v 121.65717332476731 34.679591880887415 248.10123185928921
v 111.81678504882206 34.704405285197595 243.44065901345513
v 101.97527400798394 34.714072925781352 241.62483629824214
v 92.169044658791648 34.721185134418988 240.28898709204913
v 82.270680682225191 34.730331980487563 238.57098250552457
v 71.427317015844196 34.731880325624388 238.28016488087971
v 61.906759797616445 34.701668073742894 243.95477522335878
v 52.647395890236751 34.727079480515727 239.18188268110907
v 18.988666528860307 34.727052188966923 239.18700871095282
v 9.6105731159601646 34.704738061642047 243.37815534239721
v 0.11403565931155413 34.712341248704547 241.95008820890132
v -27.221405991827055 34.713808616588949 241.67448012097381
v -43.29163106482963 34.733800646870918 237.91948091568119
v -58.568699153979196 34.693752900942968 245.44144101740014
v -77.685977891116352 34.70360526315892 243.59092299748991
v -86.723360129896946 34.716068366578156 241.25004301808303
v -95.964202645679279 34.729438299017147 238.73883805415156
v -114.4127120448978 34.719785200774822 240.55192935689817
v -131.12622863673161 34.746242466132912 235.58259862897799
v -139.82920151680545 34.719320337086629 240.63924228886881
v 160.21533467765798 34.669780758205889 249.94400407164161
v 149.53502842990051 34.643760010593837 254.83134593870065
v 138.2374703961714 34.635873819087919 256.31256832679918
v 132.16898997229731 34.679117922137721 248.19025306940696
v 113.35559945913386 34.660392137258441 251.7074199778456
v 95.033168376312943 34.669305341090194 250.03329919908262
v 77.440375265393953 34.692027045218538 245.76559953367141
v 69.862905457762892 34.672915355176315 249.35524900440583
v 61.364993005924873 34.647526940025728 254.12382314967701
v 53.270075017813213 34.67570638598545 248.83102418468536
v 44.303283347240125 34.655551948420452 252.61652750638228
v 26.070182938377172 34.67485776124272 248.99041696219874
v 15.061734609301567 34.669025912255051 250.08578286576608
v -7.3575716843863006 34.668935155690519 250.10282919987455
v -17.811634875689521 34.693091695402586 245.56563181962088
v -27.062831033473458 34.65738148900175 252.27289440200465
v -48.357516861728584 34.687541674453314 246.6080634266076
v -74.979952746469365 34.655183311160158 252.68576672821499
v -84.894659075156966 34.664421162773692 250.95066904286622
v -102.53486960244751 34.640809923245115 255.38544552205681
v -112.39329983116804 34.659944445559063 251.79150758433684
v -121.81327789185363 34.675219564319264 248.92246136960875
v -139.78440861321812 34.665908944815214 250.67122666985219
v 160.25811116751595 34.618773752702339 259.52438497487384
v 143.19233309565669 34.599424568915936 263.15864166197497
v 118.73919497746581 34.625625386330455 258.2374782192357
v 98.896227585815893 34.622322992217448 258.85774975220664
v 88.103587283423707 34.619669717676686 259.35610052755516
v 69.647893126555417 34.618119808716472 259.64721187701542
v 60.731465263935007 34.593960504113454 264.18492857237874
v 52.487436297830115 34.624069328234498 258.52974452892448
v 35.29231911623809 34.640052925589657 255.52762845968638
v 27.809094032711556 34.618542047035419 259.56790504675945
v 19.450951571115439 34.62124879766435 259.05951013553289
v 9.2437999755698002 34.618960231673384 259.48935959835063
v -0.83944300200815292 34.618556759476917 259.5651416852848
v -9.4487639102762557 34.617098095459312 259.83911497113996
v -25.647574474281924 34.600316367721859 262.99113972443075
v -35.580742848567951 34.617085379501702 259.84150334339512
v -55.036506747263218 34.64525529469654 254.55049449248108
v -82.275989192135029 34.614686584468643 260.29205655464347
v -100.51190356816491 34.587102644780714 265.47300466976486
v -110.92471107785897 34.604623415246522 262.18216935953609
v -120.74105929056961 34.622195734464015 258.88165191503373
v -129.6802239164351 34.58950415533576 265.02194141615217
v -139.74047365800718 34.613520576585586 260.51106175883575
v 160.30230835121108 34.566072701272844 269.42294972516987
v 143.23887646348166 34.549757367544714 272.48737411424833
v 118.62035879793524 34.542196793073515 273.90743754605302
v 100.79348065409874 34.54103033275095 274.12652772961297
v 94.789015566151321 34.576259279626072 267.50965762417303
v 77.057849856504831 34.534085253845603 275.43098582627653
v 59.987327536468456 34.540309712262285 274.26187813294285
v 51.690193343530154 34.571460546972332 268.41097865296098
v 42.610838951510658 34.550438886736572 272.35936790437307
v 24.606339467783727 34.567189394953914 269.21320695136995
v 13.840687430400664 34.572552140056303 268.20595039395738
v -12.689197651357688 34.531817784766133 275.85687276579819
v -23.084162624214855 34.544838656211653 273.41123011517658
v -56.531955818161521 34.55673310404535 271.17715776067467
v -61.807519977877718 34.600253908943671 263.00287103231398
v -68.702862683069782 34.552413671938041 271.98845425740654
v -78.499534196201722 34.57323342467879 268.07798824203024
v -109.72891377246489 34.551949414155672 272.07565338522414
v -129.04287477042564 34.535958506370037 275.0791425346593
v -139.69686074853379 34.561516218095278 270.2787702931235
v 160.34321177073554 34.517299158803041 278.5838308678247
v 135.58170459949079 34.511942290093032 279.58998369298052
v 127.4828128656884 34.46565549381711 288.28379221469748
v 109.75501599369366 34.529352389843041 276.31993508844533
v 93.028278229394346 34.522630465477334 277.58247922704476
v 84.804024152192468 34.502467682642475 281.36954999742414
v 68.234824573703918 34.509094980988323 280.12477897262573
v 59.257072611336753 34.486407571583925 284.38603723815601
v 41.744207665796907 34.496345191866965 282.51950563835811
v 33.48274925078691 34.530834340820149 276.04158793395726
v 15.752594391989248 34.486736271377765 284.32429926321112
v -1.7665087996624891 34.512472968012787 279.49030921576463
v -10.41390355942923 34.486927619950905 284.28835925461971
v -19.858927432959803 34.491656734838045 283.4001141693256
v -29.747220489932488 34.502331928451497 281.39504800199717
v -40.064978740412897 34.514847540533367 279.04430559322572
v -50.584322822695412 34.515500046443037 278.92174879744624
v -61.558779909951994 34.508801615226673 280.17988033983914
v -72.108671390732297 34.497498893672571 282.30281182078176
v -80.269206479940578 34.529985784813391 276.20096780114494
v -90.599444218255542 34.509274781147212 280.09100804269843
v -107.97576397645511 34.507093955871198 280.50062112665995
v -139.65396319345982 34.510364853525459 279.88626540995728
v 160.42357768163711 34.421470247331683 296.58287755511986
v 148.69853055068174 34.439861253306219 293.12859042946098
v 138.29640252229666 34.456815553428498 289.94415230148792
v 117.02601034400871 34.442546714268644 292.62419424570697
v 101.47924136186904 34.454580735053298 290.36390662880268
v 83.673831651947509 34.452796717723402 290.69898933734538
v 67.876065910891398 34.453407261313316 290.58431410613292
v 58.432524977006068 34.434042996002916 294.22140347754504
v 49.954811605047198 34.464271698314121 288.54370333631886
v 40.66719186830754 34.440534299810622 293.00217560046593
v 6.1866339996622912 34.461546037196683 289.05565010637901
v -14.844082482842111 34.444193533639748 292.31488071713642
v -36.128794840905925 34.461369586346393 289.08879195306446
v -55.797634113157557 34.463884154166919 288.6164937405087
v -60.50526818453659 34.411217837193647 298.50853449829748
v -65.45435258141498 34.458269094419904 289.67114124705762
v -74.956911972041524 34.445141941863938 292.13674612660208
v -92.174400099326647 34.455186507842484 290.25012747232194
v -100.34632222762238 34.480054359666099 285.57932803285047
v -110.59221777731997 34.460955520613481 289.16656376894622
v -120.72004501385535 34.448631582582209 291.48130503638282
v -129.22252003773949 34.48339560217704 284.95175980708183
v -139.61154036119112 34.459779551968666 289.38743985128446
v 151.48157619931797 34.386389032827708 303.17199985661517
v 142.10246522163433 34.405853731661693 299.51604657814477
v 132.38299200236523 34.415036188543411 297.79135339755493
v 123.1452784828619 34.405709199418709 299.54319331861046
v 107.36909562111578 34.423232944305994 296.25179933823671
v 103.67594817492198 34.373318915887751 305.62689203268218
v 87.841208538795726 34.410484729339771 298.64623033858703
v 77.046283414615985 34.415336596803456 297.73492927443311
v 66.944803740868807 34.402044752117547 300.23146742132366
v 57.602769279982056 34.383576367786361 303.70028812180959
v 39.222125816843544 34.38204514063608 303.98789056394406
v 31.335004338928542 34.420404321794933 296.78308481206801
v 21.52086426413527 34.406159061025676 299.45869814963504
v 11.385004983265958 34.403776490060125 299.90620407855698
v 1.7523031065866803 34.405513330619272 299.57998233783343
v -8.439640993305062 34.401448426234595 300.34347221448235
v -27.194105739728911 34.388409075592278 302.79258571665474
v -34.896947420793964 34.406902357147771 299.31908869986188
v -42.479476161037297 34.423598889390348 296.18306577383333
v -44.20818713936211 34.371246290988495 306.01618240187366
v -76.445942587677592 34.39052343231657 302.39545707552173
v -83.866433088871503 34.426211189744151 295.69241096717889
v -92.364127284775975 34.409587182704342 298.81481186108221
v -101.98753543792915 34.42131178353992 296.61264098603004
v -113.16582099380841 34.407353039794486 299.23443931926232
v -130.37913430748458 34.431051079127258 294.7833596836951
v -139.56809096129481 34.407970163517291 299.11852817586845
v 160.47304082751754 34.362490023322664 307.66082667576728
v 143.76750283561142 34.352957728810622 309.45122804133479
v 136.4011417010789 34.372999952950124 305.68680118449441
v 128.53002600643273 34.362879897847108 307.58759856892044
v 119.70938940895655 34.348653379826089 310.2596915534528
v 110.23491752020838 34.334189373821857 312.97639067231324
v 83.461064095417427 34.360781514576331 307.98172699925368
v 64.976373747720302 34.356034318818445 308.87336812058692
v 49.318532177500572 34.359802054348336 308.16569392637433
v 34.436179503132692 34.328382107604568 314.06713932181111
v 28.257801088001031 34.368122841372895 306.60284371936194
v 17.750354011625262 34.356390561367618 308.80645693297453
v 7.6064928640528535 34.353505904804649 309.34826699171202
v -2.5035385464870217 34.355205564465962 309.02902874590319
v -15.913027763477118 34.311001581749736 317.33163321524268
v -23.307868130591288 34.340448671076217 311.80073938106187
v -33.731903636692067 34.353217497584694 309.40243702179629
v -50.34969921119017 34.323286842028153 315.02415658920955
v -60.511844276655836 34.315876081053545 316.41608133010646
v -78.290262251666718 34.338069948843611 312.24752242246399
v -99.73688359692116 34.321180857797287 315.41971266840989
v -117.13502349519146 34.353188029238652 309.40797190817267
v -131.92253807532583 34.382643633758619 303.87547870942427
v -139.52285194907822 34.354026827989571 309.25042469566034
v 160.52233106202027 34.303715980129766 318.700049924653
v 143.19487036918912 34.299693000317973 319.45566532654919
v 116.99451277592206 34.293657214152688 320.58933569090999
v 100.20533114995018 34.322647829307755 315.14417902933218
v 89.645440613676612 34.305982924622242 318.27426151559376
v 74.023552621562359 34.2712552129953 324.79698720787013
v 67.75025342355184 34.308278840912578 317.84303148422276
v 50.004483989722502 34.306607701417477 318.15691293536628
v 41.275506792976074 34.287285606511489 321.78608165876295
v 32.193501815634434 34.27568356105877 323.96523359282099
v 13.777888911071784 34.300930358952371 319.22325868132936
v -7.069749277206796 34.308921506281706 317.72232298607929
v -22.465639217350997 34.28137420744423 322.89638904057512
v -31.217494733086227 34.299694372153738 319.45540766176094
v -46.038101302656571 34.281564828558942 322.86058566673802
v -54.287219456606294 34.272318532208772 324.59726948308031
v -70.67597349528333 34.303953576269066 318.65542347594209
v -81.488017210834329 34.281629083581095 322.84851697967355
v -88.959937862248523 34.325786423121201 314.55467325582089
v -104.00360082402901 34.271814394698424 324.69195901307631
v -113.06138555207301 34.269905078850854 325.05057589134702
v -120.32060844475004 34.300976275248729 319.21463446188312
v -129.72021823349516 34.276971537466295 323.72331967419774
v -139.48061333759958 34.303661192676657 318.71034036738791
v 160.5690862167896 34.247964784915837 329.17150733892305
v 151.50706372332729 34.274225201133675 324.2391497625369
v 132.48912377620246 34.220184857073548 334.38926689109365
v 114.23484325883763 34.240285253833974 330.61391377303556
v 91.928700346048331 34.242815443442453 330.13868140118467
v 66.152428427592483 34.250574070041296 328.68141886696634
v 57.205878952901386 34.225096188141208 333.46679708708854
v 49.087784933307319 34.254382778787374 327.96604888637756
v 39.832472573399087 34.234443103006868 331.7112146175993
v 30.666154484832873 34.224050816251577 333.66314385923596
v 21.086979255830641 34.212361887340592 335.85861466197542
v 14.84063618063081 34.246336438889728 329.47735111506614
v -3.1989545379556148 34.260179701613708 326.87724298225766
v -19.818072641720789 34.228605546902315 332.80765245929268
v -29.5353061406108 34.242420312546699 330.21289678493798
v -38.305579262508132 34.260922502540382 326.73772654245516
v -46.730955541186773 34.234284404038306 331.74102222054529
v -63.495689174901912 34.26126070731442 326.67420329646558
v -77.828610290638608 34.224997508341119 333.48533160136338
v -88.003807792456001 34.235443124087112 331.52338585240892
v -98.699578326047885 34.230276338732608 332.49383630823564
v -120.77866413032538 34.245933833521974 329.55297039006774
v -129.86678041236163 34.220731236598169 334.28664326298514
v -139.43487957265458 34.249127910306072 328.95304353837508
v 160.61425669124182 34.194103174329541 339.28805388748077
v 141.79967400465037 34.193149315688686 339.46721220145326
v 122.01356440210313 34.194075957797224 339.29316582737823
v 111.49024759031721 34.196104072794071 338.91223552194987
v 94.172851224797554 34.187444689792244 340.5386824526251
v 65.887142534663766 34.197128497808023 338.71982309263279
v 56.421818946660707 34.171141912734754 343.60074838746579
v 47.791434744549647 34.200212252751214 338.14061741929225
v 28.308997488044213 34.181422063844082 341.669881001752
v 3.3432024644224043 34.159934532929299 345.70577232298928
v 0.40671097027342284 34.209715498914932 336.35567205410604
v -16.468204556447546 34.178119015680579 342.29027538161944
v -26.739984683257177 34.189248318772172 340.19991618972284
v -41.424655391136952 34.151875805405609 347.21940125511941
v -48.29420908699413 34.184182325872882 341.1514353222255
v -57.887820306821254 34.165562380646236 344.64872291845739
v -66.98473658465673 34.205055497644423 337.23093588776516
v -83.893323677189585 34.19304903157439 339.48604804575285
v -92.609986266977785 34.188545897681308 340.33184829470468
v -102.66358355169913 34.183196316753595 341.33663229357711
v -112.17829867587588 34.163876178396492 344.96543352856048
v -120.59550974902626 34.192748650502892 339.54246706215764
v -129.89101030290632 34.165744763968007 344.61446680647242
v -139.38830959248125 34.193597518661306 339.38302856515571
v 160.65883021948002 34.140953366860288 349.27090615377818
v 142.01150916946102 34.140000884632002 349.44980594335317
v 123.64131025743815 34.133962108599519 350.58403787892399
v 85.952495028891761 34.149861241821611 347.59778626906876
v 78.645907116570768 34.110874581078576 354.92044825198258
v 68.408491871993817 34.111184948018774 354.86215364171284
v 20.367174399263973 34.162192445929747 345.28168025215058
v 12.520549689526348 34.139544760932665 349.53547728859922
v -12.657912462991931 34.126940223482222 351.90292208745456
v -49.295705690961512 34.128568365427384 351.5971166427849
v -66.769970757235541 34.14490773479514 348.52817776434989
v -85.437722441430907 34.146155535087189 348.2938099168278
v -104.97677302077713 34.138067094053042 349.8130197832923
v -120.98532394175228 34.136901451319261 350.03195640341477
v -130.10069953075649 34.110797264384416 354.93497024505854
v -139.34209974215113 34.138496548527371 349.73235758006371
v 160.70359423637544 34.087576419295715 359.29642096438062
v 142.66955093932341 34.086417057732888 359.51417782477273
v 134.36064016696207 34.057514018558209 364.94288554483268
v 125.0007303527388 34.07856203715437 360.98954553950915
v 115.44097174600822 34.095380382544761 357.83064308264801
v 97.858320975791912 34.073780611235748 361.88761593412488
v 88.562420985381593 34.096106255787788 357.69430608174815
v 81.806175088317872 34.064527551087508 363.625570159544
v 62.532431765692152 34.063953537739508 363.73338410515686
v 38.810442665948031 34.113585179566883 354.41133061732154
v 21.366132580677544 34.109371434706247 355.20277642746697
v 2.3266597301319223 34.067167608291243 363.12970192794495
v -8.4404179533478043 34.075158243067449 361.62886250287926
v -18.419292631574024 34.085420375868466 359.70137940240164
v -28.558532692722821 34.096530407638681 357.61463984272513
v -39.652189711460665 34.098653012827583 357.21596193532883
v -67.280505124696845 34.088813786022683 359.06401279917503
v -82.939813604902298 34.100571518162326 356.85561904338937
v -91.36559932982243 34.100713241117717 356.8289999568288
v -111.73983627698985 34.104437426550646 356.12950555111894
v -130.19010092451865 34.055465763461939 365.32759866053397
v -139.2956803270466 34.083145691793334 360.12862149707536
v 160.74886772186116 34.03359197758482 369.43603824505163
v 151.90346256197628 34.006021180250173 374.61451790023403
v 126.52130989450936 34.02614792291115 370.8342163685125
v 117.21308753634952 34.041305708071718 367.98720831435122
v 99.094991949301573 34.013393438399135 373.22982494507875
v 89.514684052790528 34.040040743293844 368.22480007809537
v 79.276667533093558 34.015549762662545 372.82481375906633
v 57.835079570317163 34.013428278887773 373.22328103706656
v 40.387800463368492 34.050882178659208 366.18850958598358
v 29.920185177228262 34.025387473614046 370.97704761006906
v 21.296654426832902 34.056593103513478 365.1158562342718
v 11.874945379650626 34.036851107764392 368.82389275199404
v 3.8532917506838373 34.018235059848621 372.32044833656749
v -20.599943188741776 33.990255545583182 377.57569516990378
v -41.042858630732979 34.039428145316265 368.33986117426372
v -59.118622725879135 34.051499859940805 366.07249371921358
v -69.207871241206959 34.03602329821274 368.97937592026864
v -85.997852181591554 34.058479830677584 364.76148207107082
v -89.6196774489201 34.012639203180925 373.37148902847019
v -95.73771270413144 34.054424860619292 365.52310603480697
v -121.370810472893 34.027786666083216 370.52641975044793
v -129.95828720327583 34.000444595333647 375.66193887921696
v -139.24920436488 34.027727407920906 370.53754990327621
v 160.79438837932415 33.979312806165012 379.6310130760582
v 128.1062034824071 33.978280829635196 379.82484386735649
v 119.88303506333546 33.986849592796261 378.21541759067321
v 110.10094932608688 34.002035595719917 375.36310954063418
v 95.444939553476331 33.962160298459935 382.85267950476788
v 88.49939700993211 33.985823443206982 378.40815393800375
v 79.885497622537954 33.956372913733958 383.93969391703791
v 72.528737921837489 33.980222719450808 379.46010878985823
v 63.706584598969215 33.971405067033857 381.11628264269206
v 54.118724736807224 33.96094702953917 383.0805615041981
v 37.540871879417324 33.989519087448343 377.71402027606638
v 25.048913333856603 33.913898182690446 391.91750202676957
v 19.992471612244657 34.003847488203405 375.02279118678422
v 10.264263658388785 33.985424841593726 378.48302120860291
v -0.05176804038697469 33.974793840157304 380.47978698887863
v -10.372916877738362 33.976614564373335 380.13780981658368
v -28.145822515496235 33.960212499712952 383.21852442617563
v -51.887325645779612 33.903328772069472 393.90269952407931
v -66.186749669536795 33.950357280747426 385.06957901450943
v -76.303953273322094 33.934099183911258 388.12325289547476
v -93.282707103064098 33.965185486782957 382.28447409549818
v -103.52801994002763 33.961275942795623 383.01878343569712
v -112.63493132830703 33.954809405920514 384.23335946846697
v -139.20322410924766 33.972900208216629 380.83545804039187
v 160.83965287178316 33.925339087806265 389.76861624519557
v 151.84271030750457 33.89829696701338 394.84779733158865
v 124.66185871412753 33.930766345533016 388.74924261662903
v 104.28832027611011 33.96180964414441 382.91854108350543
v 98.156879936339635 33.919812574778007 390.80663248148488
v 77.920044496153537 33.901008677107939 394.33847090967964
v 70.534873874385994 33.933808897910239 388.17777580723526
v 60.89418002538504 33.920075667299784 390.75721717968094
v 34.776476178677243 33.931407036165865 388.62890502293823
v 32.075372342088187 33.874462108547618 399.32457499422384
v 17.63571425025367 33.950935170534649 384.96103697744837
v 7.1128369517252281 33.936404972850255 387.69016853577619
v -4.4648154312569091 33.924095476218781 390.00219735009756
v -17.125353498999431 33.930222643732463 388.85136330173515
v -36.417146652555829 33.936961185835344 387.58569793987118
v -60.494906851384741 33.916589543459281 391.41199771302257
v -69.036323416985596 33.899735565187257 394.57759290894199
v -86.572026933926338 33.922322875826808 390.33513567449228
v -97.178221858681866 33.916730901967298 391.38544707869181
v -107.79309684955908 33.913992815086999 391.89972771525714
v -119.37837225694429 33.917941850441025 391.1580009167804
v -129.45131686344004 33.945960459655339 385.89541108227951
v -139.15811631346671 33.919113336145188 390.93796684189641
v 160.884520308486 33.871838821692108 399.8172933384356
v 143.09534993160969 33.871799232162402 399.82472923415327
v 125.52120599337377 33.871025802960958 399.9699984237073
v 109.1742078986457 33.859798446813443 402.07877441178408
v 101.80887284312794 33.880359325987115 398.2169312738734
v 84.590276344943376 33.863555306118542 401.37314304238322
v 65.430344947386374 33.829480816187811 407.77317749642322
v 58.291824948933353 33.867214866227755 400.68578687556368
v 41.6737066071328 33.891271183233926 396.16741380557193
v 29.32629661669182 33.817196120847711 410.08054801301552
v 15.224588882554031 33.898987656257759 394.71806875839746
v -2.4418194113358425 33.873027089314178 399.59410720306602
v -11.013354463287101 33.877985590466437 398.66277768707056
v -20.195885318265823 33.870240826700069 400.11743643748736
v -35.847631270669041 33.888865070366933 396.61934148753465
v -44.317062920297644 33.867779756878576 400.57968639877294
v -60.188088537887978 33.870803148562345 400.0118184429046
v -76.116853043077469 33.831540522497335 407.3863135588353
v -85.092539901525328 33.8307354108357 407.53753350033077
v -101.66746604103841 33.868735989935431 400.40008211055118
v -112.36599818255681 33.870701285140058 400.03095092040047
v -139.1132526919873 33.865617619331942 400.98578946357662
v 160.9293036740147 33.818438802672858 409.84714154051954
v 143.30091338136438 33.818703457455626 409.79743280734186
v 117.32616407592477 33.8362265344972 406.50616426496566
v 108.60315612466368 33.807139312414279 411.96946610400352
v 100.49752445096277 33.83650370144494 406.45410543682686
v 91.323004741780267 33.82254969601297 409.07501379726006
v 82.075565618778199 33.807677742201804 411.86833563372346
v 72.583155199877268 33.791782851068774 414.85379047401915
v 38.965326119027353 33.834751613231674 406.78319106523821
v 19.769611263904551 33.801051597480637 413.11288997919218
v 3.9135204564136075 33.835847645227318 406.57732906849475
v -5.529443669246092 33.828750340650345 407.91037892239871
v -23.74712404831223 33.813848750939542 410.70926711595638
v -33.446189947605376 33.806691740602218 412.05353119268187
v -43.09903292408282 33.815887642300481 410.3263127420359
v -50.712439137438849 33.787434790839029 415.67046404228955
v -78.224217079851684 33.789361761166333 415.30853121478373
v -95.901554634060773 33.819336841519771 409.67846756849514
v -107.06115989788245 33.823714539731327 408.85622725206741
v -117.68896836764563 33.826573196899858 408.31930052453646
v -123.09369389657192 33.784444085123823 416.23219276246181
v -139.07040732371999 33.814528482699529 410.58159663014663
v 160.9744830052357 33.764566631209391 419.96567168376959
v 152.08464369146679 33.738491364965967 424.86325350217027
v 143.35384791115493 33.765959556984285 419.70404567060797
v 127.20944227930595 33.769036242011111 419.12616790292208
v 123.83153613559082 33.729771709188753 426.50102115519707
v 106.88143870313897 33.755399423343647 421.68750072090296
v 79.831265570417443 33.75311098192401 422.11732678613549
v 62.898790163968044 33.77596642327785 417.82450795232563
v 45.97992999939791 33.796287689729411 414.00767002742072
v 36.261799546426502 33.777957245379071 417.4505821777953
v 26.415405477745963 33.758995448530413 421.01207798853392
v 16.048869489902444 33.740446330271652 424.49606252328459
v 6.844933998491598 33.752784346914041 422.17867694344346
v 0.7850684188745447 33.788489825431498 415.47230237485331
v -8.6294477441490471 33.778056543322009 417.43193156094486
v -18.158674397437579 33.767688612764573 419.37928610446005
v -28.148263381727475 33.763816343552207 420.10659431728203
v -39.909053636730391 33.762751351625866 420.30662621902019
v -49.624986695883365 33.734422696594493 425.62745034891844
v -60.023317118162709 33.760353849015019 420.75693668131572
v -80.602940338981995 33.741935975042111 424.21627028355164
v -99.162194144136237 33.722488085007058 427.86906645264838
v -108.45532599384021 33.727848626640935 426.86222376126801
v -129.2146849971617 33.737488102348493 425.05169110847834
v -139.02489852070138 33.760263446607496 420.77391649594978
v 161.01949446662428 33.710894628985898 430.04660507839031
v 143.93903493866591 33.719481935160957 428.43369596369581
v 114.08498294265094 33.722316234768982 427.90134419024645
v 87.230019729686461 33.714166318272419 429.43210067350213
v 77.631260720020876 33.699191938131435 432.24466071549563
v 60.440314933042714 33.722892458913748 427.79311500214709
v 50.79843321997943 33.704816968259479 431.18814052405713
v 43.482822806794417 33.740643863073501 424.45896096314124
v 33.840386012009347 33.720764850410205 428.19273265615851
v 24.194906696978165 33.700247063336178 432.04648202881896
v 6.6975794140046787 33.706804692534206 430.8147965981795
v -11.428959417777406 33.725363607460622 427.32897200623239
v -22.068358703105531 33.711530433785924 429.92718516529789
v -32.225980019442375 33.725217258948419 427.35645988711082
v -40.561521372304242 33.706487326173828 430.87440587318139
v -49.110774220397644 33.67879927295462 436.07490909211191
v -57.743737484501821 33.70302103756228 431.52546085850184
v -73.848182195602305 33.705702388017016 431.02183673004237
v -83.136835053906168 33.692094185357973 433.57779475179137
v -122.96043482253967 33.701381211449529 431.83346087968465
v -130.53106223100471 33.681797928400101 435.51168721539108
v -138.98192738631778 33.709024345520106 430.39789070715022
v 161.06201826605681 33.660188933430049 439.5703924992095
v 139.29583439218388 33.681263742905344 435.61202050221488
v 129.11823463537911 33.683804733636407 435.13475941160897
v 112.57419206545997 33.669463834193152 437.82833606455353
v 85.219238573234577 33.654964567182674 440.55165807505949
v 74.578430778429194 33.649488429921348 441.58021249271195
v 65.126701776084076 33.634829503189735 444.33352255935569
v 32.042037122793687 33.662466978958264 439.14251904028248
v 22.765637823956666 33.639615028804997 443.43468214000296
v 5.3257812472544117 33.652734409338791 440.97053703899729
v -4.4494386475002727 33.636057449080567 444.1028838608658
v -13.101287509500168 33.672663995952007 437.22726630365759
v -40.145021581466125 33.653477317447255 440.83100046779288
v -57.866949719452577 33.647831551305103 441.89141539704809
v -75.513398337860309 33.656894950086439 440.18908428104049
v -92.995718310747037 33.679673141877288 435.9107748314147
v -121.97498805245672 33.656447224251792 440.27317829898499
v -130.25097394628014 33.628565493775341 445.51005891115619
v -138.93642457865027 33.654766458329618 440.58886783193083
v 161.10690218997533 33.606669007837013 449.62276213026132
v 150.26404730965734 33.584552079864693 453.77686983159253
v 138.7900736394682 33.591298387301322 452.50974594742388
v 128.06075107077166 33.594332382553603 451.93988637836469
v 121.9267439651066 33.638382769899977 443.66613092953872
v 111.34800473345479 33.619966713776535 447.12512309456383
v 102.40179193980617 33.605172598623767 449.90382490012712
v 94.438047813465062 33.625182099533504 446.14554427757321
v 71.507931083592894 33.597419467954069 451.3600551625309
v 62.952772135287418 33.582250550115077 454.20915420984659
v 56.136117798503577 33.618009041611572 447.49282248875591
v 39.863294819774808 33.62638953926637 445.91875714423793
v 13.346379414081895 33.615549869462598 447.95471602008161
v 3.7143086465944748 33.597065654220046 451.42651015840579
v -31.228615736710481 33.626680835925072 445.86404440587091
v -39.972006183023979 33.601610567060789 450.57286278671017
v -47.751208259023826 33.572129511354547 456.11013634956169
v -57.227575493513115 33.595055285094418 451.80410734902819
v -67.504352568919671 33.617310331521708 447.62405757570946
v -77.951509084914392 33.614308629852644 448.18785160876462
v -94.947776246538751 33.627486486275075 445.71272328534587
v -96.868294118469834 33.572679968386979 456.00674686434547
v -112.8276585165531 33.587717665649961 453.18229429623148
v -121.5355814224533 33.607163386821867 449.52990549342985
v -138.89037401389984 33.599855421508551 450.90252265921902
v 161.14868719863577 33.556844251907137 458.98108723690234
v 152.03322281767061 33.529358510118811 464.14359135060488
v 142.53106752811578 33.544633868857318 461.27450006199535
v 123.58642866433171 33.552484540725118 459.79994914302245
v 115.05710478124799 33.527324635717889 464.52560341498918
v 96.296237168146376 33.565601457755974 457.33626674897948
v 87.04291643324261 33.593186398783246 452.1551305574809
v 86.26266529203906 33.536518989263243 462.79867574586103
v 69.455280878963862 33.543947330209505 461.40344905018389
v 59.851949878887822 33.531049476173678 463.82598597973947
v 54.803621675477018 33.569284902862478 456.64442438717754
v 0.60654735718276243 33.543922312547636 461.40814798767565
v -19.618198557574203 33.532381968435914 463.57571087933911
v -23.265830563262426 33.588892127358235 452.9617012539336
v -29.038667125109697 33.535432779060613 463.00269296622218
v -38.544129082146043 33.5477278827384 460.69336750564833
v -45.97886477031517 33.51988938445794 465.92212803897496
v -55.428755683866569 33.541739206553245 461.81818944711949
v -101.77712655136028 33.516858739892825 466.49135826586553
v -120.98848480646868 33.556978892636153 458.95579836812931
v -128.6951421363286 33.517540780732986 466.36325407752486
v -138.84469516092108 33.545387616576022 461.13292754311408
v 161.19322325592924 33.503739125071831 468.95554737180942
v 151.76391646108002 33.475502097242668 474.25916164025375
v 144.6014975848353 33.499258548340265 469.79711082630809
v 135.87142540707876 33.501110920706253 469.44918934638883
v 118.91538690642102 33.472983694847642 474.73218008103277
v 109.19944375876696 33.480961296782937 473.23378854677208
v 103.87255644323469 33.524877491112136 464.9852378753327
v 84.625636858835108 33.479200147230756 473.5645761193914
v 76.785653348895323 33.50806700600441 468.14266397612982
v 48.891756271108534 33.530459754639821 463.93675031229895
v 38.906577376250794 33.509538582753009 467.86626535910329
v 29.576810959639488 33.486967426261174 472.1056884439015
v 20.72677238830758 33.4623924556318 476.72147752993931
v 5.8465405038639915 33.499276312433096 469.7937742890249
v -4.0952981823546963 33.492978077898272 470.97673896741355
v -14.662148362156728 33.485667206819528 472.34990190802819
v -25.09154362583817 33.484357813603935 472.59583843445159
v -45.475210954536436 33.474891138867008 474.37391477850508
v -53.90240410367349 33.488919846232704 471.73897554188852
v -71.535249378698296 33.526576494608832 464.66612287349722
v -77.119752816387376 33.495160663461604 470.56679525782943
v -94.448692628507331 33.475639008646624 474.23344628238374
v -111.38450980338709 33.488532827734559 471.81166721615352
v -121.20314134604391 33.473020292156718 474.72530619855479
v -138.80089189904854 33.493156280465371 470.9432681048653
v 161.23726142656076 33.451227682005253 478.81849896816846
v 151.28829392015797 33.425474617210227 483.6555633620934
v 122.05018254355831 33.422917419139878 484.1358685930561
v 112.07414055788254 33.431794167057149 482.46859513934635
v 102.41264146227658 33.439698810640664 480.98390699333402
v 93.076672148735327 33.455482614906884 478.01931702221282
v 85.066715851878513 33.422973165578526 484.12539802905178
v 64.188709819520753 33.439937428432074 480.93908865299716
v 45.287741497791586 33.417721721878763 485.11174942212153
v 37.525065942564297 33.452612837992945 478.55833231377915
v 1.6706484195161693 33.448704307394394 479.29245131441053
v -19.676277540216773 33.432241492070204 482.3845764056332
v -41.135858801531583 33.437483420789192 481.40001216195992
v -51.727869982270647 33.437194587446754 481.45426222842275
v -60.939598516146248 33.451456161571457 478.77558483802125
v -69.478618661635664 33.474175123121483 474.50840029685992
v -77.721923111258349 33.450427454282078 478.96880158486169
v -96.368987209718 33.420857355242049 484.52279969459767
v -103.8460222604152 33.457576155456593 477.62609817503596
v -130.16014722376971 33.461930262548378 476.80828885608037
v -138.75582838711122 33.439422212779448 481.03585893290847
v 161.27978577102519 33.400521336549275 488.34240845635338
v 142.44313585565874 33.397128154481209 488.97973221934853
v 134.24373466371767 33.362914516559556 495.40590211774281
v 114.59123851865377 33.382706437405261 491.68848842846251
v 104.70963221290602 33.391781054041815 489.9840503209615
v 77.694032314685671 33.383806370020977 491.48189379850578
v 69.669162199247779 33.398528674743318 488.71667977307982
v 61.42703681305106 33.384173740330596 491.41289254146091
v 43.83912074783386 33.368966064015638 494.26927139199938
v 36.531930120389532 33.395881225787832 489.2139363590228
v 28.271031624688135 33.428319912264499 483.1211463710697
v 18.369423841317058 33.401087633750706 488.23604379447352
v 7.417391051240088 33.401310822526227 488.19412340606061
v -11.577660027894211 33.4036262860904 487.75922191176005
v -17.638531661589269 33.372919234642438 493.52676788673432
v -30.770511179883101 33.438162988018405 481.27237257910804
v -36.907165635239494 33.391943959297294 489.95345267299399
v -47.715056862345875 33.393015624028237 489.75216745301691
v -59.28827074403145 33.39271695169424 489.80826552615122
v -68.992860053861733 33.421166923261183 484.46465514152533
v -78.563531750373443 33.400884883189576 488.2741253792351
v -88.332716214670114 33.384543908989997 491.34336568488652
v -108.26365239414494 33.349551773864107 497.9157566694895
v -127.68328518077837 33.365460800233734 494.92764688113039
v -138.70963774915649 33.384344151625044 491.38088507317627
v 161.32325560961866 33.34868757684302 498.07807430715036
v 152.5961124247078 33.321852042824332 503.11845327280275
v 143.7212998027596 33.345760974369853 498.62776284833024
v 135.90953213738419 33.315016688360117 504.40230239763241
v 117.07266278796055 33.333230024101056 500.98138614909033
v 97.384163068885826 33.353042536218538 497.26010490817328
v 80.146286804168057 33.328014545283907 501.96098244509074
v 69.243363008454992 33.340121262408218 499.687040652316
v 58.380308267712877 33.33019703614076 501.5510565237355
v 48.172916345252759 33.325738729598868 502.38843708415675
v 37.634079745235013 33.33422319969867 500.79484313533078
v 29.053883423172323 33.323399817968095 502.82774270699872
v 20.701865588801297 33.341037654950298 499.51491940105211
v 5.2644452794431515 33.305006215838091 506.282517455061
v -4.4385618413338648 33.311009364370477 505.15497724777435
v -14.180514547069862 33.319965767039491 503.47274265577209
v -23.677185580977465 33.331931248799776 501.22532836784262
v -33.02920386782526 33.34238895877337 499.2611110229094
v -52.827254029735144 33.347666972582658 498.26976910415306
v -71.854517579856349 33.31364827932947 504.65932355807695
v -89.913138678191245 33.332971156814153 501.03000784697247
v -99.881151928350931 33.315744336483988 504.2656320300805
v -109.7934480365511 33.296671787644698 507.84792981196063
v -118.59718795446324 33.330335004466917 501.52514264966044
v -138.66759248775267 33.334209068383132 500.79749734692916
v 161.36802235167366 33.295307379777853 508.10419945458113
v 144.71462219977892 33.295411611119846 508.08462222302092
v 137.54950166482124 33.272436647452707 512.39989031211007
v 129.20684869054821 33.276828990922525 511.57489925285779
v 119.90097778461222 33.28330139349822 510.35922149601788
v 110.19257471887715 33.291285511325384 508.8596061156336
v 90.458451631822626 33.313644273246666 504.66007599980753
v 84.085836128253121 33.275008670477007 511.91680058704674
v 63.803066606439018 33.282556519176694 510.49912737081274
v 33.745017343832188 33.280321846690924 510.91885429647107
v 8.6973633816689642 33.253578797432567 515.94186232996503
v -1.0115842488170017 33.260642950341264 514.61503918174185
v -20.409072943068679 33.278785929430057 511.2073376577149
v -39.039737259843179 33.300711596179497 507.08915355844283
v -47.296469038374624 33.3110240906895 505.15221127976736
v -63.99873381084879 33.275375116622342 511.84797291095776
v -73.80769320487704 33.258118281764894 515.089234566806
v -91.541780796051881 33.281763971842281 510.64798741997208
v -93.134323928284459 33.231270762132169 520.13186472808025
v -110.64926135517223 33.242560639803116 518.01134564701874
v -128.54967702764404 33.307515401151193 505.81123021090627
v -128.91835965906452 33.251798037001151 516.27633331218271
v -138.62260310015697 33.28056338711491 510.87348701323992
v 161.412900689015 33.241794115661094 518.15531789513466
v 143.96334413576014 33.243761244489122 517.78584230501565
v 134.09182969217758 33.232700981226401 519.86323410446789
v 93.898177589565478 33.257410584446063 515.22215767829175
v 87.257915594851596 33.219199024251509 522.39923655122107
v 78.415636086055301 33.240393392285171 518.41840849119944
v 58.206991216600073 33.229550137748276 520.45504066885928
v 38.238661538004877 33.228847990448287 520.58692134911439
v 28.32077553582468 33.23549090724083 519.33921679259765
v 18.427839255708051 33.244788662170038 517.5928677786344
v 2.4342410711697653 33.209945528677451 524.13727256039942
v -7.3595124171993405 33.216914728049971 522.82828404167071
v -17.190791299830948 33.226453766598468 521.03661597875907
v -66.120714113392694 33.222131724984536 521.84840260555802
v -76.193767986586607 33.198552594348769 526.27714823819724
v -83.366104854316404 33.245487797417638 517.46155283651319
v -102.05584873704933 33.209440949824113 524.23204498553946
v -129.06477526412274 33.196802160698951 526.60592309854974
v -138.57653632070682 33.225633015765027 521.19077334465715
v 161.45669373153899 33.189574965177883 527.96336969377944
v 141.47574501262497 33.192259214995659 527.45920099302793
v 129.15189434063234 33.191921739180714 527.52258732243558
v 106.56450110951255 33.158100153525822 533.87512007998066
v 88.006971111655631 33.161801233725157 533.17996541028492
v 78.796526367442553 33.193472872595919 527.23124598995219
v 62.366443330828844 33.190164844563867 527.85257571266129
v 42.452364026982821 33.174682688604719 530.76050864907029
v 32.38835237439136 33.183124990668091 529.17483490351469
v 22.406196192678294 33.194024935156733 527.12755494666726
v -3.7806719053311042 33.164576188252738 532.65876011502633
v -13.874712149240452 33.174136276911611 530.86313831921598
v -23.946058913103116 33.185311614091631 528.7641327836086
v -33.941090394078799 33.198463851271242 526.29381638949485
v -40.984925976799531 33.160877012687649 533.35355704716926
v -50.717211964493742 33.178921542310434 529.96434677498041
v -59.330862245838517 33.190703779636408 527.75135033732636
v -67.119869593391797 33.167510724908368 532.10758133757167
v -92.595131518345141 33.124736828226389 540.14158017523596
v -93.511129141674019 33.178415747083648 530.05934766523183
v -110.91554607064583 33.132500952418752 538.68328505658087
v -120.06064345816557 33.165854494980238 532.41866240217587
v -138.53075173153499 33.171039130207362 531.44485929749385
v 161.50062166946398 33.137194964412572 537.80163316542985
v 134.01275954390934 33.113185934293881 542.31112458494658
v 124.50268434588457 33.095463230122334 545.63988805426197
v 115.61395281012119 33.128479712782507 539.43857361035884
v 96.659463397653752 33.132005628812806 538.77631911669368
v 79.058308261856851 33.140053315266243 537.26476397141869
v 70.624367347015038 33.128058204912293 539.51774324421558
v 62.235426179212084 33.143663373385095 536.58670550631882
v 35.820897032993344 33.127430396540205 539.63566122978568
v 25.936870617648538 33.141842529344956 536.92870518455084
v 10.176914113180118 33.121832067018261 540.68716638505293
v 0.6060245672275073 33.110379578477421 542.83822782118614
v -10.352442508079491 33.121950421739768 540.66493643246986
v -20.839566118484669 33.132872482817845 538.61350243152219
v -31.026400749218681 33.145240264840083 536.29052617500088
v -48.238802848449041 33.124547962227723 540.17705389475691
v -57.821574934418038 33.142857311085152 536.7381040012574
v -65.698280144109816 33.112555697005007 542.42949878133891
v -82.863407362640089 33.102194886692303 544.37551596628418
v -101.95085935680274 33.153318576250115 534.77321890320286
v -111.95628556912786 33.081250063004461 548.30947340799958
v -120.41792845142592 33.112485212792933 542.44273746478621
v -129.18836431558336 33.142571449764489 536.79179584829285
v -138.48532032304942 33.116866379933811 541.61984559737039
v 161.54592118022407 33.083179489970405 547.94707916281209
v 143.05030574380126 33.085352796481914 547.53887828933671
v 133.65015152937971 33.063700731129245 551.6056732594061
v 124.30292863597947 33.044837076304759 555.14873556353814
v 115.13143066157537 33.074986894639039 549.48585178993062
v 75.686632082975621 33.091345043485546 546.41338565955766
v 55.426637689349647 33.107861584259865 543.31116959612245
v 49.319492901599645 33.062671906965591 551.79891195814616
v 38.57894338451959 33.065685650508783 551.23285616241992
v 29.582346499400444 33.040487503836687 555.96569316766431
v 18.90513593579243 33.104382386513464 543.96464923718077
v 10.379988970013159 33.079209095101476 548.69281780803453
v -17.720143371334416 33.081299993052596 548.30009530640336
v -28.249285921021368 33.091598438539847 546.36579178270995
v -46.328331747551005 33.07099342005364 550.23592537842183
v -64.163230531208711 33.058116472604695 552.6545355323251
v -81.140904065304056 33.045829876486948 554.96226306212316
v -90.760328621622762 33.069616471461757 550.49455048029336
v -97.442811657522896 33.034570284163863 557.07709380360166
v -120.97668573947178 33.058925916071701 552.50250197033552
v -129.51551955422335 33.034752840498356 557.04280519552299
v -138.44007422541787 33.062914595704399 551.75332899291607
v 161.59184202737674 33.028423129380315 558.23168195706876
v 142.68880931003366 33.032440628038273 557.47709605181012
v 133.19318272405985 33.012156634903533 561.2869331232464
v 123.95108542310575 32.994499443066843 564.60339175094873
v 106.12248487817044 33.047824417068625 554.58763886468864
v 96.811881374547767 33.072712806828974 549.91298189124677
v 89.099099775715985 33.035228025601043 556.95355364589113
v 59.464575866882925 33.054274426355107 553.37616712305089
v 54.259402656238379 33.011049430431456 561.49489358819073
v 44.453783413303981 33.013499502049228 561.03470936238318
v 19.961809474271604 33.0484974322016 554.4612299280418
v 10.748345209261117 33.035789684210101 556.84806022671796
v -4.6284004947747235 33.016254968985834 560.5171643201179
v -30.680946388414668 32.996579558549001 564.212694464469
v -38.860301733407539 32.996832262972816 564.16523030514054
v -45.882082842081786 33.018390639144343 560.11603248733604
v -62.747031745545286 33.00320291099456 562.9686645776253
v -71.889812841600559 33.023568970462009 559.14341341322165
v -88.421187849826026 33.011167225360225 561.47276877857644
v -104.52086916104324 32.999726240165728 563.62166960088894
v -121.11098606802599 33.004585440158905 562.70899130583712
v -138.39518430614814 33.009387521209931 561.80704136499048
v 161.63693578858579 32.974652992237111 568.33104752390705
v 141.82948720143401 32.978205750822781 567.66375133249858
v 131.78207755948426 32.959730672298065 571.13382936856874
v 121.76408447184967 32.944988743903309 573.90272920646612
v 100.15372482853194 32.958114758558963 571.43733805280522
v 89.705739438011207 32.970520851674792 569.10716602256002
v 73.631819206683133 32.999686073609951 563.6292138764245
v 49.811627425166947 32.969137390839478 569.36701428529182
v 41.580538915648646 32.957160425815573 571.61658541500219
v 30.87735939894381 32.945089600102961 573.88378591033961
v 8.922028882361019 32.952152823963729 572.55713726036447
v -1.1836786675163182 32.963088826232706 570.50308475793759
v -11.232675835446827 32.978236313565958 567.65801089119827
v -18.012414721906993 32.938981576854644 575.03102419078664
v -36.751490679635594 32.949750045718815 573.00843861760472
v -45.488397595516659 32.962254006137073 570.65988468028195
v -53.831231880944102 32.982951364800783 566.77240730866265
v -70.223281650009341 32.966260580695803 569.907350591865
v -79.279097067163548 32.987475869177956 565.92259315266756
v -86.675992467741878 32.952288890763271 572.53158054015694
v -120.88665533689172 32.950590469389681 572.85058620483392
v -129.43989228540724 32.929181456743549 576.87172984750055
v -138.35118387897737 32.956921083727138 571.6615397962762
v 161.67971125650888 32.923647205296334 577.91119955082877
v 154.61186980960957 32.896569865528249 582.99699563438571
v 118.87957484253027 32.898811765850951 582.57591114165416
v 110.62332059373306 32.938653722692152 575.09260333519092
v 101.87757683951679 32.904276317536755 581.54953278247262
v 93.879562030928 32.921441796506542 578.3254300284716
v 62.228716949983209 32.906878754458489 581.06073057303593
v 39.933467004013295 32.905540270407982 581.31213107990106
v 31.564870117561583 32.893502519291587 583.57311934561812
v 23.121659553087909 32.901503389460231 582.07035745995449
v 13.009331083505543 32.903922448303206 581.61599820254946
v -6.4263488189986901 32.886346596143312 584.91717922128169
v -34.312805544411844 32.899985679812517 582.35542097979396
v -52.480693385492458 32.925218869116975 577.61600209891731
v -59.346970656000082 32.897869457862953 582.75289995651428
v -68.145450540759157 32.908248363588882 580.80348400410776
v -85.066165046628612 32.8945820561662 583.37035554178715
v -94.60878232718963 32.918940125787344 578.79530584549389
v -103.73463611463453 32.945650064319466 573.77851682771757
v -112.26472823854678 32.918258501990636 578.92333170273355
v -120.96042774280531 32.89700110706292 582.91599777690112
v -129.88189398208496 32.879668369746241 586.17151579740857
v -138.30847490494884 32.90599458460224 581.22679960458481
v 161.73120014979037 32.862251464979636 589.44284255286448
v 154.23756647744719 32.848579834359157 592.01071391914752
v 136.26664804111527 32.864321175913574 589.05409949863565
v 114.88267059575941 32.852032846440466 591.3621525955466
v 104.25756262178676 32.853877540911299 591.01567321479365
v 93.563844071013833 32.865441354432505 588.84370218584286
v 74.49253700352385 32.849051806483885 591.92206584647329
v 74.037215988672202 32.899717630738678 582.40576724502876
v 55.996663158482249 32.860833096960846 589.70924725054215
v 46.258263538713067 32.859875972355326 589.88901899371353
v 36.699718091262241 32.85393698996188 591.00450720842605
v 27.027522218907194 32.852467032912841 591.28060160568134
v 17.527719258089803 32.855285076013956 590.75130320748758
v -1.3915496922105888 32.85233479547253 591.30543907724518
v -11.222573705821588 32.847850990377651 592.14760889844251
v -30.938536216916617 32.852043813421119 591.36009272453407
v -41.241508610345846 32.854952599268586 590.81375058761569
v -52.096381273496064 32.862264100066454 589.44046937013832
v -74.751918443286741 32.863237241155161 589.25768933412792
v -93.779427128045199 32.859223079520234 590.01164846367351
v -112.63358859889135 32.858750190584487 590.10046873618239
v -131.77901186506651 32.834331804254248 594.68684740665708
v -138.26263308742509 32.851332459530909 591.49370263081801
v 161.77595735378674 32.808882641166747 599.46683152139576
v 151.80153895474635 32.80864553399465 599.51136612995356
v 140.25907435709777 32.808371151967435 599.56290188091975
v 130.61857024745709 32.808141982448433 599.60594560132995
v 120.28835285894689 32.807896417390452 599.65206881065478
v 109.39865656541119 32.807637552663664 599.70069002768651
v 98.747242961413377 32.807384352280678 599.74824734045023
v 89.076700317573284 32.807154468699764 599.7914251793934
v 79.583928423718703 32.806928811001285 599.83380929278292
v 69.801395013858411 32.806696265228652 599.87748715736416
v 60.49329077389848 32.80647499736267 599.9190467513331
v 51.182516272469286 32.806253666020439 599.96061826770642
v 41.751656298108799 32.806029480062989 600.00272595163528
v 32.007872196826526 32.805797855420565 600.04623080509759
v 22.232624786118038 32.805565482847328 600.08987613854697
v 12.741111729813241 32.805339855073385 600.13225463137451
v 3.401116938591997 32.80511782912015 600.17395661291539
v -6.2815715802739192 32.804887656813207 600.21718868176617
v -16.353858876821448 32.804648223147865 600.26216026347515
v -26.4740735520827 32.804407650175335 600.30734583531012
v -36.77620169726606 32.804162752841648 600.35334362945741
v -47.247654936873602 32.803913830391593 600.40009744029612
v -57.709220579726434 32.803665142984869 600.44680710417492
v -68.51167943106185 32.803408352025485 600.49503881625651
v -78.423674746269711 32.803172728745494 600.53929471306469
v -88.692600097412594 32.80292862069291 600.5851442606297
v -98.099259873543218 32.802705010011096 600.62714389351117
v -108.13889368698105 32.802466352568899 600.67196968124699
v -117.42029531224861 32.80224571946485 600.71341005117256
v -128.1179120689828 32.801991420762306 600.76117365559548
v -138.22105232947794 32.801751253674752 600.80628299217074
v 113.6020469776191 34.387746051620468 302.9171180653986
v -103.15825239993089 35.289231750519832 133.59574173656753
v -130.60282535616997 35.272303333936804 136.77531829379521
v 150.52198998599721 35.223667204655328 145.91038983103527
v 5.4411264914692765 33.887572196407746 396.86217528786091
v 24.812592933849317 35.24427724428557 142.03931313993792
v 83.535020854558056 35.235313064132527 143.72300853635141
v 151.99129902587072 33.791944497351551 414.82342929236512
v -71.170283942539299 35.185673710347658 153.04651052111171
v -105.66498878285253 34.053542048093277 365.68892012606904
v -95.982628494768164 35.153097679305574 159.16509722536679
v -115.10103010585303 35.162414892641891 157.41509343985928
v -24.059838429103735 34.045011827440931 367.29110716354438
v 133.42047236732148 35.10823345196377 167.59171201329283
v -14.678974509078103 33.572105734721049 456.11460219112917
v 151.13566626347568 35.453364083150802 102.7676182343659
v 21.530652012020454 33.579976292961419 454.63631611809387
v 133.57302890297697 35.417449070804594 109.51334845364133
v 47.618190250246528 33.592524126013132 452.27952181191495
v -61.21581620377097 35.47887511774212 97.976013116439447
v -74.952500903638111 33.574351936367407 455.69270980312058
v -98.771504489734724 35.461263469343464 101.283917556772
v 34.45880381378889 35.437520012465995 105.7435277338399
v -10.185009665390595 35.450316410697098 103.34004672112937
v 80.151810752394923 35.429604258931306 107.23030260427433
v 53.694130876907181 35.432474045297624 106.69128553733134
v 56.751833110168377 33.482755317758517 472.89682690541736
v 150.62814696675136 33.682576564757369 435.3654399928011
v -27.654154510767142 35.393374911138665 114.03507281773614
v 49.689770789347335 35.294140717343282 132.67371599626929
v 95.458158658382899 35.360148641912076 120.2757903827416
v -103.68307217476647 33.670947632540447 437.54964192812412
v 58.097778048590527 33.670199499997466 437.69015977772193
v -31.117867114876162 33.678828270181953 436.06946269352142
v 153.85848820235043 34.477546452588911 286.05037519257638
v 48.225758418833323 34.862131759121894 213.81571467882137
v 76.247189255283175 34.477015637637408 286.15007540777509
v -118.45872262723739 34.507864148595502 280.35595982779222
v -99.415869806325276 34.828167408438958 220.19506225001697
v 48.944474379330956 34.410957082690231 298.55751066225884
v 140.24224046842284 34.834574559344333 218.99164037546751
v 114.02959168599394 34.579860449607111 266.83326857183835
v 30.475936646599308 34.734780818143236 237.73538043681594
v 45.561508090378226 34.701790678766884 243.93174695854032
v 34.515022139879207 34.58406596405672 266.04336863704731
v 135.47049748539612 34.730994883174958 238.44647293699393
v 151.09304574699584 34.167096034531085 344.36066467537461
v -73.826734743519637 35.0809699249603 172.71247867820659
v -110.30772158700549 34.221537227216174 334.13525823169158
v -5.7851605352603599 35.059824577542031 176.6840994506347
v 64.61771731809651 34.150508164705968 347.47627810394584
v 105.72660081627058 34.111877082586545 354.73215360092951
v -56.55534893677077 34.219437892405665 334.52956538478185
v 96.604095267345201 34.996053667844535 188.66185818038775
v 143.5715716066629 35.015158775904297 185.07344496922624
v 11.488169442756998 34.94920574539367 197.46106011692243
v -6.0091280851905822 34.950924447416583 197.13824524324644
v 134.36636666495878 34.92302762069437 202.37796130483471
v 98.232503974382908 34.275298633001796 324.03753263036634
v 149.82442000052652 34.966658740283378 194.18295474111264
v 6.0236025283218737 33.161073225467305 533.31670341992617
v -16.009172346512486 35.668173128919591 62.421150928362977
v -104.65370208253736 35.855543848761386 27.22828186115953
v 21.242724460440712 35.905853247314667 17.778928847868258
v -28.603884236029245 35.736564225402276 49.575606512952447
v -44.926080255884955 35.624315963915535 70.658614428279549
v 152.66536300473939 33.268532219781321 513.13323868124303
v 91.348450622246745 35.903732206136169 18.177312995319085
v 139.39859043256203 35.591406726942694 76.839785471778043
v 16.608296462367235 35.748046290013235 47.418989957195919
v -15.173906484645443 32.891845540135137 583.88434113390099
v 113.13765699816139 35.908996067795556 17.188629201371782
v 100.20318807539158 35.600363785495972 75.157427688445068
v 151.64985224279391 33.001338883499443 563.31877517991006
v 73.756242732446353 33.284460635888138 510.1414870192599
v -125.3542194988365 35.85983032286947 26.423175694217264
v 126.63445640818382 33.324965720646844 502.5336273404597
v 132.57160645558952 35.686231815972462 59.029281539614516
v 125.32603521932141 33.146016144526982 536.14479672349239
v -98.523405166674451 35.673283343764922 61.461325817428985
v 25.08998945523237 32.995494791308488 564.41644066076128
v 70.470587329468927 35.691962242625038 57.952965266440685
v -84.010230332219777 32.846437549146799 592.41308822314295
v -80.240336585637323 35.582286420350044 78.552805286389372
v -43.988348308916386 35.953978203994211 8.7398682053162702
v -111.87482307013281 35.613236652535363 72.739583936673768
v 150.85190272258922 35.959953387418864 7.6175805389452762
v 128.76967528776177 35.955177133904613 8.5146794277235358
v -103.17338148954113 32.844631817314848 592.75224945380364
v 69.5761566373058 33.047670559376854 554.61653715578336
v 34.53922222865738 35.956533400670537 8.2599388858017733
v 39.859915528695453 35.551079157747665 84.414303324290699
v -105.13644883237939 35.948464633435492 9.7754535247798913
v 89.041209422939403 35.816667036139961 34.53031164196932
v -85.464642092120187 35.953747041901238 8.7832861805480889
v 152.01229510855251 33.056546567461339 552.94940266101503
v -68.226149496727515 34.696415848014794 244.94127350076567
v -131.11216723350432 35.377686168968637 116.98180776911352
v 67.690442293228443 33.686509794083349 434.62668195846919
v -129.38365129238966 33.088681863613772 546.91359690179661
v 75.104126307981602 33.446858676177897 479.63910663923684
v 41.352037842485458 33.684262156799264 435.04884399487838
v 104.63936945294344 33.702707715348652 431.58431054242016
v -3.1542151536947927 33.688096233411102 434.3287092998317
v 14.882237476453724 33.676339117096177 436.53698738846009
v 102.45742013634782 35.320692545708596 127.68662398986737
v 94.80566080460612 33.40437555573493 487.61849048629688
v 54.517911361351096 33.429495941883204 482.90025883633234
v 43.831533060265258 35.340421947066773 123.98095301117249
v -73.492649475643816 33.080054134638942 548.53409842101064
v -130.92701454187019 35.006145982579369 186.7662711252201
v 144.23611177366837 33.63467273974436 444.36296662302476
v 150.95623464376635 35.279201389520324 135.4796923434167
v -14.52393726212452 33.029781646548656 557.97651873374252
v -66.228172519263325 33.672515364672336 437.25518294490195
v 117.00976966600047 34.959155416248336 195.59226512085297
v -104.96721822757362 34.792569931010803 226.8811515350051
v 151.04909052322705 34.90964473729025 204.89159878128862
v 93.506344047721541 34.36293933710084 307.57643440263263
v -27.299995293492003 35.494830497728628 94.979196968969632
v -71.647989772617763 35.480369139818038 97.6953987101694
v -87.524353176524187 33.781440512471249 416.79633821264594
v 72.963362443825488 34.064050717070359 363.71513141621375
v -116.42557181930076 33.383325460007711 491.5722206283682
v 98.905005073037159 33.786714510650086 415.80575052890998
v 58.05245246883274 34.330972368689061 313.58062403664945
v -50.456124496718274 34.932171390949634 200.66053443234756
v -70.736021944891036 34.941561974000138 198.89674999450835
v 78.240708393069639 34.590079175305334 264.91393840202676
v 29.54366963515659 35.111440969906766 166.98926057855067
v 104.60140452674202 34.578819061480715 267.02886709443368
v 142.67609268116811 35.098607695148075 169.39966791789581
v -131.16816513233843 35.166186059380721 156.70677477950201
v 82.997861894606373 32.858969541781676 590.05926914017891
v 123.20988350382859 35.111885741022775 166.9057215300532
v 93.801915280500353 33.509483910671236 467.87653413224416
v 133.04051379351708 35.014181265058255 185.25704575405746
v -129.47041656358178 32.981262816114736 567.08955863770507
v -31.406227787344392 35.053775265644049 177.82031028311508
v 139.44205239495986 32.923830236982212 577.87682165996648
v 150.75652548126726 32.9435095035318 574.18056724196822
v 149.57760686939881 35.063692858346485 175.95754035975853
v -91.225329476769929 33.530074038479995 464.00919737512459
v 151.40569289922664 34.586757383146448 265.53785336917377
v 128.29365057025859 34.629326945702985 257.54223354893173
v -112.72836609136945 33.63842380778533 443.65842299669504
v -89.126539708568146 35.200819998830127 150.20166182827256
v -5.7871556049304615 35.005471892530863 186.89288195767529
v 93.247595812710529 35.217300724080985 147.10617280856684
v 63.963848301042134 33.002939785304648 563.01808610923763
v 117.42337030553523 33.776966845439347 417.63660385413976
v 50.518454268333045 35.80440581954997 36.83327226687237
v 23.280382314429687 35.789049171022953 39.717631794233796
v 84.039485292862423 34.203249670855087 337.57011495380328
v -41.985749727242677 35.810529944847417 35.6830096221735
v -15.748990965369444 35.806234440559706 36.489811880822771
v 2.7844553602151052 35.806583208685538 36.424304575333906
v 123.24532002995954 35.820060396943518 33.892954308018147
v -46.396525114519108 33.264861197530138 513.8227477226576
v -57.856037821200374 35.850901340707651 28.100260034780547
v -26.965199815023823 33.237666383413 518.93060840302792
v 148.64516567601274 35.812760759538719 35.264007285991624
v 151.70663052063045 33.164434622333999 532.68534970621295
v -9.4585269073179745 34.841110149608767 217.76409440324849
v -94.857411060646257 35.757522069136826 45.639203583488722
v 134.7131244151484 33.157353453671419 534.01536883513086
v -42.012478906227358 34.832295323989683 219.41973731333292
v 143.5256702179897 33.978192597247585 379.84141609843726
v 151.16105425978145 34.220225771289449 334.38158218643667
v 135.06992462019238 35.740324775693921 48.869281884708698
v -75.136531708410303 35.951430919366203 9.2183114459022022
v -125.04363461898956 35.950471954815953 9.398428776322362
v 151.30032207441613 34.700378939444704 244.19690662258327
v 123.7191978525331 35.910434389111288 16.918476779571506
v 151.66820211795851 34.060281705655598 364.42304525325784
v 47.119515871993713 34.094944643181236 357.91248574398861
v 24.671940953654826 35.955672781066824 8.4215845957481861
v -4.6300409016684227 35.948204540006031 9.8243055226613478
v 5.4726013235498385 34.113230242103498 354.47799667744124
v 96.041749797182149 34.131396905168629 351.06584671517163
v 70.485820925825763 35.816973061903809 34.472832412292576
v 95.393457932822145 34.811312684751215 223.36079745351756
v 127.06088308910023 34.719325063925226 240.63835447132138
v 20.317767967747187 34.821736069489134 221.40302723930736
v 51.972605355006976 34.056418776090027 365.14859924873423
v 134.42537704306275 33.844978705343806 404.86228947535329
v 151.88146852398665 33.845146858827093 404.830706080021
v -5.0709916766791991 35.595057694747368 76.154043152879012
v 12.621991190194422 35.600520390956433 75.128013298260811
v 53.044858697310204 33.169627948046752 531.70991431276479
v 48.188816285233969 35.586479122084199 77.765311897388187
v 48.611927396381319 33.851620814911143 403.6147365357603
v -43.251292968153507 33.911163555963071 392.43113276077196
v -27.17874113598441 33.908575197328446 392.91729071866399
v -123.76881234845584 34.72028151460313 240.45870930849176
v -121.70282814859158 33.869216390815041 400.30985090863015
v -84.482081784986178 35.629797651595766 69.629017504256865
v -79.254647083339989 33.878964017842122 398.47900475525768
v -40.515768193637001 34.317099143353346 316.18635989116325
v -38.366020421346263 33.105803241504361 543.69777742443375
v -96.190309580967636 34.36932526312961 306.37699908642281
v 12.367592498023583 33.203474881532941 525.35262060372474
v -102.44884147551201 35.717621155486029 53.133584941247449
v 18.864932152332955 35.692453623799963 57.860671692695064
v 93.535148179518814 33.874812887336702 399.25869003629856
v -50.040380935580629 35.302420754845286 131.11851956041716
v -121.14742332465786 35.812271720962144 35.355860861674927
v 118.49282459411106 34.495472322022863 282.68345224732656
v -94.410019458107683 35.006802175705843 186.64302177866463
v 126.85969761085936 34.527705918832169 276.62918318632768
v 25.000945810683874 34.508917331920031 280.15814587439394
v -131.12235472325003 34.693588712204246 245.47227973535786
v -104.36996728287178 34.695099115404446 245.18858854760416
v -119.79114128450792 34.567225269774383 269.20646877018174
v 133.87942370351021 34.274400348223992 324.20625279431641
v -103.31155801530494 32.891018678819592 584.03964619991416
v -123.37444074171285 34.39231379406732 302.05918272737694
v -106.39424624224316 34.365987001450151 307.00400743806603
v -55.688562635869204 34.365995050674712 307.00249559402477
v 82.636598904002938 34.259929362776063 326.92426282583227
v 32.843766508281504 34.475375553284096 286.45812393291754
v -82.33386492154699 34.478405258608461 285.88907011874659
v -20.993590950005057 32.849961655037191 591.7511737186403
v 150.62634775118701 35.119343524602186 165.50496477753327
v 36.443599584327202 35.150654532131739 159.62398086885537
v 14.839011478711285 35.148738120651615 159.98393048294272
v -113.08571205937673 35.112041161548291 166.8765297000275
v 127.91181740144695 35.061704395207471 176.33102306268856
v -92.289469863289014 35.101289017776821 168.89604901586128
v 29.976923214819493 35.197313074071019 150.860349290123
v 5.075768517994959 35.329841045723072 125.96830875126975
v 150.53261768014576 35.39679959155643 113.39183288335292
v 93.442276814823074 35.306801552226887 130.2956971429675
v 134.81699732014999 35.277416278847852 135.8149804088028
v -59.11195643889468 35.327963561785111 126.32094680731035
v 65.180695719237633 34.838547649238876 218.24539553759172
v 34.907781367673977 34.791103408096092 227.15660091666754
v 118.08101040329063 34.798615060250654 225.74572630947253
v 74.967449475043324 34.834075330787982 219.08540788212019
v 101.83160845305257 34.848945567192004 216.29240861730096
v 61.523667586552889 34.751769134493088 234.54455321748762
v -96.941952772584443 34.779677872175853 229.30259998206236
v -66.70345839711112 34.890553543457827 208.47739855537088
v -46.262582625009713 34.883004822554767 209.8952355930559
v -16.552679410951384 34.87436572838601 211.51787177759499
v 11.337814052161832 34.893594795179069 207.90617604144674
v 51.717590218112946 34.913160964685062 204.23116405369129
v 141.87998791835474 34.885677649713557 209.39321235099683
v -131.38020401950311 33.412673918183998 486.05985217081763
v 22.507327748241437 33.858343636634004 402.35202385121289
v -106.14103079524872 33.402594520081209 487.95301316207394
v 151.97120290900571 33.374085650499921 493.30768605480478
v 134.91618882375019 33.791069196154808 414.98783256966061
v -128.8223430705651 33.835262554630162 406.68722359630016
v 134.07898388634402 33.899015131070769 394.7129083069795
v 39.432688607946858 33.566927366200503 457.08722825288339
v 132.65274103688205 33.549113028028501 460.43320286052926
v 11.531105941976676 33.553097351241149 459.68484812686052
v -64.833225817128209 33.562157699928207 457.98308989420514
v -86.407652843567803 33.58496599904413 453.69912554209566
v -14.105863610973728 33.619066317651686 447.29423982184733
v 46.977207431380947 33.472001841970666 474.91659640697867
v -8.6700258222485616 33.445605212834892 479.87453814822175
v 67.160680983504434 33.490661815224655 471.41179055427745
v 70.198443260607448 33.738361311887161 424.88768069645351
v 113.92871693323661 34.149567332621871 347.65298970743441
v -7.3934909810375586 33.069969221475674 550.4282952774231
v -24.873320016912089 33.040305335650203 555.99990887192098
v 79.739335046632874 33.047553726595936 554.63848125016307
v -112.96720286171146 33.027662795051981 558.37449160462734
v -8.070304395084321 32.928944414906141 576.91625218456625
v 107.23970914543361 32.993350238667404 564.81924084411753
v 102.8998028340738 34.226567313584212 333.19048323643386
v 47.503771212126992 34.004210312785744 374.95464373006229
v 69.213366531859648 33.229493318701486 520.46571269527703
v -33.095730214197232 34.059027364935787 364.65864155536332
v 107.39102847774929 34.055812413984768 365.26248909340194
v 15.233288147476685 35.950421459077006 9.4079131286791835
v -45.689911039630658 35.436761648498702 105.88596729872691
v -7.0588479328901883 35.80671593177874 36.399375886129121
v -55.146747581546265 35.527973685794393 88.754084106870721
v 122.69224299851263 35.674302980694677 61.26981270910602
v -29.629358054130279 35.585542799209918 77.941176559426793
v -110.61027613593703 35.810605164551589 35.668881495833801
v 94.231945729141358 35.557140726243745 83.275790398671859
v 95.195694252285563 35.850176585306826 28.236387077186833
v 80.483006665127917 35.719529788940292 52.775096233355384
v -130.36626657250085 35.535565676561134 87.328119915452675
v 39.027048868020017 35.605849469565499 74.127080143405777
v -90.03851078014722 35.906459843615266 17.664995015513341
v -126.08602110034369 35.675568487222279 61.032119191325904
v -15.09878725045715 35.946183490775866 10.203908701834393
v 38.833628169021551 35.860721327251326 26.255822969235368
v 118.06082672137426 35.954931123701272 8.5608862463938067
v 55.915944306664315 35.764297377375556 44.366632629287352
v 143.63928191764842 35.481965699490331 97.395525199770532
v 54.251391652058189 35.95001311315616 9.4846106219681019
v 71.498433666881354 35.735834341973145 49.712696726278864
v 65.100934337231422 35.86090294736141 26.221710207337907
v -78.447575661031976 35.437633362400277 105.72223780445583
v -94.555887972040921 34.677503020424069 248.49357167015751
v -105.17258522482936 33.56483064849624 457.48104384850888
v -23.876593376305436 35.011195580999356 185.81783128260531
v -20.271728123409247 34.816781622404392 222.33359530086452
v -103.24026904765307 33.774744729104555 418.05397242317332
v -8.0135154210857991 33.359513671836282 496.04466511745159
v -106.79546902187232 34.920608173375058 202.83239352773185
v -106.3553167699782 35.158096228211093 158.2262457479153
v -85.753904762513088 33.201971022740565 525.63508258936986
v -124.66865167855426 35.45577809643413 102.3142066582017
v 21.35397267584429 33.522748708097708 465.38507613161664
v 106.63985943318534 35.155158125410935 158.77809433576383
v 50.668913411447548 32.915007011504827 579.53404227180522
v -47.865022246670009 34.786125049657358 228.09166012363332
v 132.08935837415578 35.823267341874271 33.290610499187892
v -69.88735829451241 33.368588325746543 494.34022000905213
v 129.1862070908858 32.9071956318312 581.00121314204716
v 123.6082974598993 33.233634288500355 519.68793584697937
v 37.720536379728344 35.037136784339509 180.94542980298476
v -79.384234332122844 34.021803709764072 371.65016735922183
v 37.971282556123867 34.848415215041996 216.39202190690088
v 11.23493776844299 35.655669548357366 64.76963351928589
v 56.941548592417547 34.112651528667186 354.58669341623619
v -54.838805454177958 33.03783954475017 556.4630455688598
v 146.27355343812332 32.889844898835236 584.26011119753275
v 142.05982235765418 34.687735377609556 246.57168116891307
v 39.130514850603589 35.201665253511635 150.04290203186196
v 85.306894667659193 35.861501253459892 26.109333480567841
v -55.115927038663841 33.235094901993136 519.41359640135306
v 133.43616002516342 33.63727383870048 443.87441571672929
v -77.331153736306703 32.927211865162121 577.24166800378293
v -72.174157035682754 34.25530007640333 327.79375763979755
v 50.876827294961302 34.517980823860796 278.45579726072827
v -110.93100061789048 33.187427989511491 528.36662498138139
v -12.998542337746073 34.266554904213365 325.67982179204847
v 78.814117069195589 34.31218818323299 317.10876002207107
v 124.99906779986081 35.727621911541974 51.25519487716403
v 129.49737479496417 33.461209415608494 476.94368179257788
v 114.15671266092947 33.94786751429092 385.53721891569461
v 151.91337322716953 33.951837999376266 384.79146332560225
v -111.08103513541343 34.00486121833967 374.83238752080734
v -65.679744583151773 35.528476062187053 88.659725358486696
v 133.25507141384963 34.111219951804685 354.85557906243361
v -75.680240424132165 34.172593280807234 343.32814546112485
v 24.57381375466781 34.315801427677059 316.43010308605056
v -55.096464339789321 35.623508977052381 70.810186579118181
v 121.84098976850963 35.534201087821941 87.584423530401011
v 74.765104131230459 34.221768148649346 334.09188545834201
v -101.09296236234965 34.097876830223697 357.36174828216912
v -4.7613006942175389 34.024062933561368 371.22582908822704
v -101.10906493036154 35.593810115728786 76.38836943976932
v -67.218755370349896 34.360485260547023 308.03737085477832
v -14.77732989925363 34.929202428402505 201.21817924619376
v -56.513631348594942 34.885698259171249 209.38934138361799
v -36.270393793018002 34.877918264155937 210.85061743650499
v 91.757526860901848 34.861139415645198 214.0021013996116
v -131.2620317701537 34.955263472241768 196.32326874809687
v 5.5609367702487873 34.802577767212711 225.00143164388109
v 84.083935443559923 35.288263645750874 133.77757582678427
v 65.128464675755083 35.271194117711218 136.98365661596128
v -34.042827040504193 35.116100833870519 166.11402253450407
v -55.734272711367652 35.114361652425941 166.44068395158581
v -5.933217675625599 35.113626387525301 166.57878493875381
v 144.65533721055078 34.743298598408387 236.13553001264938
v -89.384471693862338 34.567413854233052 269.17104793085485
v -5.9189201294778684 34.569326792495247 268.81175067324847
v -46.064038072998358 34.467894456262513 287.8632595281959
v -25.878907516287285 34.4430669970547 292.52647223243747
v -105.21431949603252 34.746752820945289 235.4867413354462
v 23.883526209189654 35.341432600755581 123.79112717835116
v -37.280047023642226 34.680594379632339 247.91293772720192
v 78.428843963424868 34.642952939781026 254.98293385738739
v 100.43408055640204 33.482628254910821 472.92069246010749
v -85.227931347476954 33.48739675716746 472.02504944979171
v -36.674915675910967 33.250104324412007 516.59445455031982
v 7.8982992485335899 32.856747568787455 590.476610786317
v -36.457484073122458 35.918319904621058 15.437381360308677
v 152.15136763084206 35.766487127023879 43.955343326833315
v 65.961759762022226 32.857729754233674 590.29213199560877
v 152.34410231689665 35.9141147136379 16.227220540076246
v -6.0323354380279852 33.584287389464635 453.82658525458373
v 78.48127397337403 33.563359674512526 457.75732925133673
v 102.47516650482947 35.735558182294767 49.764566364234156
v -18.674977026892577 35.720509488668256 52.591084322201482
v 2.0812428805063234 33.053776346001712 553.46971896869036
v 141.03917943824047 33.451744996830769 478.72133441153596
v -98.188730042620108 33.367827983090535 494.48303122074617
v -95.743429611302304 32.976463282216741 567.99103016002618
v 78.931930006332536 32.952959830969121 572.40556132628512
v -42.69092806753838 33.349511264128466 497.92336540272697
v 60.478796885430882 35.812848110407231 35.247600626084704
v -95.325283143720583 35.949899381581645 9.5059722328621206
v 28.280323432794972 33.372462703047916 493.6125158448076
v 1.7222639283846206 33.355043634928677 496.8842489315565
v 35.138545482983204 33.002334178147748 563.13183415588355
v 120.36016210048024 33.687376760330039 434.46384419156396
v 94.970245053851485 33.680435738210349 435.76754032325351
v -116.95150427873838 35.668404667280299 62.377662280738946
v 153.13391874376376 33.633356633508356 444.6101640212338
v 140.58718980602254 35.647569356077554 66.2910505612017
v 44.690037560899086 35.694359756344454 57.50265271769365
v 16.19394420137462 33.155344238513237 534.39274928201667
v -29.087502482032022 33.855816185132198 402.82674193872805
v 13.113212485814898 33.845982059923926 404.67383459620038
v -58.030707363145638 35.272323030937343 136.7716187084981
v 126.66365220722895 35.454705763747313 102.51561733687234
v 52.244453450510306 33.375781986838717 492.98907201140435
v -44.307375207281126 35.528901130299516 88.579887022817218
v -6.4396704834117315 34.168758517939921 344.04840905195448
v -26.869607243829648 33.386487866464961 490.97824224966439
v -25.886150190098334 35.336410828446844 124.73434058702418
v 110.07704138433709 35.865364857737973 25.383652757355179
v 117.35110913593928 33.185513510945668 528.72621154621743
v -112.55740476307855 32.973692055474658 568.51153528470104
v -30.994309493694914 34.011750972945947 373.53832069985509
v 14.104268195894036 35.338722745399025 124.3001052344311
v -64.593375837581362 35.815799480131432 34.693260180782346
v 45.801592741551332 35.066952165583189 175.34536161097864
v -59.86225209149552 33.817222798114017 410.07553736065353
v -5.8352608864232991 35.158519837746894 158.14668136911715
v 2.1840154665332818 32.907030363963258 581.03225454724065
v -44.787188989253224 34.980867168569944 191.51425945744742
v 108.88266842454067 34.621493065415677 259.01363059257352
v 78.47760126758655 34.779454044461886 229.34464037896043
v -80.022912139744449 34.806420797295686 224.27961526484552
v 116.76537481675103 33.893486144477833 395.75138914005828
v 43.279281806468845 33.278550982861077 511.25146645141581
v 19.558181008008575 32.948952023418542 573.15832700116994
v -79.950784938518694 33.349541105435662 497.91776046498956
v -48.778464017421044 33.625159609350021 446.14976849192203
v -84.078364800355956 33.15639117867812 534.19610794885489
v -64.989060660802039 34.649277668968921 253.79499282590453
v 37.884612651774901 34.175813308862359 342.72334431698852
v 125.34821979567978 32.856974650937104 590.43395912565302
v -128.56881738452009 34.335969259325623 312.64208402321202
v 22.811574671309472 34.264345399754632 326.09482153792663
v -130.36262140887683 35.585949340961349 77.864817933908341
v -130.20954698409943 34.798187925722232 225.82595276932119
v 70.984254742783691 35.072601920457942 174.28419749879691
v 44.747123348713799 34.807939334079379 223.99439638835068
v -36.036392665499449 33.047944215302607 554.56513778466001
v 77.612562437750341 35.65931490072586 64.084945918610401
v -123.23606948338997 33.420594495869807 484.57217120515497
v 76.914118985680815 35.538341429661557 86.806764628422997
v 11.536133315016542 33.351580544928254 497.5347031383659
v 53.411682085690956 33.278116748285754 511.33302647618916
v 43.981312588112203 35.439031742661598 105.45958730343199
v -107.57552993593148 35.472196050431364 99.230507637018206
v -101.40442250053704 33.094022772348751 545.9104417558467
v -75.832581712927237 35.273378486682361 136.57337793816731
v 122.67670854478718 35.012206132756546 185.62802459506617
v 41.566894002380025 34.899421947191286 206.81169234635985
v -86.742221289763734 34.907643529758502 205.26747519728968
v 12.569799947627672 35.544450539060279 85.659322341982431
v 36.50878307064707 34.935739897725739 199.99028034012215
v 6.6022545106319512 34.253654407630904 328.10285505739222
v -36.164380893161535 33.490693812812481 471.40578061355336
v 150.0338847818326 35.867067901630207 25.063778869009212
v -32.802429165091922 34.146315714872742 348.26372417970862
v 79.581286948237491 33.612909200662443 448.45069912465556
v 124.2563623946691 34.253308570892102 328.16781177568561
v 142.08961137686842 35.7020294629869 56.062091557006397
v -76.38525074736873 34.070321633842809 362.53729769123589
v -115.11294122367357 35.949026641572232 9.669894455638655
v 24.044665667386198 33.286060706199521 509.8409541237545
v 117.16474767761059 35.437388830265661 105.76816700513564
v 15.407335289985241 34.442917097951351 292.55462700243396
v 68.143366015385752 34.01963952474398 372.0566549903337
v 107.57682743600978 33.204594303551573 525.14236538046362
v -96.05190800077844 34.14286828803796 348.91123645547174
v 11.499382183604496 33.449532621893866 479.13687330441269
v -13.038834908141837 35.850957135078033 28.089780467997713
v 87.420149918547054 33.367503948271803 494.54389299764546
v -51.348388437487586 35.400013065549558 112.78826275463965
v 125.71668278376653 33.509404673032975 467.89141692624423
v -81.438454178718786 33.535891553092995 462.91652382269331
v 53.39457424407388 35.047098360329073 179.07439872725433
v -54.503733455638383 35.718380258331138 52.991006596779641
v -62.591647231772072 33.507779952326189 468.1965797774825
v 4.027720545136134 34.664494256572652 250.93694021427822
v 135.68143434614876 35.473048846456152 99.070331389271928
v -71.669847761453951 34.606714383514884 261.78943365058473
v 134.50317872238384 33.733473504323797 425.8057322028323
v -44.95315303509301 34.633791031616681 256.70376747910876
v 134.04815280877546 34.576078740778087 267.54356729823604
v -12.284724931897671 35.760039912951811 45.16629005788667
v -35.326999011411118 35.69834876624094 56.753417708548398
v -94.030244371296959 35.710731112524343 54.427705922478452
v 115.26527455763673 33.024159398980316 559.03251629142073
v -28.005519936919711 34.772908833443239 230.57399336747298
v 8.5890991666881575 34.520945249052545 277.89900467477952
v 45.696679351894034 33.11799965156564 541.40698907320757
v 125.91609590633618 33.815572419722344 410.38551936156813
v 85.859501950260608 34.677664253252715 248.46328814543526
v -112.9341484931517 33.779543643188958 417.15261731722256
v 151.31990698856097 34.113965995755336 354.33980389067636
v 59.023367350275279 34.877132606779696 210.99818338062587
v 86.735488279709699 33.097729223044382 545.21427837371766
v -74.947215281338202 33.137121895999769 537.81535722586545
v -68.82689410454816 34.411447824714116 298.46533713692958
v 129.42366421957911 34.81882045142936 221.95065263518012
v -67.694037118790391 35.765889340503463 44.067622463950414
v -114.11494165771555 33.688345278779025 434.28193240196646
v -89.706113577008495 33.729520060160326 426.54828708508882
v 107.29324266249239 33.341967002837066 499.34036481469911
v -90.895701060473499 33.872550487879266 399.68362477502723
v 117.80482075440337 33.584287894074691 453.82649047630116
v 62.072693784311909 35.058232291125364 176.98317033763715
v -119.07501826233042 33.514554020789149 466.92424168393438
v -131.57336286499387 35.813573801293956 35.111297876219595
v -50.486764076706407 34.009690771052078 373.92527772048749
v -93.246116329247059 34.278119345075595 323.50773293287858
v -14.291909560174815 35.033200873751639 181.68469144479067
v 138.32679138226172 35.059424463067444 176.75925087413972
v -98.198362328683601 35.057317765931657 177.15494085453858
v -6.4220246852732146 35.648976691784412 66.026718005360323
v -60.137461719920367 35.576320773742225 79.6733017020006
v 104.63129770726678 34.666053299959003 250.64411319298995
v -44.432307559467347 34.570567682024659 268.57868083837906
v 54.255994499514813 34.964439494445287 194.59978415967217
v 135.32881242420098 34.004605512109265 374.88041549388157
v 65.826429699486923 35.224881248869167 145.68236221234906
v -131.34425969553317 35.113028244163047 166.69113109959886
v 55.156950778715697 35.856143361535715 27.115678490742596
v -50.800084850892318 35.025175607041092 183.19203560621415
v -42.676992790796589 35.33489505253084 125.01904090407373
v -105.47744197640245 33.049204131169802 554.32849433157867
v -65.011368815172204 34.983990095724266 190.92769627115138
v 109.60429085789814 34.474805501039157 286.56519388512646
v -100.57595971598468 34.963735504153647 194.73201099948915
v -83.234189558000338 35.823790505020952 33.192347482744253
v -9.5917812164212251 34.72811756095507 238.98690542417884
v 96.900448171820273 33.734446667757538 425.62294796986538
v -63.507369519903222 32.855133010809482 590.77986482498841
v -104.15115054996895 33.613264030733717 448.38405323542224
v -80.044600355616012 35.176929314221866 154.68892502529539
v 107.74139717191161 33.91184939630125 392.30231493245407
v 10.532709470991307 33.793747482132403 414.48478402602694
v 3.7415197713368116 34.567575013397288 269.14077824212728
v -43.945334610150951 32.906720193633419 581.09051222922335
v 143.30841880537966 34.931925137990106 200.70678684663659
v -54.403146390106087 35.165819942965982 156.7755405240062
v -32.16408005433891 33.579937809053831 454.643544350566
v -119.9040674633612 33.220488936178128 522.15695909410533
v -29.460231687131284 35.198796987146977 150.58163360478889
v -95.20238419845316 33.767147081012126 419.48099920069632
v -55.043891518313018 33.292993309270457 508.53883929824417
v -70.935196654688013 33.75387300146383 421.97420061405404
v -50.916797135360952 34.415988987235608 297.61239416821314
v 140.84689331471057 35.194371231108164 151.41290037330768
v 135.28313037457133 34.326519051022672 314.41706756251386
v -111.58257435385175 33.537553988130128 462.60427728468574
v 107.78776049567472 33.569477584502351 456.60823399559081
v 151.84881787115353 34.329833714623703 313.79449151534601
v 29.503924930870994 35.920106431261161 15.101827341064677
v -58.186455600702573 34.790013546832483 227.36130389684669
v 30.911703571008644 33.603275433887916 450.26015949821237
v 124.47900600856295 33.373917928987282 493.33918831535834
v -108.08567495191139 35.557939955214067 83.125675372514763
v 97.932505688054533 33.013079049261535 561.11368082558079
v 68.569607242456286 32.951429924372292 572.69291573573264
v 103.71195635256885 35.647791534722558 66.249319900361115
v 106.34220598407288 34.803211415180272 224.88241683742427
v 81.539146105789953 34.875561147989515 211.29334232271987
v 143.14273714831623 33.137830926027902 537.68218379853101
v -38.421997628456381 35.753839634546807 46.330856145228552
v 92.639207484192681 34.464604937780166 288.48111269830707
v -0.21546123362773528 35.291624102845446 133.14639862559815
v 84.30699986350335 35.571901661429536 80.503320613936808
v 69.029319165318583 34.564198550777007 269.77496167809301
v 65.234609550180451 33.093918180596404 545.93008668141647
v -19.2131478851841 35.420134183792982 109.00901762805671
v 123.94664688714565 34.581090397711762 266.60225380793298
v 134.79473220177198 33.950764739720171 384.99304811207179
v -17.364924888021676 34.638410747122066 255.83607031146917
v -121.54115682688266 34.08287542404139 360.17938448511092
v -92.612733572601513 35.304638569267979 130.70195899716992
v -129.87650383653542 33.574762729321833 455.61555269621999
v -106.03823824160256 35.763660771051491 44.486203088472166
v 30.601807389144568 34.080638977611329 360.59944460151581
v -14.81093604858674 35.337757264613458 124.48144647549185
v 2.8446573472484999 34.305572266299293 318.35139333535091
v 114.40539303966727 35.387316770507198 115.17294190537416
v 67.262353309997835 35.553303264010026 83.996560997492168
v -79.573259799588811 35.678407972292632 60.498793459405078
v 97.375217093160146 35.414276771400012 110.10918497325787
v -48.973776796321062 35.856722677557173 27.006868571517629
v -61.233257805241891 32.948405403685115 573.26099574644513
v 111.8331641867898 35.110198082290935 167.22270570361999
v -36.934893158922876 35.231320898531806 144.47283626502644
v 105.92913965586214 33.103035786838348 544.21757405965673
v 110.07427942501045 32.890216297012898 584.19035340694609
v 96.851386167346647 35.949773626111778 9.5295922295675837
v -1.7362360287382614 33.738773443306286 424.81027219268327
v 46.772638081164999 35.177471603212098 154.58706970100144
v 52.461359021995008 35.66937370397676 62.195653151402126
v -18.745023192895445 34.395822496150743 301.40016143993552
v -55.92487623509075 33.958082208220844 383.61864601198118
v -27.555953173533339 32.945206074606631 573.86190910931509
v 114.03062676963941 35.720795854485743 52.537297718150768
v 89.306189833402044 33.769250799574365 419.08586867028401
v 126.30565505398258 34.308687311338929 317.76631060572589
v 5.032129169599699 33.001459598862084 563.29610184036369
v -37.935508029898614 34.782428627782679 228.78593984438982
v -88.457142311027724 35.050017405627955 178.52612961086436
v -9.5687624508034617 33.533868854497257 463.29643679363198
v -82.966060884741296 33.972918540376554 380.83201480602116
v 127.63227833207759 34.768031191382192 231.49013554035818
v -121.41748505205689 34.977792679344589 192.09172479912226
v -118.42840466352376 33.737767905590886 424.99913711881055
v -14.404083694897963 34.031852662482379 369.76272476640048
v 70.556338229516854 33.172959732787206 531.08412249090429
v -99.352394543742861 34.535305001249924 275.20188700692523
v 138.64428175910638 34.970722773526177 193.41962848650337
v -65.039568311915588 35.626088403337178 70.325706338109342
v 107.26085581999435 34.280999654520258 322.96673937078259
v -131.55713998647772 33.78682532572077 415.78493670978168
v 151.89000777428035 33.215709974940239 523.05456656054002
v 58.228843022591775 34.279111222796416 323.32143369260103
v -81.274959155994281 35.916896524169374 15.704727517228434
v -22.676695582614173 34.137373634566472 349.94326867670469
v 103.5204490856938 33.248082998530151 516.97410969154816
v 119.84198959016888 35.487502482255934 96.355580052042228
v 14.17583636077876 33.498888903315276 469.86653933132573
v 63.228519696743092 34.974500349404138 192.71010603083539
v 68.05315746528764 33.882592970015708 397.79739751797871
v -25.571469072735169 35.241129067704662 142.63061879486656
v -25.972410473859753 35.941537764765485 11.076491287547015
v -110.04437910531848 34.315454790861565 316.49521007861318
v -22.370808107987386 33.650488931317 441.39229351238833
v 82.40953997650044 33.000387042612942 563.49755450957628
v -8.9848508265206419 35.899532857193094 18.966054895049353
v -113.84666904198124 35.017856840437616 184.56668152223205
v 110.13015272083194 35.607786016091097 73.763348668317946
v -68.847848639439718 33.85065016038925 403.79704953284084
v 152.76296486303826 34.750520789050029 234.77902345791435
v 105.12526679620022 35.5546876304482 83.736542640079108
v 51.277767404103258 33.906601191864638 393.28805791156668
v 145.24094605415414 32.845651283979009 592.56076832558642
v -65.496157977744531 33.720079919720433 428.32137962993971
v -75.514932414638025 34.121874743627416 352.8543448574739
v -49.590407745229669 34.071516538603646 362.31286493657927
v 56.395321131875662 35.388279784849772 114.99206392349993
v 73.5586490232524 34.359457027179303 308.23049858738074
v 97.38591125194236 33.196124150226353 526.73327028390031
v -34.922137278078992 35.365841895882511 119.20645606136605
v 19.80507136975163 35.196254820289653 151.05911560108976
v 69.080327813848072 34.78791601415071 227.75527256545794
v -85.85981271662618 34.374643731424555 305.3780588117491
v -64.74297617920152 35.939126350650554 11.529414675396993
v -44.122818206602801 33.214585652675567 523.26574217154871
v -37.101860717957607 33.846040915870844 404.66277998939205
v -37.557839312272819 34.201763741234288 337.84920939625528
v 74.917110241717168 34.163730624000607 344.99277225470877
v -4.158709582763322 34.452351784240079 290.78255888243547
v 48.176955851460121 33.225335215258553 521.24670766694953
v 143.22105153244581 33.924563951871392 389.91420600163161
v -99.991756121709926 34.008250097005543 374.19587204351245
v 112.65390010942849 35.199763023635626 150.40018798892319
v -85.48455391173971 33.641850300723263 443.01484262604907
v -92.407071899859147 34.623784354280417 258.58326970651029
v 9.7958640077028747 35.708492872215004 54.848102973933266
v -6.7976720497300391 34.895020732357125 207.6383496678958
v 85.917288353892729 34.559269254008939 270.70080588628645
v -86.918323257018017 33.436149434480001 481.65056788142181
v 100.33963894484964 33.300670655568126 507.09684322080977
v -93.07435634403538 34.867081084579468 212.88610858589567
v -113.59860424777773 33.436922102770893 481.50544160975141
v 15.171295490065376 32.996132491979097 564.29666465615423
v 117.6727016988813 35.063157675126263 176.05806104417644
v -29.86709021204183 33.289983807825081 509.10409832279129
v 30.537503546418804 34.894044052102799 207.8217944469894
v -96.908266292202711 35.54801733742903 84.989389131032993
v 97.167251782949791 35.050389796519084 178.45618536405493
v 97.477638635242442 34.413663595032801 298.04916050712683
v -130.30333405466521 34.642155374943172 255.13273631816983
v -120.76698915037363 33.975064472381405 380.42895554394187
v 103.82207829730476 34.167390441730902 344.30536770025645
v 145.04900082833322 34.494657546308815 282.83648733758315
v -12.718332761045104 34.353605887147694 309.32948782753493
v -24.641201396168498 32.896311560718914 583.04551168504986
v 47.989456551662286 35.389194078107437 114.82033696993491
v 75.234444483650677 35.862756981596476 25.873476587167602
v -33.342589915223414 34.559023193181758 270.74702221337469
v 87.98016399026578 33.92316240335424 390.1774515796846
v 85.320712360586597 32.910983036025073 580.28984468485055
v 132.2804152184778 34.166092178988436 344.5492136477273
v -16.488874720166962 35.502007728511614 93.631134990978126
v 1.5307644651410044 35.900215265362249 18.837881713195202
v -119.5025341338812 33.275571628719547 511.8110630644652
v -75.54874959138354 35.328726632912492 126.17762312100632
v 42.701293201474471 34.33435744667446 312.94482242142573
v 44.434792459907968 33.947880556781115 385.53476921249381
v -84.786836773189322 35.34765379393167 122.62263277819363
v 28.797076033551036 35.009318058171516 186.17047664313682
v -68.520289475502608 33.799346008998327 413.43324180466965
v -104.18377324579748 35.012776346132227 185.52092437851576
v -85.688957835096716 35.722046404710738 52.302413364990542
v 91.387596176719782 35.599187885881349 75.378290805221923
v -2.5660167753934786 33.402549779236722 487.96141660251453
v -51.814696501433474 33.84339892581977 405.15901125766544
v 103.26398567633048 33.651662042420526 441.17195414716838
v 36.726143522928396 34.693988363973745 245.39721521935905
v 104.97098914260899 35.505473031588565 92.980265113489907
v 55.648456732748301 35.147671070977708 160.18434888071212
v 30.304567157423975 33.545177293953884 461.17243134877901
v 11.078836759484233 34.197207173343202 338.70504587551846
v 79.648923282175147 35.375399992376458 117.41120844356308
v -76.732421734127712 34.898642800997777 206.95803532885094
v -52.229723660439674 34.600250218744065 263.00356414335209
v -72.619457422947505 33.985796043219466 378.41330033533183
v 55.69539511678299 33.81334765311567 410.80338571740987
v 113.78297440683316 33.240520198454021 518.39459114715123
v -39.2116295280766 33.986531381221084 378.27518561798826
v 138.47630847783378 35.795199658906199 38.562417601962352
v -130.38021736746052 34.849332678414726 216.21969952707866
v -61.894955809452654 33.999588995555996 375.82264174129699
v -21.119563053948781 32.988909103424135 565.65339620871282
v -58.246118820506638 34.108179698581182 355.42661403372182
v -15.95011355545148 34.583004599649882 266.24271920064069
v 23.966522428741854 34.456612433623775 289.98230323936735
v 48.806278386442244 33.649824009656641 441.51718229410784
v -65.296369316522345 35.876477959068893 23.29633665801606
v 35.129577341668607 35.245038688243937 141.89629507631915
v 142.30459192620231 34.24628115205968 329.48773535317645
v 69.473046763276486 35.014888485039592 185.12421229840527
v 44.310483461466902 35.951166037491475 9.2680628325882708
v 107.32568025935896 35.424046437364211 108.27419936077919
v -62.242641457594857 33.333032469095144 501.01849187970777
v 12.585898447807125 34.085985352165039 359.59526283921508
v 101.20078496169481 34.497702348112 282.26459803020219
v 67.751516648985387 35.641084638957466 67.509041294956319
v 47.46042883386373 34.145492750908431 348.41829722648203
v -2.9796390682961658 34.117806343090422 353.6184913982425
v -14.607486731125476 33.822776961660452 409.03232767114542
v -10.959761087711797 35.390611803725562 114.55405293102831
v -112.66006398079841 35.270609600597538 137.09344342932033
v 53.163178299000251 33.759176182338138 420.97813169619195
v -101.28206679554179 33.263478494736717 514.082453606321
v -122.96264284448372 35.033440826754713 181.63962231859276
v 150.27129175313925 35.171365501268042 155.73394711284777
v -76.420342681075482 35.384387583039199 115.72311597269436
v 29.879315790517126 34.135892036505481 350.22154954477497
v -81.646700339228687 33.29720179746181 507.74838082098722
v -1.6675804690585494 34.763647717506387 232.31346066981322
v 29.301257090367841 35.875454519029404 23.488564084684754
v -5.348104448843344 35.244782358724763 141.94444011848873
v -9.7587565937333807 34.218220543003042 334.75821379992993
v 152.09928890659748 33.110785832210297 542.76192329269907
v 38.775234181153863 35.38892585166019 114.87071655029098
v -46.485056987052388 33.953900521386799 384.40407052950621
v 17.613132789537076 34.53236849016497 275.75343663119855
v 58.36494832274991 32.957377116263046 571.5758855737995
v -56.122121168549853 33.090869242548536 546.50275287815521
v 115.61200851389054 32.97835689272074 567.63536313486702
v 14.716657290406687 33.297328128717538 507.72465267740643
v 70.92706847421654 34.953111115566458 196.72753472264858
v 27.623027621867379 33.969347566170768 381.50273234275124
v 64.746374750525746 35.952444739062798 9.0278909582683582
v 75.125574985062187 33.846115255396967 404.64881718233602
v 141.14615559567378 35.379076373194209 116.72069293041937
v -34.814019408581402 35.960476945253617 7.5192433903254141
v 152.02917064921868 34.532668239574889 275.69713625650473
v -122.73684081321559 32.847253526184659 592.25982749446598
v 43.450524520522691 34.603866592543397 262.3243194367671
v 69.118693228467308 35.502023186964891 93.62823150997545
v 143.33252169239975 34.032553072985024 369.63117029975768
v 48.867126850618021 35.531697662231238 88.054628955806038
v 160.384598497318 34.467949317393106 287.85295524699558
v -129.5755944400191 33.892659920458073 395.90657450612622
v -113.7302284373304 35.390215409550649 114.62850558995461
v 28.386149281636193 33.088107121350447 547.02154775578333
v 132.4349154256289 33.412777044216057 486.0404825438851
v -10.750137831089177 33.268584757007091 513.12337088702611
v -114.19248078942005 34.054563610349192 365.49704539373926
v 134.17009511151718 36.002679208372683 -0.40738848441196751
vn 0 -0.99998581409454346 -0.0053240349516272545
vn 0 -0.99998581409454346 -0.0053240349516272545
vn 0 -0.99998581409454346 -0.0053240349516272545
vn 0 -0.99998581409454346 -0.0053240349516272545
vn 0 -0.99998581409454346 -0.0053240349516272545
vn 0 -0.99998581409454346 -0.0053240349516272545
vn 0 -0.99998581409454346 -0.0053240349516272545
vn 0 -0.99998581409454346 -0.0053240349516272545
vn 0 -0.99998581409454346 -0.0053240349516272545
vn 0 -0.99998581409454346 -0.0053240349516272545
vn 0 -0.99998581409454346 -0.0053240349516272545
vn 0 -0.99998581409454346 -0.0053240349516272545
vn 0 -0.99998581409454346 -0.0053240349516272545
vn 0 -0.99998581409454346 -0.0053240349516272545
vn 0 -0.99998581409454346 -0.0053240349516272545
vn 0 -0.99998581409454346 -0.0053240349516272545
vn 0 -0.99998581409454346 -0.0053240349516272545
vn 0 -0.99998581409454346 -0.0053240349516272545
vn 0 -0.99998581409454346 -0.0053240349516272545
vn 0 -0.99998581409454346 -0.0053240349516272545
vn 0 -0.99998581409454346 -0.0053240349516272545
vn 0 -0.99998581409454346 -0.0053240349516272545
vn 0 -0.99998581409454346 -0.0053240349516272545
vn 0 -0.99998581409454346 -0.0053240349516272545
vn 0 -0.99998581409454346 -0.0053240349516272545
vn 0 -0.99998581409454346 -0.0053240349516272545
vn 0 -0.99998581409454346 -0.0053240349516272545
vn 0 -0.99998581409454346 -0.0053240349516272545
vn 0 -0.99998581409454346 -0.0053240349516272545
vn 0 -0.99998581409454346 -0.0053240349516272545
vn 0 -0.99998581409454346 -0.0053240349516272545
vn 0 -0.99998581409454346 -0.0053240349516272545
vn 0 -0.99998581409454346 -0.0053240349516272545
vn 0 -0.99998581409454346 -0.0053240349516272545
vn 0 -0.99998581409454346 -0.0053240349516272545
vn 0 -0.99998581409454346 -0.0053240349516272545
vn 0 -0.99998581409454346 -0.0053240349516272545
vn 0 -0.99998581409454346 -0.0053240349516272545
vn 0 -0.99998581409454346 -0.0053240349516272545
vn 0 -0.99998581409454346 -0.0053240349516272545
vn 0 -0.99998581409454346 -0.0053240349516272545
vn 0 -0.99998581409454346 -0.0053240349516272545
vn 0 -0.99998581409454346 -0.0053240349516272545
vn 0 -0.99998581409454346 -0.0053240349516272545
vn 0 -0.99998581409454346 -0.0053240349516272545
vn 0 -0.99998581409454346 -0.0053240349516272545
vn 0 -0.99998581409454346 -0.0053240349516272545
vn 0 -0.99998581409454346 -0.0053240349516272545
vn 0 -0.99998581409454346 -0.0053240349516272545
vn 0 -0.99998581409454346 -0.0053240349516272545
vn 0 -0.99998581409454346 -0.0053240349516272545
vn 0 -0.99998581409454346 -0.0053240349516272545
vn 0 -0.99998581409454346 -0.0053240349516272545
vn 0 -0.99998581409454346 -0.0053240349516272545
vn 0 -0.99998581409454346 -0.0053240349516272545
vn 0 -0.99998581409454346 -0.0053240349516272545
vn 0 -0.99998581409454346 -0.0053240349516272545
vn 0 -0.99998581409454346 -0.0053240349516272545
vn 0 -0.99998581409454346 -0.0053240349516272545
vn 0 -0.99998581409454346 -0.0053240349516272545
vn 0 -0.99998581409454346 -0.0053240349516272545
vn 0 -0.99998581409454346 -0.0053240349516272545
vn 0 -0.99998581409454346 -0.0053240349516272545
vn 0 -0.99998581409454346 -0.0053240349516272545
vn 0 -0.99998581409454346 -0.0053240349516272545
vn 0 -0.99998581409454346 -0.0053240349516272545
vn 0 -0.99998581409454346 -0.0053240349516272545
vn 0 -0.99998581409454346 -0.0053240349516272545
vn 0 -0.99998581409454346 -0.0053240349516272545
vn 0 -0.99998581409454346 -0.0053240349516272545
vn 0 -0.99998581409454346 -0.0053240349516272545
vn 0 -0.99998581409454346 -0.0053240349516272545
vn 0 -0.99998581409454346 -0.0053240349516272545
vn 0 -0.99998581409454346 -0.0053240349516272545
vn 0 -0.99998581409454346 -0.0053240349516272545
vn 0 -0.99998581409454346 -0.0053240349516272545
vn 0 -0.99998581409454346 -0.0053240349516272545
vn 0 -0.99998581409454346 -0.0053240349516272545
vn 0 -0.99998581409454346 -0.0053240349516272545
vn 0 -0.99998581409454346 -0.0053240349516272545
vn 0 -0.99998581409454346 -0.0053240349516272545
vn 0 -0.99998581409454346 -0.0053240349516272545
vn 0 -0.99998581409454346 -0.0053240349516272545
vn 0 -0.99998581409454346 -0.0053240349516272545
vn 0 -0.99998581409454346 -0.0053240349516272545
vn 0 -0.99998581409454346 -0.0053240349516272545
vn 0 -0.99998581409454346 -0.0053240349516272545
vn 0 -0.99998581409454346 -0.0053240349516272545
vn 0 -0.99998581409454346 -0.0053240349516272545
vn 0 -0.99998581409454346 -0.0053240349516272545
vn 0 -0.99998581409454346 -0.0053240349516272545
vn 0 -0.99998581409454346 -0.0053240349516272545
vn 0 -0.99998581409454346 -0.0053240349516272545
vn 0 -0.99998581409454346 -0.0053240349516272545
vn 0 -0.99998581409454346 -0.0053240349516272545
vn 0 -0.99998581409454346 -0.0053240349516272545
vn 0 -0.99998581409454346 -0.0053240349516272545
vn 0 -0.99998581409454346 -0.0053240349516272545
vn 0 -0.99998581409454346 -0.0053240349516272545
vn 0 -0.99998581409454346 -0.0053240349516272545
vn 0 -0.99998581409454346 -0.0053240349516272545
vn 0 -0.99998581409454346 -0.0053240349516272545
vn 0 -0.99998581409454346 -0.0053240349516272545
vn 0 -0.99998581409454346 -0.0053240349516272545
vn 0 -0.99998581409454346 -0.0053240349516272545
vn 0 -0.99998581409454346 -0.0053240349516272545
vn 0 -0.99998581409454346 -0.0053240349516272545
vn 0 -0.99998581409454346 -0.0053240349516272545
vn 0 -0.99998581409454346 -0.0053240349516272545
vn 0 -0.99998581409454346 -0.0053240349516272545
vn 0 -0.99998581409454346 -0.0053240349516272545
vn 0 -0.99998581409454346 -0.0053240349516272545
vn 0 -0.99998581409454346 -0.0053240349516272545
vn 0 -0.99998581409454346 -0.0053240349516272545
vn 0 -0.99998581409454346 -0.0053240349516272545
vn 0 -0.99998581409454346 -0.0053240349516272545
vn 0 -0.99998581409454346 -0.0053240349516272545
vn 0 -0.99998581409454346 -0.0053240349516272545
vn 0 -0.99998581409454346 -0.0053240349516272545
vn 0 -0.99998581409454346 -0.0053240349516272545
vn 0 -0.99998581409454346 -0.0053240349516272545
vn 0 -0.99998581409454346 -0.0053240349516272545
vn 0 -0.99998581409454346 -0.0053240349516272545
vn 0 -0.99998581409454346 -0.0053240349516272545
vn 0 -0.99998581409454346 -0.0053240349516272545
vn 0 -0.99998581409454346 -0.0053240349516272545
vn 0 -0.99998581409454346 -0.0053240349516272545
vn 0 -0.99998581409454346 -0.0053240349516272545
vn 0 -0.99998581409454346 -0.0053240349516272545
vn 0 -0.99998581409454346 -0.0053240349516272545
vn 0 -0.99998581409454346 -0.0053240349516272545
vn 0 -0.99998581409454346 -0.0053240349516272545
vn 0 -0.99998581409454346 -0.0053240349516272545
vn 0 -0.99998581409454346 -0.0053240349516272545
vn 0 -0.99998581409454346 -0.0053240349516272545
vn 0 -0.99998581409454346 -0.0053240349516272545
vn 0 -0.99998581409454346 -0.0053240349516272545
vn 0 -0.99998581409454346 -0.0053240349516272545
vn 0 -0.99998581409454346 -0.0053240349516272545
vn 0 -0.99998581409454346 -0.0053240349516272545
vn 0 -0.99998581409454346 -0.0053240349516272545
vn 0 -0.99998581409454346 -0.0053240349516272545
vn 0 -0.99998581409454346 -0.0053240349516272545
vn 0 -0.99998581409454346 -0.0053240349516272545
vn 0 -0.99998581409454346 -0.0053240349516272545
vn 0 -0.99998581409454346 -0.0053240349516272545
vn 0 -0.99998581409454346 -0.0053240349516272545
vn 0 -0.99998581409454346 -0.0053240349516272545
vn 0 -0.99998581409454346 -0.0053240349516272545
vn 0 -0.99998581409454346 -0.0053240349516272545
vn 0 -0.99998581409454346 -0.0053240349516272545
vn 0 -0.99998581409454346 -0.0053240349516272545
vn 0 -0.99998581409454346 -0.0053240349516272545
vn 0 -0.99998581409454346 -0.0053240349516272545
vn 0 -0.99998581409454346 -0.0053240349516272545
vn 0 -0.99998581409454346 -0.0053240349516272545
vn 0 -0.99998581409454346 -0.0053240349516272545
vn 0 -0.99998581409454346 -0.0053240349516272545
vn 0 -0.99998581409454346 -0.0053240349516272545
vn 0 -0.99998581409454346 -0.0053240349516272545
vn 0 -0.99998581409454346 -0.0053240349516272545
vn 0 -0.99998581409454346 -0.0053240349516272545
vn 0 -0.99998581409454346 -0.0053240349516272545
vn 0 -0.99998581409454346 -0.0053240349516272545
vn 0 -0.99998581409454346 -0.0053240349516272545
vn 0 -0.99998581409454346 -0.0053240349516272545
vn 0 -0.99998581409454346 -0.0053240349516272545
vn 0 -0.99998581409454346 -0.0053240349516272545
vn 0 -0.99998581409454346 -0.0053240349516272545
vn 0 -0.99998581409454346 -0.0053240349516272545
vn 0 -0.99998581409454346 -0.0053240349516272545
vn 0 -0.99998581409454346 -0.0053240349516272545
vn 0 -0.99998581409454346 -0.0053240349516272545
vn 0 -0.99998581409454346 -0.0053240349516272545
vn 0 -0.99998581409454346 -0.0053240349516272545
vn 0 -0.99998581409454346 -0.0053240349516272545
vn 0 -0.99998581409454346 -0.0053240349516272545
vn 0 -0.99998581409454346 -0.0053240349516272545
vn 0 -0.99998581409454346 -0.0053240349516272545
vn 0 -0.99998581409454346 -0.0053240349516272545
vn 0 -0.99998581409454346 -0.0053240349516272545
vn 0 -0.99998581409454346 -0.0053240349516272545
vn 0 -0.99998581409454346 -0.0053240349516272545
vn 0 -0.99998581409454346 -0.0053240349516272545
vn 0 -0.99998581409454346 -0.0053240349516272545
vn 0 -0.99998581409454346 -0.0053240349516272545
vn 0 -0.99998581409454346 -0.0053240349516272545
vn 0 -0.99998581409454346 -0.0053240349516272545
vn 0 -0.99998581409454346 -0.0053240349516272545
vn 0 -0.99998581409454346 -0.0053240349516272545
vn 0 -0.99998581409454346 -0.0053240349516272545
vn 0 -0.99998581409454346 -0.0053240349516272545
vn 0 -0.99998581409454346 -0.0053240349516272545
vn 0 -0.99998581409454346 -0.0053240349516272545
vn 0 -0.99998581409454346 -0.0053240349516272545
vn 0 -0.99998581409454346 -0.0053240349516272545
vn 0 -0.99998581409454346 -0.0053240349516272545
vn 0 -0.99998581409454346 -0.0053240349516272545
vn 0 -0.99998581409454346 -0.0053240349516272545
vn 0 -0.99998581409454346 -0.0053240349516272545
vn 0 -0.99998581409454346 -0.0053240349516272545
vn 0 -0.99998581409454346 -0.0053240349516272545
vn 0 -0.99998581409454346 -0.0053240349516272545
vn 0 -0.99998581409454346 -0.0053240349516272545
vn 0 -0.99998581409454346 -0.0053240349516272545
vn 0 -0.99998581409454346 -0.0053240349516272545
vn 0 -0.99998581409454346 -0.0053240349516272545
vn 0 -0.99998581409454346 -0.0053240349516272545
vn 0 -0.99998581409454346 -0.0053240349516272545
vn 0 -0.99998581409454346 -0.0053240349516272545
vn 0 -0.99998581409454346 -0.0053240349516272545
vn 0 -0.99998581409454346 -0.0053240349516272545
vn 0 -0.99998581409454346 -0.0053240349516272545
vn 0 -0.99998581409454346 -0.0053240349516272545
vn 0 -0.99998581409454346 -0.0053240349516272545
vn 0 -0.99998581409454346 -0.0053240349516272545
vn 0 -0.99998581409454346 -0.0053240349516272545
vn 0 -0.99998581409454346 -0.0053240349516272545
vn 0 -0.99998581409454346 -0.0053240349516272545
vn 0 -0.99998581409454346 -0.0053240349516272545
vn 0 -0.99998581409454346 -0.0053240349516272545
vn 0 -0.99998581409454346 -0.0053240349516272545
vn 0 -0.99998581409454346 -0.0053240349516272545
vn 0 -0.99998581409454346 -0.0053240349516272545
vn 0 -0.99998581409454346 -0.0053240349516272545
vn 0 -0.99998581409454346 -0.0053240349516272545
vn 0 -0.99998581409454346 -0.0053240349516272545
vn 0 -0.99998581409454346 -0.0053240349516272545
vn 0 -0.99998581409454346 -0.0053240349516272545
vn 0 -0.99998581409454346 -0.0053240349516272545
vn 0 -0.99998581409454346 -0.0053240349516272545
vn 0 -0.99998581409454346 -0.0053240349516272545
vn 0 -0.99998581409454346 -0.0053240349516272545
vn 0 -0.99998581409454346 -0.0053240349516272545
vn 0 -0.99998581409454346 -0.0053240349516272545
vn 0 -0.99998581409454346 -0.0053240349516272545
vn 0 -0.99998581409454346 -0.0053240349516272545
vn 0 -0.99998581409454346 -0.0053240349516272545
vn 0 -0.99998581409454346 -0.0053240349516272545
vn 0 -0.99998581409454346 -0.0053240349516272545
vn 0 -0.99998581409454346 -0.0053240349516272545
vn 0 -0.99998581409454346 -0.0053240349516272545
vn 0 -0.99998581409454346 -0.0053240349516272545
vn 0 -0.99998581409454346 -0.0053240349516272545
vn 0 -0.99998581409454346 -0.0053240349516272545
vn 0 -0.99998581409454346 -0.0053240349516272545
vn 0 -0.99998581409454346 -0.0053240349516272545
vn 0 -0.99998581409454346 -0.0053240349516272545
vn 0 -0.99998581409454346 -0.0053240349516272545
vn 0 -0.99998581409454346 -0.0053240349516272545
vn 0 -0.99998581409454346 -0.0053240349516272545
vn 0 -0.99998581409454346 -0.0053240349516272545
vn 0 -0.99998581409454346 -0.0053240349516272545
vn 0 -0.99998581409454346 -0.0053240349516272545
vn 0 -0.99998581409454346 -0.0053240349516272545
vn 0 -0.99998581409454346 -0.0053240349516272545
vn 0 -0.99998581409454346 -0.0053240349516272545
vn 0 -0.99998581409454346 -0.0053240349516272545
vn 0 -0.99998581409454346 -0.0053240349516272545
vn 0 -0.99998581409454346 -0.0053240349516272545
vn 0 -0.99998581409454346 -0.0053240349516272545
vn 0 -0.99998581409454346 -0.0053240349516272545
vn 0 -0.99998581409454346 -0.0053240349516272545
vn 0 -0.99998581409454346 -0.0053240349516272545
vn 0 -0.99998581409454346 -0.0053240349516272545
vn 0 -0.99998581409454346 -0.0053240349516272545
vn 0 -0.99998581409454346 -0.0053240349516272545
vn 0 -0.99998581409454346 -0.0053240349516272545
vn 0 -0.99998581409454346 -0.0053240349516272545
vn 0 -0.99998581409454346 -0.0053240349516272545
vn 0 -0.99998581409454346 -0.0053240349516272545
vn 0 -0.99998581409454346 -0.0053240349516272545
vn 0 -0.99998581409454346 -0.0053240349516272545
vn 0 -0.99998581409454346 -0.0053240349516272545
vn 0 -0.99998581409454346 -0.0053240349516272545
vn 0 -0.99998581409454346 -0.0053240349516272545
vn 0 -0.99998581409454346 -0.0053240349516272545
vn 0 -0.99998581409454346 -0.0053240349516272545
vn 0 -0.99998581409454346 -0.0053240349516272545
vn 0 -0.99998581409454346 -0.0053240349516272545
vn 0 -0.99998581409454346 -0.0053240349516272545
vn 0 -0.99998581409454346 -0.0053240349516272545
vn 0 -0.99998581409454346 -0.0053240349516272545
vn 0 -0.99998581409454346 -0.0053240349516272545
vn 0 -0.99998581409454346 -0.0053240349516272545
vn 0 -0.99998581409454346 -0.0053240349516272545
vn 0 -0.99998581409454346 -0.0053240349516272545
vn 0 -0.99998581409454346 -0.0053240349516272545
vn 0 -0.99998581409454346 -0.0053240349516272545
vn 0 -0.99998581409454346 -0.0053240349516272545
vn 0 -0.99998581409454346 -0.0053240349516272545
vn 0 -0.99998581409454346 -0.0053240349516272545
vn 0 -0.99998581409454346 -0.0053240349516272545
vn 0 -0.99998581409454346 -0.0053240349516272545
vn 0 -0.99998581409454346 -0.0053240349516272545
vn 0 -0.99998581409454346 -0.0053240349516272545
vn 0 -0.99998581409454346 -0.0053240349516272545
vn 0 -0.99998581409454346 -0.0053240349516272545
vn 0 -0.99998581409454346 -0.0053240349516272545
vn 0 -0.99998581409454346 -0.0053240349516272545
vn 0 -0.99998581409454346 -0.0053240349516272545
vn 0 -0.99998581409454346 -0.0053240349516272545
vn 0 -0.99998581409454346 -0.0053240349516272545
vn 0 -0.99998581409454346 -0.0053240349516272545
vn 0 -0.99998581409454346 -0.0053240349516272545
vn 0 -0.99998581409454346 -0.0053240349516272545
vn 0 -0.99998581409454346 -0.0053240349516272545
vn 0 -0.99998581409454346 -0.0053240349516272545
vn 0 -0.99998581409454346 -0.0053240349516272545
vn 0 -0.99998581409454346 -0.0053240349516272545
vn 0 -0.99998581409454346 -0.0053240349516272545
vn 0 -0.99998581409454346 -0.0053240349516272545
vn 0 -0.99998581409454346 -0.0053240349516272545
vn 0 -0.99998581409454346 -0.0053240349516272545
vn 0 -0.99998581409454346 -0.0053240349516272545
vn 0 -0.99998581409454346 -0.0053240349516272545
vn 0 -0.99998581409454346 -0.0053240349516272545
vn 0 -0.99998581409454346 -0.0053240349516272545
vn 0 -0.99998581409454346 -0.0053240349516272545
vn 0 -0.99998581409454346 -0.0053240349516272545
vn 0 -0.99998581409454346 -0.0053240349516272545
vn 0 -0.99998581409454346 -0.0053240349516272545
vn 0 -0.99998581409454346 -0.0053240349516272545
vn 0 -0.99998581409454346 -0.0053240349516272545
vn 0 -0.99998581409454346 -0.0053240349516272545
vn 0 -0.99998581409454346 -0.0053240349516272545
vn 0 -0.99998581409454346 -0.0053240349516272545
vn 0 -0.99998581409454346 -0.0053240349516272545
vn 0 -0.99998581409454346 -0.0053240349516272545
vn 0 -0.99998581409454346 -0.0053240349516272545
vn 0 -0.99998581409454346 -0.0053240349516272545
vn 0 -0.99998581409454346 -0.0053240349516272545
vn 0 -0.99998581409454346 -0.0053240349516272545
vn 0 -0.99998581409454346 -0.0053240349516272545
vn 0 -0.99998581409454346 -0.0053240349516272545
vn 0 -0.99998581409454346 -0.0053240349516272545
vn 0 -0.99998581409454346 -0.0053240349516272545
vn 0 -0.99998581409454346 -0.0053240349516272545
vn 0 -0.99998581409454346 -0.0053240349516272545
vn 0 -0.99998581409454346 -0.0053240349516272545
vn 0 -0.99998581409454346 -0.0053240349516272545
vn 0 -0.99998581409454346 -0.0053240349516272545
vn 0 -0.99998581409454346 -0.0053240349516272545
vn 0 -0.99998581409454346 -0.0053240349516272545
vn 0 -0.99998581409454346 -0.0053240349516272545
vn 0 -0.99998581409454346 -0.0053240349516272545
vn 0 -0.99998581409454346 -0.0053240349516272545
vn 0 -0.99998581409454346 -0.0053240349516272545
vn 0 -0.99998581409454346 -0.0053240349516272545
vn 0 -0.99998581409454346 -0.0053240349516272545
vn 0 -0.99998581409454346 -0.0053240349516272545
vn 0 -0.99998581409454346 -0.0053240349516272545
vn 0 -0.99998581409454346 -0.0053240349516272545
vn 0 -0.99998581409454346 -0.0053240349516272545
vn 0 -0.99998581409454346 -0.0053240349516272545
vn 0 -0.99998581409454346 -0.0053240349516272545
vn 0 -0.99998581409454346 -0.0053240349516272545
vn 0 -0.99998581409454346 -0.0053240349516272545
vn 0 -0.99998581409454346 -0.0053240349516272545
vn 0 -0.99998581409454346 -0.0053240349516272545
vn 0 -0.99998581409454346 -0.0053240349516272545
vn 0 -0.99998581409454346 -0.0053240349516272545
vn 0 -0.99998581409454346 -0.0053240349516272545
vn 0 -0.99998581409454346 -0.0053240349516272545
vn 0 -0.99998581409454346 -0.0053240349516272545
vn 0 -0.99998581409454346 -0.0053240349516272545
vn 0 -0.99998581409454346 -0.0053240349516272545
vn 0 -0.99998581409454346 -0.0053240349516272545
vn 0 -0.99998581409454346 -0.0053240349516272545
vn 0 -0.99998581409454346 -0.0053240349516272545
vn 0 -0.99998581409454346 -0.0053240349516272545
vn 0 -0.99998581409454346 -0.0053240349516272545
vn 0 -0.99998581409454346 -0.0053240349516272545
vn 0 -0.99998581409454346 -0.0053240349516272545
vn 0 -0.99998581409454346 -0.0053240349516272545
vn 0 -0.99998581409454346 -0.0053240349516272545
vn 0 -0.99998581409454346 -0.0053240349516272545
vn 0 -0.99998581409454346 -0.0053240349516272545
vn 0 -0.99998581409454346 -0.0053240349516272545
vn 0 -0.99998581409454346 -0.0053240349516272545
vn 0 -0.99998581409454346 -0.0053240349516272545
vn 0 -0.99998581409454346 -0.0053240349516272545
vn 0 -0.99998581409454346 -0.0053240349516272545
vn 0 -0.99998581409454346 -0.0053240349516272545
vn 0 -0.99998581409454346 -0.0053240349516272545
vn 0 -0.99998581409454346 -0.0053240349516272545
vn 0 -0.99998581409454346 -0.0053240349516272545
vn 0 -0.99998581409454346 -0.0053240349516272545
vn 0 -0.99998581409454346 -0.0053240349516272545
vn 0 -0.99998581409454346 -0.0053240349516272545
vn 0 -0.99998581409454346 -0.0053240349516272545
vn 0 -0.99998581409454346 -0.0053240349516272545
vn 0 -0.99998581409454346 -0.0053240349516272545
vn 0 -0.99998581409454346 -0.0053240349516272545
vn 0 -0.99998581409454346 -0.0053240349516272545
vn 0 -0.99998581409454346 -0.0053240349516272545
vn 0 -0.99998581409454346 -0.0053240349516272545
vn 0 -0.99998581409454346 -0.0053240349516272545
vn 0 -0.99998581409454346 -0.0053240349516272545
vn 0 -0.99998581409454346 -0.0053240349516272545
vn 0 -0.99998581409454346 -0.0053240349516272545
vn 0 -0.99998581409454346 -0.0053240349516272545
vn 0 -0.99998581409454346 -0.0053240349516272545
vn 0 -0.99998581409454346 -0.0053240349516272545
vn 0 -0.99998581409454346 -0.0053240349516272545
vn 0 -0.99998581409454346 -0.0053240349516272545
vn 0 -0.99998581409454346 -0.0053240349516272545
vn 0 -0.99998581409454346 -0.0053240349516272545
vn 0 -0.99998581409454346 -0.0053240349516272545
vn 0 -0.99998581409454346 -0.0053240349516272545
vn 0 -0.99998581409454346 -0.0053240349516272545
vn 0 -0.99998581409454346 -0.0053240349516272545
vn 0 -0.99998581409454346 -0.0053240349516272545
vn 0 -0.99998581409454346 -0.0053240349516272545
vn 0 -0.99998581409454346 -0.0053240349516272545
vn 0 -0.99998581409454346 -0.0053240349516272545
vn 0 -0.99998581409454346 -0.0053240349516272545
vn 0 -0.99998581409454346 -0.0053240349516272545
vn 0 -0.99998581409454346 -0.0053240349516272545
vn 0 -0.99998581409454346 -0.0053240349516272545
vn 0 -0.99998581409454346 -0.0053240349516272545
vn 0 -0.99998581409454346 -0.0053240349516272545
vn 0 -0.99998581409454346 -0.0053240349516272545
vn 0 -0.99998581409454346 -0.0053240349516272545
vn 0 -0.99998581409454346 -0.0053240349516272545
vn 0 -0.99998581409454346 -0.0053240349516272545
vn 0 -0.99998581409454346 -0.0053240349516272545
vn 0 -0.99998581409454346 -0.0053240349516272545
vn 0 -0.99998581409454346 -0.0053240349516272545
vn 0 -0.99998581409454346 -0.0053240349516272545
vn 0 -0.99998581409454346 -0.0053240349516272545
vn 0 -0.99998581409454346 -0.0053240349516272545
vn 0 -0.99998581409454346 -0.0053240349516272545
vn 0 -0.99998581409454346 -0.0053240349516272545
vn 0 -0.99998581409454346 -0.0053240349516272545
vn 0 -0.99998581409454346 -0.0053240349516272545
vn 0 -0.99998581409454346 -0.0053240349516272545
vn 0 -0.99998581409454346 -0.0053240349516272545
vn 0 -0.99998581409454346 -0.0053240349516272545
vn 0 -0.99998581409454346 -0.0053240349516272545
vn 0 -0.99998581409454346 -0.0053240349516272545
vn 0 -0.99998581409454346 -0.0053240349516272545
vn 0 -0.99998581409454346 -0.0053240349516272545
vn 0 -0.99998581409454346 -0.0053240349516272545
vn 0 -0.99998581409454346 -0.0053240349516272545
vn 0 -0.99998581409454346 -0.0053240349516272545
vn 0 -0.99998581409454346 -0.0053240349516272545
vn 0 -0.99998581409454346 -0.0053240349516272545
vn 0 -0.99998581409454346 -0.0053240349516272545
vn 0 -0.99998581409454346 -0.0053240349516272545
vn 0 -0.99998581409454346 -0.0053240349516272545
vn 0 -0.99998581409454346 -0.0053240349516272545
vn 0 -0.99998581409454346 -0.0053240349516272545
vn 0 -0.99998581409454346 -0.0053240349516272545
vn 0 -0.99998581409454346 -0.0053240349516272545
vn 0 -0.99998581409454346 -0.0053240349516272545
vn 0 -0.99998581409454346 -0.0053240349516272545
vn 0 -0.99998581409454346 -0.0053240349516272545
vn 0 -0.99998581409454346 -0.0053240349516272545
vn 0 -0.99998581409454346 -0.0053240349516272545
vn 0 -0.99998581409454346 -0.0053240349516272545
vn 0 -0.99998581409454346 -0.0053240349516272545
vn 0 -0.99998581409454346 -0.0053240349516272545
vn 0 -0.99998581409454346 -0.0053240349516272545
vn 0 -0.99998581409454346 -0.0053240349516272545
vn 0 -0.99998581409454346 -0.0053240349516272545
vn 0 -0.99998581409454346 -0.0053240349516272545
vn 0 -0.99998581409454346 -0.0053240349516272545
vn 0 -0.99998581409454346 -0.0053240349516272545
vn 0 -0.99998581409454346 -0.0053240349516272545
vn 0 -0.99998581409454346 -0.0053240349516272545
vn 0 -0.99998581409454346 -0.0053240349516272545
vn 0 -0.99998581409454346 -0.0053240349516272545
vn 0 -0.99998581409454346 -0.0053240349516272545
vn 0 -0.99998581409454346 -0.0053240349516272545
vn 0 -0.99998581409454346 -0.0053240349516272545
vn 0 -0.99998581409454346 -0.0053240349516272545
vn 0 -0.99998581409454346 -0.0053240349516272545
vn 0 -0.99998581409454346 -0.0053240349516272545
vn 0 -0.99998581409454346 -0.0053240349516272545
vn 0 -0.99998581409454346 -0.0053240349516272545
vn 0 -0.99998581409454346 -0.0053240349516272545
vn 0 -0.99998581409454346 -0.0053240349516272545
vn 0 -0.99998581409454346 -0.0053240349516272545
vn 0 -0.99998581409454346 -0.0053240349516272545
vn 0 -0.99998581409454346 -0.0053240349516272545
vn 0 -0.99998581409454346 -0.0053240349516272545
vn 0 -0.99998581409454346 -0.0053240349516272545
vn 0 -0.99998581409454346 -0.0053240349516272545
vn 0 -0.99998581409454346 -0.0053240349516272545
vn 0 -0.99998581409454346 -0.0053240349516272545
vn 0 -0.99998581409454346 -0.0053240349516272545
vn 0 -0.99998581409454346 -0.0053240349516272545
vn 0 -0.99998581409454346 -0.0053240349516272545
vn 0 -0.99998581409454346 -0.0053240349516272545
vn 0 -0.99998581409454346 -0.0053240349516272545
vn 0 -0.99998581409454346 -0.0053240349516272545
vn 0 -0.99998581409454346 -0.0053240349516272545
vn 0 -0.99998581409454346 -0.0053240349516272545
vn 0 -0.99998581409454346 -0.0053240349516272545
vn 0 -0.99998581409454346 -0.0053240349516272545
vn 0 -0.99998581409454346 -0.0053240349516272545
vn 0 -0.99998581409454346 -0.0053240349516272545
vn 0 -0.99998581409454346 -0.0053240349516272545
vn 0 -0.99998581409454346 -0.0053240349516272545
vn 0 -0.99998581409454346 -0.0053240349516272545
vn 0 -0.99998581409454346 -0.0053240349516272545
vn 0 -0.99998581409454346 -0.0053240349516272545
vn 0 -0.99998581409454346 -0.0053240349516272545
vn 0 -0.99998581409454346 -0.0053240349516272545
vn 0 -0.99998581409454346 -0.0053240349516272545
vn 0 -0.99998581409454346 -0.0053240349516272545
vn 0 -0.99998581409454346 -0.0053240349516272545
vn 0 -0.99998581409454346 -0.0053240349516272545
vn 0 -0.99998581409454346 -0.0053240349516272545
vn 0 -0.99998581409454346 -0.0053240349516272545
vn 0 -0.99998581409454346 -0.0053240349516272545
vn 0 -0.99998581409454346 -0.0053240349516272545
vn 0 -0.99998581409454346 -0.0053240349516272545
vn 0 -0.99998581409454346 -0.0053240349516272545
vn 0 -0.99998581409454346 -0.0053240349516272545
vn 0 -0.99998581409454346 -0.0053240349516272545
vn 0 -0.99998581409454346 -0.0053240349516272545
vn 0 -0.99998581409454346 -0.0053240349516272545
vn 0 -0.99998581409454346 -0.0053240349516272545
vn 0 -0.99998581409454346 -0.0053240349516272545
vn 0 -0.99998581409454346 -0.0053240349516272545
vn 0 -0.99998581409454346 -0.0053240349516272545
vn 0 -0.99998581409454346 -0.0053240349516272545
vn 0 -0.99998581409454346 -0.0053240349516272545
vn 0 -0.99998581409454346 -0.0053240349516272545
vn 0 -0.99998581409454346 -0.0053240349516272545
vn 0 -0.99998581409454346 -0.0053240349516272545
vn 0 -0.99998581409454346 -0.0053240349516272545
vn 0 -0.99998581409454346 -0.0053240349516272545
vn 0 -0.99998581409454346 -0.0053240349516272545
vn 0 -0.99998581409454346 -0.0053240349516272545
vn 0 -0.99998581409454346 -0.0053240349516272545
vn 0 -0.99998581409454346 -0.0053240349516272545
vn 0 -0.99998581409454346 -0.0053240349516272545
vn 0 -0.99998581409454346 -0.0053240349516272545
vn 0 -0.99998581409454346 -0.0053240349516272545
vn 0 -0.99998581409454346 -0.0053240349516272545
vn 0 -0.99998581409454346 -0.0053240349516272545
vn 0 -0.99998581409454346 -0.0053240349516272545
vn 0 -0.99998581409454346 -0.0053240349516272545
vn 0 -0.99998581409454346 -0.0053240349516272545
vn 0 -0.99998581409454346 -0.0053240349516272545
vn 0 -0.99998581409454346 -0.0053240349516272545
vn 0 -0.99998581409454346 -0.0053240349516272545
vn 0 -0.99998581409454346 -0.0053240349516272545
vn 0 -0.99998581409454346 -0.0053240349516272545
vn 0 -0.99998581409454346 -0.0053240349516272545
vn 0 -0.99998581409454346 -0.0053240349516272545
vn 0 -0.99998581409454346 -0.0053240349516272545
vn 0 -0.99998581409454346 -0.0053240349516272545
vn 0 -0.99998581409454346 -0.0053240349516272545
vn 0 -0.99998581409454346 -0.0053240349516272545
vn 0 -0.99998581409454346 -0.0053240349516272545
vn 0 -0.99998581409454346 -0.0053240349516272545
vn 0 -0.99998581409454346 -0.0053240349516272545
vn 0 -0.99998581409454346 -0.0053240349516272545
vn 0 -0.99998581409454346 -0.0053240349516272545
vn 0 -0.99998581409454346 -0.0053240349516272545
vn 0 -0.99998581409454346 -0.0053240349516272545
vn 0 -0.99998581409454346 -0.0053240349516272545
vn 0 -0.99998581409454346 -0.0053240349516272545
vn 0 -0.99998581409454346 -0.0053240349516272545
vn 0 -0.99998581409454346 -0.0053240349516272545
vn 0 -0.99998581409454346 -0.0053240349516272545
vn 0 -0.99998581409454346 -0.0053240349516272545
vn 0 -0.99998581409454346 -0.0053240349516272545
vn 0 -0.99998581409454346 -0.0053240349516272545
vn 0 -0.99998581409454346 -0.0053240349516272545
vn 0 -0.99998581409454346 -0.0053240349516272545
vn 0 -0.99998581409454346 -0.0053240349516272545
vn 0 -0.99998581409454346 -0.0053240349516272545
vn 0 -0.99998581409454346 -0.0053240349516272545
vn 0 -0.99998581409454346 -0.0053240349516272545
vn 0 -0.99998581409454346 -0.0053240349516272545
vn 0 -0.99998581409454346 -0.0053240349516272545
vn 0 -0.99998581409454346 -0.0053240349516272545
vn 0 -0.99998581409454346 -0.0053240349516272545
vn 0 -0.99998581409454346 -0.0053240349516272545
vn 0 -0.99998581409454346 -0.0053240349516272545
vn 0 -0.99998581409454346 -0.0053240349516272545
vn 0 -0.99998581409454346 -0.0053240349516272545
vn 0 -0.99998581409454346 -0.0053240349516272545
vn 0 -0.99998581409454346 -0.0053240349516272545
vn 0 -0.99998581409454346 -0.0053240349516272545
vn 0 -0.99998581409454346 -0.0053240349516272545
vn 0 -0.99998581409454346 -0.0053240349516272545
vn 0 -0.99998581409454346 -0.0053240349516272545
vn 0 -0.99998581409454346 -0.0053240349516272545
vn 0 -0.99998581409454346 -0.0053240349516272545
vn 0 -0.99998581409454346 -0.0053240349516272545
vn 0 -0.99998581409454346 -0.0053240349516272545
vn 0 -0.99998581409454346 -0.0053240349516272545
vn 0 -0.99998581409454346 -0.0053240349516272545
vn 0 -0.99998581409454346 -0.0053240349516272545
vn 0 -0.99998581409454346 -0.0053240349516272545
vn 0 -0.99998581409454346 -0.0053240349516272545
vn 0 -0.99998581409454346 -0.0053240349516272545
vn 0 -0.99998581409454346 -0.0053240349516272545
vn 0 -0.99998581409454346 -0.0053240349516272545
vn 0 -0.99998581409454346 -0.0053240349516272545
vn 0 -0.99998581409454346 -0.0053240349516272545
vn 0 -0.99998581409454346 -0.0053240349516272545
vn 0 -0.99998581409454346 -0.0053240349516272545
vn 0 -0.99998581409454346 -0.0053240349516272545
vn 0 -0.99998581409454346 -0.0053240349516272545
vn 0 -0.99998581409454346 -0.0053240349516272545
vn 0 -0.99998581409454346 -0.0053240349516272545
vn 0 -0.99998581409454346 -0.0053240349516272545
vn 0 -0.99998581409454346 -0.0053240349516272545
vn 0 -0.99998581409454346 -0.0053240349516272545
vn 0 -0.99998581409454346 -0.0053240349516272545
vn 0 -0.99998581409454346 -0.0053240349516272545
vn 0 -0.99998581409454346 -0.0053240349516272545
vn 0 -0.99998581409454346 -0.0053240349516272545
vn 0 -0.99998581409454346 -0.0053240349516272545
vn 0 -0.99998581409454346 -0.0053240349516272545
vn 0 -0.99998581409454346 -0.0053240349516272545
vn 0 -0.99998581409454346 -0.0053240349516272545
vn 0 -0.99998581409454346 -0.0053240349516272545
vn 0 -0.99998581409454346 -0.0053240349516272545
vn 0 -0.99998581409454346 -0.0053240349516272545
vn 0 -0.99998581409454346 -0.0053240349516272545
vn 0 -0.99998581409454346 -0.0053240349516272545
vn 0 -0.99998581409454346 -0.0053240349516272545
vn 0 -0.99998581409454346 -0.0053240349516272545
vn 0 -0.99998581409454346 -0.0053240349516272545
vn 0 -0.99998581409454346 -0.0053240349516272545
vn 0 -0.99998581409454346 -0.0053240349516272545
vn 0 -0.99998581409454346 -0.0053240349516272545
vn 0 -0.99998581409454346 -0.0053240349516272545
vn 0 -0.99998581409454346 -0.0053240349516272545
vn 0 -0.99998581409454346 -0.0053240349516272545
vn 0 -0.99998581409454346 -0.0053240349516272545
vn 0 -0.99998581409454346 -0.0053240349516272545
vn 0 -0.99998581409454346 -0.0053240349516272545
vn 0 -0.99998581409454346 -0.0053240349516272545
vn 0 -0.99998581409454346 -0.0053240349516272545
vn 0 -0.99998581409454346 -0.0053240349516272545
vn 0 -0.99998581409454346 -0.0053240349516272545
vn 0 -0.99998581409454346 -0.0053240349516272545
vn 0 -0.99998581409454346 -0.0053240349516272545
vn 0 -0.99998581409454346 -0.0053240349516272545
vn 0 -0.99998581409454346 -0.0053240349516272545
vn 0 -0.99998581409454346 -0.0053240349516272545
vn 0 -0.99998581409454346 -0.0053240349516272545
vn 0 -0.99998581409454346 -0.0053240349516272545
vn 0 -0.99998581409454346 -0.0053240349516272545
vn 0 -0.99998581409454346 -0.0053240349516272545
vn 0 -0.99998581409454346 -0.0053240349516272545
vn 0 -0.99998581409454346 -0.0053240349516272545
vn 0 -0.99998581409454346 -0.0053240349516272545
vn 0 -0.99998581409454346 -0.0053240349516272545
vn 0 -0.99998581409454346 -0.0053240349516272545
vn 0 -0.99998581409454346 -0.0053240349516272545
vn 0 -0.99998581409454346 -0.0053240349516272545
vn 0 -0.99998581409454346 -0.0053240349516272545
vn 0 -0.99998581409454346 -0.0053240349516272545
vn 0 -0.99998581409454346 -0.0053240349516272545
vn 0 -0.99998581409454346 -0.0053240349516272545
vn 0 -0.99998581409454346 -0.0053240349516272545
vn 0 -0.99998581409454346 -0.0053240349516272545
vn 0 -0.99998581409454346 -0.0053240349516272545
vn 0 -0.99998581409454346 -0.0053240349516272545
vn 0 -0.99998581409454346 -0.0053240349516272545
vn 0 -0.99998581409454346 -0.0053240349516272545
vn 0 -0.99998581409454346 -0.0053240349516272545
vn 0 -0.99998581409454346 -0.0053240349516272545
vn 0 -0.99998581409454346 -0.0053240349516272545
vn 0 -0.99998581409454346 -0.0053240349516272545
vn 0 -0.99998581409454346 -0.0053240349516272545
vn 0 -0.99998581409454346 -0.0053240349516272545
vn 0 -0.99998581409454346 -0.0053240349516272545
vn 0 -0.99998581409454346 -0.0053240349516272545
vn 0 -0.99998581409454346 -0.0053240349516272545
vn 0 -0.99998581409454346 -0.0053240349516272545
vn 0 -0.99998581409454346 -0.0053240349516272545
vn 0 -0.99998581409454346 -0.0053240349516272545
vn 0 -0.99998581409454346 -0.0053240349516272545
vn 0 -0.99998581409454346 -0.0053240349516272545
vn 0 -0.99998581409454346 -0.0053240349516272545
vn 0 -0.99998581409454346 -0.0053240349516272545
vn 0 -0.99998581409454346 -0.0053240349516272545
vn 0 -0.99998581409454346 -0.0053240349516272545
vn 0 -0.99998581409454346 -0.0053240349516272545
vn 0 -0.99998581409454346 -0.0053240349516272545
vn 0 -0.99998581409454346 -0.0053240349516272545
vn 0 -0.99998581409454346 -0.0053240349516272545
vn 0 -0.99998581409454346 -0.0053240349516272545
vn 0 -0.99998581409454346 -0.0053240349516272545
vn 0 -0.99998581409454346 -0.0053240349516272545
vn 0 -0.99998581409454346 -0.0053240349516272545
vn 0 -0.99998581409454346 -0.0053240349516272545
vn 0 -0.99998581409454346 -0.0053240349516272545
vn 0 -0.99998581409454346 -0.0053240349516272545
vn 0 -0.99998581409454346 -0.0053240349516272545
vn 0 -0.99998581409454346 -0.0053240349516272545
vn 0 -0.99998581409454346 -0.0053240349516272545
vn 0 -0.99998581409454346 -0.0053240349516272545
vn 0 -0.99998581409454346 -0.0053240349516272545
vn 0 -0.99998581409454346 -0.0053240349516272545
vn 0 -0.99998581409454346 -0.0053240349516272545
vn 0 -0.99998581409454346 -0.0053240349516272545
vn 0 -0.99998581409454346 -0.0053240349516272545
vn 0 -0.99998581409454346 -0.0053240349516272545
vn 0 -0.99998581409454346 -0.0053240349516272545
vn 0 -0.99998581409454346 -0.0053240349516272545
vn 0 -0.99998581409454346 -0.0053240349516272545
vn 0 -0.99998581409454346 -0.0053240349516272545
vn 0 -0.99998581409454346 -0.0053240349516272545
vn 0 -0.99998581409454346 -0.0053240349516272545
vn 0 -0.99998581409454346 -0.0053240349516272545
vn 0 -0.99998581409454346 -0.0053240349516272545
vn 0 -0.99998581409454346 -0.0053240349516272545
vn 0 -0.99998581409454346 -0.0053240349516272545
vn 0 -0.99998581409454346 -0.0053240349516272545
vn 0 -0.99998581409454346 -0.0053240349516272545
vn 0 -0.99998581409454346 -0.0053240349516272545
vn 0 -0.99998581409454346 -0.0053240349516272545
vn 0 -0.99998581409454346 -0.0053240349516272545
vn 0 -0.99998581409454346 -0.0053240349516272545
vn 0 -0.99998581409454346 -0.0053240349516272545
vn 0 -0.99998581409454346 -0.0053240349516272545
vn 0 -0.99998581409454346 -0.0053240349516272545
vn 0 -0.99998581409454346 -0.0053240349516272545
vn 0 -0.99998581409454346 -0.0053240349516272545
vn 0 -0.99998581409454346 -0.0053240349516272545
vn 0 -0.99998581409454346 -0.0053240349516272545
vn 0 -0.99998581409454346 -0.0053240349516272545
vn 0 -0.99998581409454346 -0.0053240349516272545
vn 0 -0.99998581409454346 -0.0053240349516272545
vn 0 -0.99998581409454346 -0.0053240349516272545
vn 0 -0.99998581409454346 -0.0053240349516272545
vn 0 -0.99998581409454346 -0.0053240349516272545
vn 0 -0.99998581409454346 -0.0053240349516272545
vn 0 -0.99998581409454346 -0.0053240349516272545
vn 0 -0.99998581409454346 -0.0053240349516272545
vn 0 -0.99998581409454346 -0.0053240349516272545
vn 0 -0.99998581409454346 -0.0053240349516272545
vn 0 -0.99998581409454346 -0.0053240349516272545
vn 0 -0.99998581409454346 -0.0053240349516272545
vn 0 -0.99998581409454346 -0.0053240349516272545
vn 0 -0.99998581409454346 -0.0053240349516272545
vn 0 -0.99998581409454346 -0.0053240349516272545
vn 0 -0.99998581409454346 -0.0053240349516272545
vn 0 -0.99998581409454346 -0.0053240349516272545
vn 0 -0.99998581409454346 -0.0053240349516272545
vn 0 -0.99998581409454346 -0.0053240349516272545
vn 0 -0.99998581409454346 -0.0053240349516272545
vn 0 -0.99998581409454346 -0.0053240349516272545
vn 0 -0.99998581409454346 -0.0053240349516272545
vn 0 -0.99998581409454346 -0.0053240349516272545
vn 0 -0.99998581409454346 -0.0053240349516272545
vn 0 -0.99998581409454346 -0.0053240349516272545
vn 0 -0.99998581409454346 -0.0053240349516272545
vn 0 -0.99998581409454346 -0.0053240349516272545
vn 0 -0.99998581409454346 -0.0053240349516272545
vn 0 -0.99998581409454346 -0.0053240349516272545
vn 0 -0.99998581409454346 -0.0053240349516272545
vn 0 -0.99998581409454346 -0.0053240349516272545
vn 0 -0.99998581409454346 -0.0053240349516272545
vn 0 -0.99998581409454346 -0.0053240349516272545
vn 0 -0.99998581409454346 -0.0053240349516272545
vn 0 -0.99998581409454346 -0.0053240349516272545
vn 0 -0.99998581409454346 -0.0053240349516272545
vn 0 -0.99998581409454346 -0.0053240349516272545
vn 0 -0.99998581409454346 -0.0053240349516272545
vn 0 -0.99998581409454346 -0.0053240349516272545
vn 0 -0.99998581409454346 -0.0053240349516272545
vn 0 -0.99998581409454346 -0.0053240349516272545
vn 0 -0.99998581409454346 -0.0053240349516272545
vn 0 -0.99998581409454346 -0.0053240349516272545
vn 0 -0.99998581409454346 -0.0053240349516272545
vn 0 -0.99998581409454346 -0.0053240349516272545
vn 0 -0.99998581409454346 -0.0053240349516272545
vn 0 -0.99998581409454346 -0.0053240349516272545
vn 0 -0.99998581409454346 -0.0053240349516272545
vn 0 -0.99998581409454346 -0.0053240349516272545
vn 0 -0.99998581409454346 -0.0053240349516272545
vn 0 -0.99998581409454346 -0.0053240349516272545
vn 0 -0.99998581409454346 -0.0053240349516272545
vn 0 -0.99998581409454346 -0.0053240349516272545
vn 0 -0.99998581409454346 -0.0053240349516272545
vn 0 -0.99998581409454346 -0.0053240349516272545
vn 0 -0.99998581409454346 -0.0053240349516272545
vn 0 -0.99998581409454346 -0.0053240349516272545
vn 0 -0.99998581409454346 -0.0053240349516272545
vn 0 -0.99998581409454346 -0.0053240349516272545
vn 0 -0.99998581409454346 -0.0053240349516272545
vn 0 -0.99998581409454346 -0.0053240349516272545
vn 0 -0.99998581409454346 -0.0053240349516272545
vn 0 -0.99998581409454346 -0.0053240349516272545
vn 0 -0.99998581409454346 -0.0053240349516272545
vn 0 -0.99998581409454346 -0.0053240349516272545
vn 0 -0.99998581409454346 -0.0053240349516272545
vn 0 -0.99998581409454346 -0.0053240349516272545
vn 0 -0.99998581409454346 -0.0053240349516272545
vn 0 -0.99998581409454346 -0.0053240349516272545
vn 0 -0.99998581409454346 -0.0053240349516272545
vn 0 -0.99998581409454346 -0.0053240349516272545
vn 0 -0.99998581409454346 -0.0053240349516272545
vn 0 -0.99998581409454346 -0.0053240349516272545
vn 0 -0.99998581409454346 -0.0053240349516272545
vn 0 -0.99998581409454346 -0.0053240349516272545
vn 0 -0.99998581409454346 -0.0053240349516272545
vn 0 -0.99998581409454346 -0.0053240349516272545
vn 0 -0.99998581409454346 -0.0053240349516272545
vn 0 -0.99998581409454346 -0.0053240349516272545
vn 0 -0.99998581409454346 -0.0053240349516272545
vn 0 -0.99998581409454346 -0.0053240349516272545
vn 0 -0.99998581409454346 -0.0053240349516272545
vn 0 -0.99998581409454346 -0.0053240349516272545
vn 0 -0.99998581409454346 -0.0053240349516272545
vn 0 -0.99998581409454346 -0.0053240349516272545
vn 0 -0.99998581409454346 -0.0053240349516272545
vn 0 -0.99998581409454346 -0.0053240349516272545
vn 0 -0.99998581409454346 -0.0053240349516272545
vn 0 -0.99998581409454346 -0.0053240349516272545
vn 0 -0.99998581409454346 -0.0053240349516272545
vn 0 -0.99998581409454346 -0.0053240349516272545
vn 0 -0.99998581409454346 -0.0053240349516272545
vn 0 -0.99998581409454346 -0.0053240349516272545
vn 0 -0.99998581409454346 -0.0053240349516272545
vn 0 -0.99998581409454346 -0.0053240349516272545
vn 0 -0.99998581409454346 -0.0053240349516272545
vn 0 -0.99998581409454346 -0.0053240349516272545
vn 0 -0.99998581409454346 -0.0053240349516272545
vn 0 -0.99998581409454346 -0.0053240349516272545
vn 0 -0.99998581409454346 -0.0053240349516272545
vn 0 -0.99998581409454346 -0.0053240349516272545
vn 0 -0.99998581409454346 -0.0053240349516272545
vn 0 -0.99998581409454346 -0.0053240349516272545
vn 0 -0.99998581409454346 -0.0053240349516272545
vn 0 -0.99998581409454346 -0.0053240349516272545
vn 0 -0.99998581409454346 -0.0053240349516272545
vn 0 -0.99998581409454346 -0.0053240349516272545
vn 0 -0.99998581409454346 -0.0053240349516272545
vn 0 -0.99998581409454346 -0.0053240349516272545
vn 0 -0.99998581409454346 -0.0053240349516272545
vn 0 -0.99998581409454346 -0.0053240349516272545
vn 0 -0.99998581409454346 -0.0053240349516272545
vn 0 -0.99998581409454346 -0.0053240349516272545
vn 0 -0.99998581409454346 -0.0053240349516272545
vn 0 -0.99998581409454346 -0.0053240349516272545
vn 0 -0.99998581409454346 -0.0053240349516272545
vn 0 -0.99998581409454346 -0.0053240349516272545
vn 0 -0.99998581409454346 -0.0053240349516272545
vn 0 -0.99998581409454346 -0.0053240349516272545
vn 0 -0.99998581409454346 -0.0053240349516272545
vn 0 -0.99998581409454346 -0.0053240349516272545
vn 0 -0.99998581409454346 -0.0053240349516272545
vn 0 -0.99998581409454346 -0.0053240349516272545
vn 0 -0.99998581409454346 -0.0053240349516272545
vn 0 -0.99998581409454346 -0.0053240349516272545
vn 0 -0.99998581409454346 -0.0053240349516272545
vn 0 -0.99998581409454346 -0.0053240349516272545
vn 0 -0.99998581409454346 -0.0053240349516272545
vn 0 -0.99998581409454346 -0.0053240349516272545
vn 0 -0.99998581409454346 -0.0053240349516272545
vn 0 -0.99998581409454346 -0.0053240349516272545
vn 0 -0.99998581409454346 -0.0053240349516272545
vn 0 -0.99998581409454346 -0.0053240349516272545
vn 0 -0.99998581409454346 -0.0053240349516272545
vn 0 -0.99998581409454346 -0.0053240349516272545
vn 0 -0.99998581409454346 -0.0053240349516272545
vn 0 -0.99998581409454346 -0.0053240349516272545
vn 0 -0.99998581409454346 -0.0053240349516272545
vn 0 -0.99998581409454346 -0.0053240349516272545
vn 0 -0.99998581409454346 -0.0053240349516272545
vn 0 -0.99998581409454346 -0.0053240349516272545
vn 0 -0.99998581409454346 -0.0053240349516272545
vn 0 -0.99998581409454346 -0.0053240349516272545
vn 0 -0.99998581409454346 -0.0053240349516272545
vn 0 -0.99998581409454346 -0.0053240349516272545
vn 0 -0.99998581409454346 -0.0053240349516272545
vn 0 -0.99998581409454346 -0.0053240349516272545
vn 0 -0.99998581409454346 -0.0053240349516272545
vn 0 -0.99998581409454346 -0.0053240349516272545
vn 0 -0.99998581409454346 -0.0053240349516272545
vn 0 -0.99998581409454346 -0.0053240349516272545
vn 0 -0.99998581409454346 -0.0053240349516272545
vn 0 -0.99998581409454346 -0.0053240349516272545
vn 0 -0.99998581409454346 -0.0053240349516272545
vn 0 -0.99998581409454346 -0.0053240349516272545
vn 0 -0.99998581409454346 -0.0053240349516272545
vn 0 -0.99998581409454346 -0.0053240349516272545
vn 0 -0.99998581409454346 -0.0053240349516272545
vn 0 -0.99998581409454346 -0.0053240349516272545
vn 0 -0.99998581409454346 -0.0053240349516272545
vn 0 -0.99998581409454346 -0.0053240349516272545
vn 0 -0.99998581409454346 -0.0053240349516272545
vn 0 -0.99998581409454346 -0.0053240349516272545
vn 0 -0.99998581409454346 -0.0053240349516272545
vn 0 -0.99998581409454346 -0.0053240349516272545
vn 0 -0.99998581409454346 -0.0053240349516272545
vn 0 -0.99998581409454346 -0.0053240349516272545
vn 0 -0.99998581409454346 -0.0053240349516272545
vn 0 -0.99998581409454346 -0.0053240349516272545
vn 0 -0.99998581409454346 -0.0053240349516272545
vn 0 -0.99998581409454346 -0.0053240349516272545
vn 0 -0.99998581409454346 -0.0053240349516272545
vn 0 -0.99998581409454346 -0.0053240349516272545
vn 0 -0.99998581409454346 -0.0053240349516272545
vn 0 -0.99998581409454346 -0.0053240349516272545
vn 0 -0.99998581409454346 -0.0053240349516272545
vn 0 -0.99998581409454346 -0.0053240349516272545
vn 0 -0.99998581409454346 -0.0053240349516272545
vn 0 -0.99998581409454346 -0.0053240349516272545
vn 0 -0.99998581409454346 -0.0053240349516272545
vn 0 -0.99998581409454346 -0.0053240349516272545
vn 0 -0.99998581409454346 -0.0053240349516272545
vn 0 -0.99998581409454346 -0.0053240349516272545
vn 0 -0.99998581409454346 -0.0053240349516272545
vn 0 -0.99998581409454346 -0.0053240349516272545
vn 0 -0.99998581409454346 -0.0053240349516272545
vn 0 -0.99998581409454346 -0.0053240349516272545
vn 0 -0.99998581409454346 -0.0053240349516272545
vn 0 -0.99998581409454346 -0.0053240349516272545
vn 0 -0.99998581409454346 -0.0053240349516272545
vn 0 -0.99998581409454346 -0.0053240349516272545
vn 0 -0.99998581409454346 -0.0053240349516272545
vn 0 -0.99998581409454346 -0.0053240349516272545
vn 0 -0.99998581409454346 -0.0053240349516272545
vn 0 -0.99998581409454346 -0.0053240349516272545
vn 0 -0.99998581409454346 -0.0053240349516272545
vn 0 -0.99998581409454346 -0.0053240349516272545
vn 0 -0.99998581409454346 -0.0053240349516272545
vn 0 -0.99998581409454346 -0.0053240349516272545
vn 0 -0.99998581409454346 -0.0053240349516272545
vn 0 -0.99998581409454346 -0.0053240349516272545
vn 0 -0.99998581409454346 -0.0053240349516272545
vn 0 -0.99998581409454346 -0.0053240349516272545
vn 0 -0.99998581409454346 -0.0053240349516272545
vn 0 -0.99998581409454346 -0.0053240349516272545
vn 0 -0.99998581409454346 -0.0053240349516272545
vn 0 -0.99998581409454346 -0.0053240349516272545
vn 0 -0.99998581409454346 -0.0053240349516272545
vn 0 -0.99998581409454346 -0.0053240349516272545
vn 0 -0.99998581409454346 -0.0053240349516272545
vn 0 -0.99998581409454346 -0.0053240349516272545
vn 0 -0.99998581409454346 -0.0053240349516272545
vn 0 -0.99998581409454346 -0.0053240349516272545
vn 0 -0.99998581409454346 -0.0053240349516272545
vn 0 -0.99998581409454346 -0.0053240349516272545
vn 0 -0.99998581409454346 -0.0053240349516272545
vn 0 -0.99998581409454346 -0.0053240349516272545
vn 0 -0.99998581409454346 -0.0053240349516272545
vn 0 -0.99998581409454346 -0.0053240349516272545
vn 0 -0.99998581409454346 -0.0053240349516272545
vn 0 -0.99998581409454346 -0.0053240349516272545
vn 0 -0.99998581409454346 -0.0053240349516272545
vn 0 -0.99998581409454346 -0.0053240349516272545
vn 0 -0.99998581409454346 -0.0053240349516272545
vn 0 -0.99998581409454346 -0.0053240349516272545
vn 0 -0.99998581409454346 -0.0053240349516272545
vn 0 -0.99998581409454346 -0.0053240349516272545
vn 0 -0.99998581409454346 -0.0053240349516272545
vn 0 -0.99998581409454346 -0.0053240349516272545
vn 0 -0.99998581409454346 -0.0053240349516272545
vn 0 -0.99998581409454346 -0.0053240349516272545
vn 0 -0.99998581409454346 -0.0053240349516272545
vn 0 -0.99998581409454346 -0.0053240349516272545
vn 0 -0.99998581409454346 -0.0053240349516272545
vn 0 -0.99998581409454346 -0.0053240349516272545
vn 0 -0.99998581409454346 -0.0053240349516272545
vn 0 -0.99998581409454346 -0.0053240349516272545
vn 0 -0.99998581409454346 -0.0053240349516272545
vn 0 -0.99998581409454346 -0.0053240349516272545
vn 0 -0.99998581409454346 -0.0053240349516272545
vn 0 -0.99998581409454346 -0.0053240349516272545
vn 0 -0.99998581409454346 -0.0053240349516272545
vn 0 -0.99998581409454346 -0.0053240349516272545
vn 0 -0.99998581409454346 -0.0053240349516272545
vn 0 -0.99998581409454346 -0.0053240349516272545
vn 0 -0.99998581409454346 -0.0053240349516272545
vn 0 -0.99998581409454346 -0.0053240349516272545
vn 0 -0.99998581409454346 -0.0053240349516272545
vn 0 -0.99998581409454346 -0.0053240349516272545
vn 0 -0.99998581409454346 -0.0053240349516272545
vn 0 -0.99998581409454346 -0.0053240349516272545
vn 0 -0.99998581409454346 -0.0053240349516272545
vn 0 -0.99998581409454346 -0.0053240349516272545
vn 0 -0.99998581409454346 -0.0053240349516272545
vn 0 -0.99998581409454346 -0.0053240349516272545
vn 0 -0.99998581409454346 -0.0053240349516272545
vn 0 -0.99998581409454346 -0.0053240349516272545
vn 0 -0.99998581409454346 -0.0053240349516272545
vn 0 -0.99998581409454346 -0.0053240349516272545
vn 0 -0.99998581409454346 -0.0053240349516272545
vn 0 -0.99998581409454346 -0.0053240349516272545
vn 0 -0.99998581409454346 -0.0053240349516272545
vn 0 -0.99998581409454346 -0.0053240349516272545
vn 0 -0.99998581409454346 -0.0053240349516272545
vn 0 -0.99998581409454346 -0.0053240349516272545
vn 0 -0.99998581409454346 -0.0053240349516272545
vn 0 -0.99998581409454346 -0.0053240349516272545
vn 0 -0.99998581409454346 -0.0053240349516272545
vn 0 -0.99998581409454346 -0.0053240349516272545
vn 0 -0.99998581409454346 -0.0053240349516272545
vn 0 -0.99998581409454346 -0.0053240349516272545
vn 0 -0.99998581409454346 -0.0053240349516272545
vn 0 -0.99998581409454346 -0.0053240349516272545
vn 0 -0.99998581409454346 -0.0053240349516272545
vn 0 -0.99998581409454346 -0.0053240349516272545
vn 0 -0.99998581409454346 -0.0053240349516272545
vn 0 -0.99998581409454346 -0.0053240349516272545
vn 0 -0.99998581409454346 -0.0053240349516272545
vn 0 -0.99998581409454346 -0.0053240349516272545
vn 0 -0.99998581409454346 -0.0053240349516272545
vn 0 -0.99998581409454346 -0.0053240349516272545
vn 0 -0.99998581409454346 -0.0053240349516272545
vn 0 -0.99998581409454346 -0.0053240349516272545
vn 0 -0.99998581409454346 -0.0053240349516272545
vn 0 -0.99998581409454346 -0.0053240349516272545
vn 0 -0.99998581409454346 -0.0053240349516272545
vn 0 -0.99998581409454346 -0.0053240349516272545
vn 0 -0.99998581409454346 -0.0053240349516272545
vn 0 -0.99998581409454346 -0.0053240349516272545
vn 0 -0.99998581409454346 -0.0053240349516272545
vn 0 -0.99998581409454346 -0.0053240349516272545
vn 0 -0.99998581409454346 -0.0053240349516272545
vn 0 -0.99998581409454346 -0.0053240349516272545
vn 0 -0.99998581409454346 -0.0053240349516272545
vn 0 -0.99998581409454346 -0.0053240349516272545
vn 0 -0.99998581409454346 -0.0053240349516272545
vn 0 -0.99998581409454346 -0.0053240349516272545
vn 0 -0.99998581409454346 -0.0053240349516272545
vn 0 -0.99998581409454346 -0.0053240349516272545
vn 0 -0.99998581409454346 -0.0053240349516272545
vn 0 -0.99998581409454346 -0.0053240349516272545
vn 0 -0.99998581409454346 -0.0053240349516272545
vn 0 -0.99998581409454346 -0.0053240349516272545
vn 0 -0.99998581409454346 -0.0053240349516272545
vn 0 -0.99998581409454346 -0.0053240349516272545
vn 0 -0.99998581409454346 -0.0053240349516272545
vn 0 -0.99998581409454346 -0.0053240349516272545
vn 0 -0.99998581409454346 -0.0053240349516272545
vn 0 -0.99998581409454346 -0.0053240349516272545
vn 0 -0.99998581409454346 -0.0053240349516272545
vn 0 -0.99998581409454346 -0.0053240349516272545
vn 0 -0.99998581409454346 -0.0053240349516272545
vn 0 -0.99998581409454346 -0.0053240349516272545
vn 0 -0.99998581409454346 -0.0053240349516272545
vn 0 -0.99998581409454346 -0.0053240349516272545
vn 0 -0.99998581409454346 -0.0053240349516272545
vn 0 -0.99998581409454346 -0.0053240349516272545
vn 0 -0.99998581409454346 -0.0053240349516272545
vn 0 -0.99998581409454346 -0.0053240349516272545
vn 0 -0.99998581409454346 -0.0053240349516272545
vn 0 -0.99998581409454346 -0.0053240349516272545
vn 0 -0.99998581409454346 -0.0053240349516272545
vn 0 -0.99998581409454346 -0.0053240349516272545
vn 0 -0.99998581409454346 -0.0053240349516272545
vn 0 -0.99998581409454346 -0.0053240349516272545
vn 0 -0.99998581409454346 -0.0053240349516272545
vn 0 -0.99998581409454346 -0.0053240349516272545
vn 0 -0.99998581409454346 -0.0053240349516272545
vn 0 -0.99998581409454346 -0.0053240349516272545
vn 0 -0.99998581409454346 -0.0053240349516272545
vn 0 -0.99998581409454346 -0.0053240349516272545
vn 0 -0.99998581409454346 -0.0053240349516272545
vn 0 -0.99998581409454346 -0.0053240349516272545
vn 0 -0.99998581409454346 -0.0053240349516272545
vn 0 -0.99998581409454346 -0.0053240349516272545
vn 0 -0.99998581409454346 -0.0053240349516272545
vn 0 -0.99998581409454346 -0.0053240349516272545
vn 0 -0.99998581409454346 -0.0053240349516272545
vn 0 -0.99998581409454346 -0.0053240349516272545
vn 0 -0.99998581409454346 -0.0053240349516272545
vn 0 -0.99998581409454346 -0.0053240349516272545
vn 0 -0.99998581409454346 -0.0053240349516272545
vn 0 -0.99998581409454346 -0.0053240349516272545
vn 0 -0.99998581409454346 -0.0053240349516272545
vn 0 -0.99998581409454346 -0.0053240349516272545
vn 0 -0.99998581409454346 -0.0053240349516272545
vn 0 -0.99998581409454346 -0.0053240349516272545
vn 0 -0.99998581409454346 -0.0053240349516272545
vn 0 -0.99998581409454346 -0.0053240349516272545
vn 0 -0.99998581409454346 -0.0053240349516272545
vn 0 -0.99998581409454346 -0.0053240349516272545
vn 0 -0.99998581409454346 -0.0053240349516272545
vn 0 -0.99998581409454346 -0.0053240349516272545
vn 0 -0.99998581409454346 -0.0053240349516272545
vn 0 -0.99998581409454346 -0.0053240349516272545
vn 0 -0.99998581409454346 -0.0053240349516272545
vn 0 -0.99998581409454346 -0.0053240349516272545
vn 0 -0.99998581409454346 -0.0053240349516272545
vn 0 -0.99998581409454346 -0.0053240349516272545
vn 0 -0.99998581409454346 -0.0053240349516272545
vn 0 -0.99998581409454346 -0.0053240349516272545
vn 0 -0.99998581409454346 -0.0053240349516272545
vn 0 -0.99998581409454346 -0.0053240349516272545
vn 0 -0.99998581409454346 -0.0053240349516272545
vn 0 -0.99998581409454346 -0.0053240349516272545
vn 0 -0.99998581409454346 -0.0053240349516272545
vn 0 -0.99998581409454346 -0.0053240349516272545
vn 0 -0.99998581409454346 -0.0053240349516272545
vn 0 -0.99998581409454346 -0.0053240349516272545
vn 0 -0.99998581409454346 -0.0053240349516272545
vn 0 -0.99998581409454346 -0.0053240349516272545
vn 0 -0.99998581409454346 -0.0053240349516272545
vn 0 -0.99998581409454346 -0.0053240349516272545
vn 0 -0.99998581409454346 -0.0053240349516272545
vn 0 -0.99998581409454346 -0.0053240349516272545
vn 0 -0.99998581409454346 -0.0053240349516272545
vn 0 -0.99998581409454346 -0.0053240349516272545
vn 0 -0.99998581409454346 -0.0053240349516272545
vn 0 -0.99998581409454346 -0.0053240349516272545
vn 0 -0.99998581409454346 -0.0053240349516272545
vn 0 -0.99998581409454346 -0.0053240349516272545
vn 0 -0.99998581409454346 -0.0053240349516272545
vn 0 -0.99998581409454346 -0.0053240349516272545
vn 0 -0.99998581409454346 -0.0053240349516272545
vn 0 -0.99998581409454346 -0.0053240349516272545
vn 0 -0.99998581409454346 -0.0053240349516272545
vn 0 -0.99998581409454346 -0.0053240349516272545
vn 0 -0.99998581409454346 -0.0053240349516272545
vn 0 -0.99998581409454346 -0.0053240349516272545
vn 0 -0.99998581409454346 -0.0053240349516272545
vn 0 -0.99998581409454346 -0.0053240349516272545
vn 0 -0.99998581409454346 -0.0053240349516272545
vn 0 -0.99998581409454346 -0.0053240349516272545
vn 0 -0.99998581409454346 -0.0053240349516272545
vn 0 -0.99998581409454346 -0.0053240349516272545
vn 0 -0.99998581409454346 -0.0053240349516272545
vn 0 -0.99998581409454346 -0.0053240349516272545
vn 0 -0.99998581409454346 -0.0053240349516272545
vn 0 -0.99998581409454346 -0.0053240349516272545
vn 0 -0.99998581409454346 -0.0053240349516272545
vn 0 -0.99998581409454346 -0.0053240349516272545
vn 0 -0.99998581409454346 -0.0053240349516272545
vn 0 -0.99998581409454346 -0.0053240349516272545
vn 0 -0.99998581409454346 -0.0053240349516272545
vn 0 -0.99998581409454346 -0.0053240349516272545
vn 0 -0.99998581409454346 -0.0053240349516272545
vn 0 -0.99998581409454346 -0.0053240349516272545
vn 0 -0.99998581409454346 -0.0053240349516272545
vn 0 -0.99998581409454346 -0.0053240349516272545
vn 0 -0.99998581409454346 -0.0053240349516272545
vn 0 -0.99998581409454346 -0.0053240349516272545
vn 0 -0.99998581409454346 -0.0053240349516272545
vn 0 -0.99998581409454346 -0.0053240349516272545
vn 0 -0.99998581409454346 -0.0053240349516272545
vn 0 -0.99998581409454346 -0.0053240349516272545
vn 0 -0.99998581409454346 -0.0053240349516272545
vn 0 -0.99998581409454346 -0.0053240349516272545
vn 0 -0.99998581409454346 -0.0053240349516272545
vn 0 -0.99998581409454346 -0.0053240349516272545
vn 0 -0.99998581409454346 -0.0053240349516272545
vn 0 -0.99998581409454346 -0.0053240349516272545
vn 0 -0.99998581409454346 -0.0053240349516272545
vn 0 -0.99998581409454346 -0.0053240349516272545
vn 0 -0.99998581409454346 -0.0053240349516272545
vn 0 -0.99998581409454346 -0.0053240349516272545
vn 0 -0.99998581409454346 -0.0053240349516272545
vn 0 -0.99998581409454346 -0.0053240349516272545
vn 0 -0.99998581409454346 -0.0053240349516272545
vn 0 -0.99998581409454346 -0.0053240349516272545
vn 0 -0.99998581409454346 -0.0053240349516272545
vn 0 -0.99998581409454346 -0.0053240349516272545
vn 0 -0.99998581409454346 -0.0053240349516272545
vn 0 -0.99998581409454346 -0.0053240349516272545
vn 0 -0.99998581409454346 -0.0053240349516272545
vn 0 -0.99998581409454346 -0.0053240349516272545
vn 0 -0.99998581409454346 -0.0053240349516272545
vn 0 -0.99998581409454346 -0.0053240349516272545
vn 0 -0.99998581409454346 -0.0053240349516272545
vn 0 -0.99998581409454346 -0.0053240349516272545
vn 0 -0.99998581409454346 -0.0053240349516272545
vn 0 -0.99998581409454346 -0.0053240349516272545
vn 0 -0.99998581409454346 -0.0053240349516272545
vn 0 -0.99998581409454346 -0.0053240349516272545
vn 0 -0.99998581409454346 -0.0053240349516272545
vn 0 -0.99998581409454346 -0.0053240349516272545
vn 0 -0.99998581409454346 -0.0053240349516272545
vn 0 -0.99998581409454346 -0.0053240349516272545
vn 0 -0.99998581409454346 -0.0053240349516272545
vn 0 -0.99998581409454346 -0.0053240349516272545
vn 0 -0.99998581409454346 -0.0053240349516272545
vn 0 -0.99998581409454346 -0.0053240349516272545
vn 0 -0.99998581409454346 -0.0053240349516272545
vn 0 -0.99998581409454346 -0.0053240349516272545
vn 0 -0.99998581409454346 -0.0053240349516272545
vn 0 -0.99998581409454346 -0.0053240349516272545
vn 0 -0.99998581409454346 -0.0053240349516272545
vn 0 -0.99998581409454346 -0.0053240349516272545
vn 0 -0.99998581409454346 -0.0053240349516272545
vn 0 -0.99998581409454346 -0.0053240349516272545
vn 0 -0.99998581409454346 -0.0053240349516272545
vn 0 -0.99998581409454346 -0.0053240349516272545
vn 0 -0.99998581409454346 -0.0053240349516272545
vn 0 -0.99998581409454346 -0.0053240349516272545
vn 0 -0.99998581409454346 -0.0053240349516272545
vn 0 -0.99998581409454346 -0.0053240349516272545
vn 0 -0.99998581409454346 -0.0053240349516272545
vn 0 -0.99998581409454346 -0.0053240349516272545
vn 0 -0.99998581409454346 -0.0053240349516272545
vn 0 -0.99998581409454346 -0.0053240349516272545
vn 0 -0.99998581409454346 -0.0053240349516272545
vn 0 -0.99998581409454346 -0.0053240349516272545
vn 0 -0.99998581409454346 -0.0053240349516272545
vn 0 -0.99998581409454346 -0.0053240349516272545
vn 0 -0.99998581409454346 -0.0053240349516272545
vn 0 -0.99998581409454346 -0.0053240349516272545
vn 0 -0.99998581409454346 -0.0053240349516272545
vn 0 -0.99998581409454346 -0.0053240349516272545
vn 0 -0.99998581409454346 -0.0053240349516272545
vn 0 -0.99998581409454346 -0.0053240349516272545
vn 0 -0.99998581409454346 -0.0053240349516272545
vn 0 -0.99998581409454346 -0.0053240349516272545
vn 0 -0.99998581409454346 -0.0053240349516272545
vn 0 -0.99998581409454346 -0.0053240349516272545
vn 0 -0.99998581409454346 -0.0053240349516272545
vn 0 -0.99998581409454346 -0.0053240349516272545
vn 0 -0.99998581409454346 -0.0053240349516272545
vn 0 -0.99998581409454346 -0.0053240349516272545
vn 0 -0.99998581409454346 -0.0053240349516272545
vn 0 -0.99998581409454346 -0.0053240349516272545
vn 0 -0.99998581409454346 -0.0053240349516272545
vn 0 -0.99998581409454346 -0.0053240349516272545
vn 0 -0.99998581409454346 -0.0053240349516272545
vn 0 -0.99998581409454346 -0.0053240349516272545
vn 0 -0.99998581409454346 -0.0053240349516272545
vn 0 -0.99998581409454346 -0.0053240349516272545
vn 0 -0.99998581409454346 -0.0053240349516272545
vn 0 -0.99998581409454346 -0.0053240349516272545
vn 0 -0.99998581409454346 -0.0053240349516272545
vn 0 -0.99998581409454346 -0.0053240349516272545
vn 0 -0.99998581409454346 -0.0053240349516272545
vn 0 -0.99998581409454346 -0.0053240349516272545
vn 0 -0.99998581409454346 -0.0053240349516272545
vn 0 -0.99998581409454346 -0.0053240349516272545
vn 0 -0.99998581409454346 -0.0053240349516272545
vn 0 -0.99998581409454346 -0.0053240349516272545
vn 0 -0.99998581409454346 -0.0053240349516272545
vn 0 -0.99998581409454346 -0.0053240349516272545
vn 0 -0.99998581409454346 -0.0053240349516272545
vn 0 -0.99998581409454346 -0.0053240349516272545
vn 0 -0.99998581409454346 -0.0053240349516272545
vn 0 -0.99998581409454346 -0.0053240349516272545
vn 0 -0.99998581409454346 -0.0053240349516272545
vn 0 -0.99998581409454346 -0.0053240349516272545
vn 0 -0.99998581409454346 -0.0053240349516272545
vn 0 -0.99998581409454346 -0.0053240349516272545
vn 0 -0.99998581409454346 -0.0053240349516272545
vn 0 -0.99998581409454346 -0.0053240349516272545
vn 0 -0.99998581409454346 -0.0053240349516272545
vn 0 -0.99998581409454346 -0.0053240349516272545
vn 0 -0.99998581409454346 -0.0053240349516272545
vn 0 -0.99998581409454346 -0.0053240349516272545
vn 0 -0.99998581409454346 -0.0053240349516272545
vn 0 -0.99998581409454346 -0.0053240349516272545
vn 0 -0.99998581409454346 -0.0053240349516272545
vn 0 -0.99998581409454346 -0.0053240349516272545
vn 0 -0.99998581409454346 -0.0053240349516272545
vn 0 -0.99998581409454346 -0.0053240349516272545
vn 0 -0.99998581409454346 -0.0053240349516272545
vn 0 -0.99998581409454346 -0.0053240349516272545
vn 0 -0.99998581409454346 -0.0053240349516272545
vn 0 -0.99998581409454346 -0.0053240349516272545
vn 0 -0.99998581409454346 -0.0053240349516272545
vn 0 -0.99998581409454346 -0.0053240349516272545
vn 0 -0.99998581409454346 -0.0053240349516272545
vn 0 -0.99998581409454346 -0.0053240349516272545
vn 0 -0.99998581409454346 -0.0053240349516272545
vn 0 -0.99998581409454346 -0.0053240349516272545
vn 0 -0.99998581409454346 -0.0053240349516272545
vn 0 -0.99998581409454346 -0.0053240349516272545
vn 0 -0.99998581409454346 -0.0053240349516272545
vn 0 -0.99998581409454346 -0.0053240349516272545
vn 0 -0.99998581409454346 -0.0053240349516272545
vn 0 -0.99998581409454346 -0.0053240349516272545
vn 0 -0.99998581409454346 -0.0053240349516272545
vn 0 -0.99998581409454346 -0.0053240349516272545
vn 0 -0.99998581409454346 -0.0053240349516272545
vn 0 -0.99998581409454346 -0.0053240349516272545
vn 0 -0.99998581409454346 -0.0053240349516272545
vn 0 -0.99998581409454346 -0.0053240349516272545
vn 0 -0.99998581409454346 -0.0053240349516272545
vn 0 -0.99998581409454346 -0.0053240349516272545
vn 0 -0.99998581409454346 -0.0053240349516272545
vn 0 -0.99998581409454346 -0.0053240349516272545
vn 0 -0.99998581409454346 -0.0053240349516272545
vn 0 -0.99998581409454346 -0.0053240349516272545
vn 0 -0.99998581409454346 -0.0053240349516272545
vn 0 -0.99998581409454346 -0.0053240349516272545
vn 0 -0.99998581409454346 -0.0053240349516272545
vn 0 -0.99998581409454346 -0.0053240349516272545
vn 0 -0.99998581409454346 -0.0053240349516272545
vn 0 -0.99998581409454346 -0.0053240349516272545
vn 0 -0.99998581409454346 -0.0053240349516272545
vn 0 -0.99998581409454346 -0.0053240349516272545
vn 0 -0.99998581409454346 -0.0053240349516272545
vn 0 -0.99998581409454346 -0.0053240349516272545
vn 0 -0.99998581409454346 -0.0053240349516272545
vn 0 -0.99998581409454346 -0.0053240349516272545
vn 0 -0.99998581409454346 -0.0053240349516272545
vn 0 -0.99998581409454346 -0.0053240349516272545
vn 0 -0.99998581409454346 -0.0053240349516272545
vn 0 -0.99998581409454346 -0.0053240349516272545
vn 0 -0.99998581409454346 -0.0053240349516272545
vn 0 -0.99998581409454346 -0.0053240349516272545
vn 0 -0.99998581409454346 -0.0053240349516272545
vn 0 -0.99998581409454346 -0.0053240349516272545
vn 0 -0.99998581409454346 -0.0053240349516272545
vn 0 -0.99998581409454346 -0.0053240349516272545
vn 0 -0.99998581409454346 -0.0053240349516272545
vn 0 -0.99998581409454346 -0.0053240349516272545
vn 0 -0.99998581409454346 -0.0053240349516272545
vn 0 -0.99998581409454346 -0.0053240349516272545
vn 0 -0.99998581409454346 -0.0053240349516272545
vn 0 -0.99998581409454346 -0.0053240349516272545
vn 0 -0.99998581409454346 -0.0053240349516272545
vn 0 -0.99998581409454346 -0.0053240349516272545
vn 0 -0.99998581409454346 -0.0053240349516272545
vn 0 -0.99998581409454346 -0.0053240349516272545
vn 0 -0.99998581409454346 -0.0053240349516272545
vn 0 -0.99998581409454346 -0.0053240349516272545
vn 0 -0.99998581409454346 -0.0053240349516272545
vn 0 -0.99998581409454346 -0.0053240349516272545
vn 0 -0.99998581409454346 -0.0053240349516272545
vn 0 -0.99998581409454346 -0.0053240349516272545
vn 0 -0.99998581409454346 -0.0053240349516272545
vn 0 -0.99998581409454346 -0.0053240349516272545
vn 0 -0.99998581409454346 -0.0053240349516272545
vn 0 -0.99998581409454346 -0.0053240349516272545
vn 0 -0.99998581409454346 -0.0053240349516272545
vn 0 -0.99998581409454346 -0.0053240349516272545
vn 0 -0.99998581409454346 -0.0053240349516272545
vn 0 -0.99998581409454346 -0.0053240349516272545
vn 0 -0.99998581409454346 -0.0053240349516272545
vn 0 -0.99998581409454346 -0.0053240349516272545
vn 0 -0.99998581409454346 -0.0053240349516272545
vn 0 -0.99998581409454346 -0.0053240349516272545
vn 0 -0.99998581409454346 -0.0053240349516272545
vn 0 -0.99998581409454346 -0.0053240349516272545
vn 0 -0.99998581409454346 -0.0053240349516272545
vn 0 -0.99998581409454346 -0.0053240349516272545
vn 0 -0.99998581409454346 -0.0053240349516272545
vn 0 -0.99998581409454346 -0.0053240349516272545
vn 0 -0.99998581409454346 -0.0053240349516272545
vn 0 -0.99998581409454346 -0.0053240349516272545
vn 0 -0.99998581409454346 -0.0053240349516272545
vn 0 -0.99998581409454346 -0.0053240349516272545
vn 0 -0.99998581409454346 -0.0053240349516272545
vn 0 -0.99998581409454346 -0.0053240349516272545
vn 0 -0.99998581409454346 -0.0053240349516272545
vn 0 -0.99998581409454346 -0.0053240349516272545
vn 0 -0.99998581409454346 -0.0053240349516272545
vn 0 -0.99998581409454346 -0.0053240349516272545
vn 0 -0.99998581409454346 -0.0053240349516272545
vn 0 -0.99998581409454346 -0.0053240349516272545
vn 0 -0.99998581409454346 -0.0053240349516272545
vn 0 -0.99998581409454346 -0.0053240349516272545
vn 0 -0.99998581409454346 -0.0053240349516272545
vn 0 -0.99998581409454346 -0.0053240349516272545
vn 0 -0.99998581409454346 -0.0053240349516272545
vn 0 -0.99998581409454346 -0.0053240349516272545
vn 0 -0.99998581409454346 -0.0053240349516272545
vn 0 -0.99998581409454346 -0.0053240349516272545
vn 0 -0.99998581409454346 -0.0053240349516272545
vn 0 -0.99998581409454346 -0.0053240349516272545
vn 0 -0.99998581409454346 -0.0053240349516272545
vn 0 -0.99998581409454346 -0.0053240349516272545
vn 0 -0.99998581409454346 -0.0053240349516272545
vn 0 -0.99998581409454346 -0.0053240349516272545
vn 0 -0.99998581409454346 -0.0053240349516272545
vn 0 -0.99998581409454346 -0.0053240349516272545
vn 0 -0.99998581409454346 -0.0053240349516272545
vn 0 -0.99998581409454346 -0.0053240349516272545
vn 0 -0.99998581409454346 -0.0053240349516272545
vn 0 -0.99998581409454346 -0.0053240349516272545
vn 0 -0.99998581409454346 -0.0053240349516272545
vn 0 -0.99998581409454346 -0.0053240349516272545
vn 0 -0.99998581409454346 -0.0053240349516272545
vn 0 -0.99998581409454346 -0.0053240349516272545
vn 0 -0.99998581409454346 -0.0053240349516272545
vn 0 -0.99998581409454346 -0.0053240349516272545
vn 0 -0.99998581409454346 -0.0053240349516272545
vn 0 -0.99998581409454346 -0.0053240349516272545
vn 0 -0.99998581409454346 -0.0053240349516272545
vn 0 -0.99998581409454346 -0.0053240349516272545
vn 0 -0.99998581409454346 -0.0053240349516272545
vn 0 -0.99998581409454346 -0.0053240349516272545
vn 0 -0.99998581409454346 -0.0053240349516272545
vn 0 -0.99998581409454346 -0.0053240349516272545
vn 0 -0.99998581409454346 -0.0053240349516272545
vn 0 -0.99998581409454346 -0.0053240349516272545
vn 0 -0.99998581409454346 -0.0053240349516272545
vn 0 -0.99998581409454346 -0.0053240349516272545
vn 0 -0.99998581409454346 -0.0053240349516272545
vn 0 -0.99998581409454346 -0.0053240349516272545
vn 0 -0.99998581409454346 -0.0053240349516272545
vn 0 -0.99998581409454346 -0.0053240349516272545
vn 0 -0.99998581409454346 -0.0053240349516272545
vn 0 -0.99998581409454346 -0.0053240349516272545
vn 0 -0.99998581409454346 -0.0053240349516272545
vn 0 -0.99998581409454346 -0.0053240349516272545
vn 0 -0.99998581409454346 -0.0053240349516272545
vn 0 -0.99998581409454346 -0.0053240349516272545
vn 0 -0.99998581409454346 -0.0053240349516272545
vn 0 -0.99998581409454346 -0.0053240349516272545
vn 0 -0.99998581409454346 -0.0053240349516272545
vn 0 -0.99998581409454346 -0.0053240349516272545
vn 0 -0.99998581409454346 -0.0053240349516272545
vn 0 -0.99998581409454346 -0.0053240349516272545
vn 0 -0.99998581409454346 -0.0053240349516272545
vn 0 -0.99998581409454346 -0.0053240349516272545
vn 0 -0.99998581409454346 -0.0053240349516272545
vn 0 -0.99998581409454346 -0.0053240349516272545
vn 0 -0.99998581409454346 -0.0053240349516272545
vn 0 -0.99998581409454346 -0.0053240349516272545
vn 0 -0.99998581409454346 -0.0053240349516272545
vn 0 -0.99998581409454346 -0.0053240349516272545
vn 0 -0.99998581409454346 -0.0053240349516272545
vn 0 -0.99998581409454346 -0.0053240349516272545
vn 0 -0.99998581409454346 -0.0053240349516272545
vn 0 -0.99998581409454346 -0.0053240349516272545
vn 0 -0.99998581409454346 -0.0053240349516272545
vn 0 -0.99998581409454346 -0.0053240349516272545
vn 0 -0.99998581409454346 -0.0053240349516272545
vn 0 -0.99998581409454346 -0.0053240349516272545
vn 0 -0.99998581409454346 -0.0053240349516272545
vn 0 -0.99998581409454346 -0.0053240349516272545
vn 0 -0.99998581409454346 -0.0053240349516272545
vn 0 -0.99998581409454346 -0.0053240349516272545
vn 0 -0.99998581409454346 -0.0053240349516272545
vn 0 -0.99998581409454346 -0.0053240349516272545
vn 0 -0.99998581409454346 -0.0053240349516272545
vn 0 -0.99998581409454346 -0.0053240349516272545
vn 0 -0.99998581409454346 -0.0053240349516272545
vn 0 -0.99998581409454346 -0.0053240349516272545
vn 0 -0.99998581409454346 -0.0053240349516272545
vn 0 -0.99998581409454346 -0.0053240349516272545
vn 0 -0.99998581409454346 -0.0053240349516272545
vn 0 -0.99998581409454346 -0.0053240349516272545
vn 0 -0.99998581409454346 -0.0053240349516272545
vn 0 -0.99998581409454346 -0.0053240349516272545
vn 0 -0.99998581409454346 -0.0053240349516272545
vn 0 -0.99998581409454346 -0.0053240349516272545
vn 0 -0.99998581409454346 -0.0053240349516272545
vn 0 -0.99998581409454346 -0.0053240349516272545
vn 0 -0.99998581409454346 -0.0053240349516272545
vn 0 -0.99998581409454346 -0.0053240349516272545
vn 0 -0.99998581409454346 -0.0053240349516272545
vn 0 -0.99998581409454346 -0.0053240349516272545
vn 0 -0.99998581409454346 -0.0053240349516272545
vn 0 -0.99998581409454346 -0.0053240349516272545
vn 0 -0.99998581409454346 -0.0053240349516272545
vn 0 -0.99998581409454346 -0.0053240349516272545
vn 0 -0.99998581409454346 -0.0053240349516272545
vn 0 -0.99998581409454346 -0.0053240349516272545
vn 0 -0.99998581409454346 -0.0053240349516272545
vn 0 -0.99998581409454346 -0.0053240349516272545
vn 0 -0.99998581409454346 -0.0053240349516272545
vn 0 -0.99998581409454346 -0.0053240349516272545
vn 0 -0.99998581409454346 -0.0053240349516272545
vn 0 -0.99998581409454346 -0.0053240349516272545
vn 0 -0.99998581409454346 -0.0053240349516272545
vn 0 -0.99998581409454346 -0.0053240349516272545
vn 0 -0.99998581409454346 -0.0053240349516272545
vn 0 -0.99998581409454346 -0.0053240349516272545
vn 0 -0.99998581409454346 -0.0053240349516272545
vn 0 -0.99998581409454346 -0.0053240349516272545
vn 0 -0.99998581409454346 -0.0053240349516272545
vn 0 -0.99998581409454346 -0.0053240349516272545
vn 0 -0.99998581409454346 -0.0053240349516272545
vn 0 -0.99998581409454346 -0.0053240349516272545
vn 0 -0.99998581409454346 -0.0053240349516272545
vn 0 -0.99998581409454346 -0.0053240349516272545
vn 0 -0.99998581409454346 -0.0053240349516272545
vn 0 -0.99998581409454346 -0.0053240349516272545
vn 0 -0.99998581409454346 -0.0053240349516272545
vn 0 -0.99998581409454346 -0.0053240349516272545
vn 0 -0.99998581409454346 -0.0053240349516272545
vn 0 -0.99998581409454346 -0.0053240349516272545
vn 0 -0.99998581409454346 -0.0053240349516272545
vn 0 -0.99998581409454346 -0.0053240349516272545
vn 0 -0.99998581409454346 -0.0053240349516272545
vn 0 -0.99998581409454346 -0.0053240349516272545
vn 0 -0.99998581409454346 -0.0053240349516272545
vn 0 -0.99998581409454346 -0.0053240349516272545
vn 0 -0.99998581409454346 -0.0053240349516272545
vn 0 -0.99998581409454346 -0.0053240349516272545
vn 0 -0.99998581409454346 -0.0053240349516272545
vn 0 -0.99998581409454346 -0.0053240349516272545
vn 0 -0.99998581409454346 -0.0053240349516272545
vn 0 -0.99998581409454346 -0.0053240349516272545
vn 0 -0.99998581409454346 -0.0053240349516272545
vn 0 -0.99998581409454346 -0.0053240349516272545
vn 0 -0.99998581409454346 -0.0053240349516272545
vn 0 -0.99998581409454346 -0.0053240349516272545
vn 0 -0.99998581409454346 -0.0053240349516272545
vn 0 -0.99998581409454346 -0.0053240349516272545
vn 0 -0.99998581409454346 -0.0053240349516272545
vn 0 -0.99998581409454346 -0.0053240349516272545
vn 0 -0.99998581409454346 -0.0053240349516272545
vn 0 -0.99998581409454346 -0.0053240349516272545
vn 0 -0.99998581409454346 -0.0053240349516272545
vn 0 -0.99998581409454346 -0.0053240349516272545
vn 0 -0.99998581409454346 -0.0053240349516272545
vn 0 -0.99998581409454346 -0.0053240349516272545
vn 0 -0.99998581409454346 -0.0053240349516272545
vn 0 -0.99998581409454346 -0.0053240349516272545
vn 0 -0.99998581409454346 -0.0053240349516272545
vn 0 -0.99998581409454346 -0.0053240349516272545
vn 0 -0.99998581409454346 -0.0053240349516272545
vn 0 -0.99998581409454346 -0.0053240349516272545
vn 0 -0.99998581409454346 -0.0053240349516272545
vn 0 -0.99998581409454346 -0.0053240349516272545
vn 0 -0.99998581409454346 -0.0053240349516272545
vn 0 -0.99998581409454346 -0.0053240349516272545
vn 0 -0.99998581409454346 -0.0053240349516272545
vn 0 -0.99998581409454346 -0.0053240349516272545
vn 0 -0.99998581409454346 -0.0053240349516272545
vn 0 -0.99998581409454346 -0.0053240349516272545
vn 0 -0.99998581409454346 -0.0053240349516272545
vn 0 -0.99998581409454346 -0.0053240349516272545
vn 0 -0.99998581409454346 -0.0053240349516272545
vn 0 -0.99998581409454346 -0.0053240349516272545
vn 0 -0.99998581409454346 -0.0053240349516272545
vn 0 -0.99998581409454346 -0.0053240349516272545
vn 0 -0.99998581409454346 -0.0053240349516272545
vn 0 -0.99998581409454346 -0.0053240349516272545
vn 0 -0.99998581409454346 -0.0053240349516272545
vn 0 -0.99998581409454346 -0.0053240349516272545
vn 0 -0.99998581409454346 -0.0053240349516272545
vn 0 -0.99998581409454346 -0.0053240349516272545
vn 0 -0.99998581409454346 -0.0053240349516272545
vn 0 -0.99998581409454346 -0.0053240349516272545
vn 0 -0.99998581409454346 -0.0053240349516272545
vn 0 -0.99998581409454346 -0.0053240349516272545
vn 0 -0.99998581409454346 -0.0053240349516272545
vn 0 -0.99998581409454346 -0.0053240349516272545
vn 0 -0.99998581409454346 -0.0053240349516272545
vn 0 -0.99998581409454346 -0.0053240349516272545
vn 0 -0.99998581409454346 -0.0053240349516272545
vn 0 -0.99998581409454346 -0.0053240349516272545
vn 0 -0.99998581409454346 -0.0053240349516272545
vn 0 -0.99998581409454346 -0.0053240349516272545
vn 0 -0.99998581409454346 -0.0053240349516272545
vn 0 -0.99998581409454346 -0.0053240349516272545
vn 0 -0.99998581409454346 -0.0053240349516272545
vn 0 -0.99998581409454346 -0.0053240349516272545
vn 0 -0.99998581409454346 -0.0053240349516272545
vn 0 -0.99998581409454346 -0.0053240349516272545
vn 0 -0.99998581409454346 -0.0053240349516272545
vn 0 -0.99998581409454346 -0.0053240349516272545
vn 0 -0.99998581409454346 -0.0053240349516272545
vn 0 -0.99998581409454346 -0.0053240349516272545
vn 0 -0.99998581409454346 -0.0053240349516272545
vn 0 -0.99998581409454346 -0.0053240349516272545
vn 0 -0.99998581409454346 -0.0053240349516272545
vn 0 -0.99998581409454346 -0.0053240349516272545
vn 0 -0.99998581409454346 -0.0053240349516272545
vn 0 -0.99998581409454346 -0.0053240349516272545
vn 0 -0.99998581409454346 -0.0053240349516272545
vn 0 -0.99998581409454346 -0.0053240349516272545
vn 0 -0.99998581409454346 -0.0053240349516272545
vn 0 -0.99998581409454346 -0.0053240349516272545
vn 0 -0.99998581409454346 -0.0053240349516272545
vn 0 -0.99998581409454346 -0.0053240349516272545
vn 0 -0.99998581409454346 -0.0053240349516272545
vn 0 -0.99998581409454346 -0.0053240349516272545
vn 0 -0.99998581409454346 -0.0053240349516272545
vn 0 -0.99998581409454346 -0.0053240349516272545
vn 0 -0.99998581409454346 -0.0053240349516272545
vn 0 -0.99998581409454346 -0.0053240349516272545
vn 0 -0.99998581409454346 -0.0053240349516272545
vn 0 -0.99998581409454346 -0.0053240349516272545
vn 0 -0.99998581409454346 -0.0053240349516272545
vn 0 -0.99998581409454346 -0.0053240349516272545
vn 0 -0.99998581409454346 -0.0053240349516272545
vn 0 -0.99998581409454346 -0.0053240349516272545
vn 0 -0.99998581409454346 -0.0053240349516272545
vn 0 -0.99998581409454346 -0.0053240349516272545
vn 0 -0.99998581409454346 -0.0053240349516272545
vn 0 -0.99998581409454346 -0.0053240349516272545
vn 0 -0.99998581409454346 -0.0053240349516272545
vn 0 -0.99998581409454346 -0.0053240349516272545
vn 0 -0.99998581409454346 -0.0053240349516272545
vn 0 -0.99998581409454346 -0.0053240349516272545
vn 0 -0.99998581409454346 -0.0053240349516272545
vn 0 -0.99998581409454346 -0.0053240349516272545
vn 0 -0.99998581409454346 -0.0053240349516272545
vn 0 -0.99998581409454346 -0.0053240349516272545
vn 0 -0.99998581409454346 -0.0053240349516272545
vn 0 -0.99998581409454346 -0.0053240349516272545
vn 0 -0.99998581409454346 -0.0053240349516272545
vn 0 -0.99998581409454346 -0.0053240349516272545
vn 0 -0.99998581409454346 -0.0053240349516272545
vn 0 -0.99998581409454346 -0.0053240349516272545
vn 0 -0.99998581409454346 -0.0053240349516272545
vn 0 -0.99998581409454346 -0.0053240349516272545
vn 0 -0.99998581409454346 -0.0053240349516272545
vn 0 -0.99998581409454346 -0.0053240349516272545
vn 0 -0.99998581409454346 -0.0053240349516272545
vn 0 -0.99998581409454346 -0.0053240349516272545
vn 0 -0.99998581409454346 -0.0053240349516272545
vn 0 -0.99998581409454346 -0.0053240349516272545
vn 0 -0.99998581409454346 -0.0053240349516272545
vn 0 -0.99998581409454346 -0.0053240349516272545
vn 0 -0.99998581409454346 -0.0053240349516272545
vn 0 -0.99998581409454346 -0.0053240349516272545
vn 0 -0.99998581409454346 -0.0053240349516272545
vn 0 -0.99998581409454346 -0.0053240349516272545
vn 0 -0.99998581409454346 -0.0053240349516272545
vn 0 -0.99998581409454346 -0.0053240349516272545
vn 0 -0.99998581409454346 -0.0053240349516272545
vn 0 -0.99998581409454346 -0.0053240349516272545
vn 0 -0.99998581409454346 -0.0053240349516272545
vn 0 -0.99998581409454346 -0.0053240349516272545
vn 0 -0.99998581409454346 -0.0053240349516272545
vn 0 -0.99998581409454346 -0.0053240349516272545
vn 0 -0.99998581409454346 -0.0053240349516272545
vn 0 -0.99998581409454346 -0.0053240349516272545
vn 0 -0.99998581409454346 -0.0053240349516272545
vn 0 -0.99998581409454346 -0.0053240349516272545
vn 0 -0.99998581409454346 -0.0053240349516272545
vn 0 -0.99998581409454346 -0.0053240349516272545
vn 0 -0.99998581409454346 -0.0053240349516272545
vn 0 -0.99998581409454346 -0.0053240349516272545
vn 0 -0.99998581409454346 -0.0053240349516272545
vn 0 -0.99998581409454346 -0.0053240349516272545
vn 0 -0.99998581409454346 -0.0053240349516272545
vn 0 -0.99998581409454346 -0.0053240349516272545
vn 0 -0.99998581409454346 -0.0053240349516272545
vn 0 -0.99998581409454346 -0.0053240349516272545
vn 0 -0.99998581409454346 -0.0053240349516272545
vn 0 -0.99998581409454346 -0.0053240349516272545
vn 0 -0.99998581409454346 -0.0053240349516272545
vn 0 -0.99998581409454346 -0.0053240349516272545
vn 0 -0.99998581409454346 -0.0053240349516272545
vn 0 -0.99998581409454346 -0.0053240349516272545
vn 0 -0.99998581409454346 -0.0053240349516272545
vn 0 -0.99998581409454346 -0.0053240349516272545
vn 0 -0.99998581409454346 -0.0053240349516272545
vn 0 -0.99998581409454346 -0.0053240349516272545
vn 0 -0.99998581409454346 -0.0053240349516272545
vn 0 -0.99998581409454346 -0.0053240349516272545
vn 0 -0.99998581409454346 -0.0053240349516272545
vn 0 -0.99998581409454346 -0.0053240349516272545
vn 0 -0.99998581409454346 -0.0053240349516272545
vn 0 -0.99998581409454346 -0.0053240349516272545
vn 0 -0.99998581409454346 -0.0053240349516272545
vn 0 -0.99998581409454346 -0.0053240349516272545
vn 0 -0.99998581409454346 -0.0053240349516272545
vn 0 -0.99998581409454346 -0.0053240349516272545
vn 0 -0.99998581409454346 -0.0053240349516272545
vn 0 -0.99998581409454346 -0.0053240349516272545
vn 0 -0.99998581409454346 -0.0053240349516272545
vn 0 -0.99998581409454346 -0.0053240349516272545
vn 0 -0.99998581409454346 -0.0053240349516272545
vn 0 -0.99998581409454346 -0.0053240349516272545
vn 0 -0.99998581409454346 -0.0053240349516272545
vn 0 -0.99998581409454346 -0.0053240349516272545
vn 0 -0.99998581409454346 -0.0053240349516272545
vn 0 -0.99998581409454346 -0.0053240349516272545
vn 0 -0.99998581409454346 -0.0053240349516272545
vn 0 -0.99998581409454346 -0.0053240349516272545
vn 0 -0.99998581409454346 -0.0053240349516272545
vn 0 -0.99998581409454346 -0.0053240349516272545
vn 0 -0.99998581409454346 -0.0053240349516272545
vn 0 -0.99998581409454346 -0.0053240349516272545
vn 0 -0.99998581409454346 -0.0053240349516272545
vn 0 -0.99998581409454346 -0.0053240349516272545
vn 0 -0.99998581409454346 -0.0053240349516272545
vn 0 -0.99998581409454346 -0.0053240349516272545
vn 0 -0.99998581409454346 -0.0053240349516272545
vn 0 -0.99998581409454346 -0.0053240349516272545
vn 0 -0.99998581409454346 -0.0053240349516272545
vn 0 -0.99998581409454346 -0.0053240349516272545
vn 0 -0.99998581409454346 -0.0053240349516272545
vn 0 -0.99998581409454346 -0.0053240349516272545
vn 0 -0.99998581409454346 -0.0053240349516272545
vn 0 -0.99998581409454346 -0.0053240349516272545
vn 0 -0.99998581409454346 -0.0053240349516272545
vn 0 -0.99998581409454346 -0.0053240349516272545
vn 0 -0.99998581409454346 -0.0053240349516272545
vn 0 -0.99998581409454346 -0.0053240349516272545
vn 0 -0.99998581409454346 -0.0053240349516272545
vn 0 -0.99998581409454346 -0.0053240349516272545
vn 0 -0.99998581409454346 -0.0053240349516272545
vn 0 -0.99998581409454346 -0.0053240349516272545
vn 0 -0.99998581409454346 -0.0053240349516272545
vn 0 -0.99998581409454346 -0.0053240349516272545
vn 0 -0.99998581409454346 -0.0053240349516272545
vn 0 -0.99998581409454346 -0.0053240349516272545
vn 0 -0.99998581409454346 -0.0053240349516272545
vn 0 -0.99998581409454346 -0.0053240349516272545
vn 0 -0.99998581409454346 -0.0053240349516272545
vn 0 -0.99998581409454346 -0.0053240349516272545
vn 0 -0.99998581409454346 -0.0053240349516272545
vn 0 -0.99998581409454346 -0.0053240349516272545
vn 0 -0.99998581409454346 -0.0053240349516272545
vn 0 -0.99998581409454346 -0.0053240349516272545
vn 0 -0.99998581409454346 -0.0053240349516272545
vn 0 -0.99998581409454346 -0.0053240349516272545
vn 0 -0.99998581409454346 -0.0053240349516272545
vn 0 -0.99998581409454346 -0.0053240349516272545
vn 0 -0.99998581409454346 -0.0053240349516272545
vn 0 -0.99998581409454346 -0.0053240349516272545
vn 0 -0.99998581409454346 -0.0053240349516272545
vn 0 -0.99998581409454346 -0.0053240349516272545
vn 0 -0.99998581409454346 -0.0053240349516272545
vn 0 -0.99998581409454346 -0.0053240349516272545
vn 0 -0.99998581409454346 -0.0053240349516272545
vn 0 -0.99998581409454346 -0.0053240349516272545
vn 0 -0.99998581409454346 -0.0053240349516272545
vn 0 -0.99998581409454346 -0.0053240349516272545
vn 0 -0.99998581409454346 -0.0053240349516272545
vn 0 -0.99998581409454346 -0.0053240349516272545
vn 0 -0.99998581409454346 -0.0053240349516272545
vn 0 -0.99998581409454346 -0.0053240349516272545
vn 0 -0.99998581409454346 -0.0053240349516272545
vn 0 -0.99998581409454346 -0.0053240349516272545
vn 0 -0.99998581409454346 -0.0053240349516272545
vn 0 -0.99998581409454346 -0.0053240349516272545
vn 0 -0.99998581409454346 -0.0053240349516272545
vn 0 -0.99998581409454346 -0.0053240349516272545
vn 0 -0.99998581409454346 -0.0053240349516272545
vn 0 -0.99998581409454346 -0.0053240349516272545
vn 0 -0.99998581409454346 -0.0053240349516272545
vn 0 -0.99998581409454346 -0.0053240349516272545
vn 0 -0.99998581409454346 -0.0053240349516272545
vn 0 -0.99998581409454346 -0.0053240349516272545
vn 0 -0.99998581409454346 -0.0053240349516272545
vn 0 -0.99998581409454346 -0.0053240349516272545
vn 0 -0.99998581409454346 -0.0053240349516272545
vn 0 -0.99998581409454346 -0.0053240349516272545
vn 0 -0.99998581409454346 -0.0053240349516272545
vn 0 -0.99998581409454346 -0.0053240349516272545
vn 0 -0.99998581409454346 -0.0053240349516272545
vn 0 -0.99998581409454346 -0.0053240349516272545
vn 0 -0.99998581409454346 -0.0053240349516272545
vn 0 -0.99998581409454346 -0.0053240349516272545
vn 0 -0.99998581409454346 -0.0053240349516272545
vn 0 -0.99998581409454346 -0.0053240349516272545
vn 0 -0.99998581409454346 -0.0053240349516272545
vn 0 -0.99998581409454346 -0.0053240349516272545
vn 0 -0.99998581409454346 -0.0053240349516272545
vn 0 -0.99998581409454346 -0.0053240349516272545
vn 0 -0.99998581409454346 -0.0053240349516272545
vn 0 -0.99998581409454346 -0.0053240349516272545
vn 0 -0.99998581409454346 -0.0053240349516272545
vn 0 -0.99998581409454346 -0.0053240349516272545
vn 0 -0.99998581409454346 -0.0053240349516272545
vn 0 -0.99998581409454346 -0.0053240349516272545
vn 0 -0.99998581409454346 -0.0053240349516272545
vn 0 -0.99998581409454346 -0.0053240349516272545
vn 0 -0.99998581409454346 -0.0053240349516272545
vn 0 -0.99998581409454346 -0.0053240349516272545
vn 0 -0.99998581409454346 -0.0053240349516272545
vn 0 -0.99998581409454346 -0.0053240349516272545
vn 0 -0.99998581409454346 -0.0053240349516272545
vn 0 -0.99998581409454346 -0.0053240349516272545
vn 0 -0.99998581409454346 -0.0053240349516272545
vn 0 -0.99998581409454346 -0.0053240349516272545
vn 0 -0.99998581409454346 -0.0053240349516272545
vn 0 -0.99998581409454346 -0.0053240349516272545
vn 0 -0.99998581409454346 -0.0053240349516272545
vn 0 -0.99998581409454346 -0.0053240349516272545
vn 0 -0.99998581409454346 -0.0053240349516272545
vn 0 -0.99998581409454346 -0.0053240349516272545
vn 0 -0.99998581409454346 -0.0053240349516272545
vn 0 -0.99998581409454346 -0.0053240349516272545
vn 0 -0.99998581409454346 -0.0053240349516272545
vn 0 -0.99998581409454346 -0.0053240349516272545
vn 0 -0.99998581409454346 -0.0053240349516272545
vn 0 -0.99998581409454346 -0.0053240349516272545
vn 0 -0.99998581409454346 -0.0053240349516272545
vn 0 -0.99998581409454346 -0.0053240349516272545
vn 0 -0.99998581409454346 -0.0053240349516272545
vn 0 -0.99998581409454346 -0.0053240349516272545
vn 0 -0.99998581409454346 -0.0053240349516272545
vn 0 -0.99998581409454346 -0.0053240349516272545
vn 0 -0.99998581409454346 -0.0053240349516272545
vn 0 -0.99998581409454346 -0.0053240349516272545
vn 0 -0.99998581409454346 -0.0053240349516272545
vn 0 -0.99998581409454346 -0.0053240349516272545
vn 0 -0.99998581409454346 -0.0053240349516272545
vn 0 -0.99998581409454346 -0.0053240349516272545
vn 0 -0.99998581409454346 -0.0053240349516272545
vn 0 -0.99998581409454346 -0.0053240349516272545
vn 0 -0.99998581409454346 -0.0053240349516272545
vn 0 -0.99998581409454346 -0.0053240349516272545
vn 0 -0.99998581409454346 -0.0053240349516272545
vn 0 -0.99998581409454346 -0.0053240349516272545
vn 0 -0.99998581409454346 -0.0053240349516272545
vn 0 -0.99998581409454346 -0.0053240349516272545
vn 0 -0.99998581409454346 -0.0053240349516272545
vn 0 -0.99998581409454346 -0.0053240349516272545
vn 0 -0.99998581409454346 -0.0053240349516272545
vn 0 -0.99998581409454346 -0.0053240349516272545
vn 0 -0.99998581409454346 -0.0053240349516272545
vn 0 -0.99998581409454346 -0.0053240349516272545
vn 0 -0.99998581409454346 -0.0053240349516272545
vn 0 -0.99998581409454346 -0.0053240349516272545
vn 0 -0.99998581409454346 -0.0053240349516272545
vn 0 -0.99998581409454346 -0.0053240349516272545
vn 0 -0.99998581409454346 -0.0053240349516272545
vn 0 -0.99998581409454346 -0.0053240349516272545
vn 0 -0.99998581409454346 -0.0053240349516272545
vn 0 -0.99998581409454346 -0.0053240349516272545
vn 0 -0.99998581409454346 -0.0053240349516272545
vn 0 -0.99998581409454346 -0.0053240349516272545
vn 0 -0.99998581409454346 -0.0053240349516272545
vn 0 -0.99998581409454346 -0.0053240349516272545
vn 0 -0.99998581409454346 -0.0053240349516272545
vn 0 -0.99998581409454346 -0.0053240349516272545
vn 0 -0.99998581409454346 -0.0053240349516272545
vn 0 -0.99998581409454346 -0.0053240349516272545
vn 0 -0.99998581409454346 -0.0053240349516272545
vn 0 -0.99998581409454346 -0.0053240349516272545
vn 0 -0.99998581409454346 -0.0053240349516272545
vn 0 -0.99998581409454346 -0.0053240349516272545
vn 0 -0.99998581409454346 -0.0053240349516272545
vn 0 -0.99998581409454346 -0.0053240349516272545
vn 0 -0.99998581409454346 -0.0053240349516272545
vn 0 -0.99998581409454346 -0.0053240349516272545
vn 0 -0.99998581409454346 -0.0053240349516272545
vn 0 -0.99998581409454346 -0.0053240349516272545
vn 0 -0.99998581409454346 -0.0053240349516272545
vn 0 -0.99998581409454346 -0.0053240349516272545
vn 0 -0.99998581409454346 -0.0053240349516272545
vn 0 -0.99998581409454346 -0.0053240349516272545
vn 0 -0.99998581409454346 -0.0053240349516272545
vn 0 -0.99998581409454346 -0.0053240349516272545
vn 0 -0.99998581409454346 -0.0053240349516272545
vn 0 -0.99998581409454346 -0.0053240349516272545
vn 0 -0.99998581409454346 -0.0053240349516272545
vn 0 -0.99998581409454346 -0.0053240349516272545
vn 0 -0.99998581409454346 -0.0053240349516272545
vn 0 -0.99998581409454346 -0.0053240349516272545
vn 0 -0.99998581409454346 -0.0053240349516272545
vn 0 -0.99998581409454346 -0.0053240349516272545
vn 0 -0.99998581409454346 -0.0053240349516272545
vn 0 -0.99998581409454346 -0.0053240349516272545
vn 0 -0.99998581409454346 -0.0053240349516272545
vn 0 -0.99998581409454346 -0.0053240349516272545
vn 0 -0.99998581409454346 -0.0053240349516272545
vn 0 -0.99998581409454346 -0.0053240349516272545
vn 0 -0.99998581409454346 -0.0053240349516272545
vn 0 -0.99998581409454346 -0.0053240349516272545
vn 0 -0.99998581409454346 -0.0053240349516272545
vn 0 -0.99998581409454346 -0.0053240349516272545
vn 0 -0.99998581409454346 -0.0053240349516272545
vn 0 -0.99998581409454346 -0.0053240349516272545
vn 0 -0.99998581409454346 -0.0053240349516272545
vn 0 -0.99998581409454346 -0.0053240349516272545
vn 0 -0.99998581409454346 -0.0053240349516272545
vn 0 -0.99998581409454346 -0.0053240349516272545
vn 0 -0.99998581409454346 -0.0053240349516272545
vn 0 -0.99998581409454346 -0.0053240349516272545
vn 0 -0.99998581409454346 -0.0053240349516272545
vn 0 -0.99998581409454346 -0.0053240349516272545
vn 0 -0.99998581409454346 -0.0053240349516272545
vn 0 -0.99998581409454346 -0.0053240349516272545
vn 0 -0.99998581409454346 -0.0053240349516272545
vn 0 -0.99998581409454346 -0.0053240349516272545
vn 0 -0.99998581409454346 -0.0053240349516272545
vn 0 -0.99998581409454346 -0.0053240349516272545
vn 0 -0.99998581409454346 -0.0053240349516272545
vn 0 -0.99998581409454346 -0.0053240349516272545
vn 0 -0.99998581409454346 -0.0053240349516272545
vn 0 -0.99998581409454346 -0.0053240349516272545
vn 0 -0.99998581409454346 -0.0053240349516272545
vn 0 -0.99998581409454346 -0.0053240349516272545
vn 0 -0.99998581409454346 -0.0053240349516272545
vn 0 -0.99998581409454346 -0.0053240349516272545
vn 0 -0.99998581409454346 -0.0053240349516272545
vn 0 -0.99998581409454346 -0.0053240349516272545
vn 0 -0.99998581409454346 -0.0053240349516272545
vn 0 -0.99998581409454346 -0.0053240349516272545
vn 0 -0.99998581409454346 -0.0053240349516272545
vn 0 -0.99998581409454346 -0.0053240349516272545
vn 0 -0.99998581409454346 -0.0053240349516272545
vn 0 -0.99998581409454346 -0.0053240349516272545
vn 0 -0.99998581409454346 -0.0053240349516272545
vn 0 -0.99998581409454346 -0.0053240349516272545
vn 0 -0.99998581409454346 -0.0053240349516272545
vn 0 -0.99998581409454346 -0.0053240349516272545
vn 0 -0.99998581409454346 -0.0053240349516272545
vn 0 -0.99998581409454346 -0.0053240349516272545
vn 0 -0.99998581409454346 -0.0053240349516272545
vn 0 -0.99998581409454346 -0.0053240349516272545
vn 0 -0.99998581409454346 -0.0053240349516272545
vn 0 -0.99998581409454346 -0.0053240349516272545
vn 0 -0.99998581409454346 -0.0053240349516272545
vn 0 -0.99998581409454346 -0.0053240349516272545
vn 0 -0.99998581409454346 -0.0053240349516272545
vn 0 -0.99998581409454346 -0.0053240349516272545
vn 0 -0.99998581409454346 -0.0053240349516272545
vn 0 -0.99998581409454346 -0.0053240349516272545
vn 0 -0.99998581409454346 -0.0053240349516272545
vn 0 -0.99998581409454346 -0.0053240349516272545
vn 0 -0.99998581409454346 -0.0053240349516272545
vn 0 -0.99998581409454346 -0.0053240349516272545
vn 0 -0.99998581409454346 -0.0053240349516272545
vn 0 -0.99998581409454346 -0.0053240349516272545
vn 0 -0.99998581409454346 -0.0053240349516272545
vn 0 -0.99998581409454346 -0.0053240349516272545
vn 0 -0.99998581409454346 -0.0053240349516272545
vn 0 -0.99998581409454346 -0.0053240349516272545
vn 0 -0.99998581409454346 -0.0053240349516272545
vn 0 -0.99998581409454346 -0.0053240349516272545
vn 0 -0.99998581409454346 -0.0053240349516272545
vn 0 -0.99998581409454346 -0.0053240349516272545
vn 0 -0.99998581409454346 -0.0053240349516272545
vn 0 -0.99998581409454346 -0.0053240349516272545
vn 0 -0.99998581409454346 -0.0053240349516272545
vn 0 -0.99998581409454346 -0.0053240349516272545
vn 0 -0.99998581409454346 -0.0053240349516272545
vn 0 -0.99998581409454346 -0.0053240349516272545
vn 0 -0.99998581409454346 -0.0053240349516272545
vn 0 -0.99998581409454346 -0.0053240349516272545
vn 0 -0.99998581409454346 -0.0053240349516272545
vn 0 -0.99998581409454346 -0.0053240349516272545
vn 0 -0.99998581409454346 -0.0053240349516272545
vn 0 -0.99998581409454346 -0.0053240349516272545
vn 0 -0.99998581409454346 -0.0053240349516272545
vn 0 -0.99998581409454346 -0.0053240349516272545
vn 0 -0.99998581409454346 -0.0053240349516272545
vn 0 -0.99998581409454346 -0.0053240349516272545
vn 0 -0.99998581409454346 -0.0053240349516272545
vn 0 -0.99998581409454346 -0.0053240349516272545
vn 0 -0.99998581409454346 -0.0053240349516272545
vn 0 -0.99998581409454346 -0.0053240349516272545
vn 0 -0.99998581409454346 -0.0053240349516272545
vn 0 -0.99998581409454346 -0.0053240349516272545
vn 0 -0.99998581409454346 -0.0053240349516272545
vn 0 -0.99998581409454346 -0.0053240349516272545
vn 0 -0.99998581409454346 -0.0053240349516272545
vn 0 -0.99998581409454346 -0.0053240349516272545
vn 0 -0.99998581409454346 -0.0053240349516272545
vn 0 -0.99998581409454346 -0.0053240349516272545
vn 0 -0.99998581409454346 -0.0053240349516272545
vn 0 -0.99998581409454346 -0.0053240349516272545
vn 0 -0.99998581409454346 -0.0053240349516272545
vn 0 -0.99998581409454346 -0.0053240349516272545
vn 0 -0.99998581409454346 -0.0053240349516272545
vn 0 -0.99998581409454346 -0.0053240349516272545
vn 0 -0.99998581409454346 -0.0053240349516272545
vn 0 -0.99998581409454346 -0.0053240349516272545
vn 0 -0.99998581409454346 -0.0053240349516272545
vn 0 -0.99998581409454346 -0.0053240349516272545
vn 0 -0.99998581409454346 -0.0053240349516272545
vn 0 -0.99998581409454346 -0.0053240349516272545
vn 0 -0.99998581409454346 -0.0053240349516272545
vn 0 -0.99998581409454346 -0.0053240349516272545
vn 0 -0.99998581409454346 -0.0053240349516272545
vn 0 -0.99998581409454346 -0.0053240349516272545
vn 0 -0.99998581409454346 -0.0053240349516272545
vn 0 -0.99998581409454346 -0.0053240349516272545
vn 0 -0.99998581409454346 -0.0053240349516272545
vn 0 -0.99998581409454346 -0.0053240349516272545
vn 0 -0.99998581409454346 -0.0053240349516272545
vn 0 -0.99998581409454346 -0.0053240349516272545
vn 0 -0.99998581409454346 -0.0053240349516272545
vn 0 -0.99998581409454346 -0.0053240349516272545
vn 0 -0.99998581409454346 -0.0053240349516272545
vn 0 -0.99998581409454346 -0.0053240349516272545
vn 0 -0.99998581409454346 -0.0053240349516272545
vn 0 -0.99998581409454346 -0.0053240349516272545
vn 0 -0.99998581409454346 -0.0053240349516272545
vn 0 -0.99998581409454346 -0.0053240349516272545
vn 0 -0.99998581409454346 -0.0053240349516272545
vn 0 -0.99998581409454346 -0.0053240349516272545
vn 0 -0.99998581409454346 -0.0053240349516272545
vn 0 -0.99998581409454346 -0.0053240349516272545
vn 0 -0.99998581409454346 -0.0053240349516272545
vn 0 -0.99998581409454346 -0.0053240349516272545
vn 0 -0.99998581409454346 -0.0053240349516272545
vn 0 -0.99998581409454346 -0.0053240349516272545
vn 0 -0.99998581409454346 -0.0053240349516272545
vn 0 -0.99998581409454346 -0.0053240349516272545
vn 0 -0.99998581409454346 -0.0053240349516272545
vn 0 -0.99998581409454346 -0.0053240349516272545
vn 0 -0.99998581409454346 -0.0053240349516272545
vn 0 -0.99998581409454346 -0.0053240349516272545
vn 0 -0.99998581409454346 -0.0053240349516272545
vn 0 -0.99998581409454346 -0.0053240349516272545
vn 0 -0.99998581409454346 -0.0053240349516272545
vn 0 -0.99998581409454346 -0.0053240349516272545
vn 0 -0.99998581409454346 -0.0053240349516272545
vn 0 -0.99998581409454346 -0.0053240349516272545
vn 0 -0.99998581409454346 -0.0053240349516272545
vn 0 -0.99998581409454346 -0.0053240349516272545
vn 0 -0.99998581409454346 -0.0053240349516272545
vn 0 -0.99998581409454346 -0.0053240349516272545
vn 0 -0.99998581409454346 -0.0053240349516272545
vn 0 -0.99998581409454346 -0.0053240349516272545
vn 0 -0.99998581409454346 -0.0053240349516272545
vn 0 -0.99998581409454346 -0.0053240349516272545
vn 0 -0.99998581409454346 -0.0053240349516272545
vn 0 -0.99998581409454346 -0.0053240349516272545
vn 0 -0.99998581409454346 -0.0053240349516272545
vn 0 -0.99998581409454346 -0.0053240349516272545
vn 0 -0.99998581409454346 -0.0053240349516272545
vn 0 -0.99998581409454346 -0.0053240349516272545
vn 0 -0.99998581409454346 -0.0053240349516272545
vn 0 -0.99998581409454346 -0.0053240349516272545
vn 0 -0.99998581409454346 -0.0053240349516272545
vn 0 -0.99998581409454346 -0.0053240349516272545
vn 0 -0.99998581409454346 -0.0053240349516272545
vn 0 -0.99998581409454346 -0.0053240349516272545
vn 0 -0.99998581409454346 -0.0053240349516272545
vn 0 -0.99998581409454346 -0.0053240349516272545
vn 0 -0.99998581409454346 -0.0053240349516272545
vn 0 -0.99998581409454346 -0.0053240349516272545
vn 0 -0.99998581409454346 -0.0053240349516272545
vn 0 -0.99998581409454346 -0.0053240349516272545
vn 0 -0.99998581409454346 -0.0053240349516272545
vn 0 -0.99998581409454346 -0.0053240349516272545
vn 0 -0.99998581409454346 -0.0053240349516272545
vn 0 -0.99998581409454346 -0.0053240349516272545
vn 0 -0.99998581409454346 -0.0053240349516272545
vn 0 -0.99998581409454346 -0.0053240349516272545
vn 0 -0.99998581409454346 -0.0053240349516272545
vn 0 -0.99998581409454346 -0.0053240349516272545
vn 0 -0.99998581409454346 -0.0053240349516272545
vn 0 -0.99998581409454346 -0.0053240349516272545
vn 0 -0.99998581409454346 -0.0053240349516272545
vn 0 -0.99998581409454346 -0.0053240349516272545
vn 0 -0.99998581409454346 -0.0053240349516272545
vn 0 -0.99998581409454346 -0.0053240349516272545
vn 0 -0.99998581409454346 -0.0053240349516272545
vn 0 -0.99998581409454346 -0.0053240349516272545
vn 0 -0.99998581409454346 -0.0053240349516272545
vn 0 -0.99998581409454346 -0.0053240349516272545
vn 0 -0.99998581409454346 -0.0053240349516272545
vn 0 -0.99998581409454346 -0.0053240349516272545
vn 0 -0.99998581409454346 -0.0053240349516272545
vn 0 -0.99998581409454346 -0.0053240349516272545
vn 0 -0.99998581409454346 -0.0053240349516272545
vn 0 -0.99998581409454346 -0.0053240349516272545
vn 0 -0.99998581409454346 -0.0053240349516272545
vn 0 -0.99998581409454346 -0.0053240349516272545
vn 0 -0.99998581409454346 -0.0053240349516272545
vn 0 -0.99998581409454346 -0.0053240349516272545
vn 0 -0.99998581409454346 -0.0053240349516272545
vn 0 -0.99998581409454346 -0.0053240349516272545
vn 0 -0.99998581409454346 -0.0053240349516272545
vn 0 -0.99998581409454346 -0.0053240349516272545
vn 0 -0.99998581409454346 -0.0053240349516272545
vn 0 -0.99998581409454346 -0.0053240349516272545
vn 0 -0.99998581409454346 -0.0053240349516272545
vn 0 -0.99998581409454346 -0.0053240349516272545
vn 0 -0.99998581409454346 -0.0053240349516272545
vn 0 -0.99998581409454346 -0.0053240349516272545
vn 0 -0.99998581409454346 -0.0053240349516272545
vn 0 -0.99998581409454346 -0.0053240349516272545
vn 0 -0.99998581409454346 -0.0053240349516272545
vn 0 -0.99998581409454346 -0.0053240349516272545
vn 0 -0.99998581409454346 -0.0053240349516272545
vn 0 -0.99998581409454346 -0.0053240349516272545
vn 0 -0.99998581409454346 -0.0053240349516272545
vn 0 -0.99998581409454346 -0.0053240349516272545
vn 0 -0.99998581409454346 -0.0053240349516272545
vn 0 -0.99998581409454346 -0.0053240349516272545
vn 0 -0.99998581409454346 -0.0053240349516272545
vn 0 -0.99998581409454346 -0.0053240349516272545
vn 0 -0.99998581409454346 -0.0053240349516272545
vn 0 -0.99998581409454346 -0.0053240349516272545
vn 0 -0.99998581409454346 -0.0053240349516272545
vn 0 -0.99998581409454346 -0.0053240349516272545
vn 0 -0.99998581409454346 -0.0053240349516272545
vn 0 -0.99998581409454346 -0.0053240349516272545
vn 0 -0.99998581409454346 -0.0053240349516272545
vn 0 -0.99998581409454346 -0.0053240349516272545
vn 0 -0.99998581409454346 -0.0053240349516272545
vn 0 -0.99998581409454346 -0.0053240349516272545
vn 0 -0.99998581409454346 -0.0053240349516272545
vn 0 -0.99998581409454346 -0.0053240349516272545
vn 0 -0.99998581409454346 -0.0053240349516272545
vn 0 -0.99998581409454346 -0.0053240349516272545
vn 0 -0.99998581409454346 -0.0053240349516272545
vn 0 -0.99998581409454346 -0.0053240349516272545
vn 0 -0.99998581409454346 -0.0053240349516272545
vn 0 -0.99998581409454346 -0.0053240349516272545
vn 0 -0.99998581409454346 -0.0053240349516272545
vn 0 -0.99998581409454346 -0.0053240349516272545
vn 0 -0.99998581409454346 -0.0053240349516272545
vn 0 -0.99998581409454346 -0.0053240349516272545
vn 0 -0.99998581409454346 -0.0053240349516272545
vn 0 -0.99998581409454346 -0.0053240349516272545
vn 0 -0.99998581409454346 -0.0053240349516272545
vn 0 -0.99998581409454346 -0.0053240349516272545
vn 0 -0.99998581409454346 -0.0053240349516272545
vn 0 -0.99998581409454346 -0.0053240349516272545
vn 0 -0.99998581409454346 -0.0053240349516272545
vn 0 -0.99998581409454346 -0.0053240349516272545
vn 0 -0.99998581409454346 -0.0053240349516272545
vn 0 -0.99998581409454346 -0.0053240349516272545
vn 0 -0.99998581409454346 -0.0053240349516272545
vn 0 -0.99998581409454346 -0.0053240349516272545
vn 0 -0.99998581409454346 -0.0053240349516272545
vn 0 -0.99998581409454346 -0.0053240349516272545
vn 0 -0.99998581409454346 -0.0053240349516272545
vn 0 -0.99998581409454346 -0.0053240349516272545
vn 0 -0.99998581409454346 -0.0053240349516272545
vn 0 -0.99998581409454346 -0.0053240349516272545
vn 0 -0.99998581409454346 -0.0053240349516272545
vn 0 -0.99998581409454346 -0.0053240349516272545
vn 0 -0.99998581409454346 -0.0053240349516272545
vn 0 -0.99998581409454346 -0.0053240349516272545
vn 0 -0.99998581409454346 -0.0053240349516272545
vn 0 -0.99998581409454346 -0.0053240349516272545
vn 0 -0.99998581409454346 -0.0053240349516272545
vn 0 -0.99998581409454346 -0.0053240349516272545
vn 0 -0.99998581409454346 -0.0053240349516272545
vn 0 -0.99998581409454346 -0.0053240349516272545
vn 0 -0.99998581409454346 -0.0053240349516272545
vn 0 -0.99998581409454346 -0.0053240349516272545
vn 0 -0.99998581409454346 -0.0053240349516272545
vn 0 -0.99998581409454346 -0.0053240349516272545
vn 0 -0.99998581409454346 -0.0053240349516272545
vn 0 -0.99998581409454346 -0.0053240349516272545
vn 0 -0.99998581409454346 -0.0053240349516272545
vn 0 -0.99998581409454346 -0.0053240349516272545
vn 0 -0.99998581409454346 -0.0053240349516272545
vn 0 -0.99998581409454346 -0.0053240349516272545
vn 0 -0.99998581409454346 -0.0053240349516272545
vn 0 -0.99998581409454346 -0.0053240349516272545
vn 0 -0.99998581409454346 -0.0053240349516272545
vn 0 -0.99998581409454346 -0.0053240349516272545
vn 0 -0.99998581409454346 -0.0053240349516272545
vn 0 -0.99998581409454346 -0.0053240349516272545
vn 0 -0.99998581409454346 -0.0053240349516272545
vn 0 -0.99998581409454346 -0.0053240349516272545
vn 0 -0.99998581409454346 -0.0053240349516272545
vn 0 -0.99998581409454346 -0.0053240349516272545
vn 0 -0.99998581409454346 -0.0053240349516272545
vn 0 -0.99998581409454346 -0.0053240349516272545
vn 0 -0.99998581409454346 -0.0053240349516272545
vn 0 -0.99998581409454346 -0.0053240349516272545
vn 0 -0.99998581409454346 -0.0053240349516272545
vn 0 -0.99998581409454346 -0.0053240349516272545
vn 0 -0.99998581409454346 -0.0053240349516272545
vn 0 -0.99998581409454346 -0.0053240349516272545
vn 0 -0.99998581409454346 -0.0053240349516272545
vn 0 -0.99998581409454346 -0.0053240349516272545
vn 0 -0.99998581409454346 -0.0053240349516272545
vn 0 -0.99998581409454346 -0.0053240349516272545
vn 0 -0.99998581409454346 -0.0053240349516272545
vn 0 -0.99998581409454346 -0.0053240349516272545
vn 0 -0.99998581409454346 -0.0053240349516272545
vn 0 -0.99998581409454346 -0.0053240349516272545
vn 0 -0.99998581409454346 -0.0053240349516272545
vn 0 -0.99998581409454346 -0.0053240349516272545
vn 0 -0.99998581409454346 -0.0053240349516272545
vn 0 -0.99998581409454346 -0.0053240349516272545
vn 0 -0.99998581409454346 -0.0053240349516272545
vn 0 -0.99998581409454346 -0.0053240349516272545
vn 0 -0.99998581409454346 -0.0053240349516272545
vn 0 -0.99998581409454346 -0.0053240349516272545
vn 0 -0.99998581409454346 -0.0053240349516272545
vn 0 -0.99998581409454346 -0.0053240349516272545
vn 0 -0.99998581409454346 -0.0053240349516272545
vn 0 -0.99998581409454346 -0.0053240349516272545
vn 0 -0.99998581409454346 -0.0053240349516272545
vn 0 -0.99998581409454346 -0.0053240349516272545
vn 0 -0.99998581409454346 -0.0053240349516272545
vn 0 -0.99998581409454346 -0.0053240349516272545
vn 0 -0.99998581409454346 -0.0053240349516272545
vn 0 -0.99998581409454346 -0.0053240349516272545
vn 0 -0.99998581409454346 -0.0053240349516272545
vn 0 -0.99998581409454346 -0.0053240349516272545
vn 0 -0.99998581409454346 -0.0053240349516272545
vn 0 -0.99998581409454346 -0.0053240349516272545
vn 0 -0.99998581409454346 -0.0053240349516272545
vn 0 -0.99998581409454346 -0.0053240349516272545
vn 0 -0.99998581409454346 -0.0053240349516272545
vn 0 -0.99998581409454346 -0.0053240349516272545
vn 0 -0.99998581409454346 -0.0053240349516272545
vn 0 -0.99998581409454346 -0.0053240349516272545
vn 0 -0.99998581409454346 -0.0053240349516272545
vn 0 -0.99998581409454346 -0.0053240349516272545
vn 0 -0.99998581409454346 -0.0053240349516272545
vn 0 -0.99998581409454346 -0.0053240349516272545
vn 0 -0.99998581409454346 -0.0053240349516272545
vn 0 -0.99998581409454346 -0.0053240349516272545
vn 0 -0.99998581409454346 -0.0053240349516272545
vn 0 -0.99998581409454346 -0.0053240349516272545
vn 0 -0.99998581409454346 -0.0053240349516272545
vn 0 -0.99998581409454346 -0.0053240349516272545
vn 0 -0.99998581409454346 -0.0053240349516272545
vn 0 -0.99998581409454346 -0.0053240349516272545
vn 0 -0.99998581409454346 -0.0053240349516272545
vn 0 -0.99998581409454346 -0.0053240349516272545
vn 0 -0.99998581409454346 -0.0053240349516272545
vn 0 -0.99998581409454346 -0.0053240349516272545
vn 0 -0.99998581409454346 -0.0053240349516272545
vn 0 -0.99998581409454346 -0.0053240349516272545
vn 0 -0.99998581409454346 -0.0053240349516272545
vn 0 -0.99998581409454346 -0.0053240349516272545
vn 0 -0.99998581409454346 -0.0053240349516272545
vn 0 -0.99998581409454346 -0.0053240349516272545
vn 0 -0.99998581409454346 -0.0053240349516272545
vn 0 -0.99998581409454346 -0.0053240349516272545
vn 0 -0.99998581409454346 -0.0053240349516272545
vn 0 -0.99998581409454346 -0.0053240349516272545
vn 0 -0.99998581409454346 -0.0053240349516272545
vn 0 -0.99998581409454346 -0.0053240349516272545
vn 0 -0.99998581409454346 -0.0053240349516272545
vn 0 -0.99998581409454346 -0.0053240349516272545
vn 0 -0.99998581409454346 -0.0053240349516272545
vn 0 -0.99998581409454346 -0.0053240349516272545
vn 0 -0.99998581409454346 -0.0053240349516272545
vn 0 -0.99998581409454346 -0.0053240349516272545
vn 0 -0.99998581409454346 -0.0053240349516272545
vn 0 -0.99998581409454346 -0.0053240349516272545
vn 0 -0.99998581409454346 -0.0053240349516272545
vn 0 -0.99998581409454346 -0.0053240349516272545
vn 0 -0.99998581409454346 -0.0053240349516272545
vn 0 -0.99998581409454346 -0.0053240349516272545
vn 0 -0.99998581409454346 -0.0053240349516272545
vn 0 -0.99998581409454346 -0.0053240349516272545
vn 0 -0.99998581409454346 -0.0053240349516272545
vn 0 -0.99998581409454346 -0.0053240349516272545
vn 0 -0.99998581409454346 -0.0053240349516272545
vn 0 -0.99998581409454346 -0.0053240349516272545
vn 0 -0.99998581409454346 -0.0053240349516272545
vn 0 -0.99998581409454346 -0.0053240349516272545
vn 0 -0.99998581409454346 -0.0053240349516272545
vn 0 -0.99998581409454346 -0.0053240349516272545
vn 0 -0.99998581409454346 -0.0053240349516272545
vn 0 -0.99998581409454346 -0.0053240349516272545
vn 0 -0.99998581409454346 -0.0053240349516272545
vn 0 -0.99998581409454346 -0.0053240349516272545
vn 0 -0.99998581409454346 -0.0053240349516272545
vn 0 -0.99998581409454346 -0.0053240349516272545
vn 0 -0.99998581409454346 -0.0053240349516272545
vn 0 -0.99998581409454346 -0.0053240349516272545
vn 0 -0.99998581409454346 -0.0053240349516272545
vn 0 -0.99998581409454346 -0.0053240349516272545
vn 0 -0.99998581409454346 -0.0053240349516272545
vn 0 -0.99998581409454346 -0.0053240349516272545
vn 0 -0.99998581409454346 -0.0053240349516272545
vn 0 -0.99998581409454346 -0.0053240349516272545
vn 0 -0.99998581409454346 -0.0053240349516272545
vn 0 -0.99998581409454346 -0.0053240349516272545
vn 0 -0.99998581409454346 -0.0053240349516272545
vn 0 -0.99998581409454346 -0.0053240349516272545
vn 0 -0.99998581409454346 -0.0053240349516272545
vn 0 -0.99998581409454346 -0.0053240349516272545
vn 0 -0.99998581409454346 -0.0053240349516272545
vn 0 -0.99998581409454346 -0.0053240349516272545
vn 0 -0.99998581409454346 -0.0053240349516272545
vn 0 -0.99998581409454346 -0.0053240349516272545
vn 0 -0.99998581409454346 -0.0053240349516272545
vn 0 -0.99998581409454346 -0.0053240349516272545
vn 0 -0.99998581409454346 -0.0053240349516272545
vn 0 -0.99998581409454346 -0.0053240349516272545
vn 0 -0.99998581409454346 -0.0053240349516272545
vn 0 -0.99998581409454346 -0.0053240349516272545
vn 0 -0.99998581409454346 -0.0053240349516272545
vn 0 -0.99998581409454346 -0.0053240349516272545
vn 0 -0.99998581409454346 -0.0053240349516272545
vn 0 -0.99998581409454346 -0.0053240349516272545
vn 0 -0.99998581409454346 -0.0053240349516272545
vn 0 -0.99998581409454346 -0.0053240349516272545
vn 0 -0.99998581409454346 -0.0053240349516272545
vn 0 -0.99998581409454346 -0.0053240349516272545
vn 0 -0.99998581409454346 -0.0053240349516272545
vn 0 -0.99998581409454346 -0.0053240349516272545
vn 0 -0.99998581409454346 -0.0053240349516272545
vn 0 -0.99998581409454346 -0.0053240349516272545
vn 0 -0.99998581409454346 -0.0053240349516272545
vn 0 -0.99998581409454346 -0.0053240349516272545
vn 0 -0.99998581409454346 -0.0053240349516272545
vn 0 -0.99998581409454346 -0.0053240349516272545
vn 0 -0.99998581409454346 -0.0053240349516272545
vn 0 -0.99998581409454346 -0.0053240349516272545
vn 0 -0.99998581409454346 -0.0053240349516272545
vn 0 -0.99998581409454346 -0.0053240349516272545
vn 0 -0.99998581409454346 -0.0053240349516272545
vn 0 -0.99998581409454346 -0.0053240349516272545
vn 0 -0.99998581409454346 -0.0053240349516272545
vn 0 -0.99998581409454346 -0.0053240349516272545
vn 0 -0.99998581409454346 -0.0053240349516272545
vn 0 -0.99998581409454346 -0.0053240349516272545
vn 0 -0.99998581409454346 -0.0053240349516272545
vn 0 -0.99998581409454346 -0.0053240349516272545
vn 0 -0.99998581409454346 -0.0053240349516272545
vn 0 -0.99998581409454346 -0.0053240349516272545
vn 0 -0.99998581409454346 -0.0053240349516272545
vn 0 -0.99998581409454346 -0.0053240349516272545
vn 0 -0.99998581409454346 -0.0053240349516272545
vn 0 -0.99998581409454346 -0.0053240349516272545
vn 0 -0.99998581409454346 -0.0053240349516272545
vn 0 -0.99998581409454346 -0.0053240349516272545
vn 0 -0.99998581409454346 -0.0053240349516272545
vn 0 -0.99998581409454346 -0.0053240349516272545
vn 0 -0.99998581409454346 -0.0053240349516272545
vn 0 -0.99998581409454346 -0.0053240349516272545
vn 0 -0.99998581409454346 -0.0053240349516272545
vn 0 -0.99998581409454346 -0.0053240349516272545
vn 0 -0.99998581409454346 -0.0053240349516272545
vn 0 -0.99998581409454346 -0.0053240349516272545
vn 0 -0.99998581409454346 -0.0053240349516272545
vn 0 -0.99998581409454346 -0.0053240349516272545
vn 0 -0.99998581409454346 -0.0053240349516272545
vn 0 -0.99998581409454346 -0.0053240349516272545
vn 0 -0.99998581409454346 -0.0053240349516272545
vn 0 -0.99998581409454346 -0.0053240349516272545
vn 0 -0.99998581409454346 -0.0053240349516272545
vn 0 -0.99998581409454346 -0.0053240349516272545
vn 0 -0.99998581409454346 -0.0053240349516272545
vn 0 -0.99998581409454346 -0.0053240349516272545
vn 0 -0.99998581409454346 -0.0053240349516272545
vn 0 -0.99998581409454346 -0.0053240349516272545
vn 0 -0.99998581409454346 -0.0053240349516272545
vn 0 -0.99998581409454346 -0.0053240349516272545
vn 0 -0.99998581409454346 -0.0053240349516272545
vn 0 -0.99998581409454346 -0.0053240349516272545
vn 0 -0.99998581409454346 -0.0053240349516272545
vn 0 -0.99998581409454346 -0.0053240349516272545
vn 0 -0.99998581409454346 -0.0053240349516272545
vn 0 -0.99998581409454346 -0.0053240349516272545
vn 0 -0.99998581409454346 -0.0053240349516272545
vn 0 -0.99998581409454346 -0.0053240349516272545
vn 0 -0.99998581409454346 -0.0053240349516272545
vn 0 -0.99998581409454346 -0.0053240349516272545
vn 0 -0.99998581409454346 -0.0053240349516272545
vn 0 -0.99998581409454346 -0.0053240349516272545
vn 0 -0.99998581409454346 -0.0053240349516272545
vn 0 -0.99998581409454346 -0.0053240349516272545
vn 0 -0.99998581409454346 -0.0053240349516272545
vn 0 -0.99998581409454346 -0.0053240349516272545
vn 0 -0.99998581409454346 -0.0053240349516272545
vn 0 -0.99998581409454346 -0.0053240349516272545
vn 0 -0.99998581409454346 -0.0053240349516272545
vn 0 -0.99998581409454346 -0.0053240349516272545
vn 0 -0.99998581409454346 -0.0053240349516272545
vn 0 -0.99998581409454346 -0.0053240349516272545
vn 0 -0.99998581409454346 -0.0053240349516272545
vn 0 -0.99998581409454346 -0.0053240349516272545
vn 0 -0.99998581409454346 -0.0053240349516272545
vn 0 -0.99998581409454346 -0.0053240349516272545
vn 0 -0.99998581409454346 -0.0053240349516272545
vn 0 -0.99998581409454346 -0.0053240349516272545
vn 0 -0.99998581409454346 -0.0053240349516272545
vn 0 -0.99998581409454346 -0.0053240349516272545
vn 0 -0.99998581409454346 -0.0053240349516272545
vn 0 -0.99998581409454346 -0.0053240349516272545
vn 0 -0.99998581409454346 -0.0053240349516272545
vn 0 -0.99998581409454346 -0.0053240349516272545
vn 0 -0.99998581409454346 -0.0053240349516272545
vn 0 -0.99998581409454346 -0.0053240349516272545
vn 0 -0.99998581409454346 -0.0053240349516272545
vn 0 -0.99998581409454346 -0.0053240349516272545
vn 0 -0.99998581409454346 -0.0053240349516272545
vn 0 -0.99998581409454346 -0.0053240349516272545
vn 0 -0.99998581409454346 -0.0053240349516272545
vn 0 -0.99998581409454346 -0.0053240349516272545
vn 0 -0.99998581409454346 -0.0053240349516272545
vn 0 -0.99998581409454346 -0.0053240349516272545
vn 0 -0.99998581409454346 -0.0053240349516272545
vn 0 -0.99998581409454346 -0.0053240349516272545
vn 0 -0.99998581409454346 -0.0053240349516272545
vn 0 -0.99998581409454346 -0.0053240349516272545
vn 0 -0.99998581409454346 -0.0053240349516272545
vn 0 -0.99998581409454346 -0.0053240349516272545
vn 0 -0.99998581409454346 -0.0053240349516272545
vn 0 -0.99998581409454346 -0.0053240349516272545
vn 0 -0.99998581409454346 -0.0053240349516272545
vn 0 -0.99998581409454346 -0.0053240349516272545
vn 0 -0.99998581409454346 -0.0053240349516272545
vn 0 -0.99998581409454346 -0.0053240349516272545
vn 0 -0.99998581409454346 -0.0053240349516272545
vn 0 -0.99998581409454346 -0.0053240349516272545
vn 0 -0.99998581409454346 -0.0053240349516272545
vn 0 -0.99998581409454346 -0.0053240349516272545
vn 0 -0.99998581409454346 -0.0053240349516272545
vn 0 -0.99998581409454346 -0.0053240349516272545
vn 0 -0.99998581409454346 -0.0053240349516272545
vn 0 -0.99998581409454346 -0.0053240349516272545
vn 0 -0.99998581409454346 -0.0053240349516272545
vn 0 -0.99998581409454346 -0.0053240349516272545
vn 0 -0.99998581409454346 -0.0053240349516272545
vn 0 -0.99998581409454346 -0.0053240349516272545
vn 0 -0.99998581409454346 -0.0053240349516272545
vn 0 -0.99998581409454346 -0.0053240349516272545
vn 0 -0.99998581409454346 -0.0053240349516272545
vn 0 -0.99998581409454346 -0.0053240349516272545
vn 0 -0.99998581409454346 -0.0053240349516272545
vn 0 -0.99998581409454346 -0.0053240349516272545
vn 0 -0.99998581409454346 -0.0053240349516272545
vn 0 -0.99998581409454346 -0.0053240349516272545
vn 0 -0.99998581409454346 -0.0053240349516272545
vn 0 -0.99998581409454346 -0.0053240349516272545
vn 0 -0.99998581409454346 -0.0053240349516272545
vn 0 -0.99998581409454346 -0.0053240349516272545
vn 0 -0.99998581409454346 -0.0053240349516272545
vn 0 -0.99998581409454346 -0.0053240349516272545
vn 0 -0.99998581409454346 -0.0053240349516272545
vn 0 -0.99998581409454346 -0.0053240349516272545
vn 0 -0.99998581409454346 -0.0053240349516272545
vn 0 -0.99998581409454346 -0.0053240349516272545
vn 0 -0.99998581409454346 -0.0053240349516272545
vn 0 -0.99998581409454346 -0.0053240349516272545
vn 0 -0.99998581409454346 -0.0053240349516272545
vn 0 -0.99998581409454346 -0.0053240349516272545
vn 0 -0.99998581409454346 -0.0053240349516272545
vn 0 -0.99998581409454346 -0.0053240349516272545
vn 0 -0.99998581409454346 -0.0053240349516272545
vn 0 -0.99998581409454346 -0.0053240349516272545
vn 0 -0.99998581409454346 -0.0053240349516272545
vn 0 -0.99998581409454346 -0.0053240349516272545
vn 0 -0.99998581409454346 -0.0053240349516272545
vn 0 -0.99998581409454346 -0.0053240349516272545
vn 0 -0.99998581409454346 -0.0053240349516272545
vn 0 -0.99998581409454346 -0.0053240349516272545
vn 0 -0.99998581409454346 -0.0053240349516272545
vn 0 -0.99998581409454346 -0.0053240349516272545
vn 0 -0.99998581409454346 -0.0053240349516272545
vn 0 -0.99998581409454346 -0.0053240349516272545
vn 0 -0.99998581409454346 -0.0053240349516272545
vn 0 -0.99998581409454346 -0.0053240349516272545
vn 0 -0.99998581409454346 -0.0053240349516272545
vn 0 -0.99998581409454346 -0.0053240349516272545
vn 0 -0.99998581409454346 -0.0053240349516272545
vn 0 -0.99998581409454346 -0.0053240349516272545
vn 0 -0.99998581409454346 -0.0053240349516272545
vn 0 -0.99998581409454346 -0.0053240349516272545
vn 0 -0.99998581409454346 -0.0053240349516272545
vn 0 -0.99998581409454346 -0.0053240349516272545
vn 0 -0.99998581409454346 -0.0053240349516272545
vn 0 -0.99998581409454346 -0.0053240349516272545
vn 0 -0.99998581409454346 -0.0053240349516272545
vn 0 -0.99998581409454346 -0.0053240349516272545
vn 0 -0.99998581409454346 -0.0053240349516272545
vn 0 -0.99998581409454346 -0.0053240349516272545
vn 0 -0.99998581409454346 -0.0053240349516272545
vn 0 -0.99998581409454346 -0.0053240349516272545
vn 0 -0.99998581409454346 -0.0053240349516272545
vn 0 -0.99998581409454346 -0.0053240349516272545
vn 0 -0.99998581409454346 -0.0053240349516272545
vn 0 -0.99998581409454346 -0.0053240349516272545
vn 0 -0.99998581409454346 -0.0053240349516272545
vn 0 -0.99998581409454346 -0.0053240349516272545
vn 0 -0.99998581409454346 -0.0053240349516272545
vn 0 -0.99998581409454346 -0.0053240349516272545
vn 0 -0.99998581409454346 -0.0053240349516272545
vn 0 -0.99998581409454346 -0.0053240349516272545
vn 0 -0.99998581409454346 -0.0053240349516272545
vn 0 -0.99998581409454346 -0.0053240349516272545
vn 0 -0.99998581409454346 -0.0053240349516272545
vn 0 -0.99998581409454346 -0.0053240349516272545
vn 0 -0.99998581409454346 -0.0053240349516272545
vn 0 -0.99998581409454346 -0.0053240349516272545
vn 0 -0.99998581409454346 -0.0053240349516272545
vn 0 -0.99998581409454346 -0.0053240349516272545
vn 0 -0.99998581409454346 -0.0053240349516272545
vn 0 -0.99998581409454346 -0.0053240349516272545
vn 0 -0.99998581409454346 -0.0053240349516272545
vn 0 -0.99998581409454346 -0.0053240349516272545
vn 0 -0.99998581409454346 -0.0053240349516272545
vn 0 -0.99998581409454346 -0.0053240349516272545
vn 0 -0.99998581409454346 -0.0053240349516272545
vn 0 -0.99998581409454346 -0.0053240349516272545
vn 0 -0.99998581409454346 -0.0053240349516272545
vn 0 -0.99998581409454346 -0.0053240349516272545
vn 0 -0.99998581409454346 -0.0053240349516272545
vn 0 -0.99998581409454346 -0.0053240349516272545
vn 0 -0.99998581409454346 -0.0053240349516272545
vn 0 -0.99998581409454346 -0.0053240349516272545
vn 0 -0.99998581409454346 -0.0053240349516272545
vn 0 -0.99998581409454346 -0.0053240349516272545
vn 0 -0.99998581409454346 -0.0053240349516272545
vn 0 -0.99998581409454346 -0.0053240349516272545
vn 0 -0.99998581409454346 -0.0053240349516272545
vn 0 -0.99998581409454346 -0.0053240349516272545
vn 0 -0.99998581409454346 -0.0053240349516272545
vn 0 -0.99998581409454346 -0.0053240349516272545
vn 0 -0.99998581409454346 -0.0053240349516272545
vn 0 -0.99998581409454346 -0.0053240349516272545
vn 0 -0.99998581409454346 -0.0053240349516272545
vn 0 -0.99998581409454346 -0.0053240349516272545
vn 0 -0.99998581409454346 -0.0053240349516272545
vn 0 -0.99998581409454346 -0.0053240349516272545
vn 0 -0.99998581409454346 -0.0053240349516272545
vn 0 -0.99998581409454346 -0.0053240349516272545
vn 0 -0.99998581409454346 -0.0053240349516272545
vn 0 -0.99998581409454346 -0.0053240349516272545
vn 0 -0.99998581409454346 -0.0053240349516272545
vn 0 -0.99998581409454346 -0.0053240349516272545
vn 0 -0.99998581409454346 -0.0053240349516272545
vn 0 -0.99998581409454346 -0.0053240349516272545
vn 0 -0.99998581409454346 -0.0053240349516272545
vn 0 -0.99998581409454346 -0.0053240349516272545
vn 0 -0.99998581409454346 -0.0053240349516272545
vn 0 -0.99998581409454346 -0.0053240349516272545
vn 0 -0.99998581409454346 -0.0053240349516272545
vn 0 -0.99998581409454346 -0.0053240349516272545
vn 0 -0.99998581409454346 -0.0053240349516272545
vn 0 -0.99998581409454346 -0.0053240349516272545
vn 0 -0.99998581409454346 -0.0053240349516272545
vn 0 -0.99998581409454346 -0.0053240349516272545
vn 0 -0.99998581409454346 -0.0053240349516272545
vn 0 -0.99998581409454346 -0.0053240349516272545
vn 0 -0.99998581409454346 -0.0053240349516272545
vn 0 -0.99998581409454346 -0.0053240349516272545
vn 0 -0.99998581409454346 -0.0053240349516272545
vn 0 -0.99998581409454346 -0.0053240349516272545
vn 0 -0.99998581409454346 -0.0053240349516272545
vn 0 -0.99998581409454346 -0.0053240349516272545
vn 0 -0.99998581409454346 -0.0053240349516272545
vn 0 -0.99998581409454346 -0.0053240349516272545
vn 0 -0.99998581409454346 -0.0053240349516272545
vn 0 -0.99998581409454346 -0.0053240349516272545
vn 0 -0.99998581409454346 -0.0053240349516272545
vn 0 -0.99998581409454346 -0.0053240349516272545
vn 0 -0.99998581409454346 -0.0053240349516272545
vn 0 -0.99998581409454346 -0.0053240349516272545
vn 0 -0.99998581409454346 -0.0053240349516272545
vn 0 -0.99998581409454346 -0.0053240349516272545
vn 0 -0.99998581409454346 -0.0053240349516272545
vn 0 -0.99998581409454346 -0.0053240349516272545
vn 0 -0.99998581409454346 -0.0053240349516272545
vn 0 -0.99998581409454346 -0.0053240349516272545
vn 0 -0.99998581409454346 -0.0053240349516272545
vn 0 -0.99998581409454346 -0.0053240349516272545
vn 0 -0.99998581409454346 -0.0053240349516272545
vn 0 -0.99998581409454346 -0.0053240349516272545
vn 0 -0.99998581409454346 -0.0053240349516272545
vn 0 -0.99998581409454346 -0.0053240349516272545
vn 0 -0.99998581409454346 -0.0053240349516272545
vn 0 -0.99998581409454346 -0.0053240349516272545
vn 0 -0.99998581409454346 -0.0053240349516272545
vn 0 -0.99998581409454346 -0.0053240349516272545
vn 0 -0.99998581409454346 -0.0053240349516272545
vn 0 -0.99998581409454346 -0.0053240349516272545
vn 0 -0.99998581409454346 -0.0053240349516272545
vn 0 -0.99998581409454346 -0.0053240349516272545
vn 0 -0.99998581409454346 -0.0053240349516272545
vn 0 -0.99998581409454346 -0.0053240349516272545
vn 0 -0.99998581409454346 -0.0053240349516272545
vn 0 -0.99998581409454346 -0.0053240349516272545
vn 0 -0.99998581409454346 -0.0053240349516272545
vn 0 -0.99998581409454346 -0.0053240349516272545
vn 0 -0.99998581409454346 -0.0053240349516272545
vn 0 -0.99998581409454346 -0.0053240349516272545
vn 0 -0.99998581409454346 -0.0053240349516272545
vn 0 -0.99998581409454346 -0.0053240349516272545
vn 0 -0.99998581409454346 -0.0053240349516272545
vn 0 -0.99998581409454346 -0.0053240349516272545
vn 0 -0.99998581409454346 -0.0053240349516272545
vn 0 -0.99998581409454346 -0.0053240349516272545
vn 0 -0.99998581409454346 -0.0053240349516272545
vn 0 -0.99998581409454346 -0.0053240349516272545
vn 0 -0.99998581409454346 -0.0053240349516272545
vn 0 -0.99998581409454346 -0.0053240349516272545
vn 0 -0.99998581409454346 -0.0053240349516272545
vn 0 -0.99998581409454346 -0.0053240349516272545
vn 0 -0.99998581409454346 -0.0053240349516272545
vn 0 -0.99998581409454346 -0.0053240349516272545
vn 0 -0.99998581409454346 -0.0053240349516272545
vn 0 -0.99998581409454346 -0.0053240349516272545
vn 0 -0.99998581409454346 -0.0053240349516272545
vn 0 -0.99998581409454346 -0.0053240349516272545
vn 0 -0.99998581409454346 -0.0053240349516272545
vn 0 -0.99998581409454346 -0.0053240349516272545
vn 0 -0.99998581409454346 -0.0053240349516272545
vn 0 -0.99998581409454346 -0.0053240349516272545
vn 0 -0.99998581409454346 -0.0053240349516272545
vn 0 -0.99998581409454346 -0.0053240349516272545
vn 0 -0.99998581409454346 -0.0053240349516272545
vn 0 -0.99998581409454346 -0.0053240349516272545
vn 0 -0.99998581409454346 -0.0053240349516272545
vn 0 -0.99998581409454346 -0.0053240349516272545
vn 0 -0.99998581409454346 -0.0053240349516272545
vn 0 -0.99998581409454346 -0.0053240349516272545
vn 0 -0.99998581409454346 -0.0053240349516272545
vn 0 -0.99998581409454346 -0.0053240349516272545
vn 0 -0.99998581409454346 -0.0053240349516272545
vn 0 -0.99998581409454346 -0.0053240349516272545
vn 0 -0.99998581409454346 -0.0053240349516272545
vn 0 -0.99998581409454346 -0.0053240349516272545
vn 0 -0.99998581409454346 -0.0053240349516272545
vn 0 -0.99998581409454346 -0.0053240349516272545
vn 0 -0.99998581409454346 -0.0053240349516272545
vn 0 -0.99998581409454346 -0.0053240349516272545
vn 0 -0.99998581409454346 -0.0053240349516272545
vn 0 -0.99998581409454346 -0.0053240349516272545
vn 0 -0.99998581409454346 -0.0053240349516272545
vn 0 -0.99998581409454346 -0.0053240349516272545
vn 0 -0.99998581409454346 -0.0053240349516272545
vn 0 -0.99998581409454346 -0.0053240349516272545
vn 0 -0.99998581409454346 -0.0053240349516272545
vn 0 -0.99998581409454346 -0.0053240349516272545
vn 0 -0.99998581409454346 -0.0053240349516272545
vn 0 -0.99998581409454346 -0.0053240349516272545
vn 0 -0.99998581409454346 -0.0053240349516272545
vn 0 -0.99998581409454346 -0.0053240349516272545
vn 0 -0.99998581409454346 -0.0053240349516272545
vn 0 -0.99998581409454346 -0.0053240349516272545
vn 0 -0.99998581409454346 -0.0053240349516272545
vn 0 -0.99998581409454346 -0.0053240349516272545
vn 0 -0.99998581409454346 -0.0053240349516272545
vn 0 -0.99998581409454346 -0.0053240349516272545
vn 0 -0.99998581409454346 -0.0053240349516272545
vn 0 -0.99998581409454346 -0.0053240349516272545
vn 0 -0.99998581409454346 -0.0053240349516272545
vn 0 -0.99998581409454346 -0.0053240349516272545
vn 0 -0.99998581409454346 -0.0053240349516272545
vn 0 -0.99998581409454346 -0.0053240349516272545
vn 0 -0.99998581409454346 -0.0053240349516272545
vn 0 -0.99998581409454346 -0.0053240349516272545
vn 0 -0.99998581409454346 -0.0053240349516272545
vn 0 -0.99998581409454346 -0.0053240349516272545
vn 0 -0.99998581409454346 -0.0053240349516272545
vn 0 -0.99998581409454346 -0.0053240349516272545
vn 0 -0.99998581409454346 -0.0053240349516272545
vn 0 -0.99998581409454346 -0.0053240349516272545
vn 0 -0.99998581409454346 -0.0053240349516272545
vn 0 -0.99998581409454346 -0.0053240349516272545
vn 0 -0.99998581409454346 -0.0053240349516272545
vn 0 -0.99998581409454346 -0.0053240349516272545
vn 0 -0.99998581409454346 -0.0053240349516272545
vn 0 -0.99998581409454346 -0.0053240349516272545
vn 0 -0.99998581409454346 -0.0053240349516272545
vn 0 -0.99998581409454346 -0.0053240349516272545
vn 0 -0.99998581409454346 -0.0053240349516272545
vn 0 -0.99998581409454346 -0.0053240349516272545
vn 0 -0.99998581409454346 -0.0053240349516272545
vn 0 -0.99998581409454346 -0.0053240349516272545
vn 0 -0.99998581409454346 -0.0053240349516272545
vn 0 -0.99998581409454346 -0.0053240349516272545
vn 0 -0.99998581409454346 -0.0053240349516272545
vn 0 -0.99998581409454346 -0.0053240349516272545
vn 0 -0.99998581409454346 -0.0053240349516272545
vn 0 -0.99998581409454346 -0.0053240349516272545
vn 0 -0.99998581409454346 -0.0053240349516272545
vn 0 -0.99998581409454346 -0.0053240349516272545
vn 0 -0.99998581409454346 -0.0053240349516272545
vn 0 -0.99998581409454346 -0.0053240349516272545
vn 0 -0.99998581409454346 -0.0053240349516272545
vn 0 -0.99998581409454346 -0.0053240349516272545
vn 0 -0.99998581409454346 -0.0053240349516272545
vn 0 -0.99998581409454346 -0.0053240349516272545
vn 0 -0.99998581409454346 -0.0053240349516272545
vn 0 -0.99998581409454346 -0.0053240349516272545
vn 0 -0.99998581409454346 -0.0053240349516272545
vn 0 -0.99998581409454346 -0.0053240349516272545
vn 0 -0.99998581409454346 -0.0053240349516272545
vn 0 -0.99998581409454346 -0.0053240349516272545
vn 0 -0.99998581409454346 -0.0053240349516272545
vn 0 -0.99998581409454346 -0.0053240349516272545
vn 0 -0.99998581409454346 -0.0053240349516272545
vn 0 -0.99998581409454346 -0.0053240349516272545
vn 0 -0.99998581409454346 -0.0053240349516272545
vn 0 -0.99998581409454346 -0.0053240349516272545
vn 0 -0.99998581409454346 -0.0053240349516272545
vn 0 -0.99998581409454346 -0.0053240349516272545
vn 0 -0.99998581409454346 -0.0053240349516272545
vn 0 -0.99998581409454346 -0.0053240349516272545
vn 0 -0.99998581409454346 -0.0053240349516272545
vn 0 -0.99998581409454346 -0.0053240349516272545
vn 0 -0.99998581409454346 -0.0053240349516272545
vn 0 -0.99998581409454346 -0.0053240349516272545
vn 0 -0.99998581409454346 -0.0053240349516272545
vn 0 -0.99998581409454346 -0.0053240349516272545
vn 0 -0.99998581409454346 -0.0053240349516272545
vn 0 -0.99998581409454346 -0.0053240349516272545
vn 0 -0.99998581409454346 -0.0053240349516272545
vn 0 -0.99998581409454346 -0.0053240349516272545
vn 0 -0.99998581409454346 -0.0053240349516272545
vn 0 -0.99998581409454346 -0.0053240349516272545
vn 0 -0.99998581409454346 -0.0053240349516272545
vn 0 -0.99998581409454346 -0.0053240349516272545
vn 0 -0.99998581409454346 -0.0053240349516272545
vn 0 -0.99998581409454346 -0.0053240349516272545
vn 0 -0.99998581409454346 -0.0053240349516272545
vn 0 -0.99998581409454346 -0.0053240349516272545
vn 0 -0.99998581409454346 -0.0053240349516272545
vn 0 -0.99998581409454346 -0.0053240349516272545
vn 0 -0.99998581409454346 -0.0053240349516272545
vn 0 -0.99998581409454346 -0.0053240349516272545
vn 0 -0.99998581409454346 -0.0053240349516272545
vn 0 -0.99998581409454346 -0.0053240349516272545
vn 0 -0.99998581409454346 -0.0053240349516272545
vn 0 -0.99998581409454346 -0.0053240349516272545
vn 0 -0.99998581409454346 -0.0053240349516272545
vn 0 -0.99998581409454346 -0.0053240349516272545
vn 0 -0.99998581409454346 -0.0053240349516272545
vn 0 -0.99998581409454346 -0.0053240349516272545
vn 0 -0.99998581409454346 -0.0053240349516272545
vn 0 -0.99998581409454346 -0.0053240349516272545
vn 0 -0.99998581409454346 -0.0053240349516272545
vn 0 -0.99998581409454346 -0.0053240349516272545
vn 0 -0.99998581409454346 -0.0053240349516272545
vn 0 -0.99998581409454346 -0.0053240349516272545
vn 0 -0.99998581409454346 -0.0053240349516272545
vn 0 -0.99998581409454346 -0.0053240349516272545
vn 0 -0.99998581409454346 -0.0053240349516272545
vn 0 -0.99998581409454346 -0.0053240349516272545
vn 0 -0.99998581409454346 -0.0053240349516272545
vn 0 -0.99998581409454346 -0.0053240349516272545
vn 0 -0.99998581409454346 -0.0053240349516272545
vn 0 -0.99998581409454346 -0.0053240349516272545
vn 0 -0.99998581409454346 -0.0053240349516272545
vn 0 -0.99998581409454346 -0.0053240349516272545
vn 0 -0.99998581409454346 -0.0053240349516272545
vn 0 -0.99998581409454346 -0.0053240349516272545
vn 0 -0.99998581409454346 -0.0053240349516272545
vn 0 -0.99998581409454346 -0.0053240349516272545
vn 0 -0.99998581409454346 -0.0053240349516272545
vn 0 -0.99998581409454346 -0.0053240349516272545
vn 0 -0.99998581409454346 -0.0053240349516272545
vn 0 -0.99998581409454346 -0.0053240349516272545
vn 0 -0.99998581409454346 -0.0053240349516272545
vn 0 -0.99998581409454346 -0.0053240349516272545
vn 0 -0.99998581409454346 -0.0053240349516272545
vn 0 -0.99998581409454346 -0.0053240349516272545
vn 0 -0.99998581409454346 -0.0053240349516272545
vn 0 -0.99998581409454346 -0.0053240349516272545
vn 0 -0.99998581409454346 -0.0053240349516272545
vn 0 -0.99998581409454346 -0.0053240349516272545
vn 0 -0.99998581409454346 -0.0053240349516272545
vn 0 -0.99998581409454346 -0.0053240349516272545
vn 0 -0.99998581409454346 -0.0053240349516272545
vn 0 -0.99998581409454346 -0.0053240349516272545
vn 0 -0.99998581409454346 -0.0053240349516272545
vn 0 -0.99998581409454346 -0.0053240349516272545
vn 0 -0.99998581409454346 -0.0053240349516272545
vn 0 -0.99998581409454346 -0.0053240349516272545
vn 0 -0.99998581409454346 -0.0053240349516272545
vn 0 -0.99998581409454346 -0.0053240349516272545
vn 0 -0.99998581409454346 -0.0053240349516272545
vn 0 -0.99998581409454346 -0.0053240349516272545
vn 0 -0.99998581409454346 -0.0053240349516272545
vn 0 -0.99998581409454346 -0.0053240349516272545
vn 0 -0.99998581409454346 -0.0053240349516272545
vn 0 -0.99998581409454346 -0.0053240349516272545
vn 0 -0.99998581409454346 -0.0053240349516272545
vn 0 -0.99998581409454346 -0.0053240349516272545
vn 0 -0.99998581409454346 -0.0053240349516272545
vn 0 -0.99998581409454346 -0.0053240349516272545
vn 0 -0.99998581409454346 -0.0053240349516272545
vn 0 -0.99998581409454346 -0.0053240349516272545
vn 0 -0.99998581409454346 -0.0053240349516272545
vn 0 -0.99998581409454346 -0.0053240349516272545
vn 0 -0.99998581409454346 -0.0053240349516272545
vn 0 -0.99998581409454346 -0.0053240349516272545
vn 0 -0.99998581409454346 -0.0053240349516272545
vn 0 -0.99998581409454346 -0.0053240349516272545
vn 0 -0.99998581409454346 -0.0053240349516272545
vn 0 -0.99998581409454346 -0.0053240349516272545
vn 0 -0.99998581409454346 -0.0053240349516272545
vn 0 -0.99998581409454346 -0.0053240349516272545
vn 0 -0.99998581409454346 -0.0053240349516272545
vn 0 -0.99998581409454346 -0.0053240349516272545
vn 0 -0.99998581409454346 -0.0053240349516272545
vn 0 -0.99998581409454346 -0.0053240349516272545
vn 0 -0.99998581409454346 -0.0053240349516272545
vn 0 -0.99998581409454346 -0.0053240349516272545
vn 0 -0.99998581409454346 -0.0053240349516272545
vn 0 -0.99998581409454346 -0.0053240349516272545
vn 0 -0.99998581409454346 -0.0053240349516272545
vn 0 -0.99998581409454346 -0.0053240349516272545
vn 0 -0.99998581409454346 -0.0053240349516272545
vn 0 -0.99998581409454346 -0.0053240349516272545
vn 0 -0.99998581409454346 -0.0053240349516272545
vn 0 -0.99998581409454346 -0.0053240349516272545
vn 0 -0.99998581409454346 -0.0053240349516272545
vn 0 -0.99998581409454346 -0.0053240349516272545
vn 0 -0.99998581409454346 -0.0053240349516272545
vn 0 -0.99998581409454346 -0.0053240349516272545
vn 0 -0.99998581409454346 -0.0053240349516272545
vn 0 -0.99998581409454346 -0.0053240349516272545
vn 0 -0.99998581409454346 -0.0053240349516272545
vn 0 -0.99998581409454346 -0.0053240349516272545
vn 0 -0.99998581409454346 -0.0053240349516272545
vn 0 -0.99998581409454346 -0.0053240349516272545
vn 0 -0.99998581409454346 -0.0053240349516272545
vn 0 -0.99998581409454346 -0.0053240349516272545
vn 0 -0.99998581409454346 -0.0053240349516272545
vn 0 -0.99998581409454346 -0.0053240349516272545
vn 0 -0.99998581409454346 -0.0053240349516272545
vn 0 -0.99998581409454346 -0.0053240349516272545
vn 0 -0.99998581409454346 -0.0053240349516272545
vn 0 -0.99998581409454346 -0.0053240349516272545
vn 0 -0.99998581409454346 -0.0053240349516272545
vn 0 -0.99998581409454346 -0.0053240349516272545
vn 0 -0.99998581409454346 -0.0053240349516272545
vn 0 -0.99998581409454346 -0.0053240349516272545
vn 0 -0.99998581409454346 -0.0053240349516272545
vn 0 -0.99998581409454346 -0.0053240349516272545
vn 0 -0.99998581409454346 -0.0053240349516272545
vn 0 -0.99998581409454346 -0.0053240349516272545
vn 0 -0.99998581409454346 -0.0053240349516272545
vn 0 -0.99998581409454346 -0.0053240349516272545
vn 0 -0.99998581409454346 -0.0053240349516272545
vn 0 -0.99998581409454346 -0.0053240349516272545
vn 0 -0.99998581409454346 -0.0053240349516272545
vn 0 -0.99998581409454346 -0.0053240349516272545
vn 0 -0.99998581409454346 -0.0053240349516272545
vn 0 -0.99998581409454346 -0.0053240349516272545
vn 0 -0.99998581409454346 -0.0053240349516272545
vn 0 -0.99998581409454346 -0.0053240349516272545
vn 0 -0.99998581409454346 -0.0053240349516272545
vn 0 -0.99998581409454346 -0.0053240349516272545
vn 0 -0.99998581409454346 -0.0053240349516272545
vn 0 -0.99998581409454346 -0.0053240349516272545
vn 0 -0.99998581409454346 -0.0053240349516272545
vn 0 -0.99998581409454346 -0.0053240349516272545
vn 0 -0.99998581409454346 -0.0053240349516272545
vn 0 -0.99998581409454346 -0.0053240349516272545
vn 0 -0.99998581409454346 -0.0053240349516272545
vn 0 -0.99998581409454346 -0.0053240349516272545
vn 0 -0.99998581409454346 -0.0053240349516272545
vn 0 -0.99998581409454346 -0.0053240349516272545
vn 0 -0.99998581409454346 -0.0053240349516272545
vn 0 -0.99998581409454346 -0.0053240349516272545
vn 0 -0.99998581409454346 -0.0053240349516272545
vn 0 -0.99998581409454346 -0.0053240349516272545
vn 0 -0.99998581409454346 -0.0053240349516272545
vn 0 -0.99998581409454346 -0.0053240349516272545
vn 0 -0.99998581409454346 -0.0053240349516272545
vn 0 -0.99998581409454346 -0.0053240349516272545
vn 0 -0.99998581409454346 -0.0053240349516272545
vn 0 -0.99998581409454346 -0.0053240349516272545
vn 0 -0.99998581409454346 -0.0053240349516272545
vn 0 -0.99998581409454346 -0.0053240349516272545
vn 0 -0.99998581409454346 -0.0053240349516272545
vn 0 -0.99998581409454346 -0.0053240349516272545
vn 0 -0.99998581409454346 -0.0053240349516272545
vn 0 -0.99998581409454346 -0.0053240349516272545
vn 0 -0.99998581409454346 -0.0053240349516272545
vn 0 -0.99998581409454346 -0.0053240349516272545
vn 0 -0.99998581409454346 -0.0053240349516272545
vn 0 -0.99998581409454346 -0.0053240349516272545
vn 0 -0.99998581409454346 -0.0053240349516272545
vn 0 -0.99998581409454346 -0.0053240349516272545
vn 0 -0.99998581409454346 -0.0053240349516272545
vn 0 -0.99998581409454346 -0.0053240349516272545
vn 0 -0.99998581409454346 -0.0053240349516272545
vn 0 -0.99998581409454346 -0.0053240349516272545
vn 0 -0.99998581409454346 -0.0053240349516272545
vn 0 -0.99998581409454346 -0.0053240349516272545
vn 0 -0.99998581409454346 -0.0053240349516272545
vn 0 -0.99998581409454346 -0.0053240349516272545
vn 0 -0.99998581409454346 -0.0053240349516272545
vn 0 -0.99998581409454346 -0.0053240349516272545
vn 0 -0.99998581409454346 -0.0053240349516272545
vn 0 -0.99998581409454346 -0.0053240349516272545
vn 0 -0.99998581409454346 -0.0053240349516272545
vn 0 -0.99998581409454346 -0.0053240349516272545
vn 0 -0.99998581409454346 -0.0053240349516272545
vn 0 -0.99998581409454346 -0.0053240349516272545
vn 0 -0.99998581409454346 -0.0053240349516272545
vn 0 -0.99998581409454346 -0.0053240349516272545
vn 0 -0.99998581409454346 -0.0053240349516272545
vn 0 -0.99998581409454346 -0.0053240349516272545
vn 0 -0.99998581409454346 -0.0053240349516272545
vn 0 -0.99998581409454346 -0.0053240349516272545
vn 0 -0.99998581409454346 -0.0053240349516272545
vn 0 -0.99998581409454346 -0.0053240349516272545
vn 0 -0.99998581409454346 -0.0053240349516272545
vn 0 -0.99998581409454346 -0.0053240349516272545
vn 0 -0.99998581409454346 -0.0053240349516272545
vn 0 -0.99998581409454346 -0.0053240349516272545
vn 0 -0.99998581409454346 -0.0053240349516272545
vn 0 -0.99998581409454346 -0.0053240349516272545
vn 0 -0.99998581409454346 -0.0053240349516272545
vn 0 -0.99998581409454346 -0.0053240349516272545
vn 0 -0.99998581409454346 -0.0053240349516272545
vn 0 -0.99998581409454346 -0.0053240349516272545
vn 0 -0.99998581409454346 -0.0053240349516272545
vn 0 -0.99998581409454346 -0.0053240349516272545
vn 0 -0.99998581409454346 -0.0053240349516272545
vn 0 -0.99998581409454346 -0.0053240349516272545
vn 0 -0.99998581409454346 -0.0053240349516272545
vn 0 -0.99998581409454346 -0.0053240349516272545
vn 0 -0.99998581409454346 -0.0053240349516272545
vn 0 -0.99998581409454346 -0.0053240349516272545
vn 0 -0.99998581409454346 -0.0053240349516272545
vn 0 -0.99998581409454346 -0.0053240349516272545
vn 0 -0.99998581409454346 -0.0053240349516272545
vn 0 -0.99998581409454346 -0.0053240349516272545
vn 0 -0.99998581409454346 -0.0053240349516272545
vn 0 -0.99998581409454346 -0.0053240349516272545
vn 0 -0.99998581409454346 -0.0053240349516272545
vn 0 -0.99998581409454346 -0.0053240349516272545
vn 0 -0.99998581409454346 -0.0053240349516272545
vn 0 -0.99998581409454346 -0.0053240349516272545
vn 0 -0.99998581409454346 -0.0053240349516272545
vn 0 -0.99998581409454346 -0.0053240349516272545
vn 0 -0.99998581409454346 -0.0053240349516272545
vn 0 -0.99998581409454346 -0.0053240349516272545
vn 0 -0.99998581409454346 -0.0053240349516272545
vn 0 -0.99998581409454346 -0.0053240349516272545
vn 0 -0.99998581409454346 -0.0053240349516272545
vn 0 -0.99998581409454346 -0.0053240349516272545
vn 0 -0.99998581409454346 -0.0053240349516272545
vn 0 -0.99998581409454346 -0.0053240349516272545
vn 0 -0.99998581409454346 -0.0053240349516272545
vn 0 -0.99998581409454346 -0.0053240349516272545
vn 0 -0.99998581409454346 -0.0053240349516272545
vn 0 -0.99998581409454346 -0.0053240349516272545
vn 0 -0.99998581409454346 -0.0053240349516272545
vn 0 -0.99998581409454346 -0.0053240349516272545
vn 0 -0.99998581409454346 -0.0053240349516272545
vn 0 -0.99998581409454346 -0.0053240349516272545
vn 0 -0.99998581409454346 -0.0053240349516272545
vn 0 -0.99998581409454346 -0.0053240349516272545
vn 0 -0.99998581409454346 -0.0053240349516272545
vn 0 -0.99998581409454346 -0.0053240349516272545
vn 0 -0.99998581409454346 -0.0053240349516272545
vn 0 -0.99998581409454346 -0.0053240349516272545
vn 0 -0.99998581409454346 -0.0053240349516272545
vn 0 -0.99998581409454346 -0.0053240349516272545
vn 0 -0.99998581409454346 -0.0053240349516272545
vn 0 -0.99998581409454346 -0.0053240349516272545
vn 0 -0.99998581409454346 -0.0053240349516272545
vn 0 -0.99998581409454346 -0.0053240349516272545
vn 0 -0.99998581409454346 -0.0053240349516272545
vn 0 -0.99998581409454346 -0.0053240349516272545
vn 0 -0.99998581409454346 -0.0053240349516272545
vn 0 -0.99998581409454346 -0.0053240349516272545
vn 0 -0.99998581409454346 -0.0053240349516272545
vn 0 -0.99998581409454346 -0.0053240349516272545
vn 0 -0.99998581409454346 -0.0053240349516272545
vn 0 -0.99998581409454346 -0.0053240349516272545
vn 0 -0.99998581409454346 -0.0053240349516272545
vn 0 -0.99998581409454346 -0.0053240349516272545
vn 0 -0.99998581409454346 -0.0053240349516272545
vn 0 -0.99998581409454346 -0.0053240349516272545
vn 0 -0.99998581409454346 -0.0053240349516272545
vn 0 -0.99998581409454346 -0.0053240349516272545
vn 0 -0.99998581409454346 -0.0053240349516272545
vn 0 -0.99998581409454346 -0.0053240349516272545
vn 0 -0.99998581409454346 -0.0053240349516272545
vn 0 -0.99998581409454346 -0.0053240349516272545
vn 0 -0.99998581409454346 -0.0053240349516272545
vn 0 -0.99998581409454346 -0.0053240349516272545
vn 0 -0.99998581409454346 -0.0053240349516272545
vn 0 -0.99998581409454346 -0.0053240349516272545
vn 0 -0.99998581409454346 -0.0053240349516272545
vn 0 -0.99998581409454346 -0.0053240349516272545
vn 0 -0.99998581409454346 -0.0053240349516272545
vn 0 -0.99998581409454346 -0.0053240349516272545
vn 0 -0.99998581409454346 -0.0053240349516272545
vn 0 -0.99998581409454346 -0.0053240349516272545
vn 0 -0.99998581409454346 -0.0053240349516272545
vn 0 -0.99998581409454346 -0.0053240349516272545
vn 0 -0.99998581409454346 -0.0053240349516272545
vn 0 -0.99998581409454346 -0.0053240349516272545
vn 0 -0.99998581409454346 -0.0053240349516272545
vn 0 -0.99998581409454346 -0.0053240349516272545
vn 0 -0.99998581409454346 -0.0053240349516272545
vn 0 -0.99998581409454346 -0.0053240349516272545
vn 0 -0.99998581409454346 -0.0053240349516272545
vn 0 -0.99998581409454346 -0.0053240349516272545
vn 0 -0.99998581409454346 -0.0053240349516272545
vn 0 -0.99998581409454346 -0.0053240349516272545
vn 0 -0.99998581409454346 -0.0053240349516272545
vn 0 -0.99998581409454346 -0.0053240349516272545
vn 0 -0.99998581409454346 -0.0053240349516272545
vn 0 -0.99998581409454346 -0.0053240349516272545
vn 0 -0.99998581409454346 -0.0053240349516272545
vn 0 -0.99998581409454346 -0.0053240349516272545
vn 0 -0.99998581409454346 -0.0053240349516272545
vn 0 -0.99998581409454346 -0.0053240349516272545
vn 0 -0.99998581409454346 -0.0053240349516272545
vn 0 -0.99998581409454346 -0.0053240349516272545
vn 0 -0.99998581409454346 -0.0053240349516272545
vn 0 -0.99998581409454346 -0.0053240349516272545
vn 0 -0.99998581409454346 -0.0053240349516272545
vn 0 -0.99998581409454346 -0.0053240349516272545
vn 0 -0.99998581409454346 -0.0053240349516272545
vn 0 -0.99998581409454346 -0.0053240349516272545
vn 0 -0.99998581409454346 -0.0053240349516272545
vn 0 -0.99998581409454346 -0.0053240349516272545
vn 0 -0.99998581409454346 -0.0053240349516272545
vn 0 -0.99998581409454346 -0.0053240349516272545
vn 0 -0.99998581409454346 -0.0053240349516272545
vn 0 -0.99998581409454346 -0.0053240349516272545
vn 0 -0.99998581409454346 -0.0053240349516272545
vn 0 -0.99998581409454346 -0.0053240349516272545
vn 0 -0.99998581409454346 -0.0053240349516272545
vn 0 -0.99998581409454346 -0.0053240349516272545
vn 0 -0.99998581409454346 -0.0053240349516272545
vn 0 -0.99998581409454346 -0.0053240349516272545
vn 0 -0.99998581409454346 -0.0053240349516272545
vn 0 -0.99998581409454346 -0.0053240349516272545
vn 0 -0.99998581409454346 -0.0053240349516272545
vn 0 -0.99998581409454346 -0.0053240349516272545
vn 0 -0.99998581409454346 -0.0053240349516272545
vn 0 -0.99998581409454346 -0.0053240349516272545
vn 0 -0.99998581409454346 -0.0053240349516272545
vn 0 -0.99998581409454346 -0.0053240349516272545
vn 0 -0.99998581409454346 -0.0053240349516272545
vn 0 -0.99998581409454346 -0.0053240349516272545
vn 0 -0.99998581409454346 -0.0053240349516272545
vn 0 -0.99998581409454346 -0.0053240349516272545
vn 0 -0.99998581409454346 -0.0053240349516272545
vn 0 -0.99998581409454346 -0.0053240349516272545
vn 0 -0.99998581409454346 -0.0053240349516272545
vn 0 -0.99998581409454346 -0.0053240349516272545
vn 0 -0.99998581409454346 -0.0053240349516272545
vn 0 -0.99998581409454346 -0.0053240349516272545
vn 0 -0.99998581409454346 -0.0053240349516272545
vn 0 -0.99998581409454346 -0.0053240349516272545
vn 0 -0.99998581409454346 -0.0053240349516272545
vn 0 -0.99998581409454346 -0.0053240349516272545
vn 0 -0.99998581409454346 -0.0053240349516272545
vn 0 -0.99998581409454346 -0.0053240349516272545
vn 0 -0.99998581409454346 -0.0053240349516272545
vn 0 -0.99998581409454346 -0.0053240349516272545
vn 0 -0.99998581409454346 -0.0053240349516272545
vn 0 -0.99998581409454346 -0.0053240349516272545
vn 0 -0.99998581409454346 -0.0053240349516272545
vn 0 -0.99998581409454346 -0.0053240349516272545
vn 0 -0.99998581409454346 -0.0053240349516272545
vn 0 -0.99998581409454346 -0.0053240349516272545
vn 0 -0.99998581409454346 -0.0053240349516272545
vn 0 -0.99998581409454346 -0.0053240349516272545
vn 0 -0.99998581409454346 -0.0053240349516272545
vn 0 -0.99998581409454346 -0.0053240349516272545
vn 0 -0.99998581409454346 -0.0053240349516272545
vn 0 -0.99998581409454346 -0.0053240349516272545
vn 0 -0.99998581409454346 -0.0053240349516272545
vn 0 -0.99998581409454346 -0.0053240349516272545
vn 0 -0.99998581409454346 -0.0053240349516272545
vn 0 -0.99998581409454346 -0.0053240349516272545
vn 0 -0.99998581409454346 -0.0053240349516272545
vn 0 -0.99998581409454346 -0.0053240349516272545
vn 0 -0.99998581409454346 -0.0053240349516272545
vn 0 -0.99998581409454346 -0.0053240349516272545
vn 0 -0.99998581409454346 -0.0053240349516272545
vn 0 -0.99998581409454346 -0.0053240349516272545
vn 0 -0.99998581409454346 -0.0053240349516272545
vn 0 -0.99998581409454346 -0.0053240349516272545
vn 0 -0.99998581409454346 -0.0053240349516272545
vn 0 -0.99998581409454346 -0.0053240349516272545
vn 0 -0.99998581409454346 -0.0053240349516272545
vn 0 -0.99998581409454346 -0.0053240349516272545
vn 0 -0.99998581409454346 -0.0053240349516272545
vn 0 -0.99998581409454346 -0.0053240349516272545
vn 0 -0.99998581409454346 -0.0053240349516272545
vn 0 -0.99998581409454346 -0.0053240349516272545
vn 0 -0.99998581409454346 -0.0053240349516272545
vn 0 -0.99998581409454346 -0.0053240349516272545
vn 0 -0.99998581409454346 -0.0053240349516272545
vn 0 -0.99998581409454346 -0.0053240349516272545
vn 0 -0.99998581409454346 -0.0053240349516272545
vn 0 -0.99998581409454346 -0.0053240349516272545
vn 0 -0.99998581409454346 -0.0053240349516272545
vn 0 -0.99998581409454346 -0.0053240349516272545
vn 0 -0.99998581409454346 -0.0053240349516272545
vn 0 -0.99998581409454346 -0.0053240349516272545
vn 0 -0.99998581409454346 -0.0053240349516272545
vn 0 -0.99998581409454346 -0.0053240349516272545
vn 0 -0.99998581409454346 -0.0053240349516272545
vn 0 -0.99998581409454346 -0.0053240349516272545
vn 0 -0.99998581409454346 -0.0053240349516272545
vn 0 -0.99998581409454346 -0.0053240349516272545
vn 0 -0.99998581409454346 -0.0053240349516272545
vn 0 -0.99998581409454346 -0.0053240349516272545
vn 0 -0.99998581409454346 -0.0053240349516272545
vn 0 -0.99998581409454346 -0.0053240349516272545
vn 0 -0.99998581409454346 -0.0053240349516272545
vn 0 -0.99998581409454346 -0.0053240349516272545
vn 0 -0.99998581409454346 -0.0053240349516272545
vn 0 -0.99998581409454346 -0.0053240349516272545
vn 0 -0.99998581409454346 -0.0053240349516272545
vn 0 -0.99998581409454346 -0.0053240349516272545
vn 0 -0.99998581409454346 -0.0053240349516272545
vn 0 -0.99998581409454346 -0.0053240349516272545
vn 0 -0.99998581409454346 -0.0053240349516272545
vn 0 -0.99998581409454346 -0.0053240349516272545
vn 0 -0.99998581409454346 -0.0053240349516272545
vn 0 -0.99998581409454346 -0.0053240349516272545
vn 0 -0.99998581409454346 -0.0053240349516272545
vn 0 -0.99998581409454346 -0.0053240349516272545
vn 0 -0.99998581409454346 -0.0053240349516272545
vn 0 -0.99998581409454346 -0.0053240349516272545
vn 0 -0.99998581409454346 -0.0053240349516272545
vn 0 -0.99998581409454346 -0.0053240349516272545
vn 0 -0.99998581409454346 -0.0053240349516272545
vn 0 -0.99998581409454346 -0.0053240349516272545
vn 0 -0.99998581409454346 -0.0053240349516272545
vn 0 -0.99998581409454346 -0.0053240349516272545
vn 0 -0.99998581409454346 -0.0053240349516272545
vn 0 -0.99998581409454346 -0.0053240349516272545
vn 0 -0.99998581409454346 -0.0053240349516272545
vn 0 -0.99998581409454346 -0.0053240349516272545
vn 0 -0.99998581409454346 -0.0053240349516272545
vn 0 -0.99998581409454346 -0.0053240349516272545
vn 0 -0.99998581409454346 -0.0053240349516272545
vn 0 -0.99998581409454346 -0.0053240349516272545
vn 0 -0.99998581409454346 -0.0053240349516272545
vn 0 -0.99998581409454346 -0.0053240349516272545
vn 0 -0.99998581409454346 -0.0053240349516272545
vn 0 -0.99998581409454346 -0.0053240349516272545
vn 0 -0.99998581409454346 -0.0053240349516272545
vn 0 -0.99998581409454346 -0.0053240349516272545
vn 0 -0.99998581409454346 -0.0053240349516272545
vn 0 -0.99998581409454346 -0.0053240349516272545
vn 0 -0.99998581409454346 -0.0053240349516272545
vn 0 -0.99998581409454346 -0.0053240349516272545
vn 0 -0.99998581409454346 -0.0053240349516272545
vn 0 -0.99998581409454346 -0.0053240349516272545
vn 0 -0.99998581409454346 -0.0053240349516272545
vn 0 -0.99998581409454346 -0.0053240349516272545
vn 0 -0.99998581409454346 -0.0053240349516272545
vn 0 -0.99998581409454346 -0.0053240349516272545
vn 0 -0.99998581409454346 -0.0053240349516272545
vn 0 -0.99998581409454346 -0.0053240349516272545
vn 0 -0.99998581409454346 -0.0053240349516272545
vn 0 -0.99998581409454346 -0.0053240349516272545
vn 0 -0.99998581409454346 -0.0053240349516272545
vn 0 -0.99998581409454346 -0.0053240349516272545
vn 0 -0.99998581409454346 -0.0053240349516272545
vn 0 -0.99998581409454346 -0.0053240349516272545
vn 0 -0.99998581409454346 -0.0053240349516272545
vn 0 -0.99998581409454346 -0.0053240349516272545
vn 0 -0.99998581409454346 -0.0053240349516272545
vn 0 -0.99998581409454346 -0.0053240349516272545
vn 0 -0.99998581409454346 -0.0053240349516272545
vn 0 -0.99998581409454346 -0.0053240349516272545
vn 0 -0.99998581409454346 -0.0053240349516272545
vn 0 -0.99998581409454346 -0.0053240349516272545
vn 0 -0.99998581409454346 -0.0053240349516272545
vn 0 -0.99998581409454346 -0.0053240349516272545
vn 0 -0.99998581409454346 -0.0053240349516272545
vn 0 -0.99998581409454346 -0.0053240349516272545
vn 0 -0.99998581409454346 -0.0053240349516272545
vn 0 -0.99998581409454346 -0.0053240349516272545
vn 0 -0.99998581409454346 -0.0053240349516272545
vn 0 -0.99998581409454346 -0.0053240349516272545
vn 0 -0.99998581409454346 -0.0053240349516272545
vn 0 -0.99998581409454346 -0.0053240349516272545
vn 0 -0.99998581409454346 -0.0053240349516272545
vn 0 -0.99998581409454346 -0.0053240349516272545
vn 0 -0.99998581409454346 -0.0053240349516272545
vn 0 -0.99998581409454346 -0.0053240349516272545
vn 0 -0.99998581409454346 -0.0053240349516272545
vn 0 -0.99998581409454346 -0.0053240349516272545
vn 0 -0.99998581409454346 -0.0053240349516272545
vn 0 -0.99998581409454346 -0.0053240349516272545
vn 0 -0.99998581409454346 -0.0053240349516272545
vn 0 -0.99998581409454346 -0.0053240349516272545
vn 0 -0.99998581409454346 -0.0053240349516272545
vn 0 -0.99998581409454346 -0.0053240349516272545
vn 0 -0.99998581409454346 -0.0053240349516272545
vn 0 -0.99998581409454346 -0.0053240349516272545
vn 0 -0.99998581409454346 -0.0053240349516272545
vn 0 -0.99998581409454346 -0.0053240349516272545
vn 0 -0.99998581409454346 -0.0053240349516272545
vn 0 -0.99998581409454346 -0.0053240349516272545
vn 0 -0.99998581409454346 -0.0053240349516272545
vn 0 -0.99998581409454346 -0.0053240349516272545
vn 0 -0.99998581409454346 -0.0053240349516272545
vn 0 -0.99998581409454346 -0.0053240349516272545
vn 0 -0.99998581409454346 -0.0053240349516272545
vn 0 -0.99998581409454346 -0.0053240349516272545
vn 0 -0.99998581409454346 -0.0053240349516272545
vn 0 -0.99998581409454346 -0.0053240349516272545
vn 0 -0.99998581409454346 -0.0053240349516272545
vn 0 -0.99998581409454346 -0.0053240349516272545
vn 0 -0.99998581409454346 -0.0053240349516272545
vn 0 -0.99998581409454346 -0.0053240349516272545
vn 0 -0.99998581409454346 -0.0053240349516272545
vn 0 -0.99998581409454346 -0.0053240349516272545
vn 0 -0.99998581409454346 -0.0053240349516272545
vn 0 -0.99998581409454346 -0.0053240349516272545
vn 0 -0.99998581409454346 -0.0053240349516272545
vn 0 -0.99998581409454346 -0.0053240349516272545
vn 0 -0.99998581409454346 -0.0053240349516272545
vn 0 -0.99998581409454346 -0.0053240349516272545
vn 0 -0.99998581409454346 -0.0053240349516272545
vn 0 -0.99998581409454346 -0.0053240349516272545
vn 0 -0.99998581409454346 -0.0053240349516272545
vn 0 -0.99998581409454346 -0.0053240349516272545
vn 0 -0.99998581409454346 -0.0053240349516272545
vn 0 -0.99998581409454346 -0.0053240349516272545
vn 0 -0.99998581409454346 -0.0053240349516272545
vn 0 -0.99998581409454346 -0.0053240349516272545
vn 0 -0.99998581409454346 -0.0053240349516272545
vn 0 -0.99998581409454346 -0.0053240349516272545
vn 0 -0.99998581409454346 -0.0053240349516272545
vn 0 -0.99998581409454346 -0.0053240349516272545
vn 0 -0.99998581409454346 -0.0053240349516272545
vn 0 -0.99998581409454346 -0.0053240349516272545
vn 0 -0.99998581409454346 -0.0053240349516272545
vn 0 -0.99998581409454346 -0.0053240349516272545
vn 0 -0.99998581409454346 -0.0053240349516272545
vn 0 -0.99998581409454346 -0.0053240349516272545
vn 0 -0.99998581409454346 -0.0053240349516272545
vn 0 -0.99998581409454346 -0.0053240349516272545
vn 0 -0.99998581409454346 -0.0053240349516272545
vn 0 -0.99998581409454346 -0.0053240349516272545
vn 0 -0.99998581409454346 -0.0053240349516272545
vn 0 -0.99998581409454346 -0.0053240349516272545
vn 0 -0.99998581409454346 -0.0053240349516272545
vn 0 -0.99998581409454346 -0.0053240349516272545
vn 0 -0.99998581409454346 -0.0053240349516272545
vn 0 -0.99998581409454346 -0.0053240349516272545
vn 0 -0.99998581409454346 -0.0053240349516272545
vn 0 -0.99998581409454346 -0.0053240349516272545
vn 0 -0.99998581409454346 -0.0053240349516272545
vn 0 -0.99998581409454346 -0.0053240349516272545
vn 0 -0.99998581409454346 -0.0053240349516272545
vn 0 -0.99998581409454346 -0.0053240349516272545
vn 0 -0.99998581409454346 -0.0053240349516272545
vn 0 -0.99998581409454346 -0.0053240349516272545
vn 0 -0.99998581409454346 -0.0053240349516272545
vn 0 -0.99998581409454346 -0.0053240349516272545
vn 0 -0.99998581409454346 -0.0053240349516272545
vn 0 -0.99998581409454346 -0.0053240349516272545
vn 0 -0.99998581409454346 -0.0053240349516272545
vn 0 -0.99998581409454346 -0.0053240349516272545
vn 0 -0.99998581409454346 -0.0053240349516272545
vn 0 -0.99998581409454346 -0.0053240349516272545
vn 0 -0.99998581409454346 -0.0053240349516272545
vn 0 -0.99998581409454346 -0.0053240349516272545
vn 0 -0.99998581409454346 -0.0053240349516272545
vn 0 -0.99998581409454346 -0.0053240349516272545
vn 0 -0.99998581409454346 -0.0053240349516272545
vn 0 -0.99998581409454346 -0.0053240349516272545
vn 0 -0.99998581409454346 -0.0053240349516272545
vn 0 -0.99998581409454346 -0.0053240349516272545
vn 0 -0.99998581409454346 -0.0053240349516272545
vn 0 -0.99998581409454346 -0.0053240349516272545
vn 0 -0.99998581409454346 -0.0053240349516272545
vn 0 -0.99998581409454346 -0.0053240349516272545
vn 0 -0.99998581409454346 -0.0053240349516272545
vn 0 -0.99998581409454346 -0.0053240349516272545
vn 0 -0.99998581409454346 -0.0053240349516272545
vn 0 -0.99998581409454346 -0.0053240349516272545
vn 0 -0.99998581409454346 -0.0053240349516272545
vn 0 -0.99998581409454346 -0.0053240349516272545
vn 0 -0.99998581409454346 -0.0053240349516272545
vn 0 -0.99998581409454346 -0.0053240349516272545
vn 0 -0.99998581409454346 -0.0053240349516272545
vn 0 -0.99998581409454346 -0.0053240349516272545
vn 0 -0.99998581409454346 -0.0053240349516272545
vn 0 -0.99998581409454346 -0.0053240349516272545
vn 0 -0.99998581409454346 -0.0053240349516272545
vn 0 -0.99998581409454346 -0.0053240349516272545
vn 0 -0.99998581409454346 -0.0053240349516272545
vn 0 -0.99998581409454346 -0.0053240349516272545
vn 0 -0.99998581409454346 -0.0053240349516272545
vn 0 -0.99998581409454346 -0.0053240349516272545
vn 0 -0.99998581409454346 -0.0053240349516272545
vn 0 -0.99998581409454346 -0.0053240349516272545
vn 0 -0.99998581409454346 -0.0053240349516272545
vn 0 -0.99998581409454346 -0.0053240349516272545
vn 0 -0.99998581409454346 -0.0053240349516272545
vn 0 -0.99998581409454346 -0.0053240349516272545
vn 0 -0.99998581409454346 -0.0053240349516272545
vn 0 -0.99998581409454346 -0.0053240349516272545
vn 0 -0.99998581409454346 -0.0053240349516272545
vn 0 -0.99998581409454346 -0.0053240349516272545
vn 0 -0.99998581409454346 -0.0053240349516272545
vn 0 -0.99998581409454346 -0.0053240349516272545
vn 0 -0.99998581409454346 -0.0053240349516272545
vn 0 -0.99998581409454346 -0.0053240349516272545
vn 0 -0.99998581409454346 -0.0053240349516272545
vn 0 -0.99998581409454346 -0.0053240349516272545
vn 0 -0.99998581409454346 -0.0053240349516272545
vn 0 -0.99998581409454346 -0.0053240349516272545
vn 0 -0.99998581409454346 -0.0053240349516272545
vn 0 -0.99998581409454346 -0.0053240349516272545
vn 0 -0.99998581409454346 -0.0053240349516272545
vn 0 -0.99998581409454346 -0.0053240349516272545
vn 0 -0.99998581409454346 -0.0053240349516272545
vn 0 -0.99998581409454346 -0.0053240349516272545
vn 0 -0.99998581409454346 -0.0053240349516272545
vn 0 -0.99998581409454346 -0.0053240349516272545
vn 0 -0.99998581409454346 -0.0053240349516272545
vn 0 -0.99998581409454346 -0.0053240349516272545
vn 0 -0.99998581409454346 -0.0053240349516272545
vn 0 -0.99998581409454346 -0.0053240349516272545
vn 0 -0.99998581409454346 -0.0053240349516272545
vn 0 -0.99998581409454346 -0.0053240349516272545
vn 0 -0.99998581409454346 -0.0053240349516272545
vn 0 -0.99998581409454346 -0.0053240349516272545
vn 0 -0.99998581409454346 -0.0053240349516272545
vn 0 -0.99998581409454346 -0.0053240349516272545
vn 0 -0.99998581409454346 -0.0053240349516272545
vn 0 -0.99998581409454346 -0.0053240349516272545
vn 0 -0.99998581409454346 -0.0053240349516272545
vn 0 -0.99998581409454346 -0.0053240349516272545
vn 0 -0.99998581409454346 -0.0053240349516272545
vn 0 -0.99998581409454346 -0.0053240349516272545
vn 0 -0.99998581409454346 -0.0053240349516272545
vn 0 -0.99998581409454346 -0.0053240349516272545
vn 0 -0.99998581409454346 -0.0053240349516272545
vn 0 -0.99998581409454346 -0.0053240349516272545
vn 0 -0.99998581409454346 -0.0053240349516272545
vn 0 -0.99998581409454346 -0.0053240349516272545
vn 0 -0.99998581409454346 -0.0053240349516272545
vn 0 -0.99998581409454346 -0.0053240349516272545
vn 0 -0.99998581409454346 -0.0053240349516272545
vn 0 -0.99998581409454346 -0.0053240349516272545
vn 0 -0.99998581409454346 -0.0053240349516272545
vn 0 -0.99998581409454346 -0.0053240349516272545
vn 0 -0.99998581409454346 -0.0053240349516272545
vn 0 -0.99998581409454346 -0.0053240349516272545
vn 0 -0.99998581409454346 -0.0053240349516272545
vn 0 -0.99998581409454346 -0.0053240349516272545
vn 0 -0.99998581409454346 -0.0053240349516272545
vn 0 -0.99998581409454346 -0.0053240349516272545
vn 0 -0.99998581409454346 -0.0053240349516272545
vn 0 -0.99998581409454346 -0.0053240349516272545
vn 0 -0.99998581409454346 -0.0053240349516272545
vn 0 -0.99998581409454346 -0.0053240349516272545
vn 0 -0.99998581409454346 -0.0053240349516272545
vn 0 -0.99998581409454346 -0.0053240349516272545
vn 0 -0.99998581409454346 -0.0053240349516272545
vn 0 -0.99998581409454346 -0.0053240349516272545
vn 0 -0.99998581409454346 -0.0053240349516272545
vn 0 -0.99998581409454346 -0.0053240349516272545
vn 0 -0.99998581409454346 -0.0053240349516272545
vn 0 -0.99998581409454346 -0.0053240349516272545
vn 0 -0.99998581409454346 -0.0053240349516272545
vn 0 -0.99998581409454346 -0.0053240349516272545
vn 0 -0.99998581409454346 -0.0053240349516272545
vn 0 -0.99998581409454346 -0.0053240349516272545
vn 0 -0.99998581409454346 -0.0053240349516272545
vn 0 -0.99998581409454346 -0.0053240349516272545
vn 0 -0.99998581409454346 -0.0053240349516272545
vn 0 -0.99998581409454346 -0.0053240349516272545
vn 0 -0.99998581409454346 -0.0053240349516272545
vn 0 -0.99998581409454346 -0.0053240349516272545
vn 0 -0.99998581409454346 -0.0053240349516272545
vn 0 -0.99998581409454346 -0.0053240349516272545
vn 0 -0.99998581409454346 -0.0053240349516272545
vn 0 -0.99998581409454346 -0.0053240349516272545
vn 0 -0.99998581409454346 -0.0053240349516272545
vn 0 -0.99998581409454346 -0.0053240349516272545
vn 0 -0.99998581409454346 -0.0053240349516272545
vn 0 -0.99998581409454346 -0.0053240349516272545
vn 0 -0.99998581409454346 -0.0053240349516272545
vn 0 -0.99998581409454346 -0.0053240349516272545
vn 0 -0.99998581409454346 -0.0053240349516272545
vn 0 -0.99998581409454346 -0.0053240349516272545
vn 0 -0.99998581409454346 -0.0053240349516272545
vn 0 -0.99998581409454346 -0.0053240349516272545
vn 0 -0.99998581409454346 -0.0053240349516272545
vn 0 -0.99998581409454346 -0.0053240349516272545
vn 0 -0.99998581409454346 -0.0053240349516272545
vn 0 -0.99998581409454346 -0.0053240349516272545
vn 0 -0.99998581409454346 -0.0053240349516272545
vn 0 -0.99998581409454346 -0.0053240349516272545
vn 0 -0.99998581409454346 -0.0053240349516272545
vn 0 -0.99998581409454346 -0.0053240349516272545
vn 0 -0.99998581409454346 -0.0053240349516272545
vn 0 -0.99998581409454346 -0.0053240349516272545
vn 0 -0.99998581409454346 -0.0053240349516272545
vn 0 -0.99998581409454346 -0.0053240349516272545
vn 0 -0.99998581409454346 -0.0053240349516272545
vn 0 -0.99998581409454346 -0.0053240349516272545
vn 0 -0.99998581409454346 -0.0053240349516272545
vn 0 -0.99998581409454346 -0.0053240349516272545
vn 0 -0.99998581409454346 -0.0053240349516272545
vn 0 -0.99998581409454346 -0.0053240349516272545
vn 0 -0.99998581409454346 -0.0053240349516272545
vn 0 -0.99998581409454346 -0.0053240349516272545
vn 0 -0.99998581409454346 -0.0053240349516272545
vn 0 -0.99998581409454346 -0.0053240349516272545
vn 0 -0.99998581409454346 -0.0053240349516272545
vn 0 -0.99998581409454346 -0.0053240349516272545
vn 0 -0.99998581409454346 -0.0053240349516272545
vn 0 -0.99998581409454346 -0.0053240349516272545
vn 0 -0.99998581409454346 -0.0053240349516272545
vn 0 -0.99998581409454346 -0.0053240349516272545
vn 0 -0.99998581409454346 -0.0053240349516272545
vn 0 -0.99998581409454346 -0.0053240349516272545
vn 0 -0.99998581409454346 -0.0053240349516272545
vn 0 -0.99998581409454346 -0.0053240349516272545
vn 0 -0.99998581409454346 -0.0053240349516272545
vn 0 -0.99998581409454346 -0.0053240349516272545
vn 0 -0.99998581409454346 -0.0053240349516272545
vn 0 -0.99998581409454346 -0.0053240349516272545
vn 0 -0.99998581409454346 -0.0053240349516272545
vn 0 -0.99998581409454346 -0.0053240349516272545
vn 0 -0.99998581409454346 -0.0053240349516272545
vn 0 -0.99998581409454346 -0.0053240349516272545
vn 0 -0.99998581409454346 -0.0053240349516272545
vn 0 -0.99998581409454346 -0.0053240349516272545
vn 0 -0.99998581409454346 -0.0053240349516272545
vn 0 -0.99998581409454346 -0.0053240349516272545
vn 0 -0.99998581409454346 -0.0053240349516272545
vn 0 -0.99998581409454346 -0.0053240349516272545
vn 0 -0.99998581409454346 -0.0053240349516272545
vn 0 -0.99998581409454346 -0.0053240349516272545
vn 0 -0.99998581409454346 -0.0053240349516272545
vn 0 -0.99998581409454346 -0.0053240349516272545
vn 0 -0.99998581409454346 -0.0053240349516272545
vn 0 -0.99998581409454346 -0.0053240349516272545
vn 0 -0.99998581409454346 -0.0053240349516272545
vn 0 -0.99998581409454346 -0.0053240349516272545
vn 0 -0.99998581409454346 -0.0053240349516272545
vn 0 -0.99998581409454346 -0.0053240349516272545
vn 0 -0.99998581409454346 -0.0053240349516272545
vn 0 -0.99998581409454346 -0.0053240349516272545
vn 0 -0.99998581409454346 -0.0053240349516272545
vn 0 -0.99998581409454346 -0.0053240349516272545
vn 0 -0.99998581409454346 -0.0053240349516272545
vn 0 -0.99998581409454346 -0.0053240349516272545
vn 0 -0.99998581409454346 -0.0053240349516272545
vn 0 -0.99998581409454346 -0.0053240349516272545
vn 0 -0.99998581409454346 -0.0053240349516272545
vn 0 -0.99998581409454346 -0.0053240349516272545
vn 0 -0.99998581409454346 -0.0053240349516272545
vn 0 -0.99998581409454346 -0.0053240349516272545
vn 0 -0.99998581409454346 -0.0053240349516272545
vn 0 -0.99998581409454346 -0.0053240349516272545
vn 0 -0.99998581409454346 -0.0053240349516272545
vn 0 -0.99998581409454346 -0.0053240349516272545
vn 0 -0.99998581409454346 -0.0053240349516272545
vn 0 -0.99998581409454346 -0.0053240349516272545
vn 0 -0.99998581409454346 -0.0053240349516272545
vn 0 -0.99998581409454346 -0.0053240349516272545
vn 0 -0.99998581409454346 -0.0053240349516272545
vn 0 -0.99998581409454346 -0.0053240349516272545
vn 0 -0.99998581409454346 -0.0053240349516272545
vn 0 -0.99998581409454346 -0.0053240349516272545
vn 0 -0.99998581409454346 -0.0053240349516272545
vn 0 -0.99998581409454346 -0.0053240349516272545
vn 0 -0.99998581409454346 -0.0053240349516272545
vn 0 -0.99998581409454346 -0.0053240349516272545
vn 0 -0.99998581409454346 -0.0053240349516272545
vn 0 -0.99998581409454346 -0.0053240349516272545
vn 0 -0.99998581409454346 -0.0053240349516272545
vn 0 -0.99998581409454346 -0.0053240349516272545
vn 0 -0.99998581409454346 -0.0053240349516272545
vn 0 -0.99998581409454346 -0.0053240349516272545
vn 0 -0.99998581409454346 -0.0053240349516272545
vn 0 -0.99998581409454346 -0.0053240349516272545
vn 0 -0.99998581409454346 -0.0053240349516272545
vn 0 -0.99998581409454346 -0.0053240349516272545
vn 0 -0.99998581409454346 -0.0053240349516272545
vn 0 -0.99998581409454346 -0.0053240349516272545
vn 0 -0.99998581409454346 -0.0053240349516272545
vn 0 -0.99998581409454346 -0.0053240349516272545
vn 0 -0.99998581409454346 -0.0053240349516272545
vn 0 -0.99998581409454346 -0.0053240349516272545
vn 0 -0.99998581409454346 -0.0053240349516272545
vn 0 -0.99998581409454346 -0.0053240349516272545
vn 0 -0.99998581409454346 -0.0053240349516272545
vn 0 -0.99998581409454346 -0.0053240349516272545
vn 0 -0.99998581409454346 -0.0053240349516272545
vn 0 -0.99998581409454346 -0.0053240349516272545
vn 0 -0.99998581409454346 -0.0053240349516272545
vn 0 -0.99998581409454346 -0.0053240349516272545
vn 0 -0.99998581409454346 -0.0053240349516272545
vn 0 -0.99998581409454346 -0.0053240349516272545
vn 0 -0.99998581409454346 -0.0053240349516272545
vn 0 -0.99998581409454346 -0.0053240349516272545
vn 0 -0.99998581409454346 -0.0053240349516272545
vn 0 -0.99998581409454346 -0.0053240349516272545
vn 0 -0.99998581409454346 -0.0053240349516272545
vn 0 -0.99998581409454346 -0.0053240349516272545
vn 0 -0.99998581409454346 -0.0053240349516272545
vn 0 -0.99998581409454346 -0.0053240349516272545
vn 0 -0.99998581409454346 -0.0053240349516272545
vn 0 -0.99998581409454346 -0.0053240349516272545
vn 0 -0.99998581409454346 -0.0053240349516272545
vn 0 -0.99998581409454346 -0.0053240349516272545
vn 0 -0.99998581409454346 -0.0053240349516272545
vn 0 -0.99998581409454346 -0.0053240349516272545
vn 0 -0.99998581409454346 -0.0053240349516272545
vn 0 -0.99998581409454346 -0.0053240349516272545
vn 0 -0.99998581409454346 -0.0053240349516272545
vn 0 -0.99998581409454346 -0.0053240349516272545
vn 0 -0.99998581409454346 -0.0053240349516272545
vn 0 -0.99998581409454346 -0.0053240349516272545
vn 0 -0.99998581409454346 -0.0053240349516272545
vn 0 -0.99998581409454346 -0.0053240349516272545
vn 0 -0.99998581409454346 -0.0053240349516272545
vn 0 -0.99998581409454346 -0.0053240349516272545
vn 0 -0.99998581409454346 -0.0053240349516272545
vn 0 -0.99998581409454346 -0.0053240349516272545
vn 0 -0.99998581409454346 -0.0053240349516272545
vn 0 -0.99998581409454346 -0.0053240349516272545
vn 0 -0.99998581409454346 -0.0053240349516272545
vn 0 -0.99998581409454346 -0.0053240349516272545
vn 0 -0.99998581409454346 -0.0053240349516272545
vn 0 -0.99998581409454346 -0.0053240349516272545
vn 0 -0.99998581409454346 -0.0053240349516272545
vn 0 -0.99998581409454346 -0.0053240349516272545
vn 0 -0.99998581409454346 -0.0053240349516272545
vn 0 -0.99998581409454346 -0.0053240349516272545
vn 0 -0.99998581409454346 -0.0053240349516272545
vn 0 -0.99998581409454346 -0.0053240349516272545
vn 0 -0.99998581409454346 -0.0053240349516272545
vn 0 -0.99998581409454346 -0.0053240349516272545
vn 0 -0.99998581409454346 -0.0053240349516272545
vn 0 -0.99998581409454346 -0.0053240349516272545
vn 0 -0.99998581409454346 -0.0053240349516272545
vn 0 -0.99998581409454346 -0.0053240349516272545
vn 0 -0.99998581409454346 -0.0053240349516272545
vn 0 -0.99998581409454346 -0.0053240349516272545
vn 0 -0.99998581409454346 -0.0053240349516272545
vn 0 -0.99998581409454346 -0.0053240349516272545
vn 0 -0.99998581409454346 -0.0053240349516272545
vn 0 -0.99998581409454346 -0.0053240349516272545
vn 0 -0.99998581409454346 -0.0053240349516272545
vn 0 -0.99998581409454346 -0.0053240349516272545
vn 0 -0.99998581409454346 -0.0053240349516272545
vn 0 -0.99998581409454346 -0.0053240349516272545
vn 0 -0.99998581409454346 -0.0053240349516272545
vn 0 -0.99998581409454346 -0.0053240349516272545
vn 0 -0.99998581409454346 -0.0053240349516272545
vn 0 -0.99998581409454346 -0.0053240349516272545
vn 0 -0.99998581409454346 -0.0053240349516272545
vn 0 -0.99998581409454346 -0.0053240349516272545
vn 0 -0.99998581409454346 -0.0053240349516272545
vn 0 -0.99998581409454346 -0.0053240349516272545
vn 0 -0.99998581409454346 -0.0053240349516272545
vn 0 -0.99998581409454346 -0.0053240349516272545
vn 0 -0.99998581409454346 -0.0053240349516272545
vn 0 -0.99998581409454346 -0.0053240349516272545
vn 0 -0.99998581409454346 -0.0053240349516272545
vn 0 -0.99998581409454346 -0.0053240349516272545
vn 0 -0.99998581409454346 -0.0053240349516272545
vn 0 -0.99998581409454346 -0.0053240349516272545
vn 0 -0.99998581409454346 -0.0053240349516272545
vn 0 -0.99998581409454346 -0.0053240349516272545
vn 0 -0.99998581409454346 -0.0053240349516272545
vn 0 -0.99998581409454346 -0.0053240349516272545
vn 0 -0.99998581409454346 -0.0053240349516272545
vn 0 -0.99998581409454346 -0.0053240349516272545
vn 0 -0.99998581409454346 -0.0053240349516272545
vn 0 -0.99998581409454346 -0.0053240349516272545
vn 0 -0.99998581409454346 -0.0053240349516272545
vn 0 -0.99998581409454346 -0.0053240349516272545
vn 0 -0.99998581409454346 -0.0053240349516272545
vn 0 -0.99998581409454346 -0.0053240349516272545
vn 0 -0.99998581409454346 -0.0053240349516272545
vn 0 -0.99998581409454346 -0.0053240349516272545
vn 0 -0.99998581409454346 -0.0053240349516272545
vn 0 -0.99998581409454346 -0.0053240349516272545
vn 0 -0.99998581409454346 -0.0053240349516272545
vn 0 -0.99998581409454346 -0.0053240349516272545
vn 0 -0.99998581409454346 -0.0053240349516272545
vn 0 -0.99998581409454346 -0.0053240349516272545
vn 0 -0.99998581409454346 -0.0053240349516272545
vn 0 -0.99998581409454346 -0.0053240349516272545
vn 0 -0.99998581409454346 -0.0053240349516272545
vn 0 -0.99998581409454346 -0.0053240349516272545
vn 0 -0.99998581409454346 -0.0053240349516272545
vn 0 -0.99998581409454346 -0.0053240349516272545
vn 0 -0.99998581409454346 -0.0053240349516272545
vn 0 -0.99998581409454346 -0.0053240349516272545
vn 0 -0.99998581409454346 -0.0053240349516272545
vn 0 -0.99998581409454346 -0.0053240349516272545
vn 0 -0.99998581409454346 -0.0053240349516272545
vn 0 -0.99998581409454346 -0.0053240349516272545
vn 0 -0.99998581409454346 -0.0053240349516272545
vn 0 -0.99998581409454346 -0.0053240349516272545
vn 0 -0.99998581409454346 -0.0053240349516272545
vn 0 -0.99998581409454346 -0.0053240349516272545
vn 0 -0.99998581409454346 -0.0053240349516272545
vn 0 -0.99998581409454346 -0.0053240349516272545
vn 0 -0.99998581409454346 -0.0053240349516272545
vn 0 -0.99998581409454346 -0.0053240349516272545
vn 0 -0.99998581409454346 -0.0053240349516272545
vn 0 -0.99998581409454346 -0.0053240349516272545
vn 0 -0.99998581409454346 -0.0053240349516272545
vn 0 -0.99998581409454346 -0.0053240349516272545
vn 0 -0.99998581409454346 -0.0053240349516272545
vn 0 -0.99998581409454346 -0.0053240349516272545
vn 0 -0.99998581409454346 -0.0053240349516272545
vn 0 -0.99998581409454346 -0.0053240349516272545
vn 0 -0.99998581409454346 -0.0053240349516272545
vn 0 -0.99998581409454346 -0.0053240349516272545
vn 0 -0.99998581409454346 -0.0053240349516272545
vn 0 -0.99998581409454346 -0.0053240349516272545
vn 0 -0.99998581409454346 -0.0053240349516272545
vn 0 -0.99998581409454346 -0.0053240349516272545
vn 0 -0.99998581409454346 -0.0053240349516272545
vn 0 -0.99998581409454346 -0.0053240349516272545
vn 0 -0.99998581409454346 -0.0053240349516272545
vn 0 -0.99998581409454346 -0.0053240349516272545
vn 0 -0.99998581409454346 -0.0053240349516272545
vn 0 -0.99998581409454346 -0.0053240349516272545
vn 0 -0.99998581409454346 -0.0053240349516272545
vn 0 -0.99998581409454346 -0.0053240349516272545
vn 0 -0.99998581409454346 -0.0053240349516272545
vn 0 -0.99998581409454346 -0.0053240349516272545
vn 0 -0.99998581409454346 -0.0053240349516272545
vn 0 -0.99998581409454346 -0.0053240349516272545
vn 0 -0.99998581409454346 -0.0053240349516272545
vn 0 -0.99998581409454346 -0.0053240349516272545
vn 0 -0.99998581409454346 -0.0053240349516272545
vn 0 -0.99998581409454346 -0.0053240349516272545
vn 0 -0.99998581409454346 -0.0053240349516272545
vn 0 -0.99998581409454346 -0.0053240349516272545
vn 0 -0.99998581409454346 -0.0053240349516272545
vn 0 -0.99998581409454346 -0.0053240349516272545
vn 0 -0.99998581409454346 -0.0053240349516272545
vn 0 -0.99998581409454346 -0.0053240349516272545
vn 0 -0.99998581409454346 -0.0053240349516272545
vn 0 -0.99998581409454346 -0.0053240349516272545
vn 0 -0.99998581409454346 -0.0053240349516272545
vn 0 -0.99998581409454346 -0.0053240349516272545
vn 0 -0.99998581409454346 -0.0053240349516272545
vn 0 -0.99998581409454346 -0.0053240349516272545
vn 0 -0.99998581409454346 -0.0053240349516272545
vn 0 -0.99998581409454346 -0.0053240349516272545
vn 0 -0.99998581409454346 -0.0053240349516272545
vn 0 -0.99998581409454346 -0.0053240349516272545
vn 0 -0.99998581409454346 -0.0053240349516272545
vn 0 -0.99998581409454346 -0.0053240349516272545
vn 0 -0.99998581409454346 -0.0053240349516272545
vn 0 -0.99998581409454346 -0.0053240349516272545
vn 0 -0.99998581409454346 -0.0053240349516272545
vn 0 -0.99998581409454346 -0.0053240349516272545
vn 0 -0.99998581409454346 -0.0053240349516272545
vn 0 -0.99998581409454346 -0.0053240349516272545
vn 0 -0.99998581409454346 -0.0053240349516272545
vn 0 -0.99998581409454346 -0.0053240349516272545
vn 0 -0.99998581409454346 -0.0053240349516272545
vn 0 -0.99998581409454346 -0.0053240349516272545
vn 0 -0.99998581409454346 -0.0053240349516272545
vn 0 -0.99998581409454346 -0.0053240349516272545
vn 0 -0.99998581409454346 -0.0053240349516272545
vn 0 -0.99998581409454346 -0.0053240349516272545
vn 0 -0.99998581409454346 -0.0053240349516272545
vn 0 -0.99998581409454346 -0.0053240349516272545
vn 0 -0.99998581409454346 -0.0053240349516272545
vn 0 -0.99998581409454346 -0.0053240349516272545
vn 0 -0.99998581409454346 -0.0053240349516272545
vn 0 -0.99998581409454346 -0.0053240349516272545
vn 0 -0.99998581409454346 -0.0053240349516272545
vn 0 -0.99998581409454346 -0.0053240349516272545
vn 0 -0.99998581409454346 -0.0053240349516272545
vn 0 -0.99998581409454346 -0.0053240349516272545
vn 0 -0.99998581409454346 -0.0053240349516272545
vn 0 -0.99998581409454346 -0.0053240349516272545
vn 0 -0.99998581409454346 -0.0053240349516272545
vn 0 -0.99998581409454346 -0.0053240349516272545
vn 0 -0.99998581409454346 -0.0053240349516272545
vn 0 -0.99998581409454346 -0.0053240349516272545
vn 0 -0.99998581409454346 -0.0053240349516272545
vn 0 -0.99998581409454346 -0.0053240349516272545
vn 0 -0.99998581409454346 -0.0053240349516272545
vn 0 -0.99998581409454346 -0.0053240349516272545
vn 0 -0.99998581409454346 -0.0053240349516272545
vn 0 -0.99998581409454346 -0.0053240349516272545
vn 0 -0.99998581409454346 -0.0053240349516272545
vn 0 -0.99998581409454346 -0.0053240349516272545
vn 0 -0.99998581409454346 -0.0053240349516272545
vn 0 -0.99998581409454346 -0.0053240349516272545
vn 0 -0.99998581409454346 -0.0053240349516272545
vn 0 -0.99998581409454346 -0.0053240349516272545
vn 0 -0.99998581409454346 -0.0053240349516272545
vn 0 -0.99998581409454346 -0.0053240349516272545
vn 0 -0.99998581409454346 -0.0053240349516272545
vn 0 -0.99998581409454346 -0.0053240349516272545
vn 0 -0.99998581409454346 -0.0053240349516272545
vn 0 -0.99998581409454346 -0.0053240349516272545
vn 0 -0.99998581409454346 -0.0053240349516272545
vn 0 -0.99998581409454346 -0.0053240349516272545
vn 0 -0.99998581409454346 -0.0053240349516272545
vn 0 -0.99998581409454346 -0.0053240349516272545
vn 0 -0.99998581409454346 -0.0053240349516272545
vn 0 -0.99998581409454346 -0.0053240349516272545
vn 0 -0.99998581409454346 -0.0053240349516272545
vn 0 -0.99998581409454346 -0.0053240349516272545
vn 0 -0.99998581409454346 -0.0053240349516272545
vn 0 -0.99998581409454346 -0.0053240349516272545
vn 0 -0.99998581409454346 -0.0053240349516272545
vn 0 -0.99998581409454346 -0.0053240349516272545
vn 0 -0.99998581409454346 -0.0053240349516272545
vn 0 -0.99998581409454346 -0.0053240349516272545
vn 0 -0.99998581409454346 -0.0053240349516272545
vn 0 -0.99998581409454346 -0.0053240349516272545
vn 0 -0.99998581409454346 -0.0053240349516272545
vn 0 -0.99998581409454346 -0.0053240349516272545
vn 0 -0.99998581409454346 -0.0053240349516272545
vn 0 -0.99998581409454346 -0.0053240349516272545
vn 0 -0.99998581409454346 -0.0053240349516272545
vn 0 -0.99998581409454346 -0.0053240349516272545
vn 0 -0.99998581409454346 -0.0053240349516272545
vn 0 -0.99998581409454346 -0.0053240349516272545
vn 0 -0.99998581409454346 -0.0053240349516272545
vn 0 -0.99998581409454346 -0.0053240349516272545
vn 0 -0.99998581409454346 -0.0053240349516272545
vn 0 -0.99998581409454346 -0.0053240349516272545
vn 0 -0.99998581409454346 -0.0053240349516272545
vn 0 -0.99998581409454346 -0.0053240349516272545
vn 0 -0.99998581409454346 -0.0053240349516272545
vn 0 -0.99998581409454346 -0.0053240349516272545
vn 0 -0.99998581409454346 -0.0053240349516272545
vn 0 -0.99998581409454346 -0.0053240349516272545
vn 0 -0.99998581409454346 -0.0053240349516272545
vn 0 -0.99998581409454346 -0.0053240349516272545
vn 0 -0.99998581409454346 -0.0053240349516272545
vn 0 -0.99998581409454346 -0.0053240349516272545
vn 0 -0.99998581409454346 -0.0053240349516272545
vn 0 -0.99998581409454346 -0.0053240349516272545
vn 0 -0.99998581409454346 -0.0053240349516272545
vn 0 -0.99998581409454346 -0.0053240349516272545
vn 0 -0.99998581409454346 -0.0053240349516272545
vn 0 -0.99998581409454346 -0.0053240349516272545
vn 0 -0.99998581409454346 -0.0053240349516272545
vn 0 -0.99998581409454346 -0.0053240349516272545
vn 0 -0.99998581409454346 -0.0053240349516272545
vn 0 -0.99998581409454346 -0.0053240349516272545
vn 0 -0.99998581409454346 -0.0053240349516272545
vn 0 -0.99998581409454346 -0.0053240349516272545
vn 0 -0.99998581409454346 -0.0053240349516272545
vn 0 -0.99998581409454346 -0.0053240349516272545
vn 0 -0.99998581409454346 -0.0053240349516272545
vn 0 -0.99998581409454346 -0.0053240349516272545
vn 0 -0.99998581409454346 -0.0053240349516272545
vn 0 -0.99998581409454346 -0.0053240349516272545
vn 0 -0.99998581409454346 -0.0053240349516272545
vn 0 -0.99998581409454346 -0.0053240349516272545
vn 0 -0.99998581409454346 -0.0053240349516272545
vn 0 -0.99998581409454346 -0.0053240349516272545
vn 0 -0.99998581409454346 -0.0053240349516272545
vn 0 -0.99998581409454346 -0.0053240349516272545
vn 0 -0.99998581409454346 -0.0053240349516272545
vn 0 -0.99998581409454346 -0.0053240349516272545
vn 0 -0.99998581409454346 -0.0053240349516272545
vn 0 -0.99998581409454346 -0.0053240349516272545
vn 0 -0.99998581409454346 -0.0053240349516272545
vn 0 -0.99998581409454346 -0.0053240349516272545
vn 0 -0.99998581409454346 -0.0053240349516272545
vn 0 -0.99998581409454346 -0.0053240349516272545
vn 0 -0.99998581409454346 -0.0053240349516272545
vn 0 -0.99998581409454346 -0.0053240349516272545
vn 0 -0.99998581409454346 -0.0053240349516272545
vn 0 -0.99998581409454346 -0.0053240349516272545
vn 0 -0.99998581409454346 -0.0053240349516272545
vn 0 -0.99998581409454346 -0.0053240349516272545
vn 0 -0.99998581409454346 -0.0053240349516272545
vn 0 -0.99998581409454346 -0.0053240349516272545
vn 0 -0.99998581409454346 -0.0053240349516272545
vn 0 -0.99998581409454346 -0.0053240349516272545
vn 0 -0.99998581409454346 -0.0053240349516272545
vn 0 -0.99998581409454346 -0.0053240349516272545
vn 0 -0.99998581409454346 -0.0053240349516272545
vn 0 -0.99998581409454346 -0.0053240349516272545
vn 0 -0.99998581409454346 -0.0053240349516272545
vn 0 -0.99998581409454346 -0.0053240349516272545
vn 0 -0.99998581409454346 -0.0053240349516272545
vn 0 -0.99998581409454346 -0.0053240349516272545
vn 0 -0.99998581409454346 -0.0053240349516272545
vn 0 -0.99998581409454346 -0.0053240349516272545
vn 0 -0.99998581409454346 -0.0053240349516272545
vn 0 -0.99998581409454346 -0.0053240349516272545
vn 0 -0.99998581409454346 -0.0053240349516272545
vn 0 -0.99998581409454346 -0.0053240349516272545
vn 0 -0.99998581409454346 -0.0053240349516272545
vn 0 -0.99998581409454346 -0.0053240349516272545
vn 0 -0.99998581409454346 -0.0053240349516272545
vn 0 -0.99998581409454346 -0.0053240349516272545
vn 0 -0.99998581409454346 -0.0053240349516272545
vn 0 -0.99998581409454346 -0.0053240349516272545
vn 0 -0.99998581409454346 -0.0053240349516272545
vn 0 -0.99998581409454346 -0.0053240349516272545
vn 0 -0.99998581409454346 -0.0053240349516272545
vn 0 -0.99998581409454346 -0.0053240349516272545
vn 0 -0.99998581409454346 -0.0053240349516272545
vn 0 -0.99998581409454346 -0.0053240349516272545
vn 0 -0.99998581409454346 -0.0053240349516272545
vn 0 -0.99998581409454346 -0.0053240349516272545
vn 0 -0.99998581409454346 -0.0053240349516272545
vn 0 -0.99998581409454346 -0.0053240349516272545
vn 0 -0.99998581409454346 -0.0053240349516272545
vn 0 -0.99998581409454346 -0.0053240349516272545
vn 0 -0.99998581409454346 -0.0053240349516272545
vn 0 -0.99998581409454346 -0.0053240349516272545
vn 0 -0.99998581409454346 -0.0053240349516272545
vn 0 -0.99998581409454346 -0.0053240349516272545
vn 0 -0.99998581409454346 -0.0053240349516272545
vn 0 -0.99998581409454346 -0.0053240349516272545
vn 0 -0.99998581409454346 -0.0053240349516272545
vn 0 -0.99998581409454346 -0.0053240349516272545
vn 0 -0.99998581409454346 -0.0053240349516272545
vn 0 -0.99998581409454346 -0.0053240349516272545
vn 0 -0.99998581409454346 -0.0053240349516272545
vn 0 -0.99998581409454346 -0.0053240349516272545
vn 0 -0.99998581409454346 -0.0053240349516272545
vn 0 -0.99998581409454346 -0.0053240349516272545
vn 0 -0.99998581409454346 -0.0053240349516272545
vn 0 -0.99998581409454346 -0.0053240349516272545
vn 0 -0.99998581409454346 -0.0053240349516272545
vn 0 -0.99998581409454346 -0.0053240349516272545
vn 0 -0.99998581409454346 -0.0053240349516272545
vn 0 -0.99998581409454346 -0.0053240349516272545
vn 0 -0.99998581409454346 -0.0053240349516272545
vn 0 -0.99998581409454346 -0.0053240349516272545
vn 0 -0.99998581409454346 -0.0053240349516272545
vn 0 -0.99998581409454346 -0.0053240349516272545
vn 0 -0.99998581409454346 -0.0053240349516272545
vn 0 -0.99998581409454346 -0.0053240349516272545
vn 0 -0.99998581409454346 -0.0053240349516272545
vn 0 -0.99998581409454346 -0.0053240349516272545
vn 0 -0.99998581409454346 -0.0053240349516272545
vn 0 -0.99998581409454346 -0.0053240349516272545
vn 0 -0.99998581409454346 -0.0053240349516272545
vn 0 -0.99998581409454346 -0.0053240349516272545
vn 0 -0.99998581409454346 -0.0053240349516272545
vn 0 -0.99998581409454346 -0.0053240349516272545
vn 0 -0.99998581409454346 -0.0053240349516272545
vn 0 -0.99998581409454346 -0.0053240349516272545
vn 0 -0.99998581409454346 -0.0053240349516272545
vn 0 -0.99998581409454346 -0.0053240349516272545
vn 0 -0.99998581409454346 -0.0053240349516272545
vn 0 -0.99998581409454346 -0.0053240349516272545
vn 0 -0.99998581409454346 -0.0053240349516272545
vn 0 -0.99998581409454346 -0.0053240349516272545
vn 0 -0.99998581409454346 -0.0053240349516272545
vn 0 -0.99998581409454346 -0.0053240349516272545
vn 0 -0.99998581409454346 -0.0053240349516272545
vn 0 -0.99998581409454346 -0.0053240349516272545
vn 0 -0.99998581409454346 -0.0053240349516272545
vn 0 -0.99998581409454346 -0.0053240349516272545
vn 0 -0.99998581409454346 -0.0053240349516272545
vn 0 -0.99998581409454346 -0.0053240349516272545
vn 0 -0.99998581409454346 -0.0053240349516272545
vn 0 -0.99998581409454346 -0.0053240349516272545
vn 0 -0.99998581409454346 -0.0053240349516272545
vn 0 -0.99998581409454346 -0.0053240349516272545
vn 0 -0.99998581409454346 -0.0053240349516272545
vn 0 -0.99998581409454346 -0.0053240349516272545
vn 0 -0.99998581409454346 -0.0053240349516272545
vn 0 -0.99998581409454346 -0.0053240349516272545
vn 0 -0.99998581409454346 -0.0053240349516272545
vn 0 -0.99998581409454346 -0.0053240349516272545
vn 0 -0.99998581409454346 -0.0053240349516272545
vn 0 -0.99998581409454346 -0.0053240349516272545
vn 0 -0.99998581409454346 -0.0053240349516272545
vn 0 -0.99998581409454346 -0.0053240349516272545
vn 0 -0.99998581409454346 -0.0053240349516272545
vn 0 -0.99998581409454346 -0.0053240349516272545
vn 0 -0.99998581409454346 -0.0053240349516272545
vn 0 -0.99998581409454346 -0.0053240349516272545
vn 0 -0.99998581409454346 -0.0053240349516272545
vn 0 -0.99998581409454346 -0.0053240349516272545
vn 0 -0.99998581409454346 -0.0053240349516272545
vn 0 -0.99998581409454346 -0.0053240349516272545
vn 0 -0.99998581409454346 -0.0053240349516272545
vn 0 -0.99998581409454346 -0.0053240349516272545
vn 0 -0.99998581409454346 -0.0053240349516272545
vn 0 -0.99998581409454346 -0.0053240349516272545
vn 0 -0.99998581409454346 -0.0053240349516272545
vn 0 -0.99998581409454346 -0.0053240349516272545
vn 0 -0.99998581409454346 -0.0053240349516272545
vn 0 -0.99998581409454346 -0.0053240349516272545
vn 0 -0.99998581409454346 -0.0053240349516272545
vn 0 -0.99998581409454346 -0.0053240349516272545
vn 0 -0.99998581409454346 -0.0053240349516272545
vn 0 -0.99998581409454346 -0.0053240349516272545
vn 0 -0.99998581409454346 -0.0053240349516272545
vn 0 -0.99998581409454346 -0.0053240349516272545
vn 0 -0.99998581409454346 -0.0053240349516272545
vn 0 -0.99998581409454346 -0.0053240349516272545
vn 0 -0.99998581409454346 -0.0053240349516272545
vn 0 -0.99998581409454346 -0.0053240349516272545
vn 0 -0.99998581409454346 -0.0053240349516272545
vn 0 -0.99998581409454346 -0.0053240349516272545
vn 0 -0.99998581409454346 -0.0053240349516272545
vn 0 -0.99998581409454346 -0.0053240349516272545
vn 0 -0.99998581409454346 -0.0053240349516272545
vn 0 -0.99998581409454346 -0.0053240349516272545
vn 0 -0.99998581409454346 -0.0053240349516272545
vn 0 -0.99998581409454346 -0.0053240349516272545
vn 0 -0.99998581409454346 -0.0053240349516272545
vn 0 -0.99998581409454346 -0.0053240349516272545
vn 0 -0.99998581409454346 -0.0053240349516272545
vn 0 -0.99998581409454346 -0.0053240349516272545
vn 0 -0.99998581409454346 -0.0053240349516272545
vn 0 -0.99998581409454346 -0.0053240349516272545
vn 0 -0.99998581409454346 -0.0053240349516272545
vn 0 -0.99998581409454346 -0.0053240349516272545
vn 0 -0.99998581409454346 -0.0053240349516272545
vn 0 -0.99998581409454346 -0.0053240349516272545
vn 0 -0.99998581409454346 -0.0053240349516272545
vn 0 -0.99998581409454346 -0.0053240349516272545
vn 0 -0.99998581409454346 -0.0053240349516272545
vn 0 -0.99998581409454346 -0.0053240349516272545
vn 0 -0.99998581409454346 -0.0053240349516272545
vn 0 -0.99998581409454346 -0.0053240349516272545
vn 0 -0.99998581409454346 -0.0053240349516272545
vn 0 -0.99998581409454346 -0.0053240349516272545
vn 0 -0.99998581409454346 -0.0053240349516272545
vn 0 -0.99998581409454346 -0.0053240349516272545
vn 0 -0.99998581409454346 -0.0053240349516272545
vn 0 -0.99998581409454346 -0.0053240349516272545
vn 0 -0.99998581409454346 -0.0053240349516272545
vn 0 -0.99998581409454346 -0.0053240349516272545
vn 0 -0.99998581409454346 -0.0053240349516272545
vn 0 -0.99998581409454346 -0.0053240349516272545
vn 0 -0.99998581409454346 -0.0053240349516272545
vn 0 -0.99998581409454346 -0.0053240349516272545
vn 0 -0.99998581409454346 -0.0053240349516272545
vn 0 -0.99998581409454346 -0.0053240349516272545
vn 0 -0.99998581409454346 -0.0053240349516272545
vn 0 -0.99998581409454346 -0.0053240349516272545
vn 0 -0.99998581409454346 -0.0053240349516272545
vn 0 -0.99998581409454346 -0.0053240349516272545
vn 0 -0.99998581409454346 -0.0053240349516272545
vn 0 -0.99998581409454346 -0.0053240349516272545
vn 0 -0.99998581409454346 -0.0053240349516272545
vn 0 -0.99998581409454346 -0.0053240349516272545
vn 0 -0.99998581409454346 -0.0053240349516272545
vn 0 -0.99998581409454346 -0.0053240349516272545
vn 0 -0.99998581409454346 -0.0053240349516272545
vn 0 -0.99998581409454346 -0.0053240349516272545
vn 0 -0.99998581409454346 -0.0053240349516272545
vn 0 -0.99998581409454346 -0.0053240349516272545
vn 0 -0.99998581409454346 -0.0053240349516272545
vn 0 -0.99998581409454346 -0.0053240349516272545
vn 0 -0.99998581409454346 -0.0053240349516272545
vn 0 -0.99998581409454346 -0.0053240349516272545
vn 0 -0.99998581409454346 -0.0053240349516272545
vn 0 -0.99998581409454346 -0.0053240349516272545
vn 0 -0.99998581409454346 -0.0053240349516272545
vn 0 -0.99998581409454346 -0.0053240349516272545
vn 0 -0.99998581409454346 -0.0053240349516272545
vn 0 -0.99998581409454346 -0.0053240349516272545
vn 0 -0.99998581409454346 -0.0053240349516272545
vn 0 -0.99998581409454346 -0.0053240349516272545
vn 0 -0.99998581409454346 -0.0053240349516272545
vn 0 -0.99998581409454346 -0.0053240349516272545
vn 0 -0.99998581409454346 -0.0053240349516272545
vn 0 -0.99998581409454346 -0.0053240349516272545
vn 0 -0.99998581409454346 -0.0053240349516272545
vn 0 -0.99998581409454346 -0.0053240349516272545
vn 0 -0.99998581409454346 -0.0053240349516272545
vn 0 -0.99998581409454346 -0.0053240349516272545
vn 0 -0.99998581409454346 -0.0053240349516272545
vn 0 -0.99998581409454346 -0.0053240349516272545
vn 0 -0.99998581409454346 -0.0053240349516272545
vn 0 -0.99998581409454346 -0.0053240349516272545
vn 0 -0.99998581409454346 -0.0053240349516272545
vn 0 -0.99998581409454346 -0.0053240349516272545
vn 0 -0.99998581409454346 -0.0053240349516272545
vn 0 -0.99998581409454346 -0.0053240349516272545
vn 0 -0.99998581409454346 -0.0053240349516272545
vn 0 -0.99998581409454346 -0.0053240349516272545
vn 0 -0.99998581409454346 -0.0053240349516272545
vn 0 -0.99998581409454346 -0.0053240349516272545
vn 0 -0.99998581409454346 -0.0053240349516272545
vn 0 -0.99998581409454346 -0.0053240349516272545
vn 0 -0.99998581409454346 -0.0053240349516272545
vn 0 -0.99998581409454346 -0.0053240349516272545
vn 0 -0.99998581409454346 -0.0053240349516272545
vn 0 -0.99998581409454346 -0.0053240349516272545
vn 0 -0.99998581409454346 -0.0053240349516272545
vn 0 -0.99998581409454346 -0.0053240349516272545
vn 0 -0.99998581409454346 -0.0053240349516272545
vn 0 -0.99998581409454346 -0.0053240349516272545
vn 0 -0.99998581409454346 -0.0053240349516272545
vn 0 -0.99998581409454346 -0.0053240349516272545
vn 0 -0.99998581409454346 -0.0053240349516272545
vn 0 -0.99998581409454346 -0.0053240349516272545
vn 0 -0.99998581409454346 -0.0053240349516272545
vn 0 -0.99998581409454346 -0.0053240349516272545
vn 0 -0.99998581409454346 -0.0053240349516272545
vn 0 -0.99998581409454346 -0.0053240349516272545
vn 0 -0.99998581409454346 -0.0053240349516272545
vn 0 -0.99998581409454346 -0.0053240349516272545
vn 0 -0.99998581409454346 -0.0053240349516272545
vn 0 -0.99998581409454346 -0.0053240349516272545
vn 0 -0.99998581409454346 -0.0053240349516272545
vn 0 -0.99998581409454346 -0.0053240349516272545
vn 0 -0.99998581409454346 -0.0053240349516272545
vn 0 -0.99998581409454346 -0.0053240349516272545
vn 0 -0.99998581409454346 -0.0053240349516272545
vn 0 -0.99998581409454346 -0.0053240349516272545
vn 0 -0.99998581409454346 -0.0053240349516272545
vn 0 -0.99998581409454346 -0.0053240349516272545
vn 0 -0.99998581409454346 -0.0053240349516272545
vn 0 -0.99998581409454346 -0.0053240349516272545
vn 0 -0.99998581409454346 -0.0053240349516272545
vn 0 -0.99998581409454346 -0.0053240349516272545
vn 0 -0.99998581409454346 -0.0053240349516272545
vn 0 -0.99998581409454346 -0.0053240349516272545
vn 0 -0.99998581409454346 -0.0053240349516272545
vn 0 -0.99998581409454346 -0.0053240349516272545
vn 0 -0.99998581409454346 -0.0053240349516272545
vn 0 -0.99998581409454346 -0.0053240349516272545
vn 0 -0.99998581409454346 -0.0053240349516272545
vn 0 -0.99998581409454346 -0.0053240349516272545
vn 0 -0.99998581409454346 -0.0053240349516272545
vn 0 -0.99998581409454346 -0.0053240349516272545
vn 0 -0.99998581409454346 -0.0053240349516272545
vn 0 -0.99998581409454346 -0.0053240349516272545
vn 0 -0.99998581409454346 -0.0053240349516272545
vn 0 -0.99998581409454346 -0.0053240349516272545
vn 0 -0.99998581409454346 -0.0053240349516272545
vn 0 -0.99998581409454346 -0.0053240349516272545
vn 0 -0.99998581409454346 -0.0053240349516272545
vn 0 -0.99998581409454346 -0.0053240349516272545
vn 0 -0.99998581409454346 -0.0053240349516272545
vn 0 -0.99998581409454346 -0.0053240349516272545
vn 0 -0.99998581409454346 -0.0053240349516272545
vn 0 -0.99998581409454346 -0.0053240349516272545
vn 0 -0.99998581409454346 -0.0053240349516272545
vn 0 -0.99998581409454346 -0.0053240349516272545
vn 0 -0.99998581409454346 -0.0053240349516272545
vn 0 -0.99998581409454346 -0.0053240349516272545
vn 0 -0.99998581409454346 -0.0053240349516272545
vn 0 -0.99998581409454346 -0.0053240349516272545
vn 0 -0.99998581409454346 -0.0053240349516272545
vn 0 -0.99998581409454346 -0.0053240349516272545
vn 0 -0.99998581409454346 -0.0053240349516272545
vn 0 -0.99998581409454346 -0.0053240349516272545
vn 0 -0.99998581409454346 -0.0053240349516272545
vn 0 -0.99998581409454346 -0.0053240349516272545
vn 0 -0.99998581409454346 -0.0053240349516272545
vn 0 -0.99998581409454346 -0.0053240349516272545
vn 0 -0.99998581409454346 -0.0053240349516272545
vn 0 -0.99998581409454346 -0.0053240349516272545
vn 0 -0.99998581409454346 -0.0053240349516272545
vn 0 -0.99998581409454346 -0.0053240349516272545
vn 0 -0.99998581409454346 -0.0053240349516272545
vn 0 -0.99998581409454346 -0.0053240349516272545
vn 0 -0.99998581409454346 -0.0053240349516272545
vn 0 -0.99998581409454346 -0.0053240349516272545
vn 0 -0.99998581409454346 -0.0053240349516272545
vn 0 -0.99998581409454346 -0.0053240349516272545
vn 0 -0.99998581409454346 -0.0053240349516272545
vn 0 -0.99998581409454346 -0.0053240349516272545
vn 0 -0.99998581409454346 -0.0053240349516272545
vn 0 -0.99998581409454346 -0.0053240349516272545
vn 0 -0.99998581409454346 -0.0053240349516272545
vn 0 -0.99998581409454346 -0.0053240349516272545
vn 0 -0.99998581409454346 -0.0053240349516272545
vn 0 -0.99998581409454346 -0.0053240349516272545
vn 0 -0.99998581409454346 -0.0053240349516272545
vn 0 -0.99998581409454346 -0.0053240349516272545
vn 0 -0.99998581409454346 -0.0053240349516272545
vn 0 -0.99998581409454346 -0.0053240349516272545
vn 0 -0.99998581409454346 -0.0053240349516272545
vn 0 -0.99998581409454346 -0.0053240349516272545
vn 0 -0.99998581409454346 -0.0053240349516272545
vn 0 -0.99998581409454346 -0.0053240349516272545
vn 0 -0.99998581409454346 -0.0053240349516272545
vn 0 -0.99998581409454346 -0.0053240349516272545
vn 0 -0.99998581409454346 -0.0053240349516272545
vn 0 -0.99998581409454346 -0.0053240349516272545
vn 0 -0.99998581409454346 -0.0053240349516272545
vn 0 -0.99998581409454346 -0.0053240349516272545
vn 0 -0.99998581409454346 -0.0053240349516272545
vn 0 -0.99998581409454346 -0.0053240349516272545
vn 0 -0.99998581409454346 -0.0053240349516272545
vn 0 -0.99998581409454346 -0.0053240349516272545
vn 0 -0.99998581409454346 -0.0053240349516272545
vn 0 -0.99998581409454346 -0.0053240349516272545
vn 0 -0.99998581409454346 -0.0053240349516272545
vn 0 -0.99998581409454346 -0.0053240349516272545
vn 0 -0.99998581409454346 -0.0053240349516272545
vn 0 -0.99998581409454346 -0.0053240349516272545
vn 0 -0.99998581409454346 -0.0053240349516272545
vn 0 -0.99998581409454346 -0.0053240349516272545
vn 0 -0.99998581409454346 -0.0053240349516272545
vn 0 -0.99998581409454346 -0.0053240349516272545
vn 0 -0.99998581409454346 -0.0053240349516272545
vn 0 -0.99998581409454346 -0.0053240349516272545
vn 0 -0.99998581409454346 -0.0053240349516272545
vn 0 -0.99998581409454346 -0.0053240349516272545
vn 0 -0.99998581409454346 -0.0053240349516272545
vn 0 -0.99998581409454346 -0.0053240349516272545
vn 0 -0.99998581409454346 -0.0053240349516272545
vn 0 -0.99998581409454346 -0.0053240349516272545
vn 0 -0.99998581409454346 -0.0053240349516272545
vn 0 -0.99998581409454346 -0.0053240349516272545
vn 0 -0.99998581409454346 -0.0053240349516272545
vn 0 -0.99998581409454346 -0.0053240349516272545
vn 0 -0.99998581409454346 -0.0053240349516272545
vn 0 -0.99998581409454346 -0.0053240349516272545
vn 0 -0.99998581409454346 -0.0053240349516272545
vn 0 -0.99998581409454346 -0.0053240349516272545
vn 0 -0.99998581409454346 -0.0053240349516272545
vn 0 -0.99998581409454346 -0.0053240349516272545
vn 0 -0.99998581409454346 -0.0053240349516272545
vn 0 -0.99998581409454346 -0.0053240349516272545
vn 0 -0.99998581409454346 -0.0053240349516272545
vn 0 -0.99998581409454346 -0.0053240349516272545
vn 0 -0.99998581409454346 -0.0053240349516272545
vn 0 -0.99998581409454346 -0.0053240349516272545
vn 0 -0.99998581409454346 -0.0053240349516272545
vn 0 -0.99998581409454346 -0.0053240349516272545
vn 0 -0.99998581409454346 -0.0053240349516272545
vn 0 -0.99998581409454346 -0.0053240349516272545
vn 0 -0.99998581409454346 -0.0053240349516272545
vn 0 -0.99998581409454346 -0.0053240349516272545
vn 0 -0.99998581409454346 -0.0053240349516272545
vn 0 -0.99998581409454346 -0.0053240349516272545
vn 0 -0.99998581409454346 -0.0053240349516272545
vn 0 -0.99998581409454346 -0.0053240349516272545
vn 0 -0.99998581409454346 -0.0053240349516272545
vn 0 -0.99998581409454346 -0.0053240349516272545
vn 0 -0.99998581409454346 -0.0053240349516272545
vn 0 -0.99998581409454346 -0.0053240349516272545
vn 0 -0.99998581409454346 -0.0053240349516272545
vn 0 -0.99998581409454346 -0.0053240349516272545
vn 0 -0.99998581409454346 -0.0053240349516272545
vn 0 -0.99998581409454346 -0.0053240349516272545
vn 0 -0.99998581409454346 -0.0053240349516272545
vn 0 -0.99998581409454346 -0.0053240349516272545
vn 0 -0.99998581409454346 -0.0053240349516272545
vn 0 -0.99998581409454346 -0.0053240349516272545
vn 0 -0.99998581409454346 -0.0053240349516272545
vn 0 -0.99998581409454346 -0.0053240349516272545
vn 0 -0.99998581409454346 -0.0053240349516272545
vn 0 -0.99998581409454346 -0.0053240349516272545
vn 0 -0.99998581409454346 -0.0053240349516272545
vn 0 -0.99998581409454346 -0.0053240349516272545
vn 0 -0.99998581409454346 -0.0053240349516272545
vn 0 -0.99998581409454346 -0.0053240349516272545
vn 0 -0.99998581409454346 -0.0053240349516272545
vn 0 -0.99998581409454346 -0.0053240349516272545
vn 0 -0.99998581409454346 -0.0053240349516272545
vn 0 -0.99998581409454346 -0.0053240349516272545
vn 0 -0.99998581409454346 -0.0053240349516272545
vn 0 -0.99998581409454346 -0.0053240349516272545
vn 0 -0.99998581409454346 -0.0053240349516272545
vn 0 -0.99998581409454346 -0.0053240349516272545
vn 0 -0.99998581409454346 -0.0053240349516272545
vn 0 -0.99998581409454346 -0.0053240349516272545
vn 0 -0.99998581409454346 -0.0053240349516272545
vn 0 -0.99998581409454346 -0.0053240349516272545
vn 0 -0.99998581409454346 -0.0053240349516272545
vn 0 -0.99998581409454346 -0.0053240349516272545
vn 0 -0.99998581409454346 -0.0053240349516272545
vn 0 -0.99998581409454346 -0.0053240349516272545
vn 0 -0.99998581409454346 -0.0053240349516272545
vn 0 -0.99998581409454346 -0.0053240349516272545
vn 0 -0.99998581409454346 -0.0053240349516272545
vn 0 -0.99998581409454346 -0.0053240349516272545
vn 0 -0.99998581409454346 -0.0053240349516272545
vn 0 -0.99998581409454346 -0.0053240349516272545
vn 0 -0.99998581409454346 -0.0053240349516272545
vn 0 -0.99998581409454346 -0.0053240349516272545
vn 0 -0.99998581409454346 -0.0053240349516272545
vn 0 -0.99998581409454346 -0.0053240349516272545
vn 0 -0.99998581409454346 -0.0053240349516272545
vn 0 -0.99998581409454346 -0.0053240349516272545
vn 0 -0.99998581409454346 -0.0053240349516272545
vn 0 -0.99998581409454346 -0.0053240349516272545
vn 0 -0.99998581409454346 -0.0053240349516272545
vn 0 -0.99998581409454346 -0.0053240349516272545
vn 0 -0.99998581409454346 -0.0053240349516272545
vn 0 -0.99998581409454346 -0.0053240349516272545
vn 0 -0.99998581409454346 -0.0053240349516272545
vn 0 -0.99998581409454346 -0.0053240349516272545
vn 0 -0.99998581409454346 -0.0053240349516272545
vn 0 -0.99998581409454346 -0.0053240349516272545
vn 0 -0.99998581409454346 -0.0053240349516272545
vn 0 -0.99998581409454346 -0.0053240349516272545
vn 0 -0.99998581409454346 -0.0053240349516272545
vn 0 -0.99998581409454346 -0.0053240349516272545
vn 0 -0.99998581409454346 -0.0053240349516272545
vn 0 -0.99998581409454346 -0.0053240349516272545
vn 0 -0.99998581409454346 -0.0053240349516272545
vn 0 -0.99998581409454346 -0.0053240349516272545
vn 0 -0.99998581409454346 -0.0053240349516272545
vn 0 -0.99998581409454346 -0.0053240349516272545
vn 0 -0.99998581409454346 -0.0053240349516272545
vn 0 -0.99998581409454346 -0.0053240349516272545
vn 0 -0.99998581409454346 -0.0053240349516272545
vn 0 -0.99998581409454346 -0.0053240349516272545
vn 0 -0.99998581409454346 -0.0053240349516272545
vn 0 -0.99998581409454346 -0.0053240349516272545
vn 0 -0.99998581409454346 -0.0053240349516272545
vn 0 -0.99998581409454346 -0.0053240349516272545
vn 0 -0.99998581409454346 -0.0053240349516272545
vn 0 -0.99998581409454346 -0.0053240349516272545
vn 0 -0.99998581409454346 -0.0053240349516272545
vn 0 -0.99998581409454346 -0.0053240349516272545
vn 0 -0.99998581409454346 -0.0053240349516272545
vn 0 -0.99998581409454346 -0.0053240349516272545
vn 0 -0.99998581409454346 -0.0053240349516272545
vn 0 -0.99998581409454346 -0.0053240349516272545
vn 0 -0.99998581409454346 -0.0053240349516272545
vn 0 -0.99998581409454346 -0.0053240349516272545
vn 0 -0.99998581409454346 -0.0053240349516272545
vn 0 -0.99998581409454346 -0.0053240349516272545
vn 0 -0.99998581409454346 -0.0053240349516272545
vn 0 -0.99998581409454346 -0.0053240349516272545
vn 0 -0.99998581409454346 -0.0053240349516272545
vn 0 -0.99998581409454346 -0.0053240349516272545
vn 0 -0.99998581409454346 -0.0053240349516272545
vn 0 -0.99998581409454346 -0.0053240349516272545
vn 0 -0.99998581409454346 -0.0053240349516272545
vn 0 -0.99998581409454346 -0.0053240349516272545
vn 0 -0.99998581409454346 -0.0053240349516272545
vn 0 -0.99998581409454346 -0.0053240349516272545
vn 0 -0.99998581409454346 -0.0053240349516272545
vn 0 -0.99998581409454346 -0.0053240349516272545
vn 0 -0.99998581409454346 -0.0053240349516272545
vn 0 -0.99998581409454346 -0.0053240349516272545
vn 0 -0.99998581409454346 -0.0053240349516272545
vn 0 -0.99998581409454346 -0.0053240349516272545
vn 0 -0.99998581409454346 -0.0053240349516272545
vn 0 -0.99998581409454346 -0.0053240349516272545
vn 0 -0.99998581409454346 -0.0053240349516272545
vn 0 -0.99998581409454346 -0.0053240349516272545
vn 0 -0.99998581409454346 -0.0053240349516272545
vn 0 -0.99998581409454346 -0.0053240349516272545
vn 0 -0.99998581409454346 -0.0053240349516272545
vn 0 -0.99998581409454346 -0.0053240349516272545
vn 0 -0.99998581409454346 -0.0053240349516272545
vn 0 -0.99998581409454346 -0.0053240349516272545
vn 0 -0.99998581409454346 -0.0053240349516272545
vn 0 -0.99998581409454346 -0.0053240349516272545
vn 0 -0.99998581409454346 -0.0053240349516272545
vn 0 -0.99998581409454346 -0.0053240349516272545
vn 0 -0.99998581409454346 -0.0053240349516272545
vn 0 -0.99998581409454346 -0.0053240349516272545
vn 0 -0.99998581409454346 -0.0053240349516272545
vn 0 -0.99998581409454346 -0.0053240349516272545
vn 0 -0.99998581409454346 -0.0053240349516272545
vn 0 -0.99998581409454346 -0.0053240349516272545
vn 0 -0.99998581409454346 -0.0053240349516272545
vn 0 -0.99998581409454346 -0.0053240349516272545
vn 0 -0.99998581409454346 -0.0053240349516272545
f 31//31 2//2 1425//1425
f 4//4 1632//1632 33//33
f 1931//1931 5//5 33//33
f 35//35 7//7 34//34
f 9//9 2097//2097 1635//1635
f 11//11 2065//2065 1429//1429
f 15//15 36//36 1516//1516
f 20//20 19//19 1423//1423
f 1988//1988 21//21 37//37
f 1988//1988 1509//1509 22//22
f 1730//1730 24//24 1433//1433
f 1730//1730 1431//1431 25//25
f 29//29 38//38 39//39
f 32//32 31//31 41//41
f 1632//1632 1410//1410 33//33
f 2027//2027 1970//1970 1516//1516
f 1715//1715 1966//1966 51//51
f 53//53 1715//1715 52//52
f 37//37 1423//1423 53//53
f 1958//1958 56//56 1628//1628
f 58//58 1802//1802 1431//1431
f 1510//1510 60//60 38//38
f 39//39 60//60 61//61
f 63//63 32//32 41//41
f 1750//1750 64//64 65//65
f 66//66 1750//1750 65//65
f 1432//1432 1666//1666 1624//1624
f 47//47 48//48 2065//2065
f 73//73 1810//1810 1970//1970
f 75//75 1493//1493 52//52
f 54//54 1925//1925 1498//1498
f 1401//1401 78//78 102//102
f 79//79 1414//1414 59//59
f 61//61 80//80 81//81
f 1496//1496 65//65 64//64
f 1624//1624 87//87 1432//1432
f 70//70 91//91 1491//1491
f 1491//1491 71//71 70//70
f 1495//1495 92//92 93//93
f 1495//1495 1618//1618 73//73
f 1494//1494 95//95 74//74
f 1755//1755 1840//1840 99//99
f 1622//1622 1545//1545 79//79
f 80//80 1848//1848 81//81
f 87//87 88//88 1432//1432
f 90//90 1633//1633 1729//1729
f 131//131 94//94 112//112
f 95//95 1403//1403 96//96
f 2036//2036 100//100 115//115
f 1917//1917 103//103 1622//1622
f 103//103 104//104 1545//1545
f 105//105 104//104 118//118
f 121//121 1800//1800 107//107
f 1938//1938 123//123 1721//1721
f 86//86 1721//1721 87//87
f 1636//1636 109//109 90//90
f 128//128 110//110 1739//1739
f 2000//2000 93//93 1408//1408
f 131//131 112//112 130//130
f 132//132 1825//1825 1403//1403
f 1403//1403 1904//1904 96//96
f 1816//1816 135//135 114//114
f 116//116 138//138 1736//1736
f 119//119 139//139 140//140
f 1800//1800 121//121 1738//1738
f 1620//1620 143//143 144//144
f 1938//1938 1620//1620 122//122
f 122//122 1900//1900 123//123
f 145//145 124//124 1900//1900
f 145//145 125//125 124//124
f 125//125 1780//1780 1625//1625
f 1420//1420 1625//1625 1780//1780
f 126//126 1420//1420 2070//2070
f 151//151 152//152 129//129
f 153//153 1660//1660 1542//1542
f 1660//1660 154//154 130//130
f 1400//1400 156//156 132//132
f 134//134 1404//1404 1684//1684
f 135//135 136//136 114//114
f 138//138 1418//1418 160//160
f 1629//1629 161//161 162//162
f 140//140 162//162 163//163
f 142//142 165//165 1407//1407
f 1407//1407 143//143 1738//1738
f 1972//1972 1411//1411 1900//1900
f 1623//1623 2037//2037 1411//1411
f 1526//1526 174//174 155//155
f 156//156 175//175 1621//1621
f 1953//1953 178//178 158//158
f 1535//1535 159//159 137//137
f 161//161 180//180 1775//1775
f 163//163 1775//1775 181//181
f 166//166 184//184 1685//1685
f 1975//1975 185//185 1623//1623
f 1907//1907 1623//1623 186//186
f 1627//1627 170//170 152//152
f 194//194 175//175 174//174
f 194//194 195//195 1621//1621
f 176//176 1746//1746 177//177
f 1619//1619 1680//1680 1855//1855
f 1422//1422 197//197 198//198
f 179//179 1535//1535 1422//1422
f 200//200 1897//1897 2011//2011
f 180//180 202//202 1626//1626
f 181//181 1626//1626 203//203
f 2042//2042 207//207 185//185
f 185//185 186//186 1623//1623
f 188//188 2104//2104 210//210
f 189//189 212//212 213//213
f 190//190 213//213 214//214
f 192//192 215//215 193//193
f 1358//1358 196//196 217//217
f 199//199 219//219 1360//1360
f 203//203 221//221 222//222
f 1924//1924 208//208 207//207
f 1364//1364 1785//1785 211//211
f 215//215 231//231 1362//1362
f 216//216 234//234 1617//1617
f 1638//1638 219//219 218//218
f 1360//1360 238//238 239//239
f 2109//2109 220//220 239//239
f 222//222 241//241 242//242
f 224//224 1354//1354 1570//1570
f 1921//1921 248//248 2066//2066
f 2066//2066 248//248 1924//1924
f 1363//1363 226//226 209//209
f 230//230 214//214 229//229
f 1910//1910 1367//1367 233//233
f 235//235 259//259 1573//1573
f 261//261 263//263 238//238
f 242//242 1436//1436 265//265
f 246//246 268//268 247//247
f 269//269 247//247 268//268
f 250//250 249//249 1369//1369
f 1708//1708 274//274 297//297
f 1708//1708 275//275 1754//1754
f 1362//1362 2074//2074 1910//1910
f 1919//1919 1749//1749 257//257
f 1749//1749 1984//1984 1367//1367
f 1864//1864 1544//1544 259//259
f 265//265 284//284 285//285
f 1572//1572 287//287 311//311
f 288//288 268//268 1572//1572
f 1444//1444 290//290 291//291
f 271//271 1697//1697 293//293
f 296//296 1447//1447 1368//1368
f 276//276 298//298 299//299
f 299//299 2085//2085 1906//1906
f 301//301 1749//1749 278//278
f 304//304 1788//1788 280//280
f 281//281 1788//1788 305//305
f 1915//1915 1340//1340 262//262
f 282//282 2075//2075 283//283
f 285//285 1341//1341 309//309
f 288//288 312//312 289//289
f 290//290 289//289 313//313
f 313//313 291//291 290//290
f 293//293 1345//1345 315//315
f 316//316 1860//1860 338//338
f 316//316 295//295 294//294
f 1344//1344 1985//1985 298//298
f 298//298 317//317 299//299
f 318//318 2085//2085 299//299
f 1883//1883 1965//1965 320//320
f 302//302 303//303 1544//1544
f 1743//1743 322//322 304//304
f 1347//1347 324//324 304//304
f 1788//1788 324//324 305//305
f 306//306 325//325 307//307
f 309//309 328//328 329//329
f 1563//1563 1933//1933 339//339
f 1564//1564 1985//1985 340//340
f 341//341 317//317 1564//1564
f 343//343 320//320 342//342
f 321//321 344//344 345//345
f 321//321 303//303 1928//1928
f 1880//1880 323//323 322//322
f 348//348 1874//1874 1347//1347
f 324//324 1485//1485 305//305
f 1646//1646 325//325 1349//1349
f 350//350 327//327 1350//1350
f 329//329 1471//1471 351//351
f 1352//1352 1473//1473 332//332
f 332//332 333//333 312//312
f 333//333 1927//1927 1650//1650
f 1468//1468 1563//1563 359//359
f 341//341 362//362 1701//1701
f 364//364 342//342 363//363
f 1699//1699 343//343 364//364
f 344//344 1699//1699 345//345
f 345//345 366//366 1700//1700
f 348//348 346//346 1386//1386
f 1567//1567 368//368 1943//1943
f 369//369 1349//1349 1567//1567
f 351//351 1861//1861 371//371
f 1473//1473 2008//2008 1927//1927
f 376//376 356//356 375//375
f 357//357 1846//1846 358//358
f 1846//1846 357//357 1777//1777
f 1657//1657 1756//1756 378//378
f 379//379 359//359 1657//1657
f 361//361 381//381 362//362
f 1388//1388 363//363 1701//1701
f 383//383 1477//1477 364//364
f 385//385 367//367 1863//1863
f 368//368 387//387 1943//1943
f 369//369 1565//1565 1646//1646
f 389//389 1565//1565 370//370
f 371//371 390//390 391//391
f 414//414 1789//1789 1475//1475
f 373//373 374//374 353//353
f 394//394 1392//1392 374//374
f 399//399 2033//2033 398//398
f 382//382 402//402 1486//1486
f 1486//1486 403//403 1851//1851
f 1486//1486 1851//1851 1388//1388
f 1760//1760 405//405 406//406
f 407//407 1863//1863 1760//1760
f 387//387 386//386 408//408
f 1547//1547 1943//1943 409//409
f 1868//1868 2035//2035 1547//1547
f 1971//1971 2035//2035 411//411
f 1947//1947 1449//1449 2078//2078
f 391//391 1449//1449 412//412
f 1398//1398 1952//1952 1393//1393
f 414//414 1454//1454 1789//1789
f 394//394 395//395 1392//1392
f 417//417 396//396 1392//1392
f 417//417 397//397 396//396
f 437//437 1858//1858 1963//1963
f 1585//1585 1858//1858 437//437
f 1790//1790 1793//1793 419//419
f 400//400 420//420 1394//1394
f 1394//1394 402//402 401//401
f 404//404 403//403 1691//1691
f 1971//1971 1947//1947 2078//2078
f 412//412 1695//1695 429//429
f 1586//1586 449//449 1379//1379
f 415//415 414//414 1396//1396
f 416//416 432//432 433//433
f 404//404 1691//1691 422//422
f 422//422 423//423 404//404
f 1581//1581 441//441 2047//2047
f 410//410 1791//1791 426//426
f 427//427 411//411 1645//1645
f 444//444 427//427 1645//1645
f 429//429 446//446 447//447
f 467//467 1379//1379 450//450
f 451//451 432//432 415//415
f 1694//1694 435//435 434//434
f 1835//1835 1574//1574 454//454
f 456//456 439//439 1584//1584
f 462//462 2005//2005 442//442
f 443//443 444//444 1645//1645
f 447//447 2054//2054 465//465
f 1839//1839 1576//1576 451//451
f 1901//1901 1576//1576 469//469
f 1520//1520 1901//1901 470//470
f 1762//1762 1577//1577 453//453
f 472//472 473//473 454//454
f 457//457 1696//1696 2083//2083
f 1502//1502 478//478 1642//1642
f 502//502 1942//1942 480//480
f 1652//1652 1894//1894 459//459
f 1894//1894 461//461 460//460
f 1763//1763 461//461 484//484
f 485//485 1763//1763 484//484
f 1580//1580 1455//1455 1377//1377
f 1707//1707 1455//1455 1580//1580
f 1776//1776 465//465 2054//2054
f 1521//1521 513//513 490//490
f 470//470 492//492 493//493
f 1762//1762 453//453 471//471
f 1574//1574 1986//1986 472//472
f 1579//1579 495//495 496//496
f 473//473 472//472 1579//1579
f 474//474 2041//2041 1381//1381
f 480//480 1828//1828 501//501
f 1709//1709 480//480 501//501
f 502//502 1652//1652 1942//1942
f 481//481 503//503 482//482
f 483//483 504//504 484//484
f 485//485 506//506 1580//1580
f 487//487 507//507 1533//1533
f 488//488 508//508 509//509
f 1511//1511 511//511 1664//1664
f 491//491 514//514 1856//1856
f 1761//1761 1856//1856 514//514
f 495//495 1762//1762 494//494
f 497//497 519//519 1382//1382
f 2041//2041 1382//1382 520//520
f 521//521 498//498 1381//1381
f 499//499 498//498 522//522
f 523//523 1818//1818 545//545
f 479//479 1870//1870 524//524
f 525//525 501//501 524//524
f 503//503 549//549 1770//1770
f 504//504 1435//1435 527//527
f 528//528 1639//1639 505//505
f 1533//1533 531//531 1550//1550
f 509//509 1550//1550 532//532
f 512//512 511//511 534//534
f 1483//1483 512//512 1823//1823
f 535//535 490//490 1483//1483
f 1832//1832 537//537 1710//1710
f 540//540 518//518 539//539
f 1913//1913 524//524 523//523
f 548//548 1822//1822 1709//1709
f 529//529 1639//1639 1999//1999
f 532//532 2014//2014 555//555
f 1482//1482 557//557 534//534
f 577//577 1823//1823 557//557
f 1380//1380 1911//1911 558//558
f 1911//1911 1380//1380 535//535
f 1469//1469 559//559 560//560
f 536//536 560//560 537//537
f 1467//1467 537//537 2002//2002
f 538//538 1908//1908 539//539
f 2103//2103 520//520 540//540
f 544//544 543//543 566//566
f 1913//1913 2058//2058 547//547
f 2022//2022 547//547 568//568
f 570//570 549//549 2048//2048
f 571//571 1820//1820 570//570
f 572//572 1820//1820 571//571
f 1552//1552 554//554 553//553
f 555//555 554//554 575//575
f 1823//1823 577//577 1548//1548
f 559//559 580//580 560//560
f 561//561 2002//2002 581//581
f 562//562 1671//1671 563//563
f 2090//2090 1549//1549 586//586
f 545//545 1877//1877 1704//1704
f 2058//2058 568//568 547//547
f 1857//1857 592//592 569//569
f 571//571 594//594 595//595
f 575//575 574//574 598//598
f 601//601 578//578 577//577
f 1546//1546 558//558 1548//1548
f 581//581 1375//1375 561//561
f 582//582 605//605 583//583
f 584//584 1671//1671 607//607
f 1559//1559 1549//1549 585//585
f 588//588 610//610 589//589
f 611//611 591//591 590//590
f 593//593 614//614 594//594
f 1560//1560 594//594 615//615
f 596//596 1560//1560 616//616
f 597//597 618//618 1376//1376
f 598//598 620//620 621//621
f 623//623 601//601 600//600
f 578//578 625//625 602//602
f 1546//1546 1867//1867 579//579
f 603//603 2013//2013 1905//1905
f 1375//1375 629//629 605//605
f 606//606 605//605 630//630
f 608//608 632//632 633//633
f 1559//1559 584//584 608//608
f 633//633 2059//2059 1559//1559
f 635//635 1805//1805 634//634
f 1706//1706 590//590 589//589
f 1705//1705 1887//1887 612//612
f 1838//1838 614//614 613//613
f 612//612 614//614 593//593
f 619//619 647//647 620//620
f 621//621 647//647 648//648
f 650//650 623//623 622//622
f 625//625 652//652 653//653
f 1339//1339 627//627 626//626
f 655//655 629//629 628//628
f 630//630 1982//1982 656//656
f 631//631 656//656 1464//1464
f 1378//1378 632//632 608//608
f 635//635 660//660 661//661
f 636//636 662//662 637//637
f 662//662 2018//2018 637//637
f 638//638 1935//1935 664//664
f 639//639 641//641 640//640
f 1690//1690 642//642 1838//1838
f 668//668 642//642 1690//1690
f 1987//1987 644//644 643//643
f 669//669 1967//1967 1556//1556
f 670//670 1555//1555 646//646
f 647//647 1555//1555 671//671
f 648//648 671//671 672//672
f 675//675 653//653 1940//1940
f 1457//1457 676//676 677//677
f 655//655 1982//1982 629//629
f 658//658 681//681 682//682
f 1683//1683 658//658 682//682
f 1683//1683 683//683 660//660
f 660//660 683//683 661//661
f 664//664 686//686 665//665
f 641//641 665//665 1537//1537
f 669//669 1539//1539 691//691
f 1773//1773 696//696 672//672
f 674//674 698//698 2063//2063
f 1611//1611 1954//1954 700//700
f 677//677 676//676 1397//1397
f 1464//1464 1957//1957 680//680
f 1683//1683 1774//1774 683//683
f 1920//1920 709//709 684//684
f 709//709 1673//1673 684//684
f 685//685 663//663 1673//1673
f 711//711 685//685 710//710
f 686//686 1537//1537 665//665
f 1391//1391 688//688 713//713
f 690//690 715//715 716//716
f 690//690 1850//1850 691//691
f 1850//1850 690//690 716//716
f 1387//1387 693//693 692//692
f 718//718 695//695 694//694
f 695//695 720//720 696//696
f 1553//1553 2063//2063 699//699
f 700//700 724//724 1611//1611
f 726//726 702//702 1686//1686
f 726//726 703//703 702//702
f 711//711 733//733 1991//1991
f 712//712 1991//1991 713//713
f 1391//1391 736//736 737//737
f 1387//1387 740//740 741//741
f 719//719 742//742 743//743
f 720//720 719//719 744//744
f 2025//2025 723//723 699//699
f 747//747 1604//1604 723//723
f 1992//1992 1389//1389 726//726
f 728//728 2071//2071 1771//1771
f 730//730 1747//1747 731//731
f 2086//2086 731//731 1747//1747
f 776//776 734//734 1797//1797
f 737//737 755//755 1682//1682
f 1808//1808 756//756 779//779
f 759//759 743//743 758//758
f 744//744 743//743 760//760
f 1834//1834 761//761 1513//1513
f 762//762 1681//1681 746//746
f 765//765 1390//1390 1604//1604
f 766//766 1518//1518 1390//1390
f 750//750 769//769 1661//1661
f 1661//1661 727//727 1389//1389
f 1517//1517 772//772 2072//2072
f 774//774 1959//1959 753//753
f 1682//1682 1979//1979 756//756
f 1808//1808 779//779 1687//1687
f 759//759 782//782 760//760
f 764//764 785//785 786//786
f 786//786 1615//1615 765//765
f 1806//1806 1461//1461 789//789
f 790//790 1523//1523 769//769
f 792//792 1918//1918 791//791
f 793//793 771//771 1918//1918
f 774//774 1949//1949 1351//1351
f 2057//2057 798//798 777//777
f 1801//1801 778//778 1979//1979
f 1687//1687 802//802 1348//1348
f 1679//1679 2113//2113 1348//1348
f 2113//2113 1679//1679 803//803
f 781//781 805//805 782//782
f 785//785 808//808 786//786
f 1615//1615 809//809 787//787
f 811//811 787//787 810//810
f 814//814 790//790 1806//1806
f 1612//1612 790//790 815//815
f 791//791 1612//1612 816//816
f 794//794 819//819 795//795
f 1936//1936 2089//2089 823//823
f 2049//2049 799//799 2055//2055
f 826//826 1996//1996 801//801
f 804//804 829//829 805//805
f 831//831 1995//1995 1678//1678
f 1506//1506 1859//1859 2105//2105
f 1859//1859 1912//1912 807//807
f 832//832 1677//1677 808//808
f 2023//2023 811//811 810//810
f 837//837 815//815 814//814
f 838//838 816//816 2031//2031
f 2089//2089 2052//2052 844//844
f 824//824 1936//1936 845//845
f 847//847 1945//1945 825//825
f 826//826 848//848 827//827
f 828//828 827//827 849//849
f 2015//2015 851//851 804//804
f 829//829 851//851 852//852
f 1764//1764 1677//1677 832//832
f 2023//2023 1543//1543 858//858
f 1964//1964 837//837 836//836
f 1343//1343 864//864 842//842
f 866//866 843//843 865//865
f 868//868 2039//2039 823//823
f 1536//1536 871//871 1844//1844
f 2108//2108 852//852 851//851
f 1524//1524 876//876 1591//1591
f 1593//1593 855//855 832//832
f 835//835 858//858 2098//2098
f 859//859 2098//2098 882//882
f 1530//1530 1976//1976 860//860
f 883//883 861//861 1530//1530
f 817//817 1588//1588 863//863
f 864//864 865//865 842//842
f 866//866 887//887 1741//1741
f 890//890 2039//2039 889//889
f 1973//1973 870//870 1536//1536
f 870//870 891//891 871//871
f 1592//1592 894//894 895//895
f 874//874 1592//1592 896//896
f 1591//1591 876//876 899//899
f 1489//1489 900//900 901//901
f 900//900 1831//1831 1591//1591
f 1530//1530 905//905 883//883
f 911//911 886//886 910//910
f 912//912 887//887 2073//2073
f 890//890 914//914 915//915
f 914//914 890//890 889//889
f 1460//1460 1884//1884 892//892
f 1884//1884 1643//1643 892//892
f 1833//1833 893//893 1643//1643
f 1833//1833 895//895 894//894
f 1955//1955 921//921 896//896
f 1489//1489 924//924 902//902
f 1603//1603 903//903 926//926
f 928//928 2076//2076 927//927
f 905//905 929//929 906//906
f 907//907 908//908 884//884
f 910//910 1932//1932 911//911
f 936//936 937//937 915//915
f 916//916 938//938 1978//1978
f 938//938 916//916 915//915
f 1886//1886 917//917 891//891
f 940//940 1842//1842 917//917
f 1841//1841 1948//1948 919//919
f 920//920 943//943 921//921
f 924//924 947//947 1441//1441
f 1371//1371 1437//1437 950//950
f 931//931 952//952 1443//1443
f 1372//1372 934//934 1968//1968
f 957//957 938//938 937//937
f 958//958 939//939 1453//1453
f 959//959 918//918 1842//1842
f 942//942 941//941 960//960
f 942//942 962//962 943//943
f 1450//1450 1737//1737 964//964
f 1668//1668 1450//1450 965//965
f 1668//1668 945//945 1450//1450
f 968//968 947//947 967//967
f 948//948 994//994 1798//1798
f 948//948 949//949 926//926
f 973//973 950//950 972//972
f 2060//2060 1357//1357 974//974
f 1895//1895 952//952 951//951
f 975//975 1443//1443 952//952
f 954//954 1719//1719 1599//1599
f 1998//1998 940//940 958//958
f 983//983 1873//1873 1370//1370
f 961//961 987//987 962//962
f 964//964 990//990 965//965
f 992//992 1845//1845 991//991
f 973//973 972//972 998//998
f 1594//1594 1357//1357 1019//1019
f 2044//2044 1895//1895 1594//1594
f 1881//1881 978//978 977//977
f 1007//1007 985//985 1890//1890
f 989//989 1012//1012 990//990
f 996//996 1602//1602 997//997
f 1649//1649 2044//2044 1021//1021
f 1962//1962 1023//1023 1596//1596
f 1944//1944 1025//1025 1000//1000
f 1000//1000 1002//1002 1001//1001
f 1795//1795 1004//1004 1003//1003
f 1814//1814 1029//1029 1030//1030
f 1712//1712 1814//1814 1030//1030
f 1006//1006 1481//1481 1031//1031
f 1847//1847 1032//1032 1033//1033
f 1008//1008 1009//1009 1916//1916
f 1676//1676 1014//1014 1813//1813
f 1015//1015 1711//1711 1016//1016
f 1711//1711 1040//1040 1474//1474
f 1439//1439 1018//1018 1017//1017
f 1439//1439 1602//1602 1018//1018
f 1365//1365 1600//1600 1019//1019
f 1962//1962 1809//1809 1023//1023
f 1809//1809 1068//1068 1045//1045
f 1026//1026 1071//1071 1795//1795
f 1048//1048 1027//1027 1047//1047
f 1817//1817 1050//1050 1029//1029
f 1030//1030 1051//1051 1712//1712
f 1032//1032 1053//1053 2006//2006
f 1034//1034 1054//1054 1055//1055
f 1057//1057 2111//2111 1724//1724
f 1039//1039 1060//1060 1445//1445
f 1041//1041 1061//1061 1439//1439
f 1063//1063 1042//1042 1062//1062
f 1745//1745 1446//1446 1063//1063
f 1043//1043 1065//1065 1044//1044
f 1022//1022 1067//1067 1809//1809
f 2038//2038 1068//1068 1732//1732
f 1045//1045 2038//2038 1601//1601
f 1047//1047 1071//1071 1072//1072
f 1712//1712 2003//2003 1031//1031
f 1053//1053 1052//1052 1589//1589
f 1033//1033 2006//2006 1781//1781
f 1587//1587 1781//1781 1079//1079
f 1055//1055 1587//1587 1080//1080
f 1083//1083 1590//1590 1082//1082
f 1415//1415 1058//1058 1084//1084
f 1089//1089 1063//1063 1088//1088
f 1731//1731 1067//1067 1066//1066
f 1732//1732 1783//1783 1094//1094
f 1072//1072 1071//1071 1748//1748
f 1078//1078 1104//1104 1462//1462
f 1080//1080 1079//1079 1105//1105
f 1084//1084 1109//1109 1415//1415
f 1085//1085 1415//1415 1110//1110
f 1111//1111 1843//1843 1085//1085
f 1613//1613 1413//1413 1134//1134
f 1784//1784 1090//1090 1089//1089
f 1090//1090 1765//1765 1091//1091
f 1803//1803 1092//1092 1115//1115
f 1094//1094 1095//1095 1732//1732
f 2082//2082 1122//1122 1144//1144
f 1145//1145 2077//2077 1124//1124
f 1103//1103 1125//1125 2028//2028
f 1126//1126 1105//1105 1079//1079
f 1405//1405 1130//1130 1107//1107
f 1130//1130 1108//1108 1107//1107
f 1656//1656 1109//1109 1131//1131
f 1110//1110 2051//2051 1111//1111
f 1132//1132 1112//1112 2004//2004
f 1114//1114 1613//1613 1135//1135
f 1994//1994 1765//1765 1784//1784
f 1138//1138 1803//1803 1137//1137
f 1116//1116 1117//1117 1094//1094
f 1118//1118 1141//1141 1499//1499
f 1885//1885 1497//1497 1667//1667
f 1121//1121 1885//1885 1667//1667
f 1101//1101 2082//2082 1123//1123
f 1125//1125 1672//1672 1882//1882
f 1169//1169 1882//1882 1672//1672
f 2028//2028 1127//1127 1126//1126
f 1128//1128 1127//1127 1147//1147
f 1504//1504 1150//1150 1149//1149
f 1751//1751 1656//1656 1150//1150
f 1983//1983 1807//1807 1151//1151
f 1983//1983 1133//1133 1132//1132
f 1413//1413 1613//1613 1114//1114
f 1155//1155 1136//1136 1994//1994
f 1136//1136 1156//1156 1137//1137
f 1137//1137 1157//1157 1138//1138
f 1139//1139 1158//1158 1140//1140
f 1144//1144 1124//1124 1123//1123
f 1417//1417 1174//1174 1751//1751
f 1836//1836 1152//1152 1175//1175
f 1153//1153 1176//1176 1950//1950
f 1740//1740 1181//1181 1399//1399
f 1399//1399 1182//1182 1158//1158
f 1159//1159 1184//1184 1160//1160
f 1160//1160 1185//1185 1161//1161
f 1187//1187 1165//1165 1164//1164
f 1167//1167 1769//1769 1166//1166
f 1168//1168 1190//1190 1787//1787
f 1168//1168 1192//1192 1169//1169
f 1169//1169 1193//1193 1146//1146
f 1170//1170 1193//1193 1194//1194
f 1196//1196 2087//2087 1434//1434
f 1196//1196 1903//1903 2087//2087
f 1201//1201 1830//1830 1528//1528
f 1203//1203 1830//1830 1202//1202
f 1179//1179 2110//2110 1180//1180
f 1740//1740 1205//1205 1181//1181
f 1181//1181 1206//1206 1182//1182
f 1186//1186 1209//1209 2092//2092
f 1187//1187 2092//2092 1188//1188
f 1188//1188 1210//1210 1448//1448
f 1189//1189 1166//1166 1769//1769
f 1787//1787 1166//1166 1212//1212
f 1168//1168 1787//1787 1191//1191
f 1191//1191 1214//1214 1192//1192
f 1438//1438 1214//1214 1215//1215
f 1194//1194 1438//1438 1216//1216
f 1197//1197 1198//1198 1173//1173
f 1222//1222 1836//1836 1175//1175
f 1224//1224 1225//1225 1202//1202
f 1203//1203 1202//1202 1226//1226
f 1206//1206 1228//1228 1723//1723
f 1606//1606 1452//1452 2056//2056
f 1606//1606 1208//1208 1207//1207
f 1209//1209 1662//1662 2092//2092
f 1212//1212 1235//1235 1213//1213
f 1608//1608 1865//1865 1236//1236
f 1237//1237 1214//1214 1608//1608
f 1216//1216 1215//1215 1238//1238
f 1242//1242 2093//2093 1220//1220
f 1223//1223 1898//1898 1244//1244
f 1226//1226 1247//1247 1733//1733
f 1733//1733 1203//1203 1226//1226
f 1941//1941 1250//1250 1229//1229
f 2056//2056 1251//1251 1252//1252
f 1230//1230 1231//1231 1779//1779
f 1233//1233 1662//1662 1255//1255
f 1233//1233 1234//1234 1210//1210
f 1236//1236 1726//1726 1280//1280
f 1752//1752 1236//1236 1280//1280
f 1237//1237 1752//1752 1259//1259
f 1238//1238 1476//1476 1261//1261
f 1263//1263 1663//1663 1479//1479
f 1655//1655 1478//1478 1287//1287
f 1478//1478 1655//1655 1241//1241
f 1265//1265 1610//1610 2093//2093
f 1244//1244 2024//2024 1727//1727
f 2091//2091 1268//1268 1651//1651
f 1651//1651 1269//1269 1247//1247
f 1249//1249 1759//1759 1250//1250
f 1252//1252 1251//1251 1609//1609
f 1937//1937 1253//1253 1230//1230
f 1926//1926 1275//1275 1276//1276
f 1275//1275 1926//1926 1255//1255
f 1669//1669 1258//1258 1257//1257
f 1261//1261 1260//1260 1284//1284
f 1772//1772 1264//1264 1655//1655
f 1930//1930 1289//1289 1266//1266
f 1717//1717 1268//1268 1292//1292
f 1269//1269 1295//1295 1270//1270
f 1270//1270 1271//1271 1248//1248
f 1272//1272 1297//1297 1714//1714
f 1298//1298 1273//1273 1759//1759
f 1409//1409 1273//1273 1299//1299
f 1274//1274 1300//1300 1301//1301
f 1669//1669 1303//1303 1278//1278
f 1278//1278 1279//1279 1258//1258
f 1279//1279 1554//1554 1280//1280
f 1281//1281 1280//1280 1554//1554
f 2102//2102 1283//1283 1282//1282
f 1283//1283 1307//1307 1284//1284
f 1310//1310 1287//1287 1977//1977
f 1287//1287 1311//1311 1772//1772
f 1772//1772 1312//1312 1288//1288
f 1313//1313 1289//1289 1288//1288
f 1289//1289 1314//1314 1290//1290
f 1290//1290 1315//1315 1472//1472
f 1472//1472 1316//1316 1291//1291
f 1717//1717 1291//1291 1317//1317
f 1318//1318 1293//1293 1717//1717
f 1319//1319 1294//1294 1293//1293
f 1294//1294 1320//1320 1295//1295
f 1295//1295 1296//1296 1270//1270
f 1296//1296 1297//1297 1271//1271
f 1714//1714 1324//1324 1298//1298
f 1561//1561 1299//1299 1326//1326
f 1561//1561 1327//1327 1300//1300
f 1300//1300 1328//1328 1301//1301
f 1329//1329 1302//1302 1301//1301
f 1303//1303 1421//1421 1278//1278
f 1421//1421 1333//1333 1304//1304
f 1304//1304 1334//1334 1427//1427
f 1335//1335 1305//1305 1427//1427
f 1337//1337 2102//2102 1336//1336
f 1307//1307 1306//1306 1338//1338
f 30//30 1425//1425 1//1
f 3//3 1426//1426 1632//1632
f 34//34 6//6 1931//1931
f 8//8 7//7 35//35
f 2065//2065 10//10 1635//1635
f 1429//1429 1515//1515 12//12
f 1515//1515 1616//1616 13//13
f 36//36 15//15 14//14
f 1516//1516 1630//1630 16//16
f 1966//1966 17//17 1630//1630
f 1966//1966 2100//2100 18//18
f 37//37 20//20 1423//1423
f 1433//1433 1509//1509 1958//1958
f 27//27 1802//1802 1510//1510
f 38//38 28//28 1510//1510
f 40//40 1718//1718 30//30
f 1512//1512 32//32 42//42
f 1410//1410 43//43 33//33
f 1406//1406 1931//1931 43//43
f 1402//1402 1515//1515 1893//1893
f 49//49 1616//1616 1402//1402
f 1630//1630 50//50 1966//1966
f 56//56 1958//1958 55//55
f 1730//1730 1628//1628 57//57
f 59//59 1802//1802 58//58
f 1500//1500 1796//1796 62//62
f 42//42 63//63 1653//1653
f 43//43 66//66 1624//1624
f 66//66 43//43 1750//1750
f 1637//1637 2021//2021 1519//1519
f 2021//2021 1637//1637 45//45
f 1862//1862 46//46 1637//1637
f 47//47 1631//1631 48//48
f 70//70 1631//1631 69//69
f 73//73 72//72 1495//1495
f 74//74 1810//1810 1494//1494
f 1493//1493 1925//1925 52//52
f 77//77 55//55 2061//2061
f 1869//1869 56//56 77//77
f 78//78 56//56 1869//1869
f 78//78 1401//1401 57//57
f 79//79 58//58 1401//1401
f 82//82 1500//1500 62//62
f 84//84 1653//1653 2053//2053
f 1653//1653 1496//1496 42//42
f 65//65 1496//1496 85//85
f 67//67 1432//1432 88//88
f 89//89 90//90 1519//1519
f 1729//1729 1862//1862 1637//1637
f 1490//1490 69//69 68//68
f 92//92 1495//1495 72//72
f 96//96 74//74 95//95
f 76//76 1493//1493 97//97
f 1755//1755 99//99 77//77
f 100//100 1869//1869 99//99
f 102//102 78//78 101//101
f 104//104 105//105 1848//1848
f 106//106 1716//1716 82//82
f 83//83 1716//1716 107//107
f 108//108 87//87 1721//1721
f 88//88 108//108 1625//1625
f 1636//1636 89//89 1625//1625
f 127//127 1633//1633 109//109
f 128//128 91//91 110//110
f 1491//1491 111//111 1408//1408
f 1408//1408 93//93 92//92
f 114//114 1840//1840 98//98
f 103//103 1917//1917 116//116
f 119//119 118//118 139//139
f 120//120 107//107 106//106
f 107//107 1800//1800 83//83
f 1620//1620 1675//1675 1416//1416
f 123//123 124//124 1721//1721
f 108//108 1721//1721 124//124
f 125//125 108//108 124//124
f 129//129 128//128 151//151
f 111//111 129//129 1542//1542
f 2000//2000 130//130 112//112
f 1825//1825 133//133 113//113
f 135//135 1816//1816 134//134
f 136//136 1923//1923 115//115
f 2036//2036 1503//1503 100//100
f 1541//1541 1826//1826 1418//1418
f 138//138 116//116 1541//1541
f 1736//1736 1629//1629 117//117
f 121//121 141//141 142//142
f 2037//2037 146//146 145//145
f 151//151 128//128 1739//1739
f 1527//1527 1660//1660 153//153
f 1854//1854 1526//1526 155//155
f 1400//1400 1854//1854 155//155
f 157//157 132//132 156//156
f 1404//1404 134//134 133//133
f 1418//1418 138//138 1541//1541
f 164//164 142//142 141//141
f 1975//1975 167//167 168//168
f 146//146 1907//1907 147//147
f 148//148 1922//1922 169//169
f 1627//1627 152//152 151//151
f 1527//1527 153//153 171//171
f 172//172 154//154 1527//1527
f 173//173 1526//1526 172//172
f 175//175 156//156 155//155
f 176//176 1621//1621 195//195
f 177//177 1684//1684 1404//1404
f 1855//1855 177//177 1619//1619
f 179//179 1422//1422 198//198
f 159//159 1689//1689 160//160
f 1689//1689 1424//1424 160//160
f 182//182 165//165 164//164
f 205//205 183//183 165//165
f 184//184 166//166 183//183
f 2042//2042 1975//1975 168//168
f 186//186 1782//1782 1907//1907
f 2106//2106 169//169 188//188
f 189//189 1430//1430 212//212
f 189//189 171//171 170//170
f 191//191 1792//1792 190//190
f 1792//1792 172//172 1527//1527
f 173//173 193//193 174//174
f 1746//1746 216//216 196//196
f 178//178 1855//1855 1680//1680
f 199//199 2011//2011 198//198
f 180//180 1897//1897 201//201
f 202//202 180//180 201//201
f 205//205 182//182 204//204
f 1819//1819 183//183 1634//1634
f 206//206 168//168 1961//1961
f 208//208 187//187 186//186
f 212//212 1430//1430 2106//2106
f 214//214 191//191 190//190
f 232//232 2026//2026 1362//1362
f 218//218 198//198 197//197
f 1648//1648 202//202 220//220
f 1354//1354 1634//1634 205//205
f 225//225 1744//1744 1356//1356
f 1804//1804 1921//1921 2066//2066
f 208//208 1924//1924 249//249
f 1363//1363 209//209 187//187
f 226//226 227//227 209//209
f 1361//1361 1785//1785 2088//2088
f 1785//1785 1361//1361 212//212
f 228//228 213//213 1361//1361
f 228//228 229//229 214//214
f 233//233 1458//1458 232//232
f 234//234 216//216 233//233
f 1617//1617 1812//1812 217//217
f 1459//1459 236//236 1638//1638
f 236//236 1459//1459 1358//1358
f 219//219 1638//1638 237//237
f 239//239 1786//1786 1360//1360
f 221//221 1648//1648 241//241
f 243//243 1570//1570 223//223
f 2099//2099 1356//1356 224//224
f 225//225 247//247 1921//1921
f 248//248 1444//1444 1369//1369
f 2046//2046 249//249 250//250
f 253//253 2020//2020 1981//1981
f 274//274 2088//2088 1447//1447
f 254//254 228//228 1361//1361
f 229//229 1754//1754 255//255
f 255//255 230//230 229//229
f 1984//1984 234//234 1367//1367
f 1812//1812 258//258 259//259
f 235//235 1573//1573 260//260
f 260//260 236//236 235//235
f 2032//2032 237//237 2080//2080
f 238//238 237//237 261//261
f 263//263 261//261 262//262
f 264//264 284//284 1436//1436
f 240//240 1436//1436 241//241
f 243//243 266//266 244//244
f 1444//1444 248//248 270//270
f 250//250 1369//1369 1571//1571
f 272//272 271//271 293//293
f 1368//1368 1447//1447 253//253
f 274//274 1708//1708 254//254
f 255//255 1754//1754 1569//1569
f 277//277 256//256 1906//1906
f 1984//1984 1749//1749 279//279
f 258//258 1864//1864 259//259
f 1573//1573 259//259 1544//1544
f 1788//1788 2029//2029 280//280
f 2032//2032 1915//1915 261//261
f 282//282 264//264 2109//2109
f 266//266 1451//1451 244//244
f 268//268 288//288 269//269
f 290//290 269//269 289//289
f 292//292 291//291 1487//1487
f 294//294 273//273 1698//1698
f 274//274 296//296 297//297
f 303//303 302//302 1928//1928
f 1743//1743 1573//1573 1544//1544
f 1340//1340 1915//1915 306//306
f 2075//2075 1340//1340 307//307
f 283//283 308//308 1341//1341
f 310//310 1342//1342 286//286
f 1888//1888 287//287 1342//1342
f 1487//1487 1345//1345 292//292
f 1860//1860 316//316 294//294
f 1665//1665 2062//2062 295//295
f 297//297 2062//2062 1344//1344
f 320//320 300//300 319//319
f 1485//1485 324//324 1874//1874
f 306//306 305//305 1485//1485
f 327//327 308//308 326//326
f 330//330 2079//2079 310//310
f 2079//2079 331//331 1888//1888
f 1997//1997 1650//1650 314//314
f 334//334 314//314 1650//1650
f 338//338 336//336 337//337
f 1563//1563 1568//1568 1665//1665
f 1758//1758 318//318 341//341
f 319//319 1758//1758 342//342
f 1965//1965 1883//1883 1928//1928
f 345//345 1699//1699 365//365
f 1880//1880 321//321 345//345
f 1347//1347 323//323 347//347
f 349//349 1349//1349 1485//1485
f 1646//1646 1350//1350 326//326
f 327//327 350//350 1471//1471
f 352//352 1562//1562 330//330
f 1470//1470 331//331 1562//1562
f 1650//1650 354//354 334//334
f 355//355 335//335 334//334
f 336//336 356//356 337//337
f 339//339 359//359 1563//1563
f 360//360 340//340 1468//1468
f 361//361 1564//1564 360//360
f 346//346 1700//1700 367//367
f 1386//1386 346//346 386//386
f 1567//1567 1853//1853 369//369
f 1861//1861 1471//1471 350//350
f 372//372 1480//1480 352//352
f 1852//1852 1480//1480 1393//1393
f 2012//2012 353//353 374//374
f 375//375 355//355 354//354
f 377//377 1815//1815 1846//1846
f 1756//1756 359//359 339//339
f 382//382 1388//1388 362//362
f 384//384 365//365 1477//1477
f 2035//2035 1853//1853 1547//1547
f 390//390 1861//1861 389//389
f 392//392 1398//1398 393//393
f 1393//1393 1480//1480 393//393
f 1475//1475 1789//1789 1566//1566
f 396//396 375//375 2012//2012
f 397//397 376//376 396//396
f 419//419 398//398 378//378
f 399//399 398//398 1793//1793
f 401//401 380//380 400//400
f 402//402 382//382 401//401
f 1641//1641 1477//1477 383//383
f 384//384 405//405 1760//1760
f 370//370 1971//1971 2078//2078
f 1398//1398 413//413 1456//1456
f 1454//1454 414//414 415//415
f 416//416 394//394 1454//1454
f 1858//1858 377//377 1963//1963
f 1793//1793 398//398 419//419
f 420//420 400//400 399//399
f 421//421 1395//1395 402//402
f 404//404 405//405 1641//1641
f 425//425 408//408 1466//1466
f 1645//1645 1868//1868 426//426
f 1947//1947 428//428 1695//1695
f 430//430 1456//1456 413//413
f 1586//1586 1396//1396 1879//1879
f 431//431 415//415 1396//1396
f 435//435 417//417 395//395
f 1835//1835 436//436 1574//1574
f 420//420 1584//1584 1394//1394
f 1502//1502 2001//2001 439//439
f 440//440 423//423 422//422
f 1582//1582 1693//1693 1505//1505
f 1692//1692 1465//1465 1582//1582
f 1692//1692 1581//1581 424//424
f 2047//2047 1466//1466 1581//1581
f 443//443 2005//2005 1377//1377
f 444//444 443//443 463//463
f 445//445 428//428 427//427
f 431//431 1379//1379 1839//1839
f 433//433 452//452 1578//1578
f 1520//1520 1694//1694 1578//1578
f 1835//1835 1374//1374 1585//1585
f 1522//1522 438//438 455//455
f 439//439 457//457 1502//1502
f 1583//1583 1502//1502 1642//1642
f 458//458 1505//1505 1693//1693
f 459//459 1582//1582 1505//1505
f 1763//1763 441//441 461//461
f 1377//1377 463//463 443//443
f 444//444 464//464 445//445
f 466//466 450//450 448//448
f 1901//1901 1520//1520 1578//1578
f 1520//1520 471//471 453//453
f 474//474 1778//1778 473//473
f 1575//1575 1381//1381 475//475
f 455//455 1575//1575 475//475
f 476//476 456//456 1522//1522
f 1696//1696 476//476 477//477
f 1828//1828 458//458 1642//1642
f 1894//1894 481//481 482//482
f 1580//1580 462//462 485//485
f 489//489 1974//1974 466//466
f 1702//1702 1384//1384 467//467
f 471//471 494//494 1762//1762
f 494//494 471//471 493//493
f 495//495 1986//1986 1762//1762
f 497//497 496//496 519//519
f 475//475 498//498 476//476
f 479//479 501//501 1828//1828
f 482//482 1435//1435 483//483
f 506//506 1707//1707 1580//1580
f 507//507 487//487 486//486
f 1511//1511 510//510 511//511
f 1664//1664 1702//1702 1511//1511
f 513//513 1384//1384 1664//1664
f 1856//1856 1761//1761 536//536
f 1832//1832 493//493 515//515
f 518//518 517//517 538//538
f 496//496 497//497 1579//1579
f 521//521 1381//1381 2041//2041
f 501//501 525//525 1709//1709
f 526//526 481//481 502//502
f 1435//1435 504//504 483//483
f 504//504 528//528 505//505
f 505//505 1639//1639 506//506
f 1551//1551 1639//1639 529//529
f 1707//1707 507//507 486//486
f 1550//1550 508//508 1533//1533
f 533//533 511//511 510//510
f 1469//1469 1761//1761 1380//1380
f 1832//1832 1710//1710 516//516
f 539//539 518//518 538//538
f 540//540 520//520 519//519
f 542//542 521//521 541//541
f 543//543 521//521 542//542
f 545//545 1818//1818 544//544
f 549//549 503//503 526//526
f 1770//1770 527//527 1435//1435
f 2014//2014 531//531 553//553
f 556//556 1482//1482 533//533
f 579//579 1380//1380 558//558
f 537//537 1467//1467 1710//1710
f 562//562 539//539 1908//1908
f 2103//2103 564//564 1383//1383
f 543//543 542//542 565//565
f 566//566 543//543 565//565
f 592//592 1857//1857 591//591
f 572//572 550//550 1820//1820
f 573//573 552//552 551//551
f 576//576 2101//2101 556//556
f 1548//1548 577//577 578//578
f 1546//1546 1548//1548 578//578
f 607//607 1671//1671 583//583
f 563//563 1671//1671 564//564
f 565//565 585//585 1549//1549
f 2090//2090 566//566 565//565
f 567//567 587//587 588//588
f 567//567 1704//1704 587//587
f 571//571 569//569 593//593
f 571//571 595//595 572//572
f 597//597 1376//1376 573//573
f 1373//1373 2107//2107 599//599
f 600//600 2017//2017 1373//1373
f 601//601 577//577 2017//2017
f 1867//1867 1546//1546 602//602
f 559//559 2069//2069 580//580
f 1905//1905 604//604 581//581
f 1375//1375 581//581 604//604
f 605//605 582//582 1375//1375
f 587//587 1829//1829 609//609
f 640//640 1705//1705 611//611
f 612//612 613//613 614//614
f 594//594 1560//1560 595//595
f 620//620 574//574 1376//1376
f 599//599 600//600 1373//1373
f 604//604 628//628 629//629
f 631//631 1378//1378 606//606
f 1378//1378 608//608 607//607
f 633//633 1559//1559 608//608
f 610//610 1935//1935 1706//1706
f 611//611 639//639 640//640
f 1557//1557 1887//1887 641//641
f 615//615 1838//1838 642//642
f 644//644 616//616 643//643
f 645//645 616//616 644//644
f 646//646 618//618 645//645
f 649//649 622//622 599//599
f 651//651 624//624 623//623
f 653//653 1339//1339 625//625
f 627//627 1339//1339 654//654
f 656//656 631//631 630//630
f 2030//2030 657//657 680//680
f 660//660 634//634 659//659
f 662//662 636//636 661//661
f 638//638 665//665 639//639
f 641//641 666//666 1557//1557
f 1557//1557 1690//1690 613//613
f 1539//1539 1987//1987 691//691
f 645//645 1539//1539 1556//1556
f 1892//1892 673//673 698//698
f 1889//1889 650//650 674//674
f 676//676 627//627 654//654
f 658//658 1683//1683 659//659
f 1537//1537 712//712 687//687
f 666//666 667//667 1557//1557
f 670//670 694//694 1773//1773
f 1397//1397 676//676 1954//1954
f 701//701 1558//1558 677//677
f 680//680 704//704 681//681
f 682//682 706//706 1774//1774
f 707//707 706//706 729//729
f 683//683 708//708 1794//1794
f 1670//1670 714//714 737//737
f 721//721 1507//1507 697//697
f 723//723 1799//1799 699//699
f 701//701 1611//1611 725//725
f 1558//1558 1492//1492 1686//1686
f 703//703 726//726 727//727
f 704//704 703//703 728//728
f 706//706 1771//1771 729//729
f 733//733 711//711 710//710
f 717//717 1387//1387 692//692
f 742//742 719//719 718//718
f 745//745 1385//1385 721//721
f 722//722 1385//1385 746//746
f 746//746 2025//2025 722//722
f 1604//1604 1390//1390 2016//2016
f 725//725 2016//2016 1518//1518
f 748//748 725//725 1518//1518
f 748//748 1492//1492 725//725
f 750//750 1992//1992 749//749
f 2071//2071 727//727 1661//1661
f 751//751 707//707 729//729
f 1747//1747 732//732 2086//2086
f 1959//1959 733//733 732//732
f 754//754 736//736 735//735
f 738//738 1682//1682 756//756
f 739//739 1808//1808 740//740
f 757//757 740//740 1808//1808
f 758//758 742//742 741//741
f 762//762 746//746 1834//1834
f 762//762 763//763 1681//1681
f 768//768 767//767 788//788
f 749//749 1461//1461 750//750
f 771//771 751//751 2081//2081
f 2068//2068 1517//1517 752//752
f 776//776 754//754 734//734
f 755//755 2057//2057 777//777
f 1801//1801 1979//1979 777//777
f 779//779 756//756 778//778
f 1914//1914 758//758 780//780
f 783//783 1513//1513 761//761
f 787//787 766//766 1615//1615
f 768//768 788//788 789//789
f 1461//1461 1806//1806 769//769
f 791//791 1523//1523 1612//1612
f 772//772 1688//1688 773//773
f 1351//1351 775//775 774//774
f 797//797 776//776 1614//1614
f 1658//1658 1801//1801 799//799
f 803//803 804//804 781//781
f 806//806 784//784 783//783
f 1859//1859 807//807 785//785
f 808//808 785//785 807//807
f 787//787 811//811 788//788
f 812//812 789//789 811//811
f 789//789 813//813 1806//1806
f 1612//1612 1523//1523 790//790
f 816//816 792//792 791//791
f 792//792 818//818 793//793
f 818//818 794//794 793//793
f 821//821 820//820 842//842
f 1949//1949 773//773 1688//1688
f 796//796 1753//1753 1351//1351
f 1753//1753 2052//2052 797//797
f 2055//2055 1849//1849 1936//1936
f 1658//1658 1945//1945 801//801
f 1348//1348 1996//1996 1679//1679
f 830//830 1678//1678 806//806
f 832//832 808//808 807//807
f 833//833 809//809 1677//1677
f 834//834 810//810 833//833
f 812//812 836//836 813//813
f 836//836 814//814 813//813
f 2096//2096 840//840 818//818
f 841//841 819//819 840//840
f 842//842 820//820 841//841
f 842//842 843//843 821//821
f 796//796 843//843 822//822
f 825//825 824//824 846//846
f 827//827 828//828 1679//1679
f 853//853 831//831 830//830
f 876//876 1525//1525 1346//1346
f 1995//1995 854//854 1593//1593
f 856//856 1875//1875 1764//1764
f 833//833 1875//1875 834//834
f 879//879 1543//1543 857//857
f 835//835 1964//1964 836//836
f 861//861 838//838 2031//2031
f 861//861 839//839 838//838
f 841//841 863//863 1343//1343
f 844//844 1531//1531 2089//2089
f 869//869 845//845 823//823
f 1973//1973 846//846 869//869
f 872//872 848//848 1844//1844
f 894//894 873//873 893//893
f 875//875 1525//1525 853//853
f 876//876 854//854 1525//1525
f 856//856 878//878 879//879
f 883//883 839//839 861//861
f 884//884 1588//1588 862//862
f 1742//1742 1588//1588 884//884
f 1742//1742 1343//1343 863//863
f 885//885 886//886 864//864
f 1741//1741 1990//1990 867//867
f 2034//2034 1973//1973 1757//1757
f 873//873 872//872 893//893
f 897//897 1346//1346 875//875
f 855//855 1831//1831 877//877
f 878//878 877//877 1489//1489
f 878//878 1463//1463 879//879
f 1939//1939 880//880 1463//1463
f 930//930 906//906 929//929
f 888//888 889//889 1990//1990
f 917//917 1460//1460 891//891
f 919//919 1643//1643 918//918
f 895//895 1833//1833 1948//1948
f 899//899 923//923 1821//1821
f 1821//1821 901//901 900//900
f 924//924 1489//1489 901//901
f 1871//1871 902//902 1441//1441
f 903//903 1939//1939 925//925
f 927//927 904//904 1603//1603
f 932//932 909//909 908//908
f 934//934 912//912 933//933
f 936//936 914//914 935//935
f 1978//1978 1453//1453 939//939
f 1842//1842 1460//1460 917//917
f 1370//1370 918//918 959//959
f 922//922 1366//1366 898//898
f 945//945 923//923 1366//1366
f 1821//1821 945//945 946//946
f 946//946 901//901 1821//1821
f 947//947 924//924 1734//1734
f 948//948 925//925 1735//1735
f 949//949 1437//1437 926//926
f 2060//2060 928//928 1371//1371
f 1440//1440 930//930 929//929
f 952//952 931//931 951//951
f 953//953 932//932 1443//1443
f 1442//1442 953//953 954//954
f 955//955 933//933 1442//1442
f 934//934 1372//1372 935//935
f 956//956 936//936 1372//1372
f 938//938 957//957 1453//1453
f 983//983 1370//1370 959//959
f 963//963 1737//1737 944//944
f 1668//1668 946//946 945//945
f 2040//2040 968//968 969//969
f 970//970 2040//2040 969//969
f 1720//1720 1798//1798 994//994
f 971//971 950//950 949//949
f 2060//2060 974//974 1440//1440
f 976//976 975//975 1596//1596
f 955//955 954//954 1599//1599
f 980//980 1768//1768 979//979
f 978//978 979//979 1768//1768
f 981//981 980//980 1597//1597
f 940//940 1998//1998 959//959
f 1640//1640 984//984 1006//1006
f 1873//1873 985//985 1484//1484
f 1484//1484 986//986 960//960
f 960//960 986//986 961//961
f 988//988 964//964 963//963
f 965//965 966//966 1668//1668
f 1845//1845 1891//1891 968//968
f 995//995 993//993 1474//1474
f 971//971 996//996 972//972
f 996//996 971//971 1720//1720
f 1357//1357 973//973 998//998
f 1594//1594 1019//1019 1020//1020
f 1355//1355 1596//1596 975//975
f 1024//1024 1944//1944 999//999
f 1001//1001 1353//1353 1000//1000
f 1005//1005 980//980 979//979
f 1597//1597 1359//1359 981//981
f 1359//1359 1598//1598 982//982
f 1598//1598 984//984 983//983
f 1010//1010 989//989 988//988
f 1013//1013 990//990 1012//1012
f 1015//1015 1014//1014 1038//1038
f 1474//1474 993//993 1016//1016
f 1040//1040 1017//1017 1474//1474
f 1018//1018 1720//1720 995//995
f 1019//1019 1357//1357 998//998
f 1020//1020 2044//2044 1594//1594
f 1022//1022 1962//1962 1649//1649
f 1795//1795 1027//1027 1004//1004
f 1817//1817 1005//1005 1028//1028
f 1481//1481 1814//1814 1712//1712
f 1847//1847 1033//1033 1008//1008
f 1035//1035 1011//1011 1010//1010
f 1036//1036 1724//1724 1011//1011
f 1711//1711 1015//1015 1039//1039
f 1041//1041 1017//1017 1040//1040
f 1600//1600 1365//1365 1446//1446
f 1044//1044 1020//1020 1600//1600
f 1024//1024 1045//1045 1601//1601
f 1046//1046 1601//1601 1069//1069
f 1025//1025 1026//1026 1000//1000
f 1027//1027 1048//1048 1028//1028
f 1050//1050 1049//1049 1075//1075
f 2003//2003 1712//1712 1051//1051
f 1056//1056 1036//1036 1035//1035
f 1036//1036 1057//1057 1724//1724
f 1037//1037 1676//1676 2111//2111
f 1037//1037 1059//1059 1038//1038
f 1060//1060 1039//1039 1038//1038
f 1039//1039 1040//1040 1711//1711
f 1042//1042 1063//1063 1446//1446
f 1067//1067 1022//1022 1066//1066
f 1069//1069 1070//1070 1046//1046
f 1748//1748 1046//1046 1070//1070
f 1073//1073 1047//1047 1072//1072
f 1074//1074 1048//1048 1073//1073
f 1075//1075 1074//1074 1654//1654
f 1076//1076 1051//1051 1075//1075
f 1052//1052 1077//1077 1725//1725
f 1589//1589 1725//1725 1078//1078
f 1589//1589 1462//1462 2006//2006
f 1081//1081 1590//1590 1056//1056
f 1083//1083 1082//1082 1107//1107
f 1057//1057 1083//1083 1058//1058
f 1059//1059 1060//1060 1038//1038
f 1087//1087 1088//1088 1061//1061
f 1062//1062 1088//1088 1063//1063
f 1745//1745 1090//1090 1064//1064
f 1731//1731 1092//1092 1093//1093
f 1067//1067 1093//1093 1783//1783
f 1098//1098 1728//1728 1072//1072
f 1885//1885 2067//2067 1099//1099
f 1767//1767 1077//1077 1076//1076
f 1102//1102 1101//1101 1123//1123
f 1102//1102 1078//1078 1725//1725
f 1104//1104 1078//1078 1103//1103
f 1106//1106 1082//1082 1081//1081
f 1107//1107 1084//1084 1083//1083
f 1132//1132 2004//2004 1960//1960
f 1087//1087 1113//1113 1413//1413
f 1115//1115 1091//1091 1765//1765
f 1728//1728 1120//1120 1099//1099
f 2077//2077 1123//1123 1124//1124
f 1129//1129 1405//1405 1106//1106
f 1108//1108 1130//1130 1131//1131
f 1110//1110 1109//1109 1656//1656
f 1134//1134 1133//1133 1153//1153
f 1135//1135 1613//1613 1154//1154
f 1138//1138 2094//2094 1803//1803
f 1141//1141 2112//2112 1140//1140
f 1713//1713 1497//1497 1119//1119
f 1989//1989 1667//1667 1497//1497
f 1142//1142 1122//1122 1121//1121
f 1124//1124 1144//1144 1647//1647
f 2077//2077 1145//1145 1125//1125
f 1501//1501 1956//1956 1148//1148
f 1150//1150 1504//1504 1417//1417
f 1807//1807 1751//1751 1151//1151
f 1960//1960 1983//1983 1132//1132
f 1528//1528 1135//1135 1154//1154
f 1179//1179 1156//1156 1155//1155
f 1540//1540 1138//1138 1157//1157
f 1140//1140 1159//1159 1141//1141
f 1162//1162 1161//1161 1185//1185
f 1142//1142 1165//1165 1143//1143
f 1769//1769 1167//1167 1647//1647
f 1167//1167 1145//1145 1124//1124
f 1169//1169 1672//1672 1168//1168
f 1171//1171 1501//1501 1148//1148
f 1903//1903 1149//1149 1501//1501
f 1903//1903 1504//1504 1149//1149
f 1174//1174 1417//1417 1173//1173
f 1151//1151 1751//1751 1174//1174
f 1176//1176 1153//1153 1152//1152
f 1178//1178 1154//1154 1950//1950
f 1740//1740 1399//1399 1540//1540
f 1183//1183 1159//1159 1158//1158
f 1162//1162 1185//1185 1538//1538
f 1186//1186 1162//1162 1538//1538
f 1187//1187 1186//1186 2092//2092
f 1190//1190 1167//1167 1166//1166
f 1195//1195 1434//1434 2087//2087
f 1197//1197 1196//1196 1218//1218
f 1197//1197 1173//1173 1172//1172
f 1173//1173 1199//1199 1174//1174
f 1222//1222 1929//1929 1221//1221
f 1177//1177 1909//1909 1178//1178
f 1203//1203 1179//1179 1830//1830
f 1205//1205 1740//1740 1180//1180
f 1183//1183 1207//1207 1184//1184
f 1208//1208 1185//1185 1184//1184
f 1779//1779 1538//1538 1208//1208
f 1209//1209 1186//1186 1538//1538
f 1211//1211 1189//1189 1448//1448
f 1213//1213 1865//1865 1787//1787
f 1192//1192 1438//1438 1193//1193
f 1197//1197 1219//1219 1198//1198
f 1827//1827 1610//1610 1221//1221
f 1223//1223 1222//1222 1898//1898
f 1428//1428 1200//1200 1607//1607
f 1224//1224 1201//1201 1909//1909
f 1204//1204 1419//1419 1227//1227
f 1227//1227 1205//1205 2110//2110
f 1228//1228 1941//1941 1723//1723
f 1229//1229 1452//1452 1605//1605
f 1231//1231 1230//1230 1253//1253
f 1662//1662 1232//1232 1255//1255
f 2092//2092 1662//1662 1210//1210
f 1257//1257 1211//1211 1234//1234
f 1214//1214 1237//1237 1215//1215
f 1239//1239 1412//1412 1217//1217
f 1218//1218 1240//1240 1219//1219
f 1242//1242 1220//1220 1241//1241
f 2093//2093 1610//1610 1827//1827
f 1898//1898 1610//1610 1243//1243
f 1225//1225 1488//1488 2091//2091
f 1255//1255 1254//1254 1275//1275
f 1233//1233 1256//1256 1234//1234
f 1726//1726 1235//1235 1258//1258
f 1236//1236 1752//1752 1608//1608
f 1259//1259 1476//1476 1237//1237
f 1262//1262 1479//1479 1239//1239
f 1479//1479 1478//1478 1240//1240
f 1264//1264 1242//1242 1655//1655
f 1267//1267 1243//1243 1266//1266
f 1727//1727 2024//2024 1292//1292
f 1268//1268 2091//2091 1899//1899
f 1248//1248 1247//1247 1269//1269
f 1248//1248 1766//1766 1419//1419
f 1714//1714 1759//1759 1272//1272
f 1250//1250 1759//1759 1609//1609
f 1274//1274 1937//1937 2019//2019
f 1878//1878 1254//1254 1253//1253
f 1256//1256 1926//1926 1277//1277
f 1258//1258 1669//1669 1278//1278
f 1262//1262 1285//1285 1263//1263
f 1286//1286 1977//1977 1663//1663
f 1663//1663 1977//1977 1287//1287
f 1264//1264 1930//1930 1265//1265
f 1269//1269 1294//1294 1295//1295
f 1872//1872 1276//1276 1302//1302
f 1278//1278 1421//1421 1304//1304
f 1427//1427 1554//1554 1304//1304
f 1305//1305 1281//1281 1554//1554
f 1308//1308 1286//1286 1285//1285
f 1291//1291 1717//1717 1292//1292
f 1323//1323 1714//1714 1297//1297
f 1325//1325 1299//1299 1298//1298
f 1299//1299 1561//1561 1409//1409
f 1330//1330 1872//1872 1302//1302
f 1421//1421 1303//1303 1332//1332
f 602//602 1339//1339 626//626
f 1339//1339 653//653 654//654
f 880//880 881//881 858//858
f 305//305 1915//1915 281//281
f 824//824 825//825 2049//2049
f 262//262 282//282 263//263
f 1340//1340 306//306 307//307
f 823//823 845//845 1936//1936
f 844//844 867//867 1531//1531
f 850//850 873//873 1534//1534
f 301//301 302//302 279//279
f 834//834 1875//1875 857//857
f 1831//1831 855//855 1524//1524
f 322//322 1743//1743 303//303
f 1592//1592 2108//2108 1534//1534
f 331//331 2079//2079 1562//1562
f 1343//1343 842//842 841//841
f 1343//1343 1742//1742 885//885
f 295//295 2062//2062 296//296
f 1860//1860 1698//1698 293//293
f 1344//1344 298//298 275//275
f 1568//1568 1985//1985 1344//1344
f 860//860 1976//1976 837//837
f 1530//1530 860//860 2050//2050
f 1572//1572 311//311 288//288
f 269//269 290//290 270//270
f 1650//1650 1997//1997 333//333
f 293//293 1697//1697 1345//1345
f 1345//1345 335//335 315//315
f 1906//1906 1569//1569 276//276
f 299//299 317//317 318//318
f 1603//1603 904//904 882//882
f 264//264 1436//1436 240//240
f 929//929 905//905 2076//2076
f 886//886 885//885 910//910
f 915//915 914//914 936//936
f 887//887 888//888 1741//1741
f 887//887 912//912 913//913
f 1876//1876 884//884 908//908
f 897//897 898//898 1346//1346
f 906//906 883//883 905//905
f 290//290 1444//1444 270//270
f 741//741 780//780 758//758
f 814//814 815//815 790//790
f 1347//1347 347//347 348//348
f 780//780 1687//1687 1348//1348
f 1348//1348 802//802 1996//1996
f 1349//1349 325//325 1485//1485
f 1349//1349 349//349 1567//1567
f 800//800 779//779 778//778
f 798//798 2055//2055 799//799
f 1350//1350 327//327 326//326
f 787//787 833//833 810//810
f 342//342 320//320 319//319
f 784//784 1678//1678 1506//1506
f 785//785 764//764 763//763
f 1928//1928 1883//1883 344//344
f 1471//1471 329//329 328//328
f 355//355 336//336 335//335
f 357//357 338//338 337//337
f 1513//1513 2105//2105 762//762
f 358//358 1756//1756 339//339
f 766//766 787//787 788//788
f 1852//1852 1566//1566 1352//1352
f 1523//1523 1514//1514 1661//1661
f 2008//2008 373//373 353//353
f 1912//1912 1859//1859 1506//1506
f 1912//1912 832//832 807//807
f 795//795 819//819 820//820
f 803//803 2015//2015 804//804
f 216//216 1458//1458 233//233
f 1003//1003 1002//1002 1795//1795
f 221//221 203//203 1626//1626
f 222//222 221//221 241//241
f 1596//1596 999//999 976//976
f 205//205 204//204 1354//1354
f 952//952 1355//1355 975//975
f 973//973 2060//2060 1371//1371
f 1004//1004 1005//1005 979//979
f 1484//1484 985//985 986//986
f 1847//1847 1890//1890 1032//1032
f 1916//1916 961//961 986//986
f 1459//1459 1638//1638 218//218
f 984//984 1481//1481 1006//1006
f 1359//1359 982//982 981//981
f 200//200 1360//1360 1786//1786
f 1602//1602 996//996 1018//1018
f 1361//1361 213//213 212//212
f 254//254 1361//1361 2088//2088
f 1362//1362 193//193 215//215
f 1961//1961 1804//1804 206//206
f 994//994 948//948 970//970
f 994//994 995//995 1720//1720
f 993//993 1891//1891 1016//1016
f 211//211 210//210 1364//1364
f 964//964 965//965 1450//1450
f 1757//1757 916//916 2034//2034
f 1038//1038 1039//1039 1015//1015
f 1020//1020 1044//1044 1021//1021
f 1365//1365 997//997 1602//1602
f 1365//1365 1042//1042 1446//1446
f 1018//1018 995//995 1017//1017
f 2026//2026 193//193 1362//1362
f 1975//1975 2042//2042 185//185
f 209//209 2104//2104 187//187
f 1451//1451 266//266 286//286
f 939//939 940//940 917//917
f 1915//1915 2032//2032 281//281
f 1366//1366 944//944 1737//1737
f 1910//1910 233//233 232//232
f 967//967 1734//1734 946//946
f 258//258 1617//1617 234//234
f 962//962 942//942 961//961
f 908//908 907//907 931//931
f 245//245 1572//1572 268//268
f 252//252 273//273 253//253
f 1643//1643 1884//1884 918//918
f 1444//1444 1571//1571 1369//1369
f 902//902 1871//1871 1463//1463
f 901//901 1734//1734 924//924
f 251//251 2046//2046 271//271
f 271//271 272//272 251//251
f 927//927 1371//1371 928//928
f 954//954 953//953 976//976
f 940//940 939//939 958//958
f 937//937 938//938 915//915
f 1372//1372 936//936 935//935
f 1372//1372 977//977 956//956
f 934//934 955//955 1968//1968
f 360//360 379//379 380//380
f 589//589 610//610 1706//1706
f 580//580 581//581 2002//2002
f 2069//2069 1905//1905 580//580
f 601//601 623//623 624//624
f 574//574 575//575 554//554
f 574//574 620//620 598//598
f 1374//1374 1790//1790 1585//1585
f 587//587 1993//1993 588//588
f 420//420 2010//2010 438//438
f 561//561 582//582 1908//1908
f 584//584 607//607 608//608
f 421//421 1584//1584 439//439
f 439//439 456//456 1696//1696
f 2005//2005 1791//1791 442//442
f 1377//1377 462//462 1580//1580
f 1576//1576 1839//1839 1946//1946
f 562//562 582//582 583//583
f 453//453 1577//1577 1902//1902
f 1951//1951 551//551 1703//1703
f 596//596 616//616 617//617
f 593//593 592//592 612//612
f 464//464 463//463 486//486
f 2054//2054 447//447 446//446
f 590//590 2022//2022 568//568
f 448//448 450//450 449//449
f 1702//1702 1974//1974 1511//1511
f 1574//1574 472//472 454//454
f 636//636 635//635 661//661
f 1887//1887 1705//1705 640//640
f 618//618 619//619 1376//1376
f 622//622 1892//1892 650//650
f 621//621 620//620 647//647
f 648//648 647//647 671//671
f 613//613 1690//1690 1838//1838
f 1378//1378 607//607 606//606
f 657//657 631//631 1464//1464
f 1642//1642 478//478 479//479
f 538//538 1710//1710 1467//1467
f 1761//1761 535//535 1380//1380
f 511//511 533//533 1482//1482
f 525//525 548//548 1709//1709
f 522//522 1818//1818 499//499
f 1877//1877 544//544 566//566
f 1550//1550 509//509 508//508
f 1382//1382 474//474 497//497
f 570//570 1770//1770 549//549
f 1383//1383 542//542 541//541
f 1383//1383 585//585 565//565
f 554//554 2014//2014 553//553
f 551//551 552//552 529//529
f 551//551 1999//1999 1703//1703
f 1384//1384 1946//1946 467//467
f 1889//1889 1940//1940 652//652
f 367//367 366//366 1863//1863
f 745//745 1834//1834 1385//1385
f 719//719 720//720 695//695
f 368//368 348//348 1386//1386
f 693//693 1387//1387 718//718
f 739//739 717//717 716//716
f 737//737 715//715 1670//1670
f 1682//1682 715//715 737//737
f 2025//2025 699//699 722//722
f 2025//2025 746//746 1681//1681
f 1388//1388 1701//1701 362//362
f 1388//1388 382//382 1486//1486
f 2071//2071 770//770 1771//1771
f 1604//1604 2016//2016 724//724
f 1971//1971 370//370 388//388
f 396//396 2012//2012 1392//1392
f 1475//1475 1393//1393 1952//1952
f 1991//1991 733//733 1797//1797
f 709//709 2086//2086 1673//1673
f 2045//2045 1794//1794 708//708
f 373//373 1454//1454 394//394
f 771//771 2068//2068 752//752
f 765//765 764//764 786//786
f 423//423 1693//1693 406//406
f 410//410 1868//1868 1547//1547
f 657//657 1464//1464 680//680
f 660//660 635//635 634//634
f 380//380 401//401 381//381
f 1584//1584 420//420 438//438
f 1395//1395 1486//1486 402//402
f 642//642 1987//1987 643//643
f 432//432 1454//1454 415//415
f 435//435 395//395 434//434
f 1457//1457 655//655 628//628
f 1577//1577 436//436 1902//1902
f 1947//1947 1971//1971 411//411
f 1695//1695 412//412 1449//1449
f 428//428 446//446 1695//1695
f 637//637 1935//1935 610//610
f 684//684 662//662 1920//1920
f 1558//1558 1686//1686 678//678
f 689//689 668//668 1690//1690
f 667//667 666//666 688//688
f 1556//1556 1967//1967 670//670
f 1218//1218 1412//1412 1240//1240
f 1399//1399 1158//1158 1139//1139
f 36//36 2027//2027 1516//1516
f 1097//1097 2009//2009 1098//1098
f 1827//1827 1220//1220 2093//2093
f 1242//1242 1265//1265 2093//2093
f 1401//1401 58//58 57//57
f 146//146 125//125 145//145
f 1093//1093 1803//1803 2094//2094
f 1184//1184 1159//1159 1183//1183
f 2024//2024 1267//1267 1290//1290
f 1403//1403 95//95 1722//1722
f 1116//1116 1139//1139 1117//1117
f 157//157 133//133 1825//1825
f 1096//1096 1097//1097 1070//1070
f 1755//1755 2061//2061 1498//1498
f 1934//1934 150//150 1739//1739
f 115//115 100//100 99//99
f 1613//1613 1950//1950 1154//1154
f 1405//1405 1107//1107 1082//1082
f 1956//1956 1405//1405 1129//1129
f 1607//1607 1223//1223 1969//1969
f 1727//1727 1969//1969 1244//1244
f 1131//1131 1130//1130 1149//1149
f 152//152 171//171 153//153
f 1101//1101 1102//1102 1725//1725
f 1528//1528 1830//1830 1155//1155
f 1882//1882 2028//2028 1125//1125
f 2021//2021 45//45 44//44
f 1500//1500 2053//2053 63//63
f 1608//1608 1214//1214 1191//1191
f 1406//1406 34//34 1931//1931
f 1407//1407 165//165 183//183
f 1491//1491 92//92 71//71
f 1408//1408 111//111 1542//1542
f 1438//1438 1192//1192 1214//1214
f 1212//1212 1213//1213 1787//1787
f 1213//1213 1726//1726 1236//1236
f 69//69 110//110 91//91
f 1143//1143 1165//1165 1837//1837
f 1448//1448 1837//1837 1188//1188
f 1412//1412 1239//1239 1479//1479
f 1088//1088 1087//1087 1413//1413
f 1413//1413 1113//1113 1134//1134
f 1824//1824 1618//1618 94//94
f 1784//1784 1089//1089 1114//1114
f 1292//1292 1268//1268 1899//1899
f 1414//1414 79//79 1545//1545
f 1424//1424 1736//1736 138//138
f 1298//1298 1759//1759 1714//1714
f 1215//1215 1216//1216 1438//1438
f 1476//1476 1238//1238 1215//1215
f 2004//2004 1843//1843 1111//1111
f 1938//1938 85//85 1675//1675
f 1923//1923 158//158 1535//1535
f 1672//1672 1190//1190 1168//1168
f 1983//1983 1175//1175 1152//1152
f 1141//1141 1160//1160 1499//1499
f 1233//1233 1255//1255 1926//1926
f 68//68 1862//1862 1490//1490
f 1917//1917 1541//1541 116//116
f 1246//1246 1226//1226 1225//1225
f 1115//1115 1765//1765 1136//1136
f 1417//1417 1172//1172 1173//1173
f 1826//1826 1541//1541 1503//1503
f 159//159 160//160 1418//1418
f 1146//1146 1147//1147 1127//1127
f 1170//1170 1146//1146 1193//1193
f 107//107 120//120 121//121
f 1501//1501 1149//1149 1956//1956
f 1419//1419 1204//1204 1733//1733
f 1988//1988 22//22 21//21
f 1421//1421 1332//1332 1333//1333
f 1041//1041 1811//1811 1061//1061
f 1302//1302 1329//1329 1330//1330
f 1051//1051 1050//1050 1075//1075
f 1077//1077 1052//1052 2003//2003
f 1422//1422 158//158 178//178
f 1047//1047 1073//1073 1048//1048
f 2100//2100 19//19 18//18
f 1053//1053 1006//1006 1031//1031
f 1052//1052 1053//1053 1031//1031
f 190//190 189//189 213//213
f 1718//1718 1425//1425 30//30
f 31//31 1426//1426 2114//2114
f 1426//1426 31//31 32//32
f 1427//1427 1305//1305 1554//1554
f 1427//1427 1334//1334 1335//1335
f 1057//1057 1058//1058 2111//2111
f 1224//1224 1909//1909 1428//1428
f 1607//1607 1245//1245 1428//1428
f 1429//1429 12//12 11//11
f 2102//2102 1337//1337 1306//1306
f 1922//1922 148//148 147//147
f 1033//1033 1054//1054 1008//1008
f 211//211 2106//2106 188//188
f 2097//2097 8//8 35//35
f 1035//1035 1036//1036 1011//1011
f 1036//1036 1056//1056 1590//1590
f 1431//1431 26//26 25//25
f 1433//1433 24//24 23//23
f 1509//1509 1433//1433 23//23
f 1290//1290 1314//1314 1315//1315
f 245//245 244//244 267//267
f 1434//1434 1217//1217 1412//1412
f 594//594 614//614 615//615
f 1436//1436 242//242 241//241
f 1436//1436 284//284 265//265
f 1437//1437 927//927 1603//1603
f 950//950 971//971 972//972
f 1438//1438 1194//1194 1193//1193
f 263//263 2109//2109 239//239
f 237//237 238//238 219//219
f 1440//1440 929//929 928//928
f 588//588 589//589 567//567
f 588//588 1993//1993 610//610
f 252//252 251//251 272//272
f 933//933 1932//1932 1442//1442
f 250//250 1697//1697 271//271
f 1443//1443 975//975 953//953
f 1040//1040 1039//1039 1445//1445
f 1811//1811 1086//1086 1112//1112
f 593//593 569//569 592//592
f 246//246 225//225 1356//1356
f 247//247 269//269 270//270
f 2080//2080 1638//1638 236//236
f 229//229 254//254 1708//1708
f 1446//1446 1043//1043 1600//1600
f 1446//1446 1745//1745 1043//1043
f 2020//2020 1785//1785 1364//1364
f 526//526 1709//1709 1822//1822
f 1189//1189 1837//1837 1448//1448
f 1448//1448 1210//1210 1234//1234
f 619//619 618//618 646//646
f 1812//1812 235//235 217//217
f 1367//1367 234//234 233//233
f 1362//1362 1910//1910 232//232
f 2074//2074 257//257 1910//1910
f 600//600 599//599 622//622
f 256//256 255//255 1569//1569
f 934//934 935//935 913//913
f 1206//1206 1205//1205 1227//1227
f 1449//1449 391//391 390//390
f 967//967 947//947 1734//1734
f 968//968 967//967 1845//1845
f 1450//1450 945//945 1366//1366
f 286//286 1342//1342 1451//1451
f 2069//2069 559//559 579//579
f 603//603 2069//2069 1867//1867
f 528//528 527//527 550//550
f 1034//1034 1008//1008 1054//1054
f 1452//1452 1251//1251 2056//2056
f 1947//1947 411//411 427//427
f 1223//1223 1836//1836 1222//1222
f 1886//1886 1978//1978 939//939
f 957//957 981//981 1453//1453
f 1454//1454 373//373 1789//1789
f 1454//1454 432//432 416//416
f 1549//1549 2090//2090 565//565
f 1829//1829 2090//2090 586//586
f 937//937 956//956 1768//1768
f 1455//1455 1707//1707 486//486
f 430//430 449//449 1456//1456
f 1074//1074 1049//1049 1048//1048
f 913//913 888//888 887//887
f 628//628 2013//2013 1457//1457
f 627//627 676//676 1457//1457
f 912//912 2073//2073 911//911
f 912//912 911//911 933//933
f 1458//1458 195//195 194//194
f 1047//1047 1795//1795 1071//1071
f 200//200 1786//1786 201//201
f 498//498 521//521 522//522
f 218//218 199//199 198//198
f 1358//1358 1680//1680 1619//1619
f 1929//1929 1199//1199 1221//1221
f 1460//1460 871//871 891//891
f 196//196 1617//1617 217//217
f 629//629 630//630 605//605
f 1982//1982 679//679 656//656
f 1626//1626 181//181 1775//1775
f 1424//1424 180//180 161//161
f 1832//1832 515//515 537//537
f 2018//2018 684//684 663//663
f 1932//1932 909//909 932//932
f 208//208 1363//1363 187//187
f 2003//2003 1051//1051 1076//1076
f 1464//1464 656//656 679//679
f 1744//1744 1819//1819 1356//1356
f 165//165 182//182 205//205
f 2050//2050 2076//2076 905//905
f 1955//1955 1592//1592 895//895
f 1177//1177 1176//1176 1200//1200
f 1208//1208 1184//1184 1207//1207
f 632//632 1378//1378 657//657
f 1809//1809 1067//1067 1068//1068
f 1465//1465 1760//1760 406//406
f 406//406 1582//1582 1465//1465
f 1868//1868 1645//1645 411//411
f 1065//1065 1066//1066 1044//1044
f 1791//1791 425//425 2047//2047
f 207//207 208//208 185//185
f 1924//1924 1369//1369 249//249
f 901//901 946//946 1734//1734
f 898//898 897//897 922//922
f 1399//1399 1181//1181 1182//1182
f 1182//1182 1206//1206 1723//1723
f 1866//1866 1466//1466 408//408
f 1466//1466 424//424 1581//1581
f 1701//1701 363//363 342//342
f 1297//1297 1296//1296 1322//1322
f 1710//1710 538//538 517//517
f 341//341 361//361 362//362
f 997//997 1365//1365 1019//1019
f 518//518 540//540 519//519
f 562//562 563//563 539//539
f 1025//1025 1046//1046 1026//1026
f 349//349 368//368 1567//1567
f 1289//1289 1930//1930 1288//1288
f 1469//1469 536//536 1761//1761
f 367//367 386//386 346//346
f 1293//1293 1651//1651 1268//1268
f 1301//1301 1878//1878 1274//1274
f 1646//1646 326//326 325//325
f 1013//1013 1595//1595 990//990
f 1286//1286 1263//1263 1285//1285
f 1286//1286 1308//1308 1309//1309
f 1352//1352 1470//1470 1852//1852
f 1287//1287 1310//1310 1311//1311
f 1012//1012 1011//1011 1724//1724
f 1288//1288 1264//1264 1772//1772
f 1288//1288 1312//1312 1313//1313
f 2058//2058 1913//1913 546//546
f 1471//1471 328//328 327//327
f 521//521 2041//2041 541//541
f 1292//1292 1472//1472 1291//1291
f 1472//1472 1315//1315 1316//1316
f 1473//1473 1352//1352 1566//1566
f 338//338 2043//2043 316//316
f 1669//1669 1277//1277 1303//1303
f 1474//1474 1016//1016 1711//1711
f 1279//1279 1280//1280 1726//1726
f 354//354 355//355 334//334
f 1475//1475 1952//1952 414//414
f 1305//1305 1282//1282 1281//1281
f 1250//1250 1251//1251 1229//1229
f 1476//1476 1259//1259 1260//1260
f 1640//1640 1890//1890 985//985
f 1699//1699 1477//1477 365//365
f 405//405 1477//1477 1641//1641
f 1240//1240 1241//1241 1219//1219
f 1663//1663 1287//1287 1478//1478
f 1479//1479 1262//1262 1263//1263
f 1610//1610 1898//1898 1221//1221
f 1049//1049 1817//1817 1028//1028
f 1211//1211 1235//1235 1212//1212
f 372//372 393//393 1480//1480
f 534//534 1823//1823 512//512
f 2014//2014 532//532 1550//1550
f 1481//1481 984//984 1598//1598
f 961//961 1916//1916 987//987
f 1484//1484 1841//1841 1370//1370
f 315//315 336//336 338//338
f 1486//1486 1395//1395 403//403
f 304//304 322//322 323//323
f 1965//1965 278//278 300//300
f 1355//1355 952//952 1895//1895
f 282//282 283//283 264//264
f 326//326 2075//2075 307//307
f 291//291 292//292 1571//1571
f 288//288 289//289 269//269
f 311//311 312//312 288//288
f 1341//1341 285//285 284//284
f 1999//1999 550//550 1703//1703
f 1488//1488 1428//1428 1245//1245
f 1727//1727 1899//1899 1245//1245
f 1872//1872 1331//1331 1303//1303
f 2022//2022 590//590 591//591
f 396//396 376//376 375//375
f 1489//1489 877//877 1831//1831
f 704//704 705//705 681//681
f 1862//1862 47//47 46//46
f 1729//1729 1490//1490 1862//1862
f 1104//1104 2028//2028 1126//1126
f 67//67 88//88 89//89
f 818//818 840//840 819//819
f 817//817 2096//2096 838//838
f 1139//1139 1140//1140 1117//1117
f 70//70 69//69 91//91
f 1492//1492 748//748 1992//1992
f 799//799 777//777 798//798
f 1810//1810 74//74 50//50
f 1824//1824 95//95 1494//1494
f 2052//2052 1849//1849 797//797
f 72//72 73//73 2027//2027
f 112//112 94//94 93//93
f 442//442 1763//1763 462//462
f 1496//1496 64//64 42//42
f 1675//1675 84//84 1508//1508
f 1120//1120 1119//1119 1497//1497
f 1163//1163 1989//1989 1162//1162
f 1084//1084 1108//1108 1109//1109
f 53//53 54//54 37//37
f 450//450 1702//1702 467//467
f 716//716 738//738 739//739
f 1118//1118 1499//1499 2009//2009
f 808//808 809//809 786//786
f 1500//1500 63//63 1796//1796
f 83//83 1500//1500 1716//1716
f 446//446 445//445 2054//2054
f 1121//1121 1122//1122 1100//1100
f 60//60 80//80 61//61
f 733//733 1959//1959 1797//1797
f 1081//1081 1082//1082 1590//1590
f 1082//1082 1106//1106 1405//1405
f 79//79 59//59 58//58
f 93//93 2000//2000 112//112
f 834//834 2023//2023 810//810
f 76//76 98//98 1755//1755
f 98//98 1816//1816 114//114
f 820//820 821//821 1688//1688
f 1503//1503 101//101 100//100
f 1503//1503 2036//2036 1826//1826
f 1528//1528 1994//1994 1135//1135
f 456//456 1584//1584 438//438
f 815//815 2031//2031 1612//1612
f 724//724 723//723 1604//1604
f 1942//1942 1505//1505 458//458
f 1507//1507 721//721 1385//1385
f 1508//1508 1800//1800 1416//1416
f 523//523 1870//1870 500//500
f 804//804 805//805 781//781
f 829//829 804//804 851//851
f 1783//1783 2094//2094 1094//1094
f 1687//1687 780//780 757//757
f 1730//1730 25//25 24//24
f 1509//1509 23//23 22//22
f 37//37 21//21 20//20
f 743//743 742//742 758//758
f 736//736 755//755 737//737
f 1966//1966 18//18 17//17
f 1802//1802 27//27 26//26
f 1085//1085 1059//1059 1896//1896
f 1731//1731 1091//1091 1092//1092
f 1512//1512 1632//1632 1426//1426
f 1513//1513 784//784 2105//2105
f 38//38 29//29 28//28
f 39//39 38//38 60//60
f 734//734 754//754 735//735
f 34//34 7//7 6//6
f 2081//2081 751//751 729//729
f 2081//2081 1918//1918 771//771
f 1390//1390 1615//1615 766//766
f 33//33 5//5 4//4
f 1514//1514 2071//2071 1661//1661
f 764//764 747//747 1681//1681
f 13//13 12//12 1515//1515
f 1516//1516 16//16 15//15
f 775//775 1351//1351 1614//1614
f 772//772 794//794 795//795
f 11//11 10//10 2065//2065
f 1986//1986 1577//1577 1762//1762
f 2016//2016 725//725 1611//1611
f 1518//1518 767//767 748//748
f 1112//1112 1132//1132 1113//1113
f 1576//1576 1901//1901 452//452
f 491//491 1856//1856 492//492
f 44//44 45//45 35//35
f 1520//1520 453//453 1694//1694
f 470//470 471//471 1520//1520
f 1521//1521 468//468 1946//1946
f 1384//1384 513//513 1521//1521
f 475//475 476//476 1522//1522
f 1843//1843 2004//2004 1086//1086
f 147//147 148//148 2070//2070
f 2037//2037 145//145 1411//1411
f 1972//1972 144//144 167//167
f 658//658 2030//2030 681//681
f 854//854 1524//1524 1593//1593
f 166//166 1407//1407 183//183
f 1525//1525 875//875 1346//1346
f 154//154 1854//1854 130//130
f 1792//1792 1527//1527 171//171
f 170//170 1627//1627 1430//1430
f 1528//1528 1154//1154 1178//1178
f 1528//1528 1178//1178 1201//1201
f 149//149 1934//1934 126//126
f 142//142 164//164 165//165
f 1530//1530 861//861 1976//1976
f 905//905 1530//1530 2050//2050
f 869//869 846//846 845//845
f 157//157 156//156 1621//1621
f 868//868 823//823 1531//1531
f 446//446 429//429 1695//1695
f 844//844 1532//1532 867//867
f 1532//1532 866//866 1741//1741
f 531//531 1533//1533 507//507
f 133//133 134//134 113//113
f 1629//1629 162//162 139//139
f 850//850 1534//1534 2108//2108
f 137//137 1923//1923 1535//1535
f 1844//1844 847//847 1536//1536
f 1536//1536 870//870 871//871
f 1538//1538 1185//1185 1208//1208
f 1892//1892 674//674 650//650
f 1940//1940 1553//1553 1799//1799
f 1158//1158 1182//1182 1183//1183
f 1773//1773 672//672 671//671
f 1164//1164 1667//1667 1163//1163
f 2112//2112 1095//1095 1117//1117
f 1835//1835 1585//1585 437//437
f 1540//1540 1139//1139 1116//1116
f 1540//1540 1157//1157 1740//1740
f 1917//1917 102//102 1503//1503
f 832//832 855//855 1764//1764
f 1739//1739 127//127 1934//1934
f 117//117 116//116 1736//1736
f 1586//1586 431//431 1396//1396
f 1840//1840 115//115 99//99
f 71//71 49//49 1402//1402
f 1424//1424 138//138 160//160
f 41//41 1718//1718 1796//1796
f 312//312 1997//1997 289//289
f 839//839 862//862 1588//1588
f 388//388 369//369 1853//1853
f 1118//1118 1097//1097 1096//1096
f 1620//1620 1938//1938 1675//1675
f 1488//1488 1225//1225 1224//1224
f 866//866 2073//2073 887//887
f 1227//1227 2007//2007 1228//1228
f 2068//2068 772//772 1517//1517
f 1864//1864 302//302 1544//1544
f 1544//1544 303//303 1743//1743
f 767//767 768//768 749//749
f 74//74 75//75 51//51
f 1175//1175 1983//1983 1151//1151
f 570//570 2048//2048 569//569
f 1192//1192 1168//1168 1191//1191
f 384//384 366//366 365//365
f 1848//1848 1414//1414 1545//1545
f 104//104 103//103 117//117
f 515//515 493//493 492//492
f 1724//1724 1013//1013 1012//1012
f 892//892 1844//1844 871//871
f 1089//1089 1088//1088 1114//1114
f 383//383 1851//1851 1641//1641
f 1007//1007 1916//1916 986//986
f 1254//1254 1232//1232 1231//1231
f 983//983 984//984 1873//1873
f 1907//1907 1782//1782 147//147
f 1945//1945 847//847 826//826
f 1816//1816 98//98 97//97
f 624//624 578//578 601//601
f 1435//1435 482//482 503//503
f 505//505 484//484 504//504
f 949//949 950//950 1437//1437
f 1059//1059 1843//1843 1060//1060
f 705//705 704//704 728//728
f 513//513 1664//1664 512//512
f 669//669 1850//1850 692//692
f 1137//1137 1156//1156 1157//1157
f 1674//1674 679//679 1982//1982
f 517//517 496//496 495//495
f 1713//1713 1989//1989 1497//1497
f 2008//2008 1566//1566 1789//1789
f 1242//1242 1264//1264 1265//1265
f 559//559 1469//1469 579//579
f 567//567 2058//2058 1704//1704
f 584//584 564//564 1671//1671
f 1549//1549 1559//1559 2059//2059
f 947//947 2040//2040 1441//1441
f 2101//2101 1482//1482 556//556
f 2101//2101 1373//1373 2017//2017
f 554//554 555//555 2014//2014
f 523//523 546//546 1913//1913
f 519//519 520//520 1382//1382
f 520//520 2103//2103 541//541
f 512//512 1664//1664 511//511
f 507//507 1707//1707 1551//1551
f 529//529 530//530 1551//1551
f 550//550 527//527 1820//1820
f 1552//1552 573//573 1376//1376
f 1951//1951 573//573 551//551
f 1483//1483 1911//1911 535//535
f 1548//1548 1911//1911 1823//1823
f 591//591 1705//1705 592//592
f 652//652 1940//1940 653//653
f 651//651 1889//1889 652//652
f 1553//1553 674//674 2063//2063
f 1554//1554 1279//1279 1304//1304
f 622//622 649//649 1892//1892
f 1282//1282 1283//1283 1260//1260
f 1555//1555 670//670 1773//1773
f 1310//1310 1977//1977 1309//1309
f 1556//1556 646//646 645//645
f 692//692 1967//1967 669//669
f 1772//1772 1311//1311 1312//1312
f 1289//1289 1313//1313 1314//1314
f 1291//1291 1316//1316 1317//1317
f 1293//1293 1318//1318 1319//1319
f 1275//1275 1302//1302 1276//1276
f 635//635 636//636 609//609
f 1558//1558 1674//1674 677//677
f 1492//1492 701//701 725//725
f 665//665 641//641 639//639
f 712//712 686//686 711//711
f 1935//1935 2018//2018 664//664
f 1673//1673 663//663 684//684
f 1295//1295 1320//1320 1321//1321
f 626//626 2013//2013 603//603
f 600//600 622//622 623//623
f 597//597 617//617 618//618
f 595//595 596//596 1703//1703
f 1560//1560 615//615 643//643
f 593//593 594//594 571//571
f 1297//1297 1322//1322 1323//1323
f 1299//1299 1273//1273 1298//1298
f 1298//1298 1324//1324 1325//1325
f 1300//1300 2019//2019 1561//1561
f 1561//1561 1326//1326 1327//1327
f 1301//1301 1328//1328 1329//1329
f 1331//1331 1332//1332 1303//1303
f 316//316 1933//1933 295//295
f 335//335 1345//1345 1487//1487
f 309//309 1341//1341 328//328
f 317//317 1985//1985 1564//1564
f 326//326 308//308 2075//2075
f 1485//1485 325//325 306//306
f 1347//1347 304//304 323//323
f 2085//2085 300//300 277//277
f 1350//1350 1646//1646 1565//1565
f 1470//1470 1352//1352 331//331
f 1475//1475 1852//1852 1393//1393
f 1861//1861 351//351 1471//1471
f 321//321 1880//1880 322//322
f 1349//1349 369//369 1646//1646
f 2062//2062 1665//1665 1568//1568
f 228//228 254//254 229//229
f 276//276 1569//1569 1754//1754
f 240//240 2109//2109 264//264
f 2029//2029 2080//2080 260//260
f 255//255 231//231 230//230
f 251//251 226//226 2046//2046
f 1981//1981 227//227 252//252
f 270//270 1921//1921 247//247
f 1368//1368 294//294 295//295
f 1571//1571 1444//1444 291//291
f 1571//1571 292//292 1697//1697
f 1572//1572 245//245 267//267
f 311//311 287//287 1888//1888
f 379//379 2033//2033 380//380
f 478//478 457//457 2083//2083
f 1659//1659 1778//1778 1575//1575
f 475//475 1522//1522 455//455
f 431//431 1839//1839 451//451
f 1578//1578 434//434 433//433
f 449//449 430//430 448//448
f 2054//2054 445//445 464//464
f 488//488 1776//1776 508//508
f 1986//1986 1579//1579 472//472
f 473//473 497//497 474//474
f 386//386 387//387 1386//1386
f 1477//1477 405//405 384//384
f 401//401 382//382 381//381
f 1692//1692 460//460 1581//1581
f 393//393 372//372 392//392
f 417//417 1392//1392 395//395
f 418//418 397//397 417//417
f 423//423 440//440 1693//1693
f 439//439 2001//2001 421//421
f 1790//1790 2010//2010 1793//1793
f 419//419 1585//1585 1790//1790
f 1456//1456 1586//1586 1879//1879
f 1587//1587 1055//1055 1054//1054
f 1079//1079 1080//1080 1587//1587
f 1588//1588 1742//1742 863//863
f 1048//1048 1049//1049 1028//1028
f 1543//1543 880//880 858//858
f 879//879 1463//1463 880//880
f 877//877 1764//1764 855//855
f 1589//1589 1052//1052 1725//1725
f 1589//1589 1078//1078 1462//1462
f 1087//1087 1811//1811 1112//1112
f 1091//1091 1731//1731 1065//1065
f 885//885 864//864 1343//1343
f 1591//1591 899//899 1821//1821
f 852//852 2108//2108 874//874
f 1592//1592 1955//1955 896//896
f 873//873 894//894 1534//1534
f 1602//1602 1439//1439 1042//1042
f 1066//1066 1022//1022 1021//1021
f 1098//1098 1119//1119 1728//1728
f 1765//1765 1090//1090 1784//1784
f 825//825 1536//1536 847//847
f 2089//2089 1936//1936 1849//1849
f 1753//1753 822//822 2052//2052
f 1095//1095 1094//1094 1117//1117
f 843//843 796//796 821//821
f 841//841 820//820 819//819
f 1654//1654 2067//2067 1100//1100
f 1102//1102 1103//1103 1078//1078
f 1102//1102 2077//2077 1103//1103
f 1976//1976 2031//2031 815//815
f 827//827 848//848 849//849
f 832//832 1912//1912 1593//1593
f 853//853 1525//1525 831//831
f 974//974 1594//1594 1895//1895
f 951//951 931//931 930//930
f 948//948 926//926 925//925
f 1596//1596 1355//1355 1649//1649
f 898//898 923//923 899//899
f 1003//1003 978//978 1881//1881
f 1004//1004 979//979 1003//1003
f 959//959 1842//1842 940//940
f 1597//1597 1005//1005 1817//1817
f 1598//1598 983//983 1998//1998
f 1359//1359 1814//1814 1598//1598
f 915//915 916//916 890//890
f 963//963 964//964 1737//1737
f 964//964 988//988 989//989
f 942//942 943//943 920//920
f 1948//1948 941//941 920//920
f 1599//1599 1968//1968 955//955
f 1599//1599 1353//1353 1001//1001
f 914//914 913//913 935//935
f 1034//1034 1009//1009 1008//1008
f 1010//1010 1011//1011 989//989
f 1601//1601 1025//1025 1024//1024
f 1046//1046 1071//1071 1026//1026
f 910//910 1876//1876 909//909
f 972//972 997//997 998//998
f 1603//1603 882//882 903//903
f 1603//1603 926//926 1437//1437
f 1107//1107 1108//1108 1084//1084
f 723//723 724//724 700//700
f 1204//1204 1203//1203 1733//1733
f 1605//1605 1182//1182 1723//1723
f 1452//1452 1606//1606 1207//1207
f 1606//1606 1230//1230 1779//1779
f 1607//1607 1200//1200 1836//1836
f 1233//1233 1210//1210 1662//1662
f 1235//1235 1257//1257 1258//1258
f 1865//1865 1191//1191 1787//1787
f 1794//1794 731//731 709//709
f 833//833 787//787 809//809
f 1162//1162 1186//1186 1163//1163
f 741//741 742//742 1387//1387
f 737//737 714//714 1391//1391
f 755//755 736//736 2057//2057
f 735//735 1991//1991 734//734
f 732//732 710//710 2086//2086
f 1219//1219 1220//1220 1198//1198
f 1215//1215 1237//1237 1476//1476
f 1434//1434 1218//1218 1196//1196
f 1267//1267 2024//2024 1244//1244
f 731//731 1794//1794 2045//2045
f 1251//1251 1250//1250 1609//1609
f 2019//2019 1252//1252 1409//1409
f 688//688 1391//1391 714//714
f 1611//1611 1397//1397 1954//1954
f 690//690 691//691 668//668
f 1205//1205 1206//1206 1181//1181
f 781//781 1914//1914 803//803
f 1113//1113 1133//1133 1134//1134
f 1152//1152 1153//1153 1133//1133
f 1506//1506 1678//1678 1995//1995
f 1613//1613 1134//1134 1153//1153
f 1540//1540 1399//1399 1139//1139
f 1614//1614 776//776 775//775
f 1351//1351 1753//1753 1614//1614
f 773//773 774//774 753//753
f 1110//1110 1111//1111 1085//1085
f 1807//1807 2051//2051 1751//1751
f 1146//1146 1170//1170 1147//1147
f 1195//1195 2087//2087 1171//1171
f 1434//1434 1195//1195 1217//1217
f 1172//1172 1903//1903 1196//1196
f 1198//1198 1199//1199 1173//1173
f 1202//1202 1201//1201 1224//1224
f 790//790 769//769 1806//1806
f 1615//1615 1390//1390 765//765
f 809//809 1615//1615 786//786
f 1156//1156 1179//1179 1180//1180
f 759//759 760//760 743//743
f 781//781 782//782 759//759
f 1185//1185 1160//1160 1184//1184
f 174//174 2026//2026 194//194
f 1616//1616 14//14 13//13
f 1402//1402 1616//1616 1515//1515
f 189//189 190//190 171//171
f 196//196 216//216 1617//1617
f 166//166 143//143 1407//1407
f 1618//1618 1495//1495 94//94
f 1618//1618 1494//1494 1810//1810
f 177//177 1855//1855 1684//1684
f 1746//1746 1619//1619 177//177
f 143//143 1620//1620 1416//1416
f 144//144 122//122 1620//1620
f 1621//1621 175//175 194//194
f 1623//1623 1907//1907 2037//2037
f 192//192 173//173 172//172
f 215//215 191//191 230//230
f 1897//1897 1424//1424 1689//1689
f 1624//1624 1406//1406 43//43
f 1685//1685 168//168 167//167
f 1626//1626 1775//1775 180//180
f 151//151 150//150 1627//1627
f 1529//1529 1627//1627 150//150
f 1512//1512 64//64 1410//1410
f 135//135 1684//1684 1953//1953
f 108//108 88//88 87//87
f 132//132 1722//1722 1400//1400
f 53//53 1423//1423 1715//1715
f 118//118 1629//1629 139//139
f 161//161 1629//1629 1736//1736
f 1630//1630 17//17 16//16
f 1510//1510 28//28 27//27
f 1631//1631 2084//2084 48//48
f 1631//1631 70//70 2084//2084
f 126//126 2070//2070 149//149
f 1426//1426 3//3 2114//2114
f 110//110 1490//1490 1633//1633
f 124//124 123//123 1900//1900
f 1900//1900 1411//1411 145//145
f 1425//1425 2//2 1//1
f 1406//1406 1666//1666 44//44
f 183//183 205//205 1634//1634
f 1988//1988 2061//2061 55//55
f 1922//1922 188//188 169//169
f 1635//1635 10//10 9//9
f 1635//1635 2097//2097 46//46
f 1636//1636 90//90 89//89
f 46//46 2097//2097 45//45
f 1519//1519 1729//1729 1637//1637
f 96//96 1493//1493 75//75
f 1459//1459 218//218 197//197
f 1638//1638 2080//2080 237//237
f 1854//1854 131//131 130//130
f 1639//1639 1551//1551 506//506
f 1850//1850 669//669 691//691
f 1387//1387 717//717 740//740
f 984//984 1640//1640 1873//1873
f 1873//1873 1484//1484 1370//1370
f 1851//1851 383//383 363//363
f 405//405 404//404 423//423
f 479//479 1828//1828 1642//1642
f 893//893 892//892 1643//1643
f 1846//1846 2064//2064 377//377
f 705//705 706//706 682//682
f 1069//1069 2038//2038 1644//1644
f 1070//1070 1097//1097 1748//1748
f 1645//1645 426//426 443//443
f 701//701 1397//1397 1611//1611
f 1565//1565 388//388 370//370
f 1845//1845 966//966 991//991
f 1143//1143 1769//1769 1647//1647
f 1647//1647 1144//1144 1143//1143
f 202//202 1648//1648 221//221
f 1114//1114 1135//1135 1784//1784
f 2044//2044 1355//1355 1895//1895
f 1021//1021 1022//1022 1649//1649
f 748//748 767//767 749//749
f 1461//1461 749//749 768//768
f 1997//1997 314//314 313//313
f 1246//1246 2091//2091 1651//1651
f 1652//1652 459//459 1505//1505
f 461//461 482//482 483//483
f 460//460 461//461 441//441
f 63//63 2053//2053 1653//1653
f 84//84 1496//1496 1653//1653
f 2067//2067 1074//1074 1099//1099
f 1655//1655 1242//1242 1241//1241
f 1063//1063 1089//1089 1745//1745
f 491//491 492//492 469//469
f 1863//1863 384//384 1760//1760
f 978//978 956//956 977//977
f 1249//1249 1766//1766 1272//1272
f 1221//1221 1199//1199 1827//1827
f 1156//1156 1136//1136 1155//1155
f 1131//1131 1150//1150 1656//1656
f 1656//1656 1751//1751 2051//2051
f 1822//1822 1857//1857 2048//2048
f 302//302 1864//1864 279//279
f 1516//1516 1970//1970 1630//1630
f 50//50 74//74 51//51
f 704//704 680//680 1957//1957
f 1342//1342 287//287 1451//1451
f 311//311 332//332 312//312
f 886//886 2073//2073 865//865
f 1503//1503 102//102 101//101
f 1622//1622 1401//1401 102//102
f 1007//1007 1847//1847 1008//1008
f 634//634 633//633 659//659
f 2059//2059 586//586 1549//1549
f 1801//1801 800//800 778//778
f 1658//1658 801//801 800//800
f 1368//1368 295//295 296//296
f 1659//1659 1374//1374 1778//1778
f 762//762 1834//1834 1513//1513
f 1259//1259 1282//1282 1260//1260
f 1661//1661 769//769 1523//1523
f 1514//1514 791//791 770//770
f 565//565 542//542 1383//1383
f 220//220 240//240 1648//1648
f 1478//1478 1479//1479 1663//1663
f 517//517 495//495 516//516
f 1665//1665 295//295 1933//1933
f 1825//1825 132//132 157//157
f 1666//1666 1406//1406 1624//1624
f 1406//1406 44//44 34//34
f 492//492 470//470 469//469
f 197//197 1422//1422 178//178
f 486//486 463//463 1455//1455
f 657//657 1378//1378 631//631
f 1633//1633 127//127 110//110
f 432//432 452//452 433//433
f 407//407 1866//1866 385//385
f 386//386 1866//1866 408//408
f 1667//1667 1164//1164 1142//1142
f 1667//1667 1142//1142 1121//1121
f 967//967 1668//1668 966//966
f 993//993 995//995 994//994
f 1303//1303 1277//1277 1872//1872
f 246//246 2099//2099 245//245
f 792//792 793//793 1918//1918
f 689//689 714//714 1670//1670
f 714//714 689//689 667//667
f 1671//1671 562//562 583//583
f 1190//1190 1672//1672 1145//1145
f 1634//1634 224//224 1819//1819
f 2020//2020 1447//1447 2088//2088
f 1674//1674 1558//1558 678//678
f 679//679 1674//1674 678//678
f 1589//1589 2006//2006 1053//1053
f 641//641 1537//1537 666//666
f 526//526 503//503 481//481
f 1675//1675 1508//1508 1416//1416
f 226//226 1363//1363 2046//2046
f 1810//1810 73//73 1618//1618
f 1993//1993 636//636 637//637
f 215//215 230//230 231//231
f 1037//1037 2111//2111 1896//1896
f 980//980 957//957 1768//1768
f 1259//1259 1281//1281 1282//1282
f 793//793 2068//2068 771//771
f 46//46 45//45 1637//1637
f 1202//1202 1225//1225 1226//1226
f 180//180 1424//1424 1897//1897
f 2095//2095 397//397 418//418
f 1346//1346 899//899 876//876
f 172//172 1526//1526 154//154
f 152//152 153//153 129//129
f 1451//1451 287//287 267//267
f 1749//1749 1919//1919 278//278
f 1621//1621 176//176 157//157
f 1159//1159 1160//1160 1141//1141
f 2057//2057 1980//1980 798//798
f 809//809 808//808 1677//1677
f 155//155 156//156 1400//1400
f 155//155 174//174 175//175
f 1799//1799 700//700 675//675
f 1678//1678 784//784 806//806
f 1678//1678 830//830 831//831
f 1679//1679 2015//2015 803//803
f 1855//1855 178//178 1953//1953
f 1680//1680 1459//1459 197//197
f 1464//1464 679//679 1957//1957
f 703//703 1957//1957 702//702
f 1681//1681 747//747 2025//2025
f 1849//1849 798//798 1980//1980
f 2055//2055 824//824 2049//2049
f 816//816 2096//2096 792//792
f 698//698 673//673 697//697
f 1682//1682 738//738 715//715
f 1682//1682 755//755 1979//1979
f 2015//2015 850//850 851//851
f 1683//1683 660//660 659//659
f 1683//1683 682//682 1774//1774
f 1920//1920 683//683 1794//1794
f 814//814 836//836 837//837
f 664//664 685//685 686//686
f 2089//2089 1531//1531 823//823
f 822//822 843//843 1532//1532
f 1967//1967 694//694 670//670
f 670//670 646//646 1556//1556
f 743//743 744//744 719//719
f 818//818 819//819 794//794
f 841//841 840//840 863//863
f 166//166 144//144 143//143
f 1685//1685 184//184 1961//1961
f 2072//2072 1747//1747 730//730
f 1517//1517 2072//2072 730//730
f 702//702 678//678 1686//1686
f 1992//1992 726//726 1686//1686
f 185//185 208//208 186//186
f 1529//1529 2106//2106 1430//1430
f 776//776 1797//1797 775//775
f 757//757 1808//1808 1687//1687
f 687//687 712//712 713//713
f 1688//1688 795//795 820//820
f 796//796 1949//1949 821//821
f 1689//1689 159//159 179//179
f 1689//1689 179//179 2011//2011
f 2045//2045 752//752 730//730
f 2045//2045 751//751 752//752
f 1557//1557 667//667 1690//1690
f 422//422 1583//1583 440//440
f 280//280 1573//1573 1743//1743
f 409//409 425//425 410//410
f 1466//1466 2047//2047 425//425
f 424//424 407//407 1465//1465
f 1692//1692 1582//1582 459//459
f 1693//1693 440//440 458//458
f 1694//1694 434//434 1578//1578
f 1694//1694 453//453 1902//1902
f 420//420 399//399 2010//2010
f 455//455 2010//2010 1659//1659
f 436//436 2095//2095 418//418
f 435//435 418//418 417//417
f 428//428 1947//1947 427//427
f 284//284 264//264 283//283
f 1776//1776 2054//2054 464//464
f 488//488 465//465 1776//1776
f 1340//1340 282//282 262//262
f 1696//1696 457//457 439//439
f 2083//2083 1696//1696 477//477
f 1697//1697 292//292 1345//1345
f 1698//1698 1860//1860 294//294
f 1952//1952 1398//1398 1879//1879
f 468//468 469//469 1576//1576
f 468//468 490//490 491//491
f 1699//1699 344//344 343//343
f 328//328 1341//1341 308//308
f 353//353 2012//2012 354//354
f 1480//1480 1852//1852 1470//1470
f 350//350 389//389 1861//1861
f 332//332 1473//1473 333//333
f 366//366 367//367 1700//1700
f 347//347 1700//1700 346//346
f 307//307 325//325 326//326
f 342//342 1758//1758 1701//1701
f 315//315 338//338 1860//1860
f 339//339 2043//2043 358//358
f 1874//1874 348//348 349//349
f 298//298 276//276 275//275
f 1985//1985 317//317 298//298
f 380//380 381//381 360//360
f 401//401 400//400 1394//1394
f 302//302 301//301 1928//1928
f 450//450 1974//1974 1702//1702
f 1702//1702 1664//1664 1384//1384
f 1354//1354 223//223 1570//1570
f 1570//1570 243//243 244//244
f 1552//1552 574//574 554//554
f 572//572 595//595 1703//1703
f 617//617 1951//1951 596//596
f 589//589 590//590 568//568
f 1829//1829 1877//1877 566//566
f 1921//1921 1804//1804 225//225
f 1369//1369 1924//1924 248//248
f 582//582 561//561 1375//1375
f 557//557 2017//2017 577//577
f 591//591 611//611 1705//1705
f 1705//1705 612//612 592//592
f 590//590 1706//1706 611//611
f 1706//1706 638//638 639//639
f 623//623 650//650 651//651
f 619//619 620//620 1376//1376
f 619//619 1555//1555 647//647
f 645//645 617//617 616//616
f 1458//1458 216//216 195//195
f 2013//2013 626//626 627//627
f 1380//1380 579//579 1469//1469
f 1707//1707 506//506 1551//1551
f 498//498 499//499 477//477
f 1506//1506 1995//1995 1912//1912
f 507//507 530//530 531//531
f 553//553 552//552 1552//1552
f 1046//1046 1025//1025 1601//1601
f 1625//1625 89//89 88//88
f 1234//1234 1211//1211 1448//1448
f 91//91 128//128 111//111
f 1304//1304 1333//1333 1334//1334
f 1305//1305 1336//1336 2102//2102
f 1893//1893 48//48 2084//2084
f 1306//1306 1307//1307 1283//1283
f 1337//1337 1338//1338 1306//1306
f 1040//1040 1445//1445 1041//1041
f 1300//1300 1327//1327 1328//1328
f 1325//1325 1326//1326 1299//1299
f 1119//1119 2009//2009 1713//1713
f 1713//1713 1499//1499 1161//1161
f 1714//1714 1323//1323 1324//1324
f 1295//1295 1321//1321 1296//1296
f 1296//1296 1321//1321 1322//1322
f 1423//1423 2100//2100 1715//1715
f 1715//1715 51//51 52//52
f 1095//1095 2112//2112 1096//1096
f 2112//2112 1141//1141 1118//1118
f 1293//1293 1294//1294 1651//1651
f 1294//1294 1319//1319 1320//1320
f 1716//1716 106//106 107//107
f 1717//1717 1317//1317 1318//1318
f 1595//1595 1813//1813 991//991
f 119//119 105//105 118//118
f 1718//1718 40//40 1796//1796
f 1719//1719 999//999 1944//1944
f 1944//1944 1353//1353 1719//1719
f 1720//1720 971//971 1798//1798
f 993//993 969//969 1891//1891
f 994//994 970//970 993//993
f 86//86 1938//1938 1721//1721
f 960//960 961//961 942//942
f 1020//1020 1019//1019 1600//1600
f 95//95 1824//1824 1722//1722
f 1228//1228 1206//1206 1227//1227
f 1229//1229 1605//1605 1723//1723
f 1130//1130 1405//1405 1956//1956
f 1495//1495 93//93 94//94
f 1011//1011 1012//1012 989//989
f 2061//2061 1988//1988 54//54
f 1302//1302 1275//1275 1878//1878
f 1409//1409 1609//1609 1273//1273
f 1937//1937 1274//1274 1253//1253
f 85//85 86//86 65//65
f 1726//1726 1258//1258 1279//1279
f 2051//2051 1960//1960 1111//1111
f 1510//1510 59//59 60//60
f 1727//1727 1292//1292 1899//1899
f 1073//1073 1072//1072 1728//1728
f 1622//1622 103//103 1545//1545
f 1088//1088 1062//1062 1061//1061
f 57//57 1628//1628 78//78
f 1731//1731 1066//1066 1065//1065
f 1093//1093 1067//1067 1731//1731
f 1133//1133 1113//1113 1132//1132
f 1732//1732 1068//1068 1783//1783
f 1732//1732 1095//1095 1644//1644
f 71//71 2084//2084 70//70
f 1248//1248 1419//1419 1733//1733
f 36//36 14//14 1616//1616
f 2040//2040 1735//1735 1441//1441
f 925//925 1871//1871 1735//1735
f 116//116 117//117 103//103
f 1871//1871 1939//1939 1463//1463
f 1182//1182 1605//1605 1183//1183
f 856//856 879//879 857//857
f 878//878 1489//1489 902//902
f 136//136 115//115 114//114
f 1632//1632 4//4 3//3
f 113//113 134//134 1816//1816
f 974//974 1895//1895 951//951
f 1931//1931 6//6 5//5
f 121//121 142//142 1738//1738
f 1407//1407 1738//1738 142//142
f 2110//2110 1179//1179 1203//1203
f 2076//2076 2050//2050 904//904
f 931//931 1443//1443 908//908
f 1932//1932 933//933 911//911
f 937//937 936//936 956//956
f 1741//1741 867//867 1532//1532
f 1212//1212 1189//1189 1211//1211
f 884//884 1876//1876 1742//1742
f 1964//1964 860//860 837//837
f 904//904 859//859 882//882
f 982//982 958//958 981//981
f 1190//1190 1145//1145 1167//1167
f 977//977 1001//1001 1881//1881
f 871//871 1460//1460 892//892
f 1990//1990 889//889 868//868
f 718//718 694//694 693//693
f 766//766 788//788 767//767
f 739//739 740//740 717//717
f 280//280 1743//1743 304//304
f 1744//1744 184//184 1819//1819
f 1744//1744 225//225 1804//1804
f 1745//1745 1089//1089 1090//1090
f 1745//1745 1064//1064 1043//1043
f 386//386 385//385 1866//1866
f 1882//1882 1146//1146 1127//1127
f 360//360 1468//1468 379//379
f 452//452 451//451 1576//1576
f 217//217 235//235 236//236
f 236//236 1358//1358 217//217
f 1746//1746 176//176 195//195
f 1746//1746 196//196 1619//1619
f 1747//1747 753//753 732//732
f 1096//1096 1070//1070 1644//1644
f 1749//1749 301//301 279//279
f 63//63 42//42 32//32
f 882//882 881//881 903//903
f 1750//1750 1410//1410 64//64
f 1848//1848 1545//1545 104//104
f 1752//1752 1280//1280 1281//1281
f 1752//1752 1237//1237 1608//1608
f 1164//1164 1163//1163 1187//1187
f 1397//1397 701//701 677//677
f 91//91 111//111 1491//1491
f 1400//1400 1722//1722 131//131
f 585//585 1383//1383 564//564
f 678//678 702//702 679//679
f 635//635 609//609 1805//1805
f 110//110 69//69 1490//1490
f 1498//1498 76//76 1755//1755
f 973//973 1371//1371 950//950
f 2060//2060 1440//1440 928//928
f 970//970 969//969 993//993
f 1598//1598 1998//1998 982//982
f 1044//1044 1066//1066 1021//1021
f 159//159 1418//1418 137//137
f 1756//1756 358//358 1815//1815
f 1756//1756 1657//1657 359//359
f 1836//1836 1176//1176 1152//1152
f 1830//1830 1179//1179 1155//1155
f 869//869 2039//2039 1757//1757
f 1757//1757 890//890 916//916
f 1758//1758 341//341 1701//1701
f 1605//1605 1207//1207 1183//1183
f 1570//1570 2099//2099 224//224
f 2046//2046 1363//1363 249//249
f 226//226 251//251 252//252
f 872//872 873//873 849//849
f 1759//1759 1249//1249 1272//1272
f 1759//1759 1273//1273 1609//1609
f 1607//1607 1969//1969 1245//1245
f 387//387 409//409 1943//1943
f 389//389 2078//2078 390//390
f 196//196 1358//1358 1619//1619
f 1760//1760 1465//1465 407//407
f 1863//1863 407//407 385//385
f 1761//1761 514//514 535//535
f 1856//1856 536//536 515//515
f 495//495 494//494 516//516
f 954//954 955//955 1442//1442
f 1764//1764 877//877 856//856
f 1271//1271 1272//1272 1766//1766
f 865//865 864//864 886//886
f 578//578 602//602 1546//1546
f 1076//1076 1654//1654 1767//1767
f 1767//1767 1100//1100 2082//2082
f 1768//1768 957//957 937//937
f 461//461 1894//1894 482//482
f 1927//1927 354//354 1650//1650
f 477//477 500//500 2083//2083
f 1256//1256 1277//1277 1669//1669
f 1769//1769 1837//1837 1189//1189
f 880//880 1939//1939 881//881
f 528//528 1999//1999 1639//1639
f 1771//1771 705//705 728//728
f 1967//1967 693//693 694//694
f 1772//1772 1655//1655 1287//1287
f 689//689 690//690 668//668
f 1029//1029 1359//1359 1597//1597
f 1030//1030 1029//1029 1050//1050
f 694//694 695//695 1773//1773
f 1773//1773 671//671 1555//1555
f 707//707 708//708 1774//1774
f 162//162 161//161 1775//1775
f 508//508 487//487 1533//1533
f 1116//1116 1138//1138 1540//1540
f 176//176 1404//1404 157//157
f 434//434 416//416 433//433
f 802//802 800//800 801//801
f 1777//1777 337//337 356//356
f 1887//1887 1557//1557 613//613
f 1778//1778 474//474 1575//1575
f 1779//1779 1208//1208 1606//1606
f 1232//1232 1779//1779 1231//1231
f 812//812 2023//2023 835//835
f 291//291 313//313 314//314
f 1218//1218 1219//1219 1197//1197
f 1241//1241 1240//1240 1478//1478
f 1780//1780 146//146 147//147
f 147//147 2070//2070 1780//1780
f 1054//1054 1781//1781 1587//1587
f 1781//1781 1462//1462 1079//1079
f 1101//1101 1077//1077 1767//1767
f 1914//1914 759//759 758//758
f 1257//1257 1256//1256 1669//1669
f 1014//1014 1037//1037 1038//1038
f 2104//2104 1922//1922 1782//1782
f 991//991 966//966 1595//1595
f 84//84 85//85 1496//1496
f 681//681 705//705 682//682
f 560//560 2002//2002 537//537
f 1679//1679 828//828 2015//2015
f 849//849 850//850 828//828
f 1660//1660 2000//2000 1542//1542
f 563//563 540//540 539//539
f 564//564 2103//2103 563//563
f 1783//1783 1068//1068 1067//1067
f 1996//1996 827//827 1679//1679
f 847//847 848//848 826//826
f 789//789 1461//1461 768//768
f 1511//1511 489//489 510//510
f 1784//1784 1135//1135 1994//1994
f 1908//1908 538//538 1467//1467
f 547//547 548//548 525//525
f 567//567 589//589 568//568
f 1569//1569 1906//1906 256//256
f 277//277 1919//1919 256//256
f 122//122 1972//1972 1900//1900
f 845//845 846//846 824//824
f 1704//1704 546//546 545//545
f 1122//1122 1143//1143 1144//1144
f 1785//1785 2020//2020 2088//2088
f 1785//1785 212//212 211//211
f 1180//1180 1740//1740 1157//1157
f 1227//1227 2110//2110 1204//1204
f 238//238 1360//1360 219//219
f 239//239 220//220 1786//1786
f 1253//1253 1254//1254 1231//1231
f 1254//1254 1878//1878 1275//1275
f 1166//1166 1787//1787 1190//1190
f 862//862 907//907 884//884
f 1788//1788 304//304 324//324
f 1789//1789 373//373 2008//2008
f 1790//1790 1659//1659 2010//2010
f 1162//1162 1989//1989 1161//1161
f 1791//1791 410//410 425//425
f 2005//2005 426//426 1791//1791
f 1140//1140 1158//1158 1159//1159
f 1792//1792 171//171 190//190
f 1792//1792 191//191 192//192
f 170//170 1430//1430 189//189
f 1187//1187 1163//1163 1186//1186
f 923//923 898//898 1366//1366
f 1504//1504 1172//1172 1417//1417
f 1793//1793 2010//2010 399//399
f 403//403 404//404 1641//1641
f 1691//1691 1395//1395 2001//2001
f 1286//1286 1663//1663 1263//1263
f 1353//1353 1944//1944 1000//1000
f 1461//1461 769//769 750//750
f 683//683 1920//1920 661//661
f 753//753 2072//2072 773//773
f 1959//1959 774//774 775//775
f 1002//1002 1003//1003 1881//1881
f 1026//1026 1795//1795 1002//1002
f 1796//1796 40//40 62//62
f 606//606 583//583 605//605
f 630//630 631//631 606//606
f 632//632 659//659 633//633
f 1004//1004 1028//1028 1005//1005
f 735//735 736//736 1391//1391
f 1980//1980 754//754 776//776
f 711//711 1991//1991 712//712
f 775//775 1797//1797 1959//1959
f 1798//1798 971//971 949//949
f 655//655 677//677 1674//1674
f 675//675 1940//1940 1799//1799
f 699//699 1799//1799 1553//1553
f 1507//1507 722//722 2063//2063
f 941//941 942//942 920//920
f 1508//1508 2053//2053 83//83
f 1800//1800 1738//1738 1416//1416
f 1859//1859 763//763 2105//2105
f 1057//1057 1590//1590 1083//1083
f 1801//1801 1658//1658 800//800
f 57//57 1431//1431 1730//1730
f 55//55 1509//1509 1988//1988
f 56//56 55//55 77//77
f 300//300 2085//2085 319//319
f 892//892 893//893 872//872
f 2094//2094 1138//1138 1116//1116
f 1115//1115 1137//1137 1803//1803
f 1248//1248 1271//1271 1766//1766
f 1270//1270 1248//1248 1269//1269
f 340//340 1563//1563 1468//1468
f 1666//1666 1432//1432 67//67
f 1804//1804 1961//1961 1744//1744
f 206//206 1804//1804 2066//2066
f 1404//1404 176//176 177//177
f 464//464 487//487 1776//1776
f 609//609 586//586 1805//1805
f 1805//1805 2059//2059 634//634
f 524//524 1913//1913 525//525
f 1806//1806 813//813 814//814
f 1716//1716 1500//1500 82//82
f 1954//1954 676//676 654//654
f 654//654 675//675 1954//1954
f 718//718 719//719 695//695
f 1491//1491 1408//1408 92//92
f 1366//1366 922//922 944//944
f 192//192 172//172 1792//1792
f 756//756 739//739 738//738
f 2001//2001 1502//1502 1583//1583
f 1024//1024 1023//1023 1045//1045
f 1494//1494 1618//1618 1824//1824
f 1810//1810 50//50 1970//1970
f 742//742 718//718 1387//1387
f 530//530 529//529 552//552
f 1445//1445 1086//1086 1811//1811
f 1811//1811 1087//1087 1061//1061
f 239//239 238//238 263//263
f 1812//1812 1617//1617 258//258
f 1676//1676 1724//1724 2111//2111
f 1813//1813 1014//1014 992//992
f 201//201 220//220 202//202
f 1814//1814 1359//1359 1029//1029
f 250//250 1571//1571 1697//1697
f 710//710 685//685 1673//1673
f 1815//1815 358//358 1846//1846
f 1815//1815 378//378 1756//1756
f 1903//1903 1501//1501 2087//2087
f 906//906 930//930 907//907
f 86//86 66//66 65//65
f 111//111 128//128 129//129
f 751//751 2045//2045 707//707
f 398//398 1657//1657 378//378
f 1816//1816 97//97 113//113
f 582//582 562//562 1908//1908
f 1098//1098 1072//1072 1748//1748
f 1006//1006 1890//1890 1640//1640
f 150//150 151//151 1739//1739
f 199//199 200//200 2011//2011
f 663//663 685//685 664//664
f 1002//1002 1000//1000 1026//1026
f 1753//1753 796//796 822//822
f 1487//1487 334//334 335//335
f 337//337 1777//1777 357//357
f 1073//1073 1099//1099 1074//1074
f 1120//1120 1885//1885 1099//1099
f 738//738 716//716 715//715
f 731//731 2086//2086 709//709
f 1033//1033 1781//1781 1054//1054
f 78//78 1628//1628 56//56
f 800//800 802//802 779//779
f 1420//1420 1636//1636 1625//1625
f 543//543 544//544 522//522
f 1377//1377 1455//1455 463//463
f 690//690 689//689 1670//1670
f 1374//1374 454//454 1778//1778
f 1412//1412 1218//1218 1434//1434
f 364//364 363//363 383//383
f 1817//1817 1029//1029 1597//1597
f 1818//1818 500//500 499//499
f 1818//1818 522//522 544//544
f 1354//1354 204//204 223//223
f 1819//1819 184//184 183//183
f 1819//1819 224//224 1356//1356
f 1064//1064 1090//1090 1091//1091
f 550//550 572//572 1703//1703
f 1820//1820 527//527 1770//1770
f 1821//1821 900//900 1591//1591
f 923//923 945//945 1821//1821
f 143//143 1416//1416 1738//1738
f 1822//1822 548//548 1857//1857
f 1709//1709 526//526 502//502
f 857//857 1543//1543 834//834
f 193//193 173//173 192//192
f 657//657 2030//2030 632//632
f 47//47 2065//2065 1635//1635
f 68//68 1631//1631 47//47
f 127//127 109//109 126//126
f 512//512 1483//1483 513//513
f 1823//1823 534//534 557//557
f 131//131 1824//1824 94//94
f 645//645 618//618 617//617
f 211//211 188//188 210//210
f 133//133 157//157 1404//1404
f 1825//1825 113//113 1904//1904
f 1518//1518 766//766 767//767
f 1079//1079 1104//1104 1126//1126
f 784//784 1506//1506 2105//2105
f 96//96 75//75 74//74
f 1661//1661 1389//1389 750//750
f 137//137 1418//1418 1826//1826
f 727//727 726//726 1389//1389
f 1037//1037 1014//1014 1676//1676
f 471//471 470//470 493//493
f 1827//1827 1199//1199 1198//1198
f 1220//1220 1219//1219 1241//1241
f 1754//1754 229//229 1708//1708
f 1256//1256 1257//1257 1234//1234
f 1480//1480 1470//1470 1562//1562
f 441//441 1763//1763 442//442
f 461//461 483//483 484//484
f 1817//1817 1049//1049 1050//1050
f 1654//1654 1076//1076 1075//1075
f 1843//1843 1059//1059 1085//1085
f 898//898 899//899 1346//1346
f 2007//2007 1227//1227 1419//1419
f 479//479 524//524 501//501
f 1828//1828 480//480 1942//1942
f 609//609 1829//1829 586//586
f 587//587 1877//1877 1829//1829
f 486//486 487//487 464//464
f 1962//1962 1596//1596 1649//1649
f 1596//1596 1023//1023 999//999
f 1830//1830 1201//1201 1202//1202
f 900//900 1489//1489 1831//1831
f 1831//1831 1524//1524 1591//1591
f 752//752 1517//1517 730//730
f 684//684 2018//2018 662//662
f 706//706 707//707 1774//1774
f 881//881 2098//2098 858//858
f 1832//1832 516//516 494//494
f 1833//1833 894//894 893//893
f 1833//1833 919//919 1948//1948
f 245//245 268//268 246//246
f 1652//1652 502//502 481//481
f 1834//1834 745//745 761//761
f 1834//1834 746//746 1385//1385
f 418//418 435//435 1902//1902
f 1835//1835 437//437 436//436
f 454//454 1374//1374 1835//1835
f 1836//1836 1200//1200 1176//1176
f 169//169 149//149 148//148
f 149//149 1529//1529 150//150
f 1165//1165 1188//1188 1837//1837
f 1837//1837 1769//1769 1143//1143
f 846//846 1973//1973 1536//1536
f 889//889 888//888 914//914
f 1266//1266 1290//1290 1267//1267
f 1143//1143 1122//1122 1142//1142
f 1492//1492 1558//1558 701//701
f 1532//1532 844//844 822//822
f 141//141 121//121 120//120
f 1379//1379 467//467 1839//1839
f 1379//1379 431//431 1586//1586
f 1443//1443 932//932 908//908
f 932//932 953//953 1442//1442
f 98//98 76//76 97//97
f 1840//1840 114//114 115//115
f 1677//1677 1764//1764 1875//1875
f 1624//1624 66//66 87//87
f 1028//1028 1004//1004 1027//1027
f 1841//1841 960//960 941//941
f 919//919 1370//1370 1841//1841
f 1428//1428 1488//1488 1224//1224
f 1842//1842 918//918 1884//1884
f 240//240 241//241 1648//1648
f 1583//1583 422//422 1691//1691
f 1044//1044 1600//1600 1043//1043
f 1060//1060 1086//1086 1445//1445
f 1844//1844 892//892 872//872
f 1845//1845 967//967 966//966
f 1845//1845 992//992 1891//1891
f 1993//1993 587//587 609//609
f 1994//1994 1528//1528 1155//1155
f 1092//1092 1803//1803 1093//1093
f 1099//1099 1073//1073 1728//1728
f 2064//2064 1777//1777 376//376
f 1815//1815 377//377 378//378
f 1417//1417 1751//1751 1150//1150
f 54//54 53//53 1925//1925
f 1091//1091 1115//1115 1092//1092
f 597//597 573//573 1951//1951
f 1668//1668 967//967 946//946
f 1546//1546 579//579 558//558
f 1847//1847 1007//1007 1890//1890
f 2027//2027 73//73 1970//1970
f 1848//1848 80//80 1414//1414
f 1848//1848 105//105 81//81
f 855//855 1593//1593 1524//1524
f 1398//1398 392//392 413//413
f 607//607 583//583 606//606
f 1849//1849 1980//1980 797//797
f 2089//2089 1849//1849 2052//2052
f 1850//1850 716//716 717//717
f 1575//1575 455//455 1659//1659
f 169//169 1529//1529 149//149
f 1513//1513 783//783 784//784
f 1770//1770 570//570 1820//1820
f 444//444 445//445 427//427
f 274//274 1447//1447 296//296
f 275//275 276//276 1754//1754
f 1255//1255 1232//1232 1254//1254
f 643//643 616//616 1560//1560
f 818//818 792//792 2096//2096
f 1189//1189 1212//1212 1166//1166
f 1946//1946 1384//1384 1521//1521
f 1851//1851 363//363 1388//1388
f 1851//1851 403//403 1641//1641
f 569//569 571//571 570//570
f 1016//1016 992//992 1015//1015
f 948//948 1735//1735 970//970
f 1651//1651 1247//1247 1246//1246
f 1174//1174 1929//1929 1151//1151
f 1070//1070 1069//1069 1644//1644
f 1103//1103 2077//2077 1125//1125
f 356//356 376//376 1777//1777
f 356//356 355//355 375//375
f 1364//1364 210//210 227//227
f 1780//1780 125//125 146//146
f 1852//1852 1475//1475 1566//1566
f 1853//1853 1567//1567 1943//1943
f 1061//1061 1062//1062 1439//1439
f 1854//1854 154//154 1526//1526
f 1854//1854 1400//1400 131//131
f 1869//1869 101//101 78//78
f 1521//1521 490//490 468//468
f 490//490 513//513 1483//1483
f 1856//1856 515//515 492//492
f 514//514 491//491 490//490
f 902//902 924//924 1441//1441
f 883//883 906//906 862//862
f 664//664 665//665 638//638
f 1822//1822 2048//2048 549//549
f 548//548 2022//2022 1857//1857
f 437//437 1963//1963 2095//2095
f 497//497 473//473 1579//1579
f 2041//2041 474//474 1382//1382
f 1859//1859 785//785 763//763
f 272//272 273//273 252//252
f 1368//1368 253//253 273//273
f 2033//2033 400//400 380//380
f 1860//1860 293//293 315//315
f 389//389 350//350 1565//1565
f 371//371 1861//1861 390//390
f 1862//1862 68//68 47//47
f 1729//1729 1633//1633 1490//1490
f 1270//1270 1296//1296 1271//1271
f 780//780 741//741 757//757
f 52//52 51//51 75//75
f 278//278 1965//1965 301//301
f 200//200 199//199 1360//1360
f 342//342 364//364 343//343
f 1250//1250 1941//1941 1249//1249
f 505//505 506//506 485//485
f 367//367 385//385 386//386
f 1281//1281 1259//1259 1752//1752
f 1654//1654 1100//1100 1767//1767
f 765//765 1604//1604 747//747
f 1013//1013 1676//1676 1813//1813
f 1088//1088 1413//1413 1114//1114
f 191//191 215//215 192//192
f 1105//1105 1126//1126 1128//1128
f 1986//1986 1574//1574 1577//1577
f 258//258 1984//1984 1864//1864
f 1394//1394 421//421 402//402
f 972//972 996//996 997//997
f 1568//1568 340//340 1985//1985
f 1213//1213 1236//1236 1865//1865
f 1865//1865 1608//1608 1191//1191
f 931//931 907//907 930//930
f 1410//1410 1632//1632 1512//1512
f 1867//1867 602//602 626//626
f 1867//1867 626//626 603//603
f 1868//1868 411//411 2035//2035
f 410//410 426//426 1868//1868
f 1869//1869 77//77 99//99
f 1870//1870 523//523 524//524
f 478//478 2083//2083 1870//1870
f 1871//1871 1441//1441 1735//1735
f 1871//1871 925//925 1939//1939
f 1872//1872 1330//1330 1331//1331
f 373//373 394//394 374//374
f 596//596 595//595 1560//1560
f 1493//1493 76//76 1925//1925
f 131//131 1722//1722 1824//1824
f 1193//1193 1169//1169 1192//1192
f 1873//1873 1640//1640 985//985
f 1874//1874 324//324 1347//1347
f 1874//1874 349//349 1485//1485
f 1688//1688 772//772 795//795
f 213//213 228//228 214//214
f 1875//1875 833//833 1677//1677
f 1875//1875 856//856 857//857
f 1876//1876 885//885 1742//1742
f 1876//1876 908//908 909//909
f 1796//1796 63//63 41//41
f 1555//1555 619//619 646//646
f 912//912 934//934 913//913
f 1877//1877 587//587 1704//1704
f 1877//1877 545//545 544//544
f 817//817 839//839 1588//1588
f 723//723 700//700 1799//1799
f 136//136 1953//1953 158//158
f 1876//1876 910//910 885//885
f 1573//1573 280//280 260//260
f 861//861 2031//2031 1976//1976
f 1878//1878 1253//1253 1274//1274
f 1302//1302 1878//1878 1301//1301
f 1602//1602 1042//1042 1365//1365
f 1043//1043 1064//1064 1065//1065
f 1341//1341 284//284 283//283
f 1538//1538 1779//1779 1209//1209
f 1480//1480 1562//1562 352//352
f 976//976 1719//1719 954//954
f 1879//1879 1398//1398 1456//1456
f 511//511 1482//1482 534//534
f 1880//1880 345//345 1700//1700
f 1700//1700 347//347 1880//1880
f 1001//1001 977//977 1968//1968
f 1881//1881 1001//1001 1002//1002
f 1882//1882 1169//1169 1146//1146
f 1672//1672 1125//1125 1145//1145
f 549//549 526//526 1822//1822
f 1928//1928 344//344 321//321
f 1883//1883 320//320 343//343
f 1884//1884 1460//1460 1842//1842
f 859//859 1964//1964 2098//2098
f 881//881 882//882 2098//2098
f 732//732 733//733 710//710
f 2097//2097 9//9 8//8
f 1462//1462 1104//1104 1079//1079
f 1885//1885 1120//1120 1497//1497
f 1885//1885 1121//1121 2067//2067
f 891//891 2034//2034 1886//1886
f 1886//1886 939//939 917//917
f 2082//2082 1100//1100 1122//1122
f 1101//1101 1767//1767 2082//2082
f 1887//1887 613//613 612//612
f 1887//1887 640//640 641//641
f 1660//1660 1527//1527 154//154
f 1888//1888 1342//1342 2079//2079
f 332//332 1888//1888 331//331
f 1031//1031 1481//1481 1712//1712
f 1782//1782 186//186 187//187
f 1041//1041 1445//1445 1811//1811
f 1644//1644 1095//1095 1096//1096
f 825//825 846//846 1536//1536
f 2043//2043 357//357 358//358
f 1249//1249 2007//2007 1766//1766
f 1813//1813 1595//1595 1013//1013
f 651//651 652//652 624//624
f 650//650 1889//1889 651//651
f 985//985 1007//1007 986//986
f 1890//1890 1006//1006 1032//1032
f 1188//1188 1165//1165 1187//1187
f 1499//1499 1160//1160 1161//1161
f 1610//1610 1265//1265 1243//1243
f 72//72 2027//2027 49//49
f 1891//1891 992//992 1016//1016
f 1891//1891 969//969 968//968
f 1675//1675 85//85 84//84
f 735//735 713//713 1991//1991
f 687//687 688//688 666//666
f 1175//1175 1929//1929 1222//1222
f 1582//1582 406//406 1693//1693
f 449//449 450//450 1379//1379
f 1892//1892 649//649 673//673
f 109//109 1420//1420 126//126
f 2039//2039 869//869 823//823
f 1452//1452 1229//1229 1251//1251
f 216//216 1746//1746 195//195
f 1893//1893 1429//1429 48//48
f 1599//1599 1719//1719 1353//1353
f 667//667 688//688 714//714
f 1431//1431 57//57 58//58
f 1894//1894 1652//1652 481//481
f 1894//1894 460//460 459//459
f 1479//1479 1240//1240 1412//1412
f 974//974 951//951 1440//1440
f 2091//2091 1246//1246 1225//1225
f 500//500 477//477 499//499
f 341//341 1564//1564 361//361
f 341//341 318//318 317//317
f 397//397 2064//2064 376//376
f 1137//1137 1115//1115 1136//1136
f 1350//1350 1565//1565 350//350
f 1896//1896 1058//1058 1415//1415
f 1085//1085 1896//1896 1415//1415
f 294//294 1368//1368 273//273
f 715//715 690//690 1670//1670
f 1232//1232 1662//1662 1209//1209
f 454//454 473//473 1778//1778
f 179//179 159//159 1535//1535
f 1897//1897 1689//1689 2011//2011
f 1897//1897 200//200 201//201
f 1430//1430 1627//1627 1529//1529
f 493//493 1832//1832 494//494
f 221//221 1626//1626 202//202
f 1898//1898 1243//1243 1244//1244
f 1898//1898 1222//1222 1221//1221
f 419//419 378//378 1858//1858
f 1899//1899 1488//1488 1245//1245
f 1901//1901 1578//1578 452//452
f 1901//1901 469//469 470//470
f 452//452 432//432 451//451
f 206//206 2042//2042 168//168
f 1685//1685 1961//1961 168//168
f 1902//1902 435//435 1694//1694
f 1903//1903 1172//1172 1504//1504
f 1904//1904 97//97 1493//1493
f 1904//1904 1403//1403 1825//1825
f 1905//1905 581//581 580//580
f 496//496 518//518 519//519
f 976//976 953//953 975//975
f 777//777 799//799 1801//1801
f 1906//1906 276//276 299//299
f 1109//1109 1108//1108 1131//1131
f 585//585 564//564 584//584
f 1294//1294 1269//1269 1651//1651
f 1907//1907 146//146 2037//2037
f 224//224 1634//1634 1354//1354
f 1908//1908 1467//1467 561//561
f 530//530 553//553 531//531
f 1909//1909 1201//1201 1178//1178
f 1909//1909 1177//1177 1200//1200
f 1910//1910 257//257 1367//1367
f 2074//2074 1362//1362 231//231
f 368//368 1386//1386 387//387
f 629//629 1375//1375 604//604
f 1487//1487 291//291 314//314
f 1911//1911 1483//1483 1823//1823
f 558//558 1911//1911 1548//1548
f 1995//1995 1593//1593 1912//1912
f 2052//2052 822//822 844//844
f 1698//1698 272//272 293//293
f 451//451 415//415 431//431
f 546//546 523//523 545//545
f 1913//1913 547//547 525//525
f 67//67 2021//2021 1666//1666
f 89//89 1519//1519 67//67
f 780//780 2113//2113 1914//1914
f 1914//1914 781//781 759//759
f 1915//1915 262//262 261//261
f 1916//1916 1009//1009 987//987
f 843//843 866//866 1532//1532
f 843//843 842//842 865//865
f 117//117 118//118 104//104
f 1157//1157 1156//1156 1180//1180
f 515//515 536//536 537//537
f 1917//1917 1622//1622 102//102
f 1917//1917 1503//1503 1541//1541
f 1918//1918 2081//2081 770//770
f 434//434 395//395 416//416
f 366//366 384//384 1863//1863
f 1919//1919 2074//2074 256//256
f 277//277 278//278 1919//1919
f 794//794 2068//2068 793//793
f 1643//1643 919//919 1833//1833
f 1474//1474 1017//1017 995//995
f 504//504 527//527 528//528
f 1920//1920 662//662 661//661
f 1920//1920 1794//1794 709//709
f 1921//1921 270//270 248//248
f 59//59 1510//1510 1802//1802
f 1922//1922 147//147 1782//1782
f 2104//2104 188//188 1922//1922
f 129//129 153//153 1542//1542
f 1657//1657 398//398 2033//2033
f 1481//1481 1598//1598 1814//1814
f 1923//1923 136//136 158//158
f 137//137 2036//2036 1923//1923
f 1371//1371 927//927 1437//1437
f 41//41 1425//1425 1718//1718
f 208//208 249//249 1363//1363
f 1552//1552 1376//1376 574//574
f 1925//1925 76//76 1498//1498
f 1925//1925 53//53 52//52
f 1926//1926 1276//1276 1277//1277
f 1926//1926 1256//1256 1233//1233
f 244//244 245//245 2099//2099
f 1226//1226 1246//1246 1247//1247
f 1524//1524 854//854 876//876
f 1927//1927 333//333 1473//1473
f 1927//1927 353//353 354//354
f 717//717 692//692 1850//1850
f 303//303 321//321 322//322
f 1559//1559 585//585 584//584
f 1929//1929 1175//1175 1151//1151
f 1929//1929 1174//1174 1199//1199
f 1795//1795 1047//1047 1027//1027
f 1930//1930 1266//1266 1265//1265
f 1636//1636 1420//1420 109//109
f 1758//1758 319//319 318//318
f 278//278 277//277 300//300
f 981//981 957//957 980//980
f 981//981 958//958 1453//1453
f 560//560 536//536 1469//1469
f 1642//1642 440//440 1583//1583
f 1401//1401 1622//1622 79//79
f 1522//1522 456//456 438//438
f 1931//1931 33//33 43//43
f 906//906 907//907 862//862
f 932//932 1442//1442 1932//1932
f 1932//1932 910//910 909//909
f 1933//1933 316//316 2043//2043
f 1933//1933 1563//1563 1665//1665
f 1059//1059 1037//1037 1896//1896
f 1934//1934 127//127 126//126
f 149//149 150//150 1934//1934
f 930//930 1440//1440 951//951
f 1935//1935 638//638 1706//1706
f 1935//1935 637//637 2018//2018
f 80//80 60//60 1414//1414
f 1936//1936 824//824 2055//2055
f 1818//1818 523//523 500//500
f 1230//1230 2056//2056 1937//1937
f 1252//1252 2019//2019 1937//1937
f 1938//1938 86//86 85//85
f 1938//1938 122//122 123//123
f 1594//1594 974//974 1357//1357
f 346//346 348//348 347//347
f 1939//1939 903//903 881//881
f 903//903 925//925 926//926
f 990//990 964//964 989//989
f 1595//1595 965//965 990//990
f 409//409 408//408 425//425
f 1691//1691 403//403 1395//1395
f 763//763 764//764 1681//1681
f 259//259 235//235 1812//1812
f 1207//1207 1605//1605 1452//1452
f 836//836 812//812 835//835
f 1940//1940 1889//1889 1553//1553
f 1585//1585 419//419 1858//1858
f 850//850 849//849 873//873
f 197//197 178//178 1680//1680
f 1798//1798 949//949 948//948
f 1941//1941 1228//1228 2007//2007
f 1941//1941 1229//1229 1723//1723
f 1077//1077 1101//1101 1725//1725
f 1942//1942 1652//1652 1505//1505
f 1942//1942 458//458 1828//1828
f 1584//1584 421//421 1394//1394
f 1547//1547 409//409 410//410
f 1943//1943 1547//1547 1853//1853
f 1944//1944 1024//1024 1025//1025
f 999//999 1719//1719 976//976
f 1658//1658 2049//2049 1945//1945
f 1945//1945 826//826 801//801
f 479//479 478//478 1870//1870
f 1050//1050 1051//1051 1030//1030
f 1339//1339 602//602 625//625
f 1946//1946 468//468 1576//1576
f 406//406 405//405 423//423
f 1947//1947 1695//1695 1449//1449
f 1279//1279 1278//1278 1304//1304
f 1948//1948 920//920 895//895
f 1948//1948 1841//1841 941//941
f 757//757 741//741 740//740
f 913//913 914//914 888//888
f 674//674 1892//1892 698//698
f 219//219 199//199 218//218
f 1949//1949 1688//1688 821//821
f 232//232 1458//1458 2026//2026
f 1950//1950 1177//1177 1178//1178
f 1613//1613 1153//1153 1950//1950
f 507//507 1551//1551 530//530
f 331//331 1352//1352 332//332
f 1951//1951 1703//1703 596//596
f 1951//1951 617//617 597//597
f 46//46 47//47 1635//1635
f 97//97 1904//1904 113//113
f 1396//1396 1952//1952 1879//1879
f 1953//1953 136//136 135//135
f 1953//1953 1684//1684 1855//1855
f 872//872 849//849 848//848
f 688//688 687//687 713//713
f 687//687 666//666 1537//1537
f 418//418 1902//1902 436//436
f 686//686 685//685 711//711
f 1954//1954 675//675 700//700
f 1539//1539 645//645 644//644
f 1955//1955 895//895 920//920
f 1955//1955 920//920 921//921
f 1956//1956 1129//1129 1148//1148
f 689//689 1690//1690 667//667
f 642//642 668//668 1987//1987
f 1465//1465 1692//1692 424//424
f 1957//1957 679//679 702//702
f 1958//1958 1509//1509 55//55
f 1958//1958 1628//1628 1433//1433
f 2038//2038 1045//1045 1068//1068
f 1069//1069 1601//1601 2038//2038
f 1959//1959 732//732 753//753
f 1710//1710 517//517 516//516
f 184//184 1744//1744 1961//1961
f 1962//1962 1022//1022 1809//1809
f 377//377 1858//1858 378//378
f 2064//2064 2095//2095 1963//1963
f 1964//1964 835//835 2098//2098
f 1964//1964 859//859 860//860
f 485//485 484//484 505//505
f 485//485 462//462 1763//1763
f 287//287 1572//1572 267//267
f 1965//1965 300//300 320//320
f 1965//1965 1928//1928 301//301
f 1966//1966 50//50 51//51
f 1967//1967 692//692 693//693
f 669//669 1556//1556 1539//1539
f 955//955 934//934 933//933
f 1968//1968 1599//1599 1001//1001
f 655//655 1457//1457 677//677
f 791//791 1514//1514 1523//1523
f 1515//1515 1429//1429 1893//1893
f 1726//1726 1213//1213 1235//1235
f 1969//1969 1223//1223 1244//1244
f 1969//1969 1727//1727 1245//1245
f 1970//1970 50//50 1630//1630
f 379//379 1468//1468 359//359
f 449//449 1586//1586 1456//1456
f 611//611 1706//1706 639//639
f 632//632 658//658 659//659
f 1971//1971 388//388 2035//2035
f 370//370 2078//2078 389//389
f 167//167 1975//1975 1972//1972
f 1972//1972 122//122 144//144
f 1973//1973 2034//2034 870//870
f 1973//1973 869//869 1757//1757
f 450//450 466//466 1974//1974
f 1974//1974 489//489 1511//1511
f 1975//1975 1623//1623 1411//1411
f 1975//1975 1411//1411 1972//1972
f 1463//1463 878//878 902//902
f 1737//1737 1450//1450 1366//1366
f 381//381 361//361 360//360
f 381//381 382//382 362//362
f 815//815 837//837 1976//1976
f 1730//1730 1433//1433 1628//1628
f 464//464 444//444 463//463
f 1720//1720 1018//1018 996//996
f 1271//1271 1297//1297 1272//1272
f 1977//1977 1286//1286 1309//1309
f 1978//1978 938//938 1453//1453
f 1978//1978 1886//1886 916//916
f 1709//1709 502//502 480//480
f 1083//1083 1084//1084 1058//1058
f 1979//1979 755//755 777//777
f 1979//1979 778//778 756//756
f 797//797 1980//1980 776//776
f 335//335 336//336 315//315
f 336//336 355//355 356//356
f 1519//1519 90//90 1729//1729
f 1597//1597 980//980 1005//1005
f 1981//1981 252//252 253//253
f 1981//1981 1364//1364 227//227
f 1982//1982 630//630 629//629
f 1982//1982 655//655 1674//1674
f 1006//1006 1053//1053 1032//1032
f 1625//1625 108//108 125//125
f 328//328 308//308 327//327
f 1807//1807 1983//1983 1960//1960
f 1983//1983 1152//1152 1133//1133
f 35//35 34//34 44//44
f 956//956 978//978 1768//1768
f 1372//1372 1968//1968 977//977
f 1771//1771 706//706 705//705
f 535//535 514//514 490//490
f 1984//1984 279//279 1864//1864
f 1984//1984 258//258 234//234
f 1060//1060 1843//1843 1086//1086
f 43//43 1410//1410 1750//1750
f 1872//1872 1277//1277 1276//1276
f 1493//1493 96//96 1904//1904
f 478//478 1502//1502 457//457
f 167//167 166//166 1685//1685
f 1564//1564 340//340 360//360
f 991//991 1813//1813 992//992
f 1986//1986 495//495 1579//1579
f 1987//1987 1539//1539 644//644
f 1987//1987 668//668 691//691
f 1525//1525 854//854 831//831
f 1988//1988 37//37 54//54
f 1696//1696 456//456 476//476
f 838//838 839//839 817//817
f 1109//1109 1110//1110 1415//1415
f 1526//1526 173//173 174//174
f 503//503 1770//1770 1435//1435
f 1667//1667 1989//1989 1163//1163
f 1989//1989 1713//1713 1161//1161
f 2068//2068 794//794 772//772
f 1990//1990 868//868 867//867
f 1990//1990 1741//1741 888//888
f 713//713 735//735 1391//1391
f 1266//1266 1289//1289 1290//1290
f 1992//1992 1686//1686 1492//1492
f 1992//1992 748//748 749//749
f 1165//1165 1142//1142 1164//1164
f 1993//1993 609//609 636//636
f 1993//1993 637//637 610//610
f 1543//1543 879//879 880//880
f 364//364 1477//1477 1699//1699
f 1994//1994 1136//1136 1765//1765
f 72//72 71//71 92//92
f 1995//1995 831//831 854//854
f 1996//1996 802//802 801//801
f 1996//1996 826//826 827//827
f 1997//1997 313//313 289//289
f 1997//1997 312//312 333//333
f 1998//1998 983//983 959//959
f 1998//1998 958//958 982//982
f 1999//1999 528//528 550//550
f 1999//1999 551//551 529//529
f 2000//2000 1408//1408 1542//1542
f 2000//2000 1660//1660 130//130
f 2001//2001 1395//1395 421//421
f 2001//2001 1583//1583 1691//1691
f 1057//1057 1036//1036 1590//1590
f 2002//2002 560//560 580//580
f 2002//2002 561//561 1467//1467
f 675//675 654//654 653//653
f 2003//2003 1052//1052 1031//1031
f 2003//2003 1076//1076 1077//1077
f 1836//1836 1223//1223 1607//1607
f 615//615 642//642 643//643
f 2004//2004 1112//1112 1086//1086
f 2004//2004 1111//1111 1960//1960
f 1176//1176 1177//1177 1950//1950
f 1647//1647 1167//1167 1124//1124
f 2005//2005 443//443 426//426
f 2005//2005 462//462 1377//1377
f 2006//2006 1462//1462 1781//1781
f 2006//2006 1033//1033 1032//1032
f 2007//2007 1419//1419 1766//1766
f 2007//2007 1249//1249 1941//1941
f 2008//2008 353//353 1927//1927
f 2008//2008 1473//1473 1566//1566
f 144//144 166//166 167//167
f 1499//1499 1713//1713 2009//2009
f 2009//2009 1119//1119 1098//1098
f 2010//2010 455//455 438//438
f 789//789 812//812 813//813
f 789//789 788//788 811//811
f 2011//2011 179//179 198//198
f 2012//2012 374//374 1392//1392
f 2012//2012 375//375 354//354
f 817//817 863//863 840//840
f 1247//1247 1248//1248 1733//1733
f 2013//2013 627//627 1457//1457
f 2013//2013 628//628 1905//1905
f 965//965 1595//1595 966//966
f 1563//1563 340//340 1568//1568
f 1149//1149 1130//1130 1956//1956
f 2014//2014 1550//1550 531//531
f 2015//2015 828//828 850//850
f 747//747 764//764 765//765
f 273//273 272//272 1698//1698
f 2016//2016 1611//1611 724//724
f 2016//2016 1390//1390 1518//1518
f 1717//1717 1293//1293 1268//1268
f 557//557 2101//2101 2017//2017
f 2017//2017 600//600 601//601
f 2018//2018 663//663 664//664
f 2019//2019 1409//1409 1561//1561
f 2019//2019 1300//1300 1274//1274
f 2020//2020 253//253 1447//1447
f 2020//2020 1364//1364 1981//1981
f 2021//2021 44//44 1666//1666
f 2021//2021 67//67 1519//1519
f 1091//1091 1065//1065 1064//1064
f 2022//2022 548//548 547//547
f 2022//2022 591//591 1857//1857
f 802//802 1687//1687 779//779
f 2023//2023 834//834 1543//1543
f 2023//2023 812//812 811//811
f 2024//2024 1290//1290 1472//1472
f 1472//1472 1292//1292 2024//2024
f 460//460 1692//1692 459//459
f 441//441 1581//1581 460//460
f 469//469 468//468 491//491
f 2025//2025 747//747 723//723
f 877//877 878//878 856//856
f 918//918 1370//1370 919//919
f 1014//1014 1015//1015 992//992
f 2026//2026 1458//1458 194//194
f 2026//2026 174//174 193//193
f 87//87 66//66 86//86
f 2027//2027 36//36 49//49
f 118//118 117//117 1629//1629
f 979//979 978//978 1003//1003
f 2028//2028 1882//1882 1127//1127
f 2028//2028 1104//1104 1103//1103
f 260//260 280//280 2029//2029
f 2029//2029 1788//1788 281//281
f 2030//2030 658//658 632//632
f 2030//2030 680//680 681//681
f 2031//2031 816//816 1612//1612
f 2032//2032 261//261 237//237
f 2032//2032 2029//2029 281//281
f 2033//2033 379//379 1657//1657
f 2033//2033 399//399 400//400
f 1500//1500 83//83 2053//2053
f 2034//2034 916//916 1886//1886
f 2034//2034 891//891 870//870
f 1841//1841 1484//1484 960//960
f 2035//2035 388//388 1853//1853
f 2036//2036 137//137 1826//1826
f 2036//2036 115//115 1923//1923
f 683//683 1774//1774 708//708
f 1732//1732 1644//1644 2038//2038
f 1631//1631 68//68 69//69
f 1149//1149 1150//1150 1131//1131
f 2039//2039 868//868 889//889
f 2039//2039 890//890 1757//1757
f 2040//2040 970//970 1735//1735
f 2040//2040 947//947 968//968
f 2041//2041 520//520 541//541
f 2042//2042 206//206 207//207
f 1017//1017 1041//1041 1439//1439
f 796//796 1351//1351 1949//1949
f 1949//1949 774//774 773//773
f 1196//1196 1197//1197 1172//1172
f 2043//2043 339//339 1933//1933
f 2043//2043 338//338 357//357
f 2044//2044 1020//1020 1021//1021
f 2044//2044 1649//1649 1355//1355
f 2045//2045 730//730 731//731
f 2045//2045 708//708 707//707
f 1252//1252 1609//1609 1409//1409
f 1779//1779 1232//1232 1209//1209
f 2046//2046 250//250 271//271
f 2047//2047 441//441 442//442
f 2047//2047 442//442 1791//1791
f 349//349 348//348 368//368
f 458//458 440//440 1642//1642
f 1112//1112 1113//1113 1087//1087
f 394//394 416//416 395//395
f 2048//2048 1857//1857 569//569
f 2049//2049 825//825 1945//1945
f 2049//2049 1658//1658 799//799
f 225//225 246//246 247//247
f 703//703 704//704 1957//1957
f 727//727 728//728 703//703
f 343//343 344//344 1883//1883
f 1398//1398 1393//1393 393//393
f 2050//2050 860//860 859//859
f 859//859 904//904 2050//2050
f 1200//1200 1428//1428 1909//1909
f 508//508 1776//1776 487//487
f 1659//1659 1790//1790 1374//1374
f 2051//2051 1110//1110 1656//1656
f 2051//2051 1807//1807 1960//1960
f 1753//1753 797//797 1614//1614
f 1508//1508 83//83 1800//1800
f 2053//2053 1508//1508 84//84
f 445//445 446//446 428//428
f 2055//2055 798//798 1849//1849
f 2056//2056 1252//1252 1937//1937
f 2056//2056 1230//1230 1606//1606
f 2057//2057 736//736 754//754
f 754//754 1980//1980 2057//2057
f 2058//2058 546//546 1704//1704
f 2058//2058 567//567 568//568
f 1023//1023 1024//1024 999//999
f 1809//1809 1045//1045 1023//1023
f 1062//1062 1042//1042 1439//1439
f 997//997 1019//1019 998//998
f 2059//2059 633//633 634//634
f 2059//2059 1805//1805 586//586
f 2060//2060 973//973 1357//1357
f 64//64 1512//1512 42//42
f 334//334 1487//1487 314//314
f 2061//2061 54//54 1498//1498
f 2061//2061 1755//1755 77//77
f 408//408 409//409 387//387
f 1755//1755 98//98 1840//1840
f 132//132 1403//1403 1722//1722
f 2062//2062 297//297 296//296
f 2062//2062 1568//1568 1344//1344
f 2063//2063 698//698 1507//1507
f 2063//2063 722//722 699//699
f 2064//2064 1846//1846 1777//1777
f 2064//2064 1963//1963 377//377
f 2065//2065 48//48 1429//1429
f 2066//2066 1924//1924 207//207
f 2066//2066 207//207 206//206
f 345//345 365//365 366//366
f 2067//2067 1121//1121 1100//1100
f 2067//2067 1654//1654 1074//1074
f 771//771 752//752 751//751
f 227//227 226//226 252//252
f 210//210 209//209 227//227
f 1839//1839 467//467 1946//1946
f 1575//1575 474//474 1381//1381
f 770//770 791//791 1918//1918
f 90//90 109//109 1633//1633
f 231//231 255//255 256//256
f 498//498 475//475 1381//1381
f 477//477 476//476 498//498
f 1264//1264 1288//1288 1930//1930
f 347//347 323//323 1880//1880
f 1243//1243 1267//1267 1244//1244
f 1265//1265 1266//1266 1243//1243
f 1075//1075 1049//1049 1074//1074
f 2069//2069 579//579 1867//1867
f 2069//2069 603//603 1905//1905
f 305//305 306//306 1915//1915
f 2070//2070 1420//1420 1780//1780
f 2070//2070 148//148 149//149
f 1422//1422 1535//1535 158//158
f 2071//2071 728//728 727//727
f 2071//2071 1514//1514 770//770
f 1684//1684 135//135 134//134
f 1773//1773 695//695 696//696
f 407//407 424//424 1866//1866
f 1992//1992 750//750 1389//1389
f 1537//1537 686//686 712//712
f 1119//1119 1120//1120 1728//1728
f 2072//2072 753//753 1747//1747
f 2072//2072 772//772 773//773
f 625//625 624//624 652//652
f 1916//1916 1007//1007 1008//1008
f 2073//2073 866//866 865//865
f 2073//2073 886//886 911//911
f 220//220 201//201 1786//1786
f 2074//2074 231//231 256//256
f 2074//2074 1919//1919 257//257
f 847//847 1844//1844 848//848
f 2075//2075 282//282 1340//1340
f 2075//2075 308//308 283//283
f 2076//2076 928//928 929//929
f 2076//2076 904//904 927//927
f 496//496 517//517 518//518
f 2077//2077 1102//1102 1123//1123
f 1680//1680 1358//1358 1459//1459
f 2078//2078 1449//1449 390//390
f 1866//1866 424//424 1466//1466
f 628//628 604//604 1905//1905
f 2079//2079 1342//1342 310//310
f 2079//2079 330//330 1562//1562
f 2080//2080 236//236 260//260
f 2080//2080 2029//2029 2032//2032
f 2081//2081 729//729 1771//1771
f 1771//1771 770//770 2081//2081
f 2082//2082 1144//1144 1123//1123
f 1739//1739 110//110 127//127
f 1260//1260 1261//1261 1476//1476
f 1283//1283 1284//1284 1260//1260
f 2083//2083 500//500 1870//1870
f 2084//2084 1402//1402 1893//1893
f 2084//2084 71//71 1402//1402
f 2085//2085 318//318 319//319
f 2085//2085 277//277 1906//1906
f 1512//1512 1426//1426 32//32
f 1098//1098 1748//1748 1097//1097
f 1396//1396 414//414 1952//1952
f 60//60 59//59 1414//1414
f 1531//1531 867//867 868//868
f 698//698 697//697 1507//1507
f 2086//2086 710//710 1673//1673
f 2087//2087 1501//1501 1171//1171
f 2088//2088 274//274 254//254
f 49//49 36//36 1616//1616
f 1802//1802 26//26 1431//1431
f 894//894 1592//1592 1534//1534
f 275//275 297//297 1344//1344
f 1708//1708 297//297 275//275
f 2090//2090 1829//1829 566//566
f 2091//2091 1488//1488 1899//1899
f 2092//2092 1210//1210 1188//1188
f 1220//1220 1827//1827 1198//1198
f 2094//2094 1116//1116 1094//1094
f 2094//2094 1783//1783 1093//1093
f 2095//2095 2064//2064 397//397
f 2095//2095 436//436 437//437
f 2096//2096 817//817 840//840
f 2096//2096 816//816 838//838
f 1991//1991 1797//1797 734//734
f 1749//1749 1367//1367 257//257
f 2097//2097 35//35 45//45
f 858//858 835//835 2023//2023
f 2099//2099 246//246 1356//1356
f 2099//2099 1570//1570 244//244
f 739//739 756//756 1808//1808
f 1736//1736 1424//1424 161//161
f 1211//1211 1257//1257 1235//1235
f 722//722 1507//1507 1385//1385
f 2100//2100 1966//1966 1715//1715
f 2100//2100 1423//1423 19//19
f 1565//1565 369//369 388//388
f 2101//2101 576//576 1373//1373
f 2101//2101 557//557 1482//1482
f 214//214 230//230 191//191
f 171//171 152//152 170//170
f 521//521 543//543 522//522
f 244//244 1451//1451 267//267
f 1889//1889 674//674 1553//1553
f 2103//2103 540//540 563//563
f 2103//2103 1383//1383 541//541
f 2104//2104 209//209 210//210
f 2104//2104 1782//1782 187//187
f 552//552 553//553 530//530
f 573//573 1552//1552 552//552
f 162//162 140//140 139//139
f 1775//1775 163//163 162//162
f 2105//2105 763//763 762//762
f 101//101 1869//1869 100//100
f 1838//1838 615//615 614//614
f 31//31 2114//2114 2//2
f 2106//2106 1529//1529 169//169
f 2106//2106 211//211 212//212
f 2107//2107 1373//1373 576//576
f 1127//1127 1128//1128 1126//1126
f 1888//1888 332//332 311//311
f 2108//2108 1592//1592 874//874
f 2108//2108 851//851 850//850
f 436//436 1577//1577 1574//1574
f 1305//1305 1335//1335 1336//1336
f 625//625 578//578 624//624
f 2109//2109 240//240 220//220
f 2109//2109 263//263 282//282
f 2110//2110 1203//1203 1204//1204
f 2110//2110 1205//1205 1180//1180
f 2111//2111 1058//1058 1896//1896
f 1724//1724 1676//1676 1013//1013
f 1097//1097 1118//1118 2009//2009
f 839//839 883//883 862//862
f 1283//1283 2102//2102 1306//1306
f 41//41 31//31 1425//1425
f 2112//2112 1117//1117 1140//1140
f 2112//2112 1118//1118 1096//1096
f 2113//2113 803//803 1914//1914
f 2113//2113 780//780 1348//1348
f 49//49 71//71 72//72
f 1046//1046 1748//1748 1071//1071
f 1282//1282 1305//1305 2102//2102
f 2145//2145 2116//2116 3539//3539
f 2118//2118 3746//3746 2147//2147
f 4045//4045 2119//2119 2147//2147
f 2149//2149 2121//2121 2148//2148
f 2123//2123 4211//4211 3749//3749
f 2125//2125 4179//4179 3543//3543
f 2129//2129 2150//2150 3630//3630
f 2134//2134 2133//2133 3537//3537
f 4102//4102 2135//2135 2151//2151
f 4102//4102 3623//3623 2136//2136
f 3844//3844 2138//2138 3547//3547
f 3844//3844 3545//3545 2139//2139
f 2143//2143 2152//2152 2153//2153
f 2146//2146 2145//2145 2155//2155
f 3746//3746 3524//3524 2147//2147
f 4141//4141 4084//4084 3630//3630
f 3829//3829 4080//4080 2165//2165
f 2167//2167 3829//3829 2166//2166
f 2151//2151 3537//3537 2167//2167
f 4072//4072 2170//2170 3742//3742
f 2172//2172 3916//3916 3545//3545
f 3624//3624 2174//2174 2152//2152
f 2153//2153 2174//2174 2175//2175
f 2177//2177 2146//2146 2155//2155
f 3864//3864 2178//2178 2179//2179
f 2180//2180 3864//3864 2179//2179
f 3546//3546 3780//3780 3738//3738
f 2161//2161 2162//2162 4179//4179
f 2187//2187 3924//3924 4084//4084
f 2189//2189 3607//3607 2166//2166
f 2168//2168 4039//4039 3612//3612
f 3515//3515 2192//2192 2216//2216
f 2193//2193 3528//3528 2173//2173
f 2175//2175 2194//2194 2195//2195
f 3610//3610 2179//2179 2178//2178
f 3738//3738 2201//2201 3546//3546
f 2184//2184 2205//2205 3605//3605
f 3605//3605 2185//2185 2184//2184
f 3609//3609 2206//2206 2207//2207
f 3609//3609 3732//3732 2187//2187
f 3608//3608 2209//2209 2188//2188
f 3869//3869 3954//3954 2213//2213
f 3736//3736 3659//3659 2193//2193
f 2194//2194 3962//3962 2195//2195
f 2201//2201 2202//2202 3546//3546
f 2204//2204 3747//3747 3843//3843
f 2245//2245 2208//2208 2226//2226
f 2209//2209 3517//3517 2210//2210
f 4150//4150 2214//2214 2229//2229
f 4031//4031 2217//2217 3736//3736
f 2217//2217 2218//2218 3659//3659
f 2219//2219 2218//2218 2232//2232
f 2235//2235 3914//3914 2221//2221
f 4052//4052 2237//2237 3835//3835
f 2200//2200 3835//3835 2201//2201
f 3750//3750 2223//2223 2204//2204
f 2242//2242 2224//2224 3853//3853
f 4114//4114 2207//2207 3522//3522
f 2245//2245 2226//2226 2244//2244
f 2246//2246 3939//3939 3517//3517
f 3517//3517 4018//4018 2210//2210
f 3930//3930 2249//2249 2228//2228
f 2230//2230 2252//2252 3850//3850
f 2233//2233 2253//2253 2254//2254
f 3914//3914 2235//2235 3852//3852
f 3734//3734 2257//2257 2258//2258
f 4052//4052 3734//3734 2236//2236
f 2236//2236 4014//4014 2237//2237
f 2259//2259 2238//2238 4014//4014
f 2259//2259 2239//2239 2238//2238
f 2239//2239 3894//3894 3739//3739
f 3534//3534 3739//3739 3894//3894
f 2240//2240 3534//3534 4184//4184
f 2265//2265 2266//2266 2243//2243
f 2267//2267 3774//3774 3656//3656
f 3774//3774 2268//2268 2244//2244
f 3514//3514 2270//2270 2246//2246
f 2248//2248 3518//3518 3798//3798
f 2249//2249 2250//2250 2228//2228
f 2252//2252 3532//3532 2274//2274
f 3743//3743 2275//2275 2276//2276
f 2254//2254 2276//2276 2277//2277
f 2256//2256 2279//2279 3521//3521
f 3521//3521 2257//2257 3852//3852
f 4086//4086 3525//3525 4014//4014
f 3737//3737 4151//4151 3525//3525
f 3640//3640 2288//2288 2269//2269
f 2270//2270 2289//2289 3735//3735
f 4067//4067 2292//2292 2272//2272
f 3649//3649 2273//2273 2251//2251
f 2275//2275 2294//2294 3889//3889
f 2277//2277 3889//3889 2295//2295
f 2280//2280 2298//2298 3799//3799
f 4089//4089 2299//2299 3737//3737
f 4021//4021 3737//3737 2300//2300
f 3741//3741 2284//2284 2266//2266
f 2308//2308 2289//2289 2288//2288
f 2308//2308 2309//2309 3735//3735
f 2290//2290 3860//3860 2291//2291
f 3733//3733 3794//3794 3969//3969
f 3536//3536 2311//2311 2312//2312
f 2293//2293 3649//3649 3536//3536
f 2314//2314 4011//4011 4125//4125
f 2294//2294 2316//2316 3740//3740
f 2295//2295 3740//3740 2317//2317
f 4156//4156 2321//2321 2299//2299
f 2299//2299 2300//2300 3737//3737
f 2302//2302 4218//4218 2324//2324
f 2303//2303 2326//2326 2327//2327
f 2304//2304 2327//2327 2328//2328
f 2306//2306 2329//2329 2307//2307
f 3472//3472 2310//2310 2331//2331
f 2313//2313 2333//2333 3474//3474
f 2317//2317 2335//2335 2336//2336
f 4038//4038 2322//2322 2321//2321
f 3478//3478 3899//3899 2325//2325
f 2329//2329 2345//2345 3476//3476
f 2330//2330 2348//2348 3731//3731
f 3752//3752 2333//2333 2332//2332
f 3474//3474 2352//2352 2353//2353
f 4223//4223 2334//2334 2353//2353
f 2336//2336 2355//2355 2356//2356
f 2338//2338 3468//3468 3684//3684
f 4035//4035 2362//2362 4180//4180
f 4180//4180 2362//2362 4038//4038
f 3477//3477 2340//2340 2323//2323
f 2344//2344 2328//2328 2343//2343
f 4024//4024 3481//3481 2347//2347
f 2349//2349 2373//2373 3687//3687
f 2375//2375 2377//2377 2352//2352
f 2356//2356 3550//3550 2379//2379
f 2360//2360 2382//2382 2361//2361
f 2383//2383 2361//2361 2382//2382
f 2364//2364 2363//2363 3483//3483
f 3822//3822 2388//2388 2411//2411
f 3822//3822 2389//2389 3868//3868
f 3476//3476 4188//4188 4024//4024
f 4033//4033 3863//3863 2371//2371
f 3863//3863 4098//4098 3481//3481
f 3978//3978 3658//3658 2373//2373
f 2379//2379 2398//2398 2399//2399
f 3686//3686 2401//2401 2425//2425
f 2402//2402 2382//2382 3686//3686
f 3558//3558 2404//2404 2405//2405
f 2385//2385 3811//3811 2407//2407
f 2410//2410 3561//3561 3482//3482
f 2390//2390 2412//2412 2413//2413
f 2413//2413 4199//4199 4020//4020
f 2415//2415 3863//3863 2392//2392
f 2418//2418 3902//3902 2394//2394
f 2395//2395 3902//3902 2419//2419
f 4029//4029 3454//3454 2376//2376
f 2396//2396 4189//4189 2397//2397
f 2399//2399 3455//3455 2423//2423
f 2402//2402 2426//2426 2403//2403
f 2404//2404 2403//2403 2427//2427
f 2427//2427 2405//2405 2404//2404
f 2407//2407 3459//3459 2429//2429
f 2430//2430 3974//3974 2452//2452
f 2430//2430 2409//2409 2408//2408
f 3458//3458 4099//4099 2412//2412
f 2412//2412 2431//2431 2413//2413
f 2432//2432 4199//4199 2413//2413
f 3997//3997 4079//4079 2434//2434
f 2416//2416 2417//2417 3658//3658
f 3857//3857 2436//2436 2418//2418
f 3461//3461 2438//2438 2418//2418
f 3902//3902 2438//2438 2419//2419
f 2420//2420 2439//2439 2421//2421
f 2423//2423 2442//2442 2443//2443
f 3677//3677 4047//4047 2453//2453
f 3678//3678 4099//4099 2454//2454
f 2455//2455 2431//2431 3678//3678
f 2457//2457 2434//2434 2456//2456
f 2435//2435 2458//2458 2459//2459
f 2435//2435 2417//2417 4042//4042
f 3994//3994 2437//2437 2436//2436
f 2462//2462 3988//3988 3461//3461
f 2438//2438 3599//3599 2419//2419
f 3760//3760 2439//2439 3463//3463
f 2464//2464 2441//2441 3464//3464
f 2443//2443 3585//3585 2465//2465
f 3466//3466 3587//3587 2446//2446
f 2446//2446 2447//2447 2426//2426
f 2447//2447 4041//4041 3764//3764
f 3582//3582 3677//3677 2473//2473
f 2455//2455 2476//2476 3815//3815
f 2478//2478 2456//2456 2477//2477
f 3813//3813 2457//2457 2478//2478
f 2458//2458 3813//3813 2459//2459
f 2459//2459 2480//2480 3814//3814
f 2462//2462 2460//2460 3500//3500
f 3681//3681 2482//2482 4057//4057
f 2483//2483 3463//3463 3681//3681
f 2465//2465 3975//3975 2485//2485
f 3587//3587 4122//4122 4041//4041
f 2490//2490 2470//2470 2489//2489
f 2471//2471 3960//3960 2472//2472
f 3960//3960 2471//2471 3891//3891
f 3771//3771 3870//3870 2492//2492
f 2493//2493 2473//2473 3771//3771
f 2475//2475 2495//2495 2476//2476
f 3502//3502 2477//2477 3815//3815
f 2497//2497 3591//3591 2478//2478
f 2499//2499 2481//2481 3977//3977
f 2482//2482 2501//2501 4057//4057
f 2483//2483 3679//3679 3760//3760
f 2503//2503 3679//3679 2484//2484
f 2485//2485 2504//2504 2505//2505
f 2528//2528 3903//3903 3589//3589
f 2487//2487 2488//2488 2467//2467
f 2508//2508 3506//3506 2488//2488
f 2513//2513 4147//4147 2512//2512
f 2496//2496 2516//2516 3600//3600
f 3600//3600 2517//2517 3965//3965
f 3600//3600 3965//3965 3502//3502
f 3874//3874 2519//2519 2520//2520
f 2521//2521 3977//3977 3874//3874
f 2501//2501 2500//2500 2522//2522
f 3661//3661 4057//4057 2523//2523
f 3982//3982 4149//4149 3661//3661
f 4085//4085 4149//4149 2525//2525
f 4061//4061 3563//3563 4192//4192
f 2505//2505 3563//3563 2526//2526
f 3512//3512 4066//4066 3507//3507
f 2528//2528 3568//3568 3903//3903
f 2508//2508 2509//2509 3506//3506
f 2531//2531 2510//2510 3506//3506
f 2531//2531 2511//2511 2510//2510
f 2551//2551 3972//3972 4077//4077
f 3699//3699 3972//3972 2551//2551
f 3904//3904 3907//3907 2533//2533
f 2514//2514 2534//2534 3508//3508
f 3508//3508 2516//2516 2515//2515
f 2518//2518 2517//2517 3805//3805
f 4085//4085 4061//4061 4192//4192
f 2526//2526 3809//3809 2543//2543
f 3700//3700 2563//2563 3493//3493
f 2529//2529 2528//2528 3510//3510
f 2530//2530 2546//2546 2547//2547
f 2518//2518 3805//3805 2536//2536
f 2536//2536 2537//2537 2518//2518
f 3695//3695 2555//2555 4161//4161
f 2524//2524 3905//3905 2540//2540
f 2541//2541 2525//2525 3759//3759
f 2558//2558 2541//2541 3759//3759
f 2543//2543 2560//2560 2561//2561
f 2581//2581 3493//3493 2564//2564
f 2565//2565 2546//2546 2529//2529
f 3808//3808 2549//2549 2548//2548
f 3949//3949 3688//3688 2568//2568
f 2570//2570 2553//2553 3698//3698
f 2576//2576 4119//4119 2556//2556
f 2557//2557 2558//2558 3759//3759
f 2561//2561 4168//4168 2579//2579
f 3953//3953 3690//3690 2565//2565
f 4015//4015 3690//3690 2583//2583
f 3634//3634 4015//4015 2584//2584
f 3876//3876 3691//3691 2567//2567
f 2586//2586 2587//2587 2568//2568
f 2571//2571 3810//3810 4197//4197
f 3616//3616 2592//2592 3756//3756
f 2616//2616 4056//4056 2594//2594
f 3766//3766 4008//4008 2573//2573
f 4008//4008 2575//2575 2574//2574
f 3877//3877 2575//2575 2598//2598
f 2599//2599 3877//3877 2598//2598
f 3694//3694 3569//3569 3491//3491
f 3821//3821 3569//3569 3694//3694
f 3890//3890 2579//2579 4168//4168
f 3635//3635 2627//2627 2604//2604
f 2584//2584 2606//2606 2607//2607
f 3876//3876 2567//2567 2585//2585
f 3688//3688 4100//4100 2586//2586
f 3693//3693 2609//2609 2610//2610
f 2587//2587 2586//2586 3693//3693
f 2588//2588 4155//4155 3495//3495
f 2594//2594 3942//3942 2615//2615
f 3823//3823 2594//2594 2615//2615
f 2616//2616 3766//3766 4056//4056
f 2595//2595 2617//2617 2596//2596
f 2597//2597 2618//2618 2598//2598
f 2599//2599 2620//2620 3694//3694
f 2601//2601 2621//2621 3647//3647
f 2602//2602 2622//2622 2623//2623
f 3625//3625 2625//2625 3778//3778
f 2605//2605 2628//2628 3970//3970
f 3875//3875 3970//3970 2628//2628
f 2609//2609 3876//3876 2608//2608
f 2611//2611 2633//2633 3496//3496
f 4155//4155 3496//3496 2634//2634
f 2635//2635 2612//2612 3495//3495
f 2613//2613 2612//2612 2636//2636
f 2637//2637 3932//3932 2659//2659
f 2593//2593 3984//3984 2638//2638
f 2639//2639 2615//2615 2638//2638
f 2617//2617 2663//2663 3884//3884
f 2618//2618 3549//3549 2641//2641
f 2642//2642 3753//3753 2619//2619
f 3647//3647 2645//2645 3664//3664
f 2623//2623 3664//3664 2646//2646
f 2626//2626 2625//2625 2648//2648
f 3597//3597 2626//2626 3937//3937
f 2649//2649 2604//2604 3597//3597
f 3946//3946 2651//2651 3824//3824
f 2654//2654 2632//2632 2653//2653
f 4027//4027 2638//2638 2637//2637
f 2662//2662 3936//3936 3823//3823
f 2643//2643 3753//3753 4113//4113
f 2646//2646 4128//4128 2669//2669
f 3596//3596 2671//2671 2648//2648
f 2691//2691 3937//3937 2671//2671
f 3494//3494 4025//4025 2672//2672
f 4025//4025 3494//3494 2649//2649
f 3583//3583 2673//2673 2674//2674
f 2650//2650 2674//2674 2651//2651
f 3581//3581 2651//2651 4116//4116
f 2652//2652 4022//4022 2653//2653
f 4217//4217 2634//2634 2654//2654
f 2658//2658 2657//2657 2680//2680
f 4027//4027 4172//4172 2661//2661
f 4136//4136 2661//2661 2682//2682
f 2684//2684 2663//2663 4162//4162
f 2685//2685 3934//3934 2684//2684
f 2686//2686 3934//3934 2685//2685
f 3666//3666 2668//2668 2667//2667
f 2669//2669 2668//2668 2689//2689
f 3937//3937 2691//2691 3662//3662
f 2673//2673 2694//2694 2674//2674
f 2675//2675 4116//4116 2695//2695
f 2676//2676 3785//3785 2677//2677
f 4204//4204 3663//3663 2700//2700
f 2659//2659 3991//3991 3818//3818
f 4172//4172 2682//2682 2661//2661
f 3971//3971 2706//2706 2683//2683
f 2685//2685 2708//2708 2709//2709
f 2689//2689 2688//2688 2712//2712
f 2715//2715 2692//2692 2691//2691
f 3660//3660 2672//2672 3662//3662
f 2695//2695 3489//3489 2675//2675
f 2696//2696 2719//2719 2697//2697
f 2698//2698 3785//3785 2721//2721
f 3673//3673 3663//3663 2699//2699
f 2702//2702 2724//2724 2703//2703
f 2725//2725 2705//2705 2704//2704
f 2707//2707 2728//2728 2708//2708
f 3674//3674 2708//2708 2729//2729
f 2710//2710 3674//3674 2730//2730
f 2711//2711 2732//2732 3490//3490
f 2712//2712 2734//2734 2735//2735
f 2737//2737 2715//2715 2714//2714
f 2692//2692 2739//2739 2716//2716
f 3660//3660 3981//3981 2693//2693
f 2717//2717 4127//4127 4019//4019
f 3489//3489 2743//2743 2719//2719
f 2720//2720 2719//2719 2744//2744
f 2722//2722 2746//2746 2747//2747
f 3673//3673 2698//2698 2722//2722
f 2747//2747 4173//4173 3673//3673
f 2749//2749 3919//3919 2748//2748
f 3820//3820 2704//2704 2703//2703
f 3819//3819 4001//4001 2726//2726
f 3952//3952 2728//2728 2727//2727
f 2726//2726 2728//2728 2707//2707
f 2733//2733 2761//2761 2734//2734
f 2735//2735 2761//2761 2762//2762
f 2764//2764 2737//2737 2736//2736
f 2739//2739 2766//2766 2767//2767
f 3453//3453 2741//2741 2740//2740
f 2769//2769 2743//2743 2742//2742
f 2744//2744 4096//4096 2770//2770
f 2745//2745 2770//2770 3578//3578
f 3492//3492 2746//2746 2722//2722
f 2749//2749 2774//2774 2775//2775
f 2750//2750 2776//2776 2751//2751
f 2776//2776 4132//4132 2751//2751
f 2752//2752 4049//4049 2778//2778
f 2753//2753 2755//2755 2754//2754
f 3804//3804 2756//2756 3952//3952
f 2782//2782 2756//2756 3804//3804
f 4101//4101 2758//2758 2757//2757
f 2783//2783 4081//4081 3670//3670
f 2784//2784 3669//3669 2760//2760
f 2761//2761 3669//3669 2785//2785
f 2762//2762 2785//2785 2786//2786
f 2789//2789 2767//2767 4054//4054
f 3571//3571 2790//2790 2791//2791
f 2769//2769 4096//4096 2743//2743
f 2772//2772 2795//2795 2796//2796
f 3797//3797 2772//2772 2796//2796
f 3797//3797 2797//2797 2774//2774
f 2774//2774 2797//2797 2775//2775
f 2778//2778 2800//2800 2779//2779
f 2755//2755 2779//2779 3651//3651
f 2783//2783 3653//3653 2805//2805
f 3887//3887 2810//2810 2786//2786
f 2788//2788 2812//2812 4177//4177
f 3725//3725 4068//4068 2814//2814
f 2791//2791 2790//2790 3511//3511
f 3578//3578 4071//4071 2794//2794
f 3797//3797 3888//3888 2797//2797
f 4034//4034 2823//2823 2798//2798
f 2823//2823 3787//3787 2798//2798
f 2799//2799 2777//2777 3787//3787
f 2825//2825 2799//2799 2824//2824
f 2800//2800 3651//3651 2779//2779
f 3505//3505 2802//2802 2827//2827
f 2804//2804 2829//2829 2830//2830
f 2804//2804 3964//3964 2805//2805
f 3964//3964 2804//2804 2830//2830
f 3501//3501 2807//2807 2806//2806
f 2832//2832 2809//2809 2808//2808
f 2809//2809 2834//2834 2810//2810
f 3667//3667 4177//4177 2813//2813
f 2814//2814 2838//2838 3725//3725
f 2840//2840 2816//2816 3800//3800
f 2840//2840 2817//2817 2816//2816
f 2825//2825 2847//2847 4105//4105
f 2826//2826 4105//4105 2827//2827
f 3505//3505 2850//2850 2851//2851
f 3501//3501 2854//2854 2855//2855
f 2833//2833 2856//2856 2857//2857
f 2834//2834 2833//2833 2858//2858
f 4139//4139 2837//2837 2813//2813
f 2861//2861 3718//3718 2837//2837
f 4106//4106 3503//3503 2840//2840
f 2842//2842 4185//4185 3885//3885
f 2844//2844 3861//3861 2845//2845
f 4200//4200 2845//2845 3861//3861
f 2890//2890 2848//2848 3911//3911
f 2851//2851 2869//2869 3796//3796
f 3922//3922 2870//2870 2893//2893
f 2873//2873 2857//2857 2872//2872
f 2858//2858 2857//2857 2874//2874
f 3948//3948 2875//2875 3627//3627
f 2876//2876 3795//3795 2860//2860
f 2879//2879 3504//3504 3718//3718
f 2880//2880 3632//3632 3504//3504
f 2864//2864 2883//2883 3775//3775
f 3775//3775 2841//2841 3503//3503
f 3631//3631 2886//2886 4186//4186
f 2888//2888 4073//4073 2867//2867
f 3796//3796 4093//4093 2870//2870
f 3922//3922 2893//2893 3801//3801
f 2873//2873 2896//2896 2874//2874
f 2878//2878 2899//2899 2900//2900
f 2900//2900 3729//3729 2879//2879
f 3920//3920 3575//3575 2903//2903
f 2904//2904 3637//3637 2883//2883
f 2906//2906 4032//4032 2905//2905
f 2907//2907 2885//2885 4032//4032
f 2888//2888 4063//4063 3465//3465
f 4171//4171 2912//2912 2891//2891
f 3915//3915 2892//2892 4093//4093
f 3801//3801 2916//2916 3462//3462
f 3793//3793 4227//4227 3462//3462
f 4227//4227 3793//3793 2917//2917
f 2895//2895 2919//2919 2896//2896
f 2899//2899 2922//2922 2900//2900
f 3729//3729 2923//2923 2901//2901
f 2925//2925 2901//2901 2924//2924
f 2928//2928 2904//2904 3920//3920
f 3726//3726 2904//2904 2929//2929
f 2905//2905 3726//3726 2930//2930
f 2908//2908 2933//2933 2909//2909
f 4050//4050 4203//4203 2937//2937
f 4163//4163 2913//2913 4169//4169
f 2940//2940 4110//4110 2915//2915
f 2918//2918 2943//2943 2919//2919
f 2945//2945 4109//4109 3792//3792
f 3620//3620 3973//3973 4219//4219
f 3973//3973 4026//4026 2921//2921
f 2946//2946 3791//3791 2922//2922
f 4137//4137 2925//2925 2924//2924
f 2951//2951 2929//2929 2928//2928
f 2952//2952 2930//2930 4145//4145
f 4203//4203 4166//4166 2958//2958
f 2938//2938 4050//4050 2959//2959
f 2961//2961 4059//4059 2939//2939
f 2940//2940 2962//2962 2941//2941
f 2942//2942 2941//2941 2963//2963
f 4129//4129 2965//2965 2918//2918
f 2943//2943 2965//2965 2966//2966
f 3878//3878 3791//3791 2946//2946
f 4137//4137 3657//3657 2972//2972
f 4078//4078 2951//2951 2950//2950
f 3457//3457 2978//2978 2956//2956
f 2980//2980 2957//2957 2979//2979
f 2982//2982 4153//4153 2937//2937
f 3650//3650 2985//2985 3958//3958
f 4222//4222 2966//2966 2965//2965
f 3638//3638 2990//2990 3705//3705
f 3707//3707 2969//2969 2946//2946
f 2949//2949 2972//2972 4212//4212
f 2973//2973 4212//4212 2996//2996
f 3644//3644 4090//4090 2974//2974
f 2997//2997 2975//2975 3644//3644
f 2931//2931 3702//3702 2977//2977
f 2978//2978 2979//2979 2956//2956
f 2980//2980 3001//3001 3855//3855
f 3004//3004 4153//4153 3003//3003
f 4087//4087 2984//2984 3650//3650
f 2984//2984 3005//3005 2985//2985
f 3706//3706 3008//3008 3009//3009
f 2988//2988 3706//3706 3010//3010
f 3705//3705 2990//2990 3013//3013
f 3603//3603 3014//3014 3015//3015
f 3014//3014 3945//3945 3705//3705
f 3644//3644 3019//3019 2997//2997
f 3025//3025 3000//3000 3024//3024
f 3026//3026 3001//3001 4187//4187
f 3004//3004 3028//3028 3029//3029
f 3028//3028 3004//3004 3003//3003
f 3574//3574 3998//3998 3006//3006
f 3998//3998 3757//3757 3006//3006
f 3947//3947 3007//3007 3757//3757
f 3947//3947 3009//3009 3008//3008
f 4069//4069 3035//3035 3010//3010
f 3603//3603 3038//3038 3016//3016
f 3717//3717 3017//3017 3040//3040
f 3042//3042 4190//4190 3041//3041
f 3019//3019 3043//3043 3020//3020
f 3021//3021 3022//3022 2998//2998
f 3024//3024 4046//4046 3025//3025
f 3050//3050 3051//3051 3029//3029
f 3030//3030 3052//3052 4092//4092
f 3052//3052 3030//3030 3029//3029
f 4000//4000 3031//3031 3005//3005
f 3054//3054 3956//3956 3031//3031
f 3955//3955 4062//4062 3033//3033
f 3034//3034 3057//3057 3035//3035
f 3038//3038 3061//3061 3555//3555
f 3485//3485 3551//3551 3064//3064
f 3045//3045 3066//3066 3557//3557
f 3486//3486 3048//3048 4082//4082
f 3071//3071 3052//3052 3051//3051
f 3072//3072 3053//3053 3567//3567
f 3073//3073 3032//3032 3956//3956
f 3056//3056 3055//3055 3074//3074
f 3056//3056 3076//3076 3057//3057
f 3564//3564 3851//3851 3078//3078
f 3782//3782 3564//3564 3079//3079
f 3782//3782 3059//3059 3564//3564
f 3082//3082 3061//3061 3081//3081
f 3062//3062 3108//3108 3912//3912
f 3062//3062 3063//3063 3040//3040
f 3087//3087 3064//3064 3086//3086
f 4174//4174 3471//3471 3088//3088
f 4009//4009 3066//3066 3065//3065
f 3089//3089 3557//3557 3066//3066
f 3068//3068 3833//3833 3713//3713
f 4112//4112 3054//3054 3072//3072
f 3097//3097 3987//3987 3484//3484
f 3075//3075 3101//3101 3076//3076
f 3078//3078 3104//3104 3079//3079
f 3106//3106 3959//3959 3105//3105
f 3087//3087 3086//3086 3112//3112
f 3708//3708 3471//3471 3133//3133
f 4158//4158 4009//4009 3708//3708
f 3995//3995 3092//3092 3091//3091
f 3121//3121 3099//3099 4004//4004
f 3103//3103 3126//3126 3104//3104
f 3110//3110 3716//3716 3111//3111
f 3763//3763 4158//4158 3135//3135
f 4076//4076 3137//3137 3710//3710
f 4058//4058 3139//3139 3114//3114
f 3114//3114 3116//3116 3115//3115
f 3909//3909 3118//3118 3117//3117
f 3928//3928 3143//3143 3144//3144
f 3826//3826 3928//3928 3144//3144
f 3120//3120 3595//3595 3145//3145
f 3961//3961 3146//3146 3147//3147
f 3122//3122 3123//3123 4030//4030
f 3790//3790 3128//3128 3927//3927
f 3129//3129 3825//3825 3130//3130
f 3825//3825 3154//3154 3588//3588
f 3553//3553 3132//3132 3131//3131
f 3553//3553 3716//3716 3132//3132
f 3479//3479 3714//3714 3133//3133
f 4076//4076 3923//3923 3137//3137
f 3923//3923 3182//3182 3159//3159
f 3140//3140 3185//3185 3909//3909
f 3162//3162 3141//3141 3161//3161
f 3931//3931 3164//3164 3143//3143
f 3144//3144 3165//3165 3826//3826
f 3146//3146 3167//3167 4120//4120
f 3148//3148 3168//3168 3169//3169
f 3171//3171 4225//4225 3838//3838
f 3153//3153 3174//3174 3559//3559
f 3155//3155 3175//3175 3553//3553
f 3177//3177 3156//3156 3176//3176
f 3859//3859 3560//3560 3177//3177
f 3157//3157 3179//3179 3158//3158
f 3136//3136 3181//3181 3923//3923
f 4152//4152 3182//3182 3846//3846
f 3159//3159 4152//4152 3715//3715
f 3161//3161 3185//3185 3186//3186
f 3826//3826 4117//4117 3145//3145
f 3167//3167 3166//3166 3703//3703
f 3147//3147 4120//4120 3895//3895
f 3701//3701 3895//3895 3193//3193
f 3169//3169 3701//3701 3194//3194
f 3197//3197 3704//3704 3196//3196
f 3529//3529 3172//3172 3198//3198
f 3203//3203 3177//3177 3202//3202
f 3845//3845 3181//3181 3180//3180
f 3846//3846 3897//3897 3208//3208
f 3186//3186 3185//3185 3862//3862
f 3192//3192 3218//3218 3576//3576
f 3194//3194 3193//3193 3219//3219
f 3198//3198 3223//3223 3529//3529
f 3199//3199 3529//3529 3224//3224
f 3225//3225 3957//3957 3199//3199
f 3727//3727 3527//3527 3248//3248
f 3898//3898 3204//3204 3203//3203
f 3204//3204 3879//3879 3205//3205
f 3917//3917 3206//3206 3229//3229
f 3208//3208 3209//3209 3846//3846
f 4196//4196 3236//3236 3258//3258
f 3259//3259 4191//4191 3238//3238
f 3217//3217 3239//3239 4142//4142
f 3240//3240 3219//3219 3193//3193
f 3519//3519 3244//3244 3221//3221
f 3244//3244 3222//3222 3221//3221
f 3770//3770 3223//3223 3245//3245
f 3224//3224 4165//4165 3225//3225
f 3246//3246 3226//3226 4118//4118
f 3228//3228 3727//3727 3249//3249
f 4108//4108 3879//3879 3898//3898
f 3252//3252 3917//3917 3251//3251
f 3230//3230 3231//3231 3208//3208
f 3232//3232 3255//3255 3613//3613
f 3999//3999 3611//3611 3781//3781
f 3235//3235 3999//3999 3781//3781
f 3215//3215 4196//4196 3237//3237
f 3239//3239 3786//3786 3996//3996
f 3283//3283 3996//3996 3786//3786
f 4142//4142 3241//3241 3240//3240
f 3242//3242 3241//3241 3261//3261
f 3618//3618 3264//3264 3263//3263
f 3865//3865 3770//3770 3264//3264
f 4097//4097 3921//3921 3265//3265
f 4097//4097 3247//3247 3246//3246
f 3527//3527 3727//3727 3228//3228
f 3269//3269 3250//3250 4108//4108
f 3250//3250 3270//3270 3251//3251
f 3251//3251 3271//3271 3252//3252
f 3253//3253 3272//3272 3254//3254
f 3258//3258 3238//3238 3237//3237
f 3531//3531 3288//3288 3865//3865
f 3950//3950 3266//3266 3289//3289
f 3267//3267 3290//3290 4064//4064
f 3854//3854 3295//3295 3513//3513
f 3513//3513 3296//3296 3272//3272
f 3273//3273 3298//3298 3274//3274
f 3274//3274 3299//3299 3275//3275
f 3301//3301 3279//3279 3278//3278
f 3281//3281 3883//3883 3280//3280
f 3282//3282 3304//3304 3901//3901
f 3282//3282 3306//3306 3283//3283
f 3283//3283 3307//3307 3260//3260
f 3284//3284 3307//3307 3308//3308
f 3310//3310 4201//4201 3548//3548
f 3310//3310 4017//4017 4201//4201
f 3315//3315 3944//3944 3642//3642
f 3317//3317 3944//3944 3316//3316
f 3293//3293 4224//4224 3294//3294
f 3854//3854 3319//3319 3295//3295
f 3295//3295 3320//3320 3296//3296
f 3300//3300 3323//3323 4206//4206
f 3301//3301 4206//4206 3302//3302
f 3302//3302 3324//3324 3562//3562
f 3303//3303 3280//3280 3883//3883
f 3901//3901 3280//3280 3326//3326
f 3282//3282 3901//3901 3305//3305
f 3305//3305 3328//3328 3306//3306
f 3552//3552 3328//3328 3329//3329
f 3308//3308 3552//3552 3330//3330
f 3311//3311 3312//3312 3287//3287
f 3336//3336 3950//3950 3289//3289
f 3338//3338 3339//3339 3316//3316
f 3317//3317 3316//3316 3340//3340
f 3320//3320 3342//3342 3837//3837
f 3720//3720 3566//3566 4170//4170
f 3720//3720 3322//3322 3321//3321
f 3323//3323 3776//3776 4206//4206
f 3326//3326 3349//3349 3327//3327
f 3722//3722 3979//3979 3350//3350
f 3351//3351 3328//3328 3722//3722
f 3330//3330 3329//3329 3352//3352
f 3356//3356 4207//4207 3334//3334
f 3337//3337 4012//4012 3358//3358
f 3340//3340 3361//3361 3847//3847
f 3847//3847 3317//3317 3340//3340
f 4055//4055 3364//3364 3343//3343
f 4170//4170 3365//3365 3366//3366
f 3344//3344 3345//3345 3893//3893
f 3347//3347 3776//3776 3369//3369
f 3347//3347 3348//3348 3324//3324
f 3350//3350 3840//3840 3394//3394
f 3866//3866 3350//3350 3394//3394
f 3351//3351 3866//3866 3373//3373
f 3352//3352 3590//3590 3375//3375
f 3377//3377 3777//3777 3593//3593
f 3769//3769 3592//3592 3401//3401
f 3592//3592 3769//3769 3355//3355
f 3379//3379 3724//3724 4207//4207
f 3358//3358 4138//4138 3841//3841
f 4205//4205 3382//3382 3765//3765
f 3765//3765 3383//3383 3361//3361
f 3363//3363 3873//3873 3364//3364
f 3366//3366 3365//3365 3723//3723
f 4051//4051 3367//3367 3344//3344
f 4040//4040 3389//3389 3390//3390
f 3389//3389 4040//4040 3369//3369
f 3783//3783 3372//3372 3371//3371
f 3375//3375 3374//3374 3398//3398
f 3886//3886 3378//3378 3769//3769
f 4044//4044 3403//3403 3380//3380
f 3831//3831 3382//3382 3406//3406
f 3383//3383 3409//3409 3384//3384
f 3384//3384 3385//3385 3362//3362
f 3386//3386 3411//3411 3828//3828
f 3412//3412 3387//3387 3873//3873
f 3523//3523 3387//3387 3413//3413
f 3388//3388 3414//3414 3415//3415
f 3783//3783 3417//3417 3392//3392
f 3392//3392 3393//3393 3372//3372
f 3393//3393 3668//3668 3394//3394
f 3395//3395 3394//3394 3668//3668
f 4216//4216 3397//3397 3396//3396
f 3397//3397 3421//3421 3398//3398
f 3424//3424 3401//3401 4091//4091
f 3401//3401 3425//3425 3886//3886
f 3886//3886 3426//3426 3402//3402
f 3427//3427 3403//3403 3402//3402
f 3403//3403 3428//3428 3404//3404
f 3404//3404 3429//3429 3586//3586
f 3586//3586 3430//3430 3405//3405
f 3831//3831 3405//3405 3431//3431
f 3432//3432 3407//3407 3831//3831
f 3433//3433 3408//3408 3407//3407
f 3408//3408 3434//3434 3409//3409
f 3409//3409 3410//3410 3384//3384
f 3410//3410 3411//3411 3385//3385
f 3828//3828 3438//3438 3412//3412
f 3675//3675 3413//3413 3440//3440
f 3675//3675 3441//3441 3414//3414
f 3414//3414 3442//3442 3415//3415
f 3443//3443 3416//3416 3415//3415
f 3417//3417 3535//3535 3392//3392
f 3535//3535 3447//3447 3418//3418
f 3418//3418 3448//3448 3541//3541
f 3449//3449 3419//3419 3541//3541
f 3451//3451 4216//4216 3450//3450
f 3421//3421 3420//3420 3452//3452
f 2144//2144 3539//3539 2115//2115
f 2117//2117 3540//3540 3746//3746
f 2148//2148 2120//2120 4045//4045
f 2122//2122 2121//2121 2149//2149
f 4179//4179 2124//2124 3749//3749
f 3543//3543 3629//3629 2126//2126
f 3629//3629 3730//3730 2127//2127
f 2150//2150 2129//2129 2128//2128
f 3630//3630 3744//3744 2130//2130
f 4080//4080 2131//2131 3744//3744
f 4080//4080 4214//4214 2132//2132
f 2151//2151 2134//2134 3537//3537
f 3547//3547 3623//3623 4072//4072
f 2141//2141 3916//3916 3624//3624
f 2152//2152 2142//2142 3624//3624
f 2154//2154 3832//3832 2144//2144
f 3626//3626 2146//2146 2156//2156
f 3524//3524 2157//2157 2147//2147
f 3520//3520 4045//4045 2157//2157
f 3516//3516 3629//3629 4007//4007
f 2163//2163 3730//3730 3516//3516
f 3744//3744 2164//2164 4080//4080
f 2170//2170 4072//4072 2169//2169
f 3844//3844 3742//3742 2171//2171
f 2173//2173 3916//3916 2172//2172
f 3614//3614 3910//3910 2176//2176
f 2156//2156 2177//2177 3767//3767
f 2157//2157 2180//2180 3738//3738
f 2180//2180 2157//2157 3864//3864
f 3751//3751 4135//4135 3633//3633
f 4135//4135 3751//3751 2159//2159
f 3976//3976 2160//2160 3751//3751
f 2161//2161 3745//3745 2162//2162
f 2184//2184 3745//3745 2183//2183
f 2187//2187 2186//2186 3609//3609
f 2188//2188 3924//3924 3608//3608
f 3607//3607 4039//4039 2166//2166
f 2191//2191 2169//2169 4175//4175
f 3983//3983 2170//2170 2191//2191
f 2192//2192 2170//2170 3983//3983
f 2192//2192 3515//3515 2171//2171
f 2193//2193 2172//2172 3515//3515
f 2196//2196 3614//3614 2176//2176
f 2198//2198 3767//3767 4167//4167
f 3767//3767 3610//3610 2156//2156
f 2179//2179 3610//3610 2199//2199
f 2181//2181 3546//3546 2202//2202
f 2203//2203 2204//2204 3633//3633
f 3843//3843 3976//3976 3751//3751
f 3604//3604 2183//2183 2182//2182
f 2206//2206 3609//3609 2186//2186
f 2210//2210 2188//2188 2209//2209
f 2190//2190 3607//3607 2211//2211
f 3869//3869 2213//2213 2191//2191
f 2214//2214 3983//3983 2213//2213
f 2216//2216 2192//2192 2215//2215
f 2218//2218 2219//2219 3962//3962
f 2220//2220 3830//3830 2196//2196
f 2197//2197 3830//3830 2221//2221
f 2222//2222 2201//2201 3835//3835
f 2202//2202 2222//2222 3739//3739
f 3750//3750 2203//2203 3739//3739
f 2241//2241 3747//3747 2223//2223
f 2242//2242 2205//2205 2224//2224
f 3605//3605 2225//2225 3522//3522
f 3522//3522 2207//2207 2206//2206
f 2228//2228 3954//3954 2212//2212
f 2217//2217 4031//4031 2230//2230
f 2233//2233 2232//2232 2253//2253
f 2234//2234 2221//2221 2220//2220
f 2221//2221 3914//3914 2197//2197
f 3734//3734 3789//3789 3530//3530
f 2237//2237 2238//2238 3835//3835
f 2222//2222 3835//3835 2238//2238
f 2239//2239 2222//2222 2238//2238
f 2243//2243 2242//2242 2265//2265
f 2225//2225 2243//2243 3656//3656
f 4114//4114 2244//2244 2226//2226
f 3939//3939 2247//2247 2227//2227
f 2249//2249 3930//3930 2248//2248
f 2250//2250 4037//4037 2229//2229
f 4150//4150 3617//3617 2214//2214
f 3655//3655 3940//3940 3532//3532
f 2252//2252 2230//2230 3655//3655
f 3850//3850 3743//3743 2231//2231
f 2235//2235 2255//2255 2256//2256
f 4151//4151 2260//2260 2259//2259
f 2265//2265 2242//2242 3853//3853
f 3641//3641 3774//3774 2267//2267
f 3968//3968 3640//3640 2269//2269
f 3514//3514 3968//3968 2269//2269
f 2271//2271 2246//2246 2270//2270
f 3518//3518 2248//2248 2247//2247
f 3532//3532 2252//2252 3655//3655
f 2278//2278 2256//2256 2255//2255
f 4089//4089 2281//2281 2282//2282
f 2260//2260 4021//4021 2261//2261
f 2262//2262 4036//4036 2283//2283
f 3741//3741 2266//2266 2265//2265
f 3641//3641 2267//2267 2285//2285
f 2286//2286 2268//2268 3641//3641
f 2287//2287 3640//3640 2286//2286
f 2289//2289 2270//2270 2269//2269
f 2290//2290 3735//3735 2309//2309
f 2291//2291 3798//3798 3518//3518
f 3969//3969 2291//2291 3733//3733
f 2293//2293 3536//3536 2312//2312
f 2273//2273 3803//3803 2274//2274
f 3803//3803 3538//3538 2274//2274
f 2296//2296 2279//2279 2278//2278
f 2319//2319 2297//2297 2279//2279
f 2298//2298 2280//2280 2297//2297
f 4156//4156 4089//4089 2282//2282
f 2300//2300 3896//3896 4021//4021
f 4220//4220 2283//2283 2302//2302
f 2303//2303 3544//3544 2326//2326
f 2303//2303 2285//2285 2284//2284
f 2305//2305 3906//3906 2304//2304
f 3906//3906 2286//2286 3641//3641
f 2287//2287 2307//2307 2288//2288
f 3860//3860 2330//2330 2310//2310
f 2292//2292 3969//3969 3794//3794
f 2313//2313 4125//4125 2312//2312
f 2294//2294 4011//4011 2315//2315
f 2316//2316 2294//2294 2315//2315
f 2319//2319 2296//2296 2318//2318
f 3933//3933 2297//2297 3748//3748
f 2320//2320 2282//2282 4075//4075
f 2322//2322 2301//2301 2300//2300
f 2326//2326 3544//3544 4220//4220
f 2328//2328 2305//2305 2304//2304
f 2346//2346 4140//4140 3476//3476
f 2332//2332 2312//2312 2311//2311
f 3762//3762 2316//2316 2334//2334
f 3468//3468 3748//3748 2319//2319
f 2339//2339 3858//3858 3470//3470
f 3918//3918 4035//4035 4180//4180
f 2322//2322 4038//4038 2363//2363
f 3477//3477 2323//2323 2301//2301
f 2340//2340 2341//2341 2323//2323
f 3475//3475 3899//3899 4202//4202
f 3899//3899 3475//3475 2326//2326
f 2342//2342 2327//2327 3475//3475
f 2342//2342 2343//2343 2328//2328
f 2347//2347 3572//3572 2346//2346
f 2348//2348 2330//2330 2347//2347
f 3731//3731 3926//3926 2331//2331
f 3573//3573 2350//2350 3752//3752
f 2350//2350 3573//3573 3472//3472
f 2333//2333 3752//3752 2351//2351
f 2353//2353 3900//3900 3474//3474
f 2335//2335 3762//3762 2355//2355
f 2357//2357 3684//3684 2337//2337
f 4213//4213 3470//3470 2338//2338
f 2339//2339 2361//2361 4035//4035
f 2362//2362 3558//3558 3483//3483
f 4160//4160 2363//2363 2364//2364
f 2367//2367 4134//4134 4095//4095
f 2388//2388 4202//4202 3561//3561
f 2368//2368 2342//2342 3475//3475
f 2343//2343 3868//3868 2369//2369
f 2369//2369 2344//2344 2343//2343
f 4098//4098 2348//2348 3481//3481
f 3926//3926 2372//2372 2373//2373
f 2349//2349 3687//3687 2374//2374
f 2374//2374 2350//2350 2349//2349
f 4146//4146 2351//2351 4194//4194
f 2352//2352 2351//2351 2375//2375
f 2377//2377 2375//2375 2376//2376
f 2378//2378 2398//2398 3550//3550
f 2354//2354 3550//3550 2355//2355
f 2357//2357 2380//2380 2358//2358
f 3558//3558 2362//2362 2384//2384
f 2364//2364 3483//3483 3685//3685
f 2386//2386 2385//2385 2407//2407
f 3482//3482 3561//3561 2367//2367
f 2388//2388 3822//3822 2368//2368
f 2369//2369 3868//3868 3683//3683
f 2391//2391 2370//2370 4020//4020
f 4098//4098 3863//3863 2393//2393
f 2372//2372 3978//3978 2373//2373
f 3687//3687 2373//2373 3658//3658
f 3902//3902 4143//4143 2394//2394
f 4146//4146 4029//4029 2375//2375
f 2396//2396 2378//2378 4223//4223
f 2380//2380 3565//3565 2358//2358
f 2382//2382 2402//2402 2383//2383
f 2404//2404 2383//2383 2403//2403
f 2406//2406 2405//2405 3601//3601
f 2408//2408 2387//2387 3812//3812
f 2388//2388 2410//2410 2411//2411
f 2417//2417 2416//2416 4042//4042
f 3857//3857 3687//3687 3658//3658
f 3454//3454 4029//4029 2420//2420
f 4189//4189 3454//3454 2421//2421
f 2397//2397 2422//2422 3455//3455
f 2424//2424 3456//3456 2400//2400
f 4002//4002 2401//2401 3456//3456
f 3601//3601 3459//3459 2406//2406
f 3974//3974 2430//2430 2408//2408
f 3779//3779 4176//4176 2409//2409
f 2411//2411 4176//4176 3458//3458
f 2434//2434 2414//2414 2433//2433
f 3599//3599 2438//2438 3988//3988
f 2420//2420 2419//2419 3599//3599
f 2441//2441 2422//2422 2440//2440
f 2444//2444 4193//4193 2424//2424
f 4193//4193 2445//2445 4002//4002
f 4111//4111 3764//3764 2428//2428
f 2448//2448 2428//2428 3764//3764
f 2452//2452 2450//2450 2451//2451
f 3677//3677 3682//3682 3779//3779
f 3872//3872 2432//2432 2455//2455
f 2433//2433 3872//3872 2456//2456
f 4079//4079 3997//3997 4042//4042
f 2459//2459 3813//3813 2479//2479
f 3994//3994 2435//2435 2459//2459
f 3461//3461 2437//2437 2461//2461
f 2463//2463 3463//3463 3599//3599
f 3760//3760 3464//3464 2440//2440
f 2441//2441 2464//2464 3585//3585
f 2466//2466 3676//3676 2444//2444
f 3584//3584 2445//2445 3676//3676
f 3764//3764 2468//2468 2448//2448
f 2469//2469 2449//2449 2448//2448
f 2450//2450 2470//2470 2451//2451
f 2453//2453 2473//2473 3677//3677
f 2474//2474 2454//2454 3582//3582
f 2475//2475 3678//3678 2474//2474
f 2460//2460 3814//3814 2481//2481
f 3500//3500 2460//2460 2500//2500
f 3681//3681 3967//3967 2483//2483
f 3975//3975 3585//3585 2464//2464
f 2486//2486 3594//3594 2466//2466
f 3966//3966 3594//3594 3507//3507
f 4126//4126 2467//2467 2488//2488
f 2489//2489 2469//2469 2468//2468
f 2491//2491 3929//3929 3960//3960
f 3870//3870 2473//2473 2453//2453
f 2496//2496 3502//3502 2476//2476
f 2498//2498 2479//2479 3591//3591
f 4149//4149 3967//3967 3661//3661
f 2504//2504 3975//3975 2503//2503
f 2506//2506 3512//3512 2507//2507
f 3507//3507 3594//3594 2507//2507
f 3589//3589 3903//3903 3680//3680
f 2510//2510 2489//2489 4126//4126
f 2511//2511 2490//2490 2510//2510
f 2533//2533 2512//2512 2492//2492
f 2513//2513 2512//2512 3907//3907
f 2515//2515 2494//2494 2514//2514
f 2516//2516 2496//2496 2515//2515
f 3755//3755 3591//3591 2497//2497
f 2498//2498 2519//2519 3874//3874
f 2484//2484 4085//4085 4192//4192
f 3512//3512 2527//2527 3570//3570
f 3568//3568 2528//2528 2529//2529
f 2530//2530 2508//2508 3568//3568
f 3972//3972 2491//2491 4077//4077
f 3907//3907 2512//2512 2533//2533
f 2534//2534 2514//2514 2513//2513
f 2535//2535 3509//3509 2516//2516
f 2518//2518 2519//2519 3755//3755
f 2539//2539 2522//2522 3580//3580
f 3759//3759 3982//3982 2540//2540
f 4061//4061 2542//2542 3809//3809
f 2544//2544 3570//3570 2527//2527
f 3700//3700 3510//3510 3993//3993
f 2545//2545 2529//2529 3510//3510
f 2549//2549 2531//2531 2509//2509
f 3949//3949 2550//2550 3688//3688
f 2534//2534 3698//3698 3508//3508
f 3616//3616 4115//4115 2553//2553
f 2554//2554 2537//2537 2536//2536
f 3696//3696 3807//3807 3619//3619
f 3806//3806 3579//3579 3696//3696
f 3806//3806 3695//3695 2538//2538
f 4161//4161 3580//3580 3695//3695
f 2557//2557 4119//4119 3491//3491
f 2558//2558 2557//2557 2577//2577
f 2559//2559 2542//2542 2541//2541
f 2545//2545 3493//3493 3953//3953
f 2547//2547 2566//2566 3692//3692
f 3634//3634 3808//3808 3692//3692
f 3949//3949 3488//3488 3699//3699
f 3636//3636 2552//2552 2569//2569
f 2553//2553 2571//2571 3616//3616
f 3697//3697 3616//3616 3756//3756
f 2572//2572 3619//3619 3807//3807
f 2573//2573 3696//3696 3619//3619
f 3877//3877 2555//2555 2575//2575
f 3491//3491 2577//2577 2557//2557
f 2558//2558 2578//2578 2559//2559
f 2580//2580 2564//2564 2562//2562
f 4015//4015 3634//3634 3692//3692
f 3634//3634 2585//2585 2567//2567
f 2588//2588 3892//3892 2587//2587
f 3689//3689 3495//3495 2589//2589
f 2569//2569 3689//3689 2589//2589
f 2590//2590 2570//2570 3636//3636
f 3810//3810 2590//2590 2591//2591
f 3942//3942 2572//2572 3756//3756
f 4008//4008 2595//2595 2596//2596
f 3694//3694 2576//2576 2599//2599
f 2603//2603 4088//4088 2580//2580
f 3816//3816 3498//3498 2581//2581
f 2585//2585 2608//2608 3876//3876
f 2608//2608 2585//2585 2607//2607
f 2609//2609 4100//4100 3876//3876
f 2611//2611 2610//2610 2633//2633
f 2589//2589 2612//2612 2590//2590
f 2593//2593 2615//2615 3942//3942
f 2596//2596 3549//3549 2597//2597
f 2620//2620 3821//3821 3694//3694
f 2621//2621 2601//2601 2600//2600
f 3625//3625 2624//2624 2625//2625
f 3778//3778 3816//3816 3625//3625
f 2627//2627 3498//3498 3778//3778
f 3970//3970 3875//3875 2650//2650
f 3946//3946 2607//2607 2629//2629
f 2632//2632 2631//2631 2652//2652
f 2610//2610 2611//2611 3693//3693
f 2635//2635 3495//3495 4155//4155
f 2615//2615 2639//2639 3823//3823
f 2640//2640 2595//2595 2616//2616
f 3549//3549 2618//2618 2597//2597
f 2618//2618 2642//2642 2619//2619
f 2619//2619 3753//3753 2620//2620
f 3665//3665 3753//3753 2643//2643
f 3821//3821 2621//2621 2600//2600
f 3664//3664 2622//2622 3647//3647
f 2647//2647 2625//2625 2624//2624
f 3583//3583 3875//3875 3494//3494
f 3946//3946 3824//3824 2630//2630
f 2653//2653 2632//2632 2652//2652
f 2654//2654 2634//2634 2633//2633
f 2656//2656 2635//2635 2655//2655
f 2657//2657 2635//2635 2656//2656
f 2659//2659 3932//3932 2658//2658
f 2663//2663 2617//2617 2640//2640
f 3884//3884 2641//2641 3549//3549
f 4128//4128 2645//2645 2667//2667
f 2670//2670 3596//3596 2647//2647
f 2693//2693 3494//3494 2672//2672
f 2651//2651 3581//3581 3824//3824
f 2676//2676 2653//2653 4022//4022
f 4217//4217 2678//2678 3497//3497
f 2657//2657 2656//2656 2679//2679
f 2680//2680 2657//2657 2679//2679
f 2706//2706 3971//3971 2705//2705
f 2686//2686 2664//2664 3934//3934
f 2687//2687 2666//2666 2665//2665
f 2690//2690 4215//4215 2670//2670
f 3662//3662 2691//2691 2692//2692
f 3660//3660 3662//3662 2692//2692
f 2721//2721 3785//3785 2697//2697
f 2677//2677 3785//3785 2678//2678
f 2679//2679 2699//2699 3663//3663
f 4204//4204 2680//2680 2679//2679
f 2681//2681 2701//2701 2702//2702
f 2681//2681 3818//3818 2701//2701
f 2685//2685 2683//2683 2707//2707
f 2685//2685 2709//2709 2686//2686
f 2711//2711 3490//3490 2687//2687
f 3487//3487 4221//4221 2713//2713
f 2714//2714 4131//4131 3487//3487
f 2715//2715 2691//2691 4131//4131
f 3981//3981 3660//3660 2716//2716
f 2673//2673 4183//4183 2694//2694
f 4019//4019 2718//2718 2695//2695
f 3489//3489 2695//2695 2718//2718
f 2719//2719 2696//2696 3489//3489
f 2701//2701 3943//3943 2723//2723
f 2754//2754 3819//3819 2725//2725
f 2726//2726 2727//2727 2728//2728
f 2708//2708 3674//3674 2709//2709
f 2734//2734 2688//2688 3490//3490
f 2713//2713 2714//2714 3487//3487
f 2718//2718 2742//2742 2743//2743
f 2745//2745 3492//3492 2720//2720
f 3492//3492 2722//2722 2721//2721
f 2747//2747 3673//3673 2722//2722
f 2724//2724 4049//4049 3820//3820
f 2725//2725 2753//2753 2754//2754
f 3671//3671 4001//4001 2755//2755
f 2729//2729 3952//3952 2756//2756
f 2758//2758 2730//2730 2757//2757
f 2759//2759 2730//2730 2758//2758
f 2760//2760 2732//2732 2759//2759
f 2763//2763 2736//2736 2713//2713
f 2765//2765 2738//2738 2737//2737
f 2767//2767 3453//3453 2739//2739
f 2741//2741 3453//3453 2768//2768
f 2770//2770 2745//2745 2744//2744
f 4144//4144 2771//2771 2794//2794
f 2774//2774 2748//2748 2773//2773
f 2776//2776 2750//2750 2775//2775
f 2752//2752 2779//2779 2753//2753
f 2755//2755 2780//2780 3671//3671
f 3671//3671 3804//3804 2727//2727
f 3653//3653 4101//4101 2805//2805
f 2759//2759 3653//3653 3670//3670
f 4006//4006 2787//2787 2812//2812
f 4003//4003 2764//2764 2788//2788
f 2790//2790 2741//2741 2768//2768
f 2772//2772 3797//3797 2773//2773
f 3651//3651 2826//2826 2801//2801
f 2780//2780 2781//2781 3671//3671
f 2784//2784 2808//2808 3887//3887
f 3511//3511 2790//2790 4068//4068
f 2815//2815 3672//3672 2791//2791
f 2794//2794 2818//2818 2795//2795
f 2796//2796 2820//2820 3888//3888
f 2821//2821 2820//2820 2843//2843
f 2797//2797 2822//2822 3908//3908
f 3784//3784 2828//2828 2851//2851
f 2835//2835 3621//3621 2811//2811
f 2837//2837 3913//3913 2813//2813
f 2815//2815 3725//3725 2839//2839
f 3672//3672 3606//3606 3800//3800
f 2817//2817 2840//2840 2841//2841
f 2818//2818 2817//2817 2842//2842
f 2820//2820 3885//3885 2843//2843
f 2847//2847 2825//2825 2824//2824
f 2831//2831 3501//3501 2806//2806
f 2856//2856 2833//2833 2832//2832
f 2859//2859 3499//3499 2835//2835
f 2836//2836 3499//3499 2860//2860
f 2860//2860 4139//4139 2836//2836
f 3718//3718 3504//3504 4130//4130
f 2839//2839 4130//4130 3632//3632
f 2862//2862 2839//2839 3632//3632
f 2862//2862 3606//3606 2839//2839
f 2864//2864 4106//4106 2863//2863
f 4185//4185 2841//2841 3775//3775
f 2865//2865 2821//2821 2843//2843
f 3861//3861 2846//2846 4200//4200
f 4073//4073 2847//2847 2846//2846
f 2868//2868 2850//2850 2849//2849
f 2852//2852 3796//3796 2870//2870
f 2853//2853 3922//3922 2854//2854
f 2871//2871 2854//2854 3922//3922
f 2872//2872 2856//2856 2855//2855
f 2876//2876 2860//2860 3948//3948
f 2876//2876 2877//2877 3795//3795
f 2882//2882 2881//2881 2902//2902
f 2863//2863 3575//3575 2864//2864
f 2885//2885 2865//2865 4195//4195
f 4182//4182 3631//3631 2866//2866
f 2890//2890 2868//2868 2848//2848
f 2869//2869 4171//4171 2891//2891
f 3915//3915 4093//4093 2891//2891
f 2893//2893 2870//2870 2892//2892
f 4028//4028 2872//2872 2894//2894
f 2897//2897 3627//3627 2875//2875
f 2901//2901 2880//2880 3729//3729
f 2882//2882 2902//2902 2903//2903
f 3575//3575 3920//3920 2883//2883
f 2905//2905 3637//3637 3726//3726
f 2886//2886 3802//3802 2887//2887
f 3465//3465 2889//2889 2888//2888
f 2911//2911 2890//2890 3728//3728
f 3772//3772 3915//3915 2913//2913
f 2917//2917 2918//2918 2895//2895
f 2920//2920 2898//2898 2897//2897
f 3973//3973 2921//2921 2899//2899
f 2922//2922 2899//2899 2921//2921
f 2901//2901 2925//2925 2902//2902
f 2926//2926 2903//2903 2925//2925
f 2903//2903 2927//2927 3920//3920
f 3726//3726 3637//3637 2904//2904
f 2930//2930 2906//2906 2905//2905
f 2906//2906 2932//2932 2907//2907
f 2932//2932 2908//2908 2907//2907
f 2935//2935 2934//2934 2956//2956
f 4063//4063 2887//2887 3802//3802
f 2910//2910 3867//3867 3465//3465
f 3867//3867 4166//4166 2911//2911
f 4169//4169 3963//3963 4050//4050
f 3772//3772 4059//4059 2915//2915
f 3462//3462 4110//4110 3793//3793
f 2944//2944 3792//3792 2920//2920
f 2946//2946 2922//2922 2921//2921
f 2947//2947 2923//2923 3791//3791
f 2948//2948 2924//2924 2947//2947
f 2926//2926 2950//2950 2927//2927
f 2950//2950 2928//2928 2927//2927
f 4210//4210 2954//2954 2932//2932
f 2955//2955 2933//2933 2954//2954
f 2956//2956 2934//2934 2955//2955
f 2956//2956 2957//2957 2935//2935
f 2910//2910 2957//2957 2936//2936
f 2939//2939 2938//2938 2960//2960
f 2941//2941 2942//2942 3793//3793
f 2967//2967 2945//2945 2944//2944
f 2990//2990 3639//3639 3460//3460
f 4109//4109 2968//2968 3707//3707
f 2970//2970 3989//3989 3878//3878
f 2947//2947 3989//3989 2948//2948
f 2993//2993 3657//3657 2971//2971
f 2949//2949 4078//4078 2950//2950
f 2975//2975 2952//2952 4145//4145
f 2975//2975 2953//2953 2952//2952
f 2955//2955 2977//2977 3457//3457
f 2958//2958 3645//3645 4203//4203
f 2983//2983 2959//2959 2937//2937
f 4087//4087 2960//2960 2983//2983
f 2986//2986 2962//2962 3958//3958
f 3008//3008 2987//2987 3007//3007
f 2989//2989 3639//3639 2967//2967
f 2990//2990 2968//2968 3639//3639
f 2970//2970 2992//2992 2993//2993
f 2997//2997 2953//2953 2975//2975
f 2998//2998 3702//3702 2976//2976
f 3856//3856 3702//3702 2998//2998
f 3856//3856 3457//3457 2977//2977
f 2999//2999 3000//3000 2978//2978
f 3855//3855 4104//4104 2981//2981
f 4148//4148 4087//4087 3871//3871
f 2987//2987 2986//2986 3007//3007
f 3011//3011 3460//3460 2989//2989
f 2969//2969 3945//3945 2991//2991
f 2992//2992 2991//2991 3603//3603
f 2992//2992 3577//3577 2993//2993
f 4053//4053 2994//2994 3577//3577
f 3044//3044 3020//3020 3043//3043
f 3002//3002 3003//3003 4104//4104
f 3031//3031 3574//3574 3005//3005
f 3033//3033 3757//3757 3032//3032
f 3009//3009 3947//3947 4062//4062
f 3013//3013 3037//3037 3935//3935
f 3935//3935 3015//3015 3014//3014
f 3038//3038 3603//3603 3015//3015
f 3985//3985 3016//3016 3555//3555
f 3017//3017 4053//4053 3039//3039
f 3041//3041 3018//3018 3717//3717
f 3046//3046 3023//3023 3022//3022
f 3048//3048 3026//3026 3047//3047
f 3050//3050 3028//3028 3049//3049
f 4092//4092 3567//3567 3053//3053
f 3956//3956 3574//3574 3031//3031
f 3484//3484 3032//3032 3073//3073
f 3036//3036 3480//3480 3012//3012
f 3059//3059 3037//3037 3480//3480
f 3935//3935 3059//3059 3060//3060
f 3060//3060 3015//3015 3935//3935
f 3061//3061 3038//3038 3848//3848
f 3062//3062 3039//3039 3849//3849
f 3063//3063 3551//3551 3040//3040
f 4174//4174 3042//3042 3485//3485
f 3554//3554 3044//3044 3043//3043
f 3066//3066 3045//3045 3065//3065
f 3067//3067 3046//3046 3557//3557
f 3556//3556 3067//3067 3068//3068
f 3069//3069 3047//3047 3556//3556
f 3048//3048 3486//3486 3049//3049
f 3070//3070 3050//3050 3486//3486
f 3052//3052 3071//3071 3567//3567
f 3097//3097 3484//3484 3073//3073
f 3077//3077 3851//3851 3058//3058
f 3782//3782 3060//3060 3059//3059
f 4154//4154 3082//3082 3083//3083
f 3084//3084 4154//4154 3083//3083
f 3834//3834 3912//3912 3108//3108
f 3085//3085 3064//3064 3063//3063
f 4174//4174 3088//3088 3554//3554
f 3090//3090 3089//3089 3710//3710
f 3069//3069 3068//3068 3713//3713
f 3094//3094 3882//3882 3093//3093
f 3092//3092 3093//3093 3882//3882
f 3095//3095 3094//3094 3711//3711
f 3054//3054 4112//4112 3073//3073
f 3754//3754 3098//3098 3120//3120
f 3987//3987 3099//3099 3598//3598
f 3598//3598 3100//3100 3074//3074
f 3074//3074 3100//3100 3075//3075
f 3102//3102 3078//3078 3077//3077
f 3079//3079 3080//3080 3782//3782
f 3959//3959 4005//4005 3082//3082
f 3109//3109 3107//3107 3588//3588
f 3085//3085 3110//3110 3086//3086
f 3110//3110 3085//3085 3834//3834
f 3471//3471 3087//3087 3112//3112
f 3708//3708 3133//3133 3134//3134
f 3469//3469 3710//3710 3089//3089
f 3138//3138 4058//4058 3113//3113
f 3115//3115 3467//3467 3114//3114
f 3119//3119 3094//3094 3093//3093
f 3711//3711 3473//3473 3095//3095
f 3473//3473 3712//3712 3096//3096
f 3712//3712 3098//3098 3097//3097
f 3124//3124 3103//3103 3102//3102
f 3127//3127 3104//3104 3126//3126
f 3129//3129 3128//3128 3152//3152
f 3588//3588 3107//3107 3130//3130
f 3154//3154 3131//3131 3588//3588
f 3132//3132 3834//3834 3109//3109
f 3133//3133 3471//3471 3112//3112
f 3134//3134 4158//4158 3708//3708
f 3136//3136 4076//4076 3763//3763
f 3909//3909 3141//3141 3118//3118
f 3931//3931 3119//3119 3142//3142
f 3595//3595 3928//3928 3826//3826
f 3961//3961 3147//3147 3122//3122
f 3149//3149 3125//3125 3124//3124
f 3150//3150 3838//3838 3125//3125
f 3825//3825 3129//3129 3153//3153
f 3155//3155 3131//3131 3154//3154
f 3714//3714 3479//3479 3560//3560
f 3158//3158 3134//3134 3714//3714
f 3138//3138 3159//3159 3715//3715
f 3160//3160 3715//3715 3183//3183
f 3139//3139 3140//3140 3114//3114
f 3141//3141 3162//3162 3142//3142
f 3164//3164 3163//3163 3189//3189
f 4117//4117 3826//3826 3165//3165
f 3170//3170 3150//3150 3149//3149
f 3150//3150 3171//3171 3838//3838
f 3151//3151 3790//3790 4225//4225
f 3151//3151 3173//3173 3152//3152
f 3174//3174 3153//3153 3152//3152
f 3153//3153 3154//3154 3825//3825
f 3156//3156 3177//3177 3560//3560
f 3181//3181 3136//3136 3180//3180
f 3183//3183 3184//3184 3160//3160
f 3862//3862 3160//3160 3184//3184
f 3187//3187 3161//3161 3186//3186
f 3188//3188 3162//3162 3187//3187
f 3189//3189 3188//3188 3768//3768
f 3190//3190 3165//3165 3189//3189
f 3166//3166 3191//3191 3839//3839
f 3703//3703 3839//3839 3192//3192
f 3703//3703 3576//3576 4120//4120
f 3195//3195 3704//3704 3170//3170
f 3197//3197 3196//3196 3221//3221
f 3171//3171 3197//3197 3172//3172
f 3173//3173 3174//3174 3152//3152
f 3201//3201 3202//3202 3175//3175
f 3176//3176 3202//3202 3177//3177
f 3859//3859 3204//3204 3178//3178
f 3845//3845 3206//3206 3207//3207
f 3181//3181 3207//3207 3897//3897
f 3212//3212 3842//3842 3186//3186
f 3999//3999 4181//4181 3213//3213
f 3881//3881 3191//3191 3190//3190
f 3216//3216 3215//3215 3237//3237
f 3216//3216 3192//3192 3839//3839
f 3218//3218 3192//3192 3217//3217
f 3220//3220 3196//3196 3195//3195
f 3221//3221 3198//3198 3197//3197
f 3246//3246 4118//4118 4074//4074
f 3201//3201 3227//3227 3527//3527
f 3229//3229 3205//3205 3879//3879
f 3842//3842 3234//3234 3213//3213
f 4191//4191 3237//3237 3238//3238
f 3243//3243 3519//3519 3220//3220
f 3222//3222 3244//3244 3245//3245
f 3224//3224 3223//3223 3770//3770
f 3248//3248 3247//3247 3267//3267
f 3249//3249 3727//3727 3268//3268
f 3252//3252 4208//4208 3917//3917
f 3255//3255 4226//4226 3254//3254
f 3827//3827 3611//3611 3233//3233
f 4103//4103 3781//3781 3611//3611
f 3256//3256 3236//3236 3235//3235
f 3238//3238 3258//3258 3761//3761
f 4191//4191 3259//3259 3239//3239
f 3615//3615 4070//4070 3262//3262
f 3264//3264 3618//3618 3531//3531
f 3921//3921 3865//3865 3265//3265
f 4074//4074 4097//4097 3246//3246
f 3642//3642 3249//3249 3268//3268
f 3293//3293 3270//3270 3269//3269
f 3654//3654 3252//3252 3271//3271
f 3254//3254 3273//3273 3255//3255
f 3276//3276 3275//3275 3299//3299
f 3256//3256 3279//3279 3257//3257
f 3883//3883 3281//3281 3761//3761
f 3281//3281 3259//3259 3238//3238
f 3283//3283 3786//3786 3282//3282
f 3285//3285 3615//3615 3262//3262
f 4017//4017 3263//3263 3615//3615
f 4017//4017 3618//3618 3263//3263
f 3288//3288 3531//3531 3287//3287
f 3265//3265 3865//3865 3288//3288
f 3290//3290 3267//3267 3266//3266
f 3292//3292 3268//3268 4064//4064
f 3854//3854 3513//3513 3654//3654
f 3297//3297 3273//3273 3272//3272
f 3276//3276 3299//3299 3652//3652
f 3300//3300 3276//3276 3652//3652
f 3301//3301 3300//3300 4206//4206
f 3304//3304 3281//3281 3280//3280
f 3309//3309 3548//3548 4201//4201
f 3311//3311 3310//3310 3332//3332
f 3311//3311 3287//3287 3286//3286
f 3287//3287 3313//3313 3288//3288
f 3336//3336 4043//4043 3335//3335
f 3291//3291 4023//4023 3292//3292
f 3317//3317 3293//3293 3944//3944
f 3319//3319 3854//3854 3294//3294
f 3297//3297 3321//3321 3298//3298
f 3322//3322 3299//3299 3298//3298
f 3893//3893 3652//3652 3322//3322
f 3323//3323 3300//3300 3652//3652
f 3325//3325 3303//3303 3562//3562
f 3327//3327 3979//3979 3901//3901
f 3306//3306 3552//3552 3307//3307
f 3311//3311 3333//3333 3312//3312
f 3941//3941 3724//3724 3335//3335
f 3337//3337 3336//3336 4012//4012
f 3542//3542 3314//3314 3721//3721
f 3338//3338 3315//3315 4023//4023
f 3318//3318 3533//3533 3341//3341
f 3341//3341 3319//3319 4224//4224
f 3342//3342 4055//4055 3837//3837
f 3343//3343 3566//3566 3719//3719
f 3345//3345 3344//3344 3367//3367
f 3776//3776 3346//3346 3369//3369
f 4206//4206 3776//3776 3324//3324
f 3371//3371 3325//3325 3348//3348
f 3328//3328 3351//3351 3329//3329
f 3353//3353 3526//3526 3331//3331
f 3332//3332 3354//3354 3333//3333
f 3356//3356 3334//3334 3355//3355
f 4207//4207 3724//3724 3941//3941
f 4012//4012 3724//3724 3357//3357
f 3339//3339 3602//3602 4205//4205
f 3369//3369 3368//3368 3389//3389
f 3347//3347 3370//3370 3348//3348
f 3840//3840 3349//3349 3372//3372
f 3350//3350 3866//3866 3722//3722
f 3373//3373 3590//3590 3351//3351
f 3376//3376 3593//3593 3353//3353
f 3593//3593 3592//3592 3354//3354
f 3378//3378 3356//3356 3769//3769
f 3381//3381 3357//3357 3380//3380
f 3841//3841 4138//4138 3406//3406
f 3382//3382 4205//4205 4013//4013
f 3362//3362 3361//3361 3383//3383
f 3362//3362 3880//3880 3533//3533
f 3828//3828 3873//3873 3386//3386
f 3364//3364 3873//3873 3723//3723
f 3388//3388 4051//4051 4133//4133
f 3992//3992 3368//3368 3367//3367
f 3370//3370 4040//4040 3391//3391
f 3372//3372 3783//3783 3392//3392
f 3376//3376 3399//3399 3377//3377
f 3400//3400 4091//4091 3777//3777
f 3777//3777 4091//4091 3401//3401
f 3378//3378 4044//4044 3379//3379
f 3383//3383 3408//3408 3409//3409
f 3986//3986 3390//3390 3416//3416
f 3392//3392 3535//3535 3418//3418
f 3541//3541 3668//3668 3418//3418
f 3419//3419 3395//3395 3668//3668
f 3422//3422 3400//3400 3399//3399
f 3405//3405 3831//3831 3406//3406
f 3437//3437 3828//3828 3411//3411
f 3439//3439 3413//3413 3412//3412
f 3413//3413 3675//3675 3523//3523
f 3444//3444 3986//3986 3416//3416
f 3535//3535 3417//3417 3446//3446
f 2716//2716 3453//3453 2740//2740
f 3453//3453 2767//2767 2768//2768
f 2994//2994 2995//2995 2972//2972
f 2419//2419 4029//4029 2395//2395
f 2938//2938 2939//2939 4163//4163
f 2376//2376 2396//2396 2377//2377
f 3454//3454 2420//2420 2421//2421
f 2937//2937 2959//2959 4050//4050
f 2958//2958 2981//2981 3645//3645
f 2964//2964 2987//2987 3648//3648
f 2415//2415 2416//2416 2393//2393
f 2948//2948 3989//3989 2971//2971
f 3945//3945 2969//2969 3638//3638
f 2436//2436 3857//3857 2417//2417
f 3706//3706 4222//4222 3648//3648
f 2445//2445 4193//4193 3676//3676
f 3457//3457 2956//2956 2955//2955
f 3457//3457 3856//3856 2999//2999
f 2409//2409 4176//4176 2410//2410
f 3974//3974 3812//3812 2407//2407
f 3458//3458 2412//2412 2389//2389
f 3682//3682 4099//4099 3458//3458
f 2974//2974 4090//4090 2951//2951
f 3644//3644 2974//2974 4164//4164
f 3686//3686 2425//2425 2402//2402
f 2383//2383 2404//2404 2384//2384
f 3764//3764 4111//4111 2447//2447
f 2407//2407 3811//3811 3459//3459
f 3459//3459 2449//2449 2429//2429
f 4020//4020 3683//3683 2390//2390
f 2413//2413 2431//2431 2432//2432
f 3717//3717 3018//3018 2996//2996
f 2378//2378 3550//3550 2354//2354
f 3043//3043 3019//3019 4190//4190
f 3000//3000 2999//2999 3024//3024
f 3029//3029 3028//3028 3050//3050
f 3001//3001 3002//3002 3855//3855
f 3001//3001 3026//3026 3027//3027
f 3990//3990 2998//2998 3022//3022
f 3011//3011 3012//3012 3460//3460
f 3020//3020 2997//2997 3019//3019
f 2404//2404 3558//3558 2384//2384
f 2855//2855 2894//2894 2872//2872
f 2928//2928 2929//2929 2904//2904
f 3461//3461 2461//2461 2462//2462
f 2894//2894 3801//3801 3462//3462
f 3462//3462 2916//2916 4110//4110
f 3463//3463 2439//2439 3599//3599
f 3463//3463 2463//2463 3681//3681
f 2914//2914 2893//2893 2892//2892
f 2912//2912 4169//4169 2913//2913
f 3464//3464 2441//2441 2440//2440
f 2901//2901 2947//2947 2924//2924
f 2456//2456 2434//2434 2433//2433
f 2898//2898 3792//3792 3620//3620
f 2899//2899 2878//2878 2877//2877
f 4042//4042 3997//3997 2458//2458
f 3585//3585 2443//2443 2442//2442
f 2469//2469 2450//2450 2449//2449
f 2471//2471 2452//2452 2451//2451
f 3627//3627 4219//4219 2876//2876
f 2472//2472 3870//3870 2453//2453
f 2880//2880 2901//2901 2902//2902
f 3966//3966 3680//3680 3466//3466
f 3637//3637 3628//3628 3775//3775
f 4122//4122 2487//2487 2467//2467
f 4026//4026 3973//3973 3620//3620
f 4026//4026 2946//2946 2921//2921
f 2909//2909 2933//2933 2934//2934
f 2917//2917 4129//4129 2918//2918
f 2330//2330 3572//3572 2347//2347
f 3117//3117 3116//3116 3909//3909
f 2335//2335 2317//2317 3740//3740
f 2336//2336 2335//2335 2355//2355
f 3710//3710 3113//3113 3090//3090
f 2319//2319 2318//2318 3468//3468
f 3066//3066 3469//3469 3089//3089
f 3087//3087 4174//4174 3485//3485
f 3118//3118 3119//3119 3093//3093
f 3598//3598 3099//3099 3100//3100
f 3961//3961 4004//4004 3146//3146
f 4030//4030 3075//3075 3100//3100
f 3573//3573 3752//3752 2332//2332
f 3098//3098 3595//3595 3120//3120
f 3473//3473 3096//3096 3095//3095
f 2314//2314 3474//3474 3900//3900
f 3716//3716 3110//3110 3132//3132
f 3475//3475 2327//2327 2326//2326
f 2368//2368 3475//3475 4202//4202
f 3476//3476 2307//2307 2329//2329
f 4075//4075 3918//3918 2320//2320
f 3108//3108 3062//3062 3084//3084
f 3108//3108 3109//3109 3834//3834
f 3107//3107 4005//4005 3130//3130
f 2325//2325 2324//2324 3478//3478
f 3078//3078 3079//3079 3564//3564
f 3871//3871 3030//3030 4148//4148
f 3152//3152 3153//3153 3129//3129
f 3134//3134 3158//3158 3135//3135
f 3479//3479 3111//3111 3716//3716
f 3479//3479 3156//3156 3560//3560
f 3132//3132 3109//3109 3131//3131
f 4140//4140 2307//2307 3476//3476
f 4089//4089 4156//4156 2299//2299
f 2323//2323 4218//4218 2301//2301
f 3565//3565 2380//2380 2400//2400
f 3053//3053 3054//3054 3031//3031
f 4029//4029 4146//4146 2395//2395
f 3480//3480 3058//3058 3851//3851
f 4024//4024 2347//2347 2346//2346
f 3081//3081 3848//3848 3060//3060
f 2372//2372 3731//3731 2348//2348
f 3076//3076 3056//3056 3075//3075
f 3022//3022 3021//3021 3045//3045
f 2359//2359 3686//3686 2382//2382
f 2366//2366 2387//2387 2367//2367
f 3757//3757 3998//3998 3032//3032
f 3558//3558 3685//3685 3483//3483
f 3016//3016 3985//3985 3577//3577
f 3015//3015 3848//3848 3038//3038
f 2365//2365 4160//4160 2385//2385
f 2385//2385 2386//2386 2365//2365
f 3041//3041 3485//3485 3042//3042
f 3068//3068 3067//3067 3090//3090
f 3054//3054 3053//3053 3072//3072
f 3051//3051 3052//3052 3029//3029
f 3486//3486 3050//3050 3049//3049
f 3486//3486 3091//3091 3070//3070
f 3048//3048 3069//3069 4082//4082
f 2474//2474 2493//2493 2494//2494
f 2703//2703 2724//2724 3820//3820
f 2694//2694 2695//2695 4116//4116
f 4183//4183 4019//4019 2694//2694
f 2715//2715 2737//2737 2738//2738
f 2688//2688 2689//2689 2668//2668
f 2688//2688 2734//2734 2712//2712
f 3488//3488 3904//3904 3699//3699
f 2701//2701 4107//4107 2702//2702
f 2534//2534 4124//4124 2552//2552
f 2675//2675 2696//2696 4022//4022
f 2698//2698 2721//2721 2722//2722
f 2535//2535 3698//3698 2553//2553
f 2553//2553 2570//2570 3810//3810
f 4119//4119 3905//3905 2556//2556
f 3491//3491 2576//2576 3694//3694
f 3690//3690 3953//3953 4060//4060
f 2676//2676 2696//2696 2697//2697
f 2567//2567 3691//3691 4016//4016
f 4065//4065 2665//2665 3817//3817
f 2710//2710 2730//2730 2731//2731
f 2707//2707 2706//2706 2726//2726
f 2578//2578 2577//2577 2600//2600
f 4168//4168 2561//2561 2560//2560
f 2704//2704 4136//4136 2682//2682
f 2562//2562 2564//2564 2563//2563
f 3816//3816 4088//4088 3625//3625
f 3688//3688 2586//2586 2568//2568
f 2750//2750 2749//2749 2775//2775
f 4001//4001 3819//3819 2754//2754
f 2732//2732 2733//2733 3490//3490
f 2736//2736 4006//4006 2764//2764
f 2735//2735 2734//2734 2761//2761
f 2762//2762 2761//2761 2785//2785
f 2727//2727 3804//3804 3952//3952
f 3492//3492 2721//2721 2720//2720
f 2771//2771 2745//2745 3578//3578
f 3756//3756 2592//2592 2593//2593
f 2652//2652 3824//3824 3581//3581
f 3875//3875 2649//2649 3494//3494
f 2625//2625 2647//2647 3596//3596
f 2639//2639 2662//2662 3823//3823
f 2636//2636 3932//3932 2613//2613
f 3991//3991 2658//2658 2680//2680
f 3664//3664 2623//2623 2622//2622
f 3496//3496 2588//2588 2611//2611
f 2684//2684 3884//3884 2663//2663
f 3497//3497 2656//2656 2655//2655
f 3497//3497 2699//2699 2679//2679
f 2668//2668 4128//4128 2667//2667
f 2665//2665 2666//2666 2643//2643
f 2665//2665 4113//4113 3817//3817
f 3498//3498 4060//4060 2581//2581
f 4003//4003 4054//4054 2766//2766
f 2481//2481 2480//2480 3977//3977
f 2859//2859 3948//3948 3499//3499
f 2833//2833 2834//2834 2809//2809
f 2482//2482 2462//2462 3500//3500
f 2807//2807 3501//3501 2832//2832
f 2853//2853 2831//2831 2830//2830
f 2851//2851 2829//2829 3784//3784
f 3796//3796 2829//2829 2851//2851
f 4139//4139 2813//2813 2836//2836
f 4139//4139 2860//2860 3795//3795
f 3502//3502 3815//3815 2476//2476
f 3502//3502 2496//2496 3600//3600
f 4185//4185 2884//2884 3885//3885
f 3718//3718 4130//4130 2838//2838
f 4085//4085 2484//2484 2502//2502
f 2510//2510 4126//4126 3506//3506
f 3589//3589 3507//3507 4066//4066
f 4105//4105 2847//2847 3911//3911
f 2823//2823 4200//4200 3787//3787
f 4159//4159 3908//3908 2822//2822
f 2487//2487 3568//3568 2508//2508
f 2885//2885 4182//4182 2866//2866
f 2879//2879 2878//2878 2900//2900
f 2537//2537 3807//3807 2520//2520
f 2524//2524 3982//3982 3661//3661
f 2771//2771 3578//3578 2794//2794
f 2774//2774 2749//2749 2748//2748
f 2494//2494 2515//2515 2495//2495
f 3698//3698 2534//2534 2552//2552
f 3509//3509 3600//3600 2516//2516
f 2756//2756 4101//4101 2757//2757
f 2546//2546 3568//3568 2529//2529
f 2549//2549 2509//2509 2548//2548
f 3571//3571 2769//2769 2742//2742
f 3691//3691 2550//2550 4016//4016
f 4061//4061 4085//4085 2525//2525
f 3809//3809 2526//2526 3563//3563
f 2542//2542 2560//2560 3809//3809
f 2751//2751 4049//4049 2724//2724
f 2798//2798 2776//2776 4034//4034
f 3672//3672 3800//3800 2792//2792
f 2803//2803 2782//2782 3804//3804
f 2781//2781 2780//2780 2802//2802
f 3670//3670 4081//4081 2784//2784
f 3332//3332 3526//3526 3354//3354
f 3513//3513 3272//3272 3253//3253
f 2150//2150 4141//4141 3630//3630
f 3211//3211 4123//4123 3212//3212
f 3941//3941 3334//3334 4207//4207
f 3356//3356 3379//3379 4207//4207
f 3515//3515 2172//2172 2171//2171
f 2260//2260 2239//2239 2259//2259
f 3207//3207 3917//3917 4208//4208
f 3298//3298 3273//3273 3297//3297
f 4138//4138 3381//3381 3404//3404
f 3517//3517 2209//2209 3836//3836
f 3230//3230 3253//3253 3231//3231
f 2271//2271 2247//2247 3939//3939
f 3210//3210 3211//3211 3184//3184
f 3869//3869 4175//4175 3612//3612
f 4048//4048 2264//2264 3853//3853
f 2229//2229 2214//2214 2213//2213
f 3727//3727 4064//4064 3268//3268
f 3519//3519 3221//3221 3196//3196
f 4070//4070 3519//3519 3243//3243
f 3721//3721 3337//3337 4083//4083
f 3841//3841 4083//4083 3358//3358
f 3245//3245 3244//3244 3263//3263
f 2266//2266 2285//2285 2267//2267
f 3215//3215 3216//3216 3839//3839
f 3642//3642 3944//3944 3269//3269
f 3996//3996 4142//4142 3239//3239
f 4135//4135 2159//2159 2158//2158
f 3614//3614 4167//4167 2177//2177
f 3722//3722 3328//3328 3305//3305
f 3520//3520 2148//2148 4045//4045
f 3521//3521 2279//2279 2297//2297
f 3605//3605 2206//2206 2185//2185
f 3522//3522 2225//2225 3656//3656
f 3552//3552 3306//3306 3328//3328
f 3326//3326 3327//3327 3901//3901
f 3327//3327 3840//3840 3350//3350
f 2183//2183 2224//2224 2205//2205
f 3257//3257 3279//3279 3951//3951
f 3562//3562 3951//3951 3302//3302
f 3526//3526 3353//3353 3593//3593
f 3202//3202 3201//3201 3527//3527
f 3527//3527 3227//3227 3248//3248
f 3938//3938 3732//3732 2208//2208
f 3898//3898 3203//3203 3228//3228
f 3406//3406 3382//3382 4013//4013
f 3528//3528 2193//2193 3659//3659
f 3538//3538 3850//3850 2252//2252
f 3412//3412 3873//3873 3828//3828
f 3329//3329 3330//3330 3552//3552
f 3590//3590 3352//3352 3329//3329
f 4118//4118 3957//3957 3225//3225
f 4052//4052 2199//2199 3789//3789
f 4037//4037 2272//2272 3649//3649
f 3786//3786 3304//3304 3282//3282
f 4097//4097 3289//3289 3266//3266
f 3255//3255 3274//3274 3613//3613
f 3347//3347 3369//3369 4040//4040
f 2182//2182 3976//3976 3604//3604
f 4031//4031 3655//3655 2230//2230
f 3360//3360 3340//3340 3339//3339
f 3229//3229 3879//3879 3250//3250
f 3531//3531 3286//3286 3287//3287
f 3940//3940 3655//3655 3617//3617
f 2273//2273 2274//2274 3532//3532
f 3260//3260 3261//3261 3241//3241
f 3284//3284 3260//3260 3307//3307
f 2221//2221 2234//2234 2235//2235
f 3615//3615 3263//3263 4070//4070
f 3533//3533 3318//3318 3847//3847
f 4102//4102 2136//2136 2135//2135
f 3535//3535 3446//3446 3447//3447
f 3155//3155 3925//3925 3175//3175
f 3416//3416 3443//3443 3444//3444
f 3165//3165 3164//3164 3189//3189
f 3191//3191 3166//3166 4117//4117
f 3536//3536 2272//2272 2292//2292
f 3161//3161 3187//3187 3162//3162
f 4214//4214 2133//2133 2132//2132
f 3167//3167 3120//3120 3145//3145
f 3166//3166 3167//3167 3145//3145
f 2304//2304 2303//2303 2327//2327
f 3832//3832 3539//3539 2144//2144
f 2145//2145 3540//3540 4228//4228
f 3540//3540 2145//2145 2146//2146
f 3541//3541 3419//3419 3668//3668
f 3541//3541 3448//3448 3449//3449
f 3171//3171 3172//3172 4225//4225
f 3338//3338 4023//4023 3542//3542
f 3721//3721 3359//3359 3542//3542
f 3543//3543 2126//2126 2125//2125
f 4216//4216 3451//3451 3420//3420
f 4036//4036 2262//2262 2261//2261
f 3147//3147 3168//3168 3122//3122
f 2325//2325 4220//4220 2302//2302
f 4211//4211 2122//2122 2149//2149
f 3149//3149 3150//3150 3125//3125
f 3150//3150 3170//3170 3704//3704
f 3545//3545 2140//2140 2139//2139
f 3547//3547 2138//2138 2137//2137
f 3623//3623 3547//3547 2137//2137
f 3404//3404 3428//3428 3429//3429
f 2359//2359 2358//2358 2381//2381
f 3548//3548 3331//3331 3526//3526
f 2708//2708 2728//2728 2729//2729
f 3550//3550 2356//2356 2355//2355
f 3550//3550 2398//2398 2379//2379
f 3551//3551 3041//3041 3717//3717
f 3064//3064 3085//3085 3086//3086
f 3552//3552 3308//3308 3307//3307
f 2377//2377 4223//4223 2353//2353
f 2351//2351 2352//2352 2333//2333
f 3554//3554 3043//3043 3042//3042
f 2702//2702 2703//2703 2681//2681
f 2702//2702 4107//4107 2724//2724
f 2366//2366 2365//2365 2386//2386
f 3047//3047 4046//4046 3556//3556
f 2364//2364 3811//3811 2385//2385
f 3557//3557 3089//3089 3067//3067
f 3154//3154 3153//3153 3559//3559
f 3925//3925 3200//3200 3226//3226
f 2707//2707 2683//2683 2706//2706
f 2360//2360 2339//2339 3470//3470
f 2361//2361 2383//2383 2384//2384
f 4194//4194 3752//3752 2350//2350
f 2343//2343 2368//2368 3822//3822
f 3560//3560 3157//3157 3714//3714
f 3560//3560 3859//3859 3157//3157
f 4134//4134 3899//3899 3478//3478
f 2640//2640 3823//3823 3936//3936
f 3303//3303 3951//3951 3562//3562
f 3562//3562 3324//3324 3348//3348
f 2733//2733 2732//2732 2760//2760
f 3926//3926 2349//2349 2331//2331
f 3481//3481 2348//2348 2347//2347
f 3476//3476 4024//4024 2346//2346
f 4188//4188 2371//2371 4024//4024
f 2714//2714 2713//2713 2736//2736
f 2370//2370 2369//2369 3683//3683
f 3048//3048 3049//3049 3027//3027
f 3320//3320 3319//3319 3341//3341
f 3563//3563 2505//2505 2504//2504
f 3081//3081 3061//3061 3848//3848
f 3082//3082 3081//3081 3959//3959
f 3564//3564 3059//3059 3480//3480
f 2400//2400 3456//3456 3565//3565
f 4183//4183 2673//2673 2693//2693
f 2717//2717 4183//4183 3981//3981
f 2642//2642 2641//2641 2664//2664
f 3148//3148 3122//3122 3168//3168
f 3566//3566 3365//3365 4170//4170
f 4061//4061 2525//2525 2541//2541
f 3337//3337 3950//3950 3336//3336
f 4000//4000 4092//4092 3053//3053
f 3071//3071 3095//3095 3567//3567
f 3568//3568 2487//2487 3903//3903
f 3568//3568 2546//2546 2530//2530
f 3663//3663 4204//4204 2679//2679
f 3943//3943 4204//4204 2700//2700
f 3051//3051 3070//3070 3882//3882
f 3569//3569 3821//3821 2600//2600
f 2544//2544 2563//2563 3570//3570
f 3188//3188 3163//3163 3162//3162
f 3027//3027 3002//3002 3001//3001
f 2742//2742 4127//4127 3571//3571
f 2741//2741 2790//2790 3571//3571
f 3026//3026 4187//4187 3025//3025
f 3026//3026 3025//3025 3047//3047
f 3572//3572 2309//2309 2308//2308
f 3161//3161 3909//3909 3185//3185
f 2314//2314 3900//3900 2315//2315
f 2612//2612 2635//2635 2636//2636
f 2332//2332 2313//2313 2312//2312
f 3472//3472 3794//3794 3733//3733
f 4043//4043 3313//3313 3335//3335
f 3574//3574 2985//2985 3005//3005
f 2310//2310 3731//3731 2331//2331
f 2743//2743 2744//2744 2719//2719
f 4096//4096 2793//2793 2770//2770
f 3740//3740 2295//2295 3889//3889
f 3538//3538 2294//2294 2275//2275
f 3946//3946 2629//2629 2651//2651
f 4132//4132 2798//2798 2777//2777
f 4046//4046 3023//3023 3046//3046
f 2322//2322 3477//3477 2301//2301
f 4117//4117 3165//3165 3190//3190
f 3578//3578 2770//2770 2793//2793
f 3858//3858 3933//3933 3470//3470
f 2279//2279 2296//2296 2319//2319
f 4164//4164 4190//4190 3019//3019
f 4069//4069 3706//3706 3009//3009
f 3291//3291 3290//3290 3314//3314
f 3322//3322 3298//3298 3321//3321
f 2746//2746 3492//3492 2771//2771
f 3923//3923 3181//3181 3182//3182
f 3579//3579 3874//3874 2520//2520
f 2520//2520 3696//3696 3579//3579
f 3982//3982 3759//3759 2525//2525
f 3179//3179 3180//3180 3158//3158
f 3905//3905 2539//2539 4161//4161
f 2321//2321 2322//2322 2299//2299
f 4038//4038 3483//3483 2363//2363
f 3015//3015 3060//3060 3848//3848
f 3012//3012 3011//3011 3036//3036
f 3513//3513 3295//3295 3296//3296
f 3296//3296 3320//3320 3837//3837
f 3980//3980 3580//3580 2522//2522
f 3580//3580 2538//2538 3695//3695
f 3815//3815 2477//2477 2456//2456
f 3411//3411 3410//3410 3436//3436
f 3824//3824 2652//2652 2631//2631
f 2455//2455 2475//2475 2476//2476
f 3111//3111 3479//3479 3133//3133
f 2632//2632 2654//2654 2633//2633
f 2676//2676 2677//2677 2653//2653
f 3139//3139 3160//3160 3140//3140
f 2463//2463 2482//2482 3681//3681
f 3403//3403 4044//4044 3402//3402
f 3583//3583 2650//2650 3875//3875
f 2481//2481 2500//2500 2460//2460
f 3407//3407 3765//3765 3382//3382
f 3415//3415 3992//3992 3388//3388
f 3760//3760 2440//2440 2439//2439
f 3127//3127 3709//3709 3104//3104
f 3400//3400 3377//3377 3399//3399
f 3400//3400 3422//3422 3423//3423
f 3466//3466 3584//3584 3966//3966
f 3401//3401 3424//3424 3425//3425
f 3126//3126 3125//3125 3838//3838
f 3402//3402 3378//3378 3886//3886
f 3402//3402 3426//3426 3427//3427
f 4172//4172 4027//4027 2660//2660
f 3585//3585 2442//2442 2441//2441
f 2635//2635 4155//4155 2655//2655
f 3406//3406 3586//3586 3405//3405
f 3586//3586 3429//3429 3430//3430
f 3587//3587 3466//3466 3680//3680
f 2452//2452 4157//4157 2430//2430
f 3783//3783 3391//3391 3417//3417
f 3588//3588 3130//3130 3825//3825
f 3393//3393 3394//3394 3840//3840
f 2468//2468 2469//2469 2448//2448
f 3589//3589 4066//4066 2528//2528
f 3419//3419 3396//3396 3395//3395
f 3364//3364 3365//3365 3343//3343
f 3590//3590 3373//3373 3374//3374
f 3754//3754 4004//4004 3099//3099
f 3813//3813 3591//3591 2479//2479
f 2519//2519 3591//3591 3755//3755
f 3354//3354 3355//3355 3333//3333
f 3777//3777 3401//3401 3592//3592
f 3593//3593 3376//3376 3377//3377
f 3724//3724 4012//4012 3335//3335
f 3163//3163 3931//3931 3142//3142
f 3325//3325 3349//3349 3326//3326
f 2486//2486 2507//2507 3594//3594
f 2648//2648 3937//3937 2626//2626
f 4128//4128 2646//2646 3664//3664
f 3595//3595 3098//3098 3712//3712
f 3075//3075 4030//4030 3101//3101
f 3598//3598 3955//3955 3484//3484
f 2429//2429 2450//2450 2452//2452
f 3600//3600 3509//3509 2517//2517
f 2418//2418 2436//2436 2437//2437
f 4079//4079 2392//2392 2414//2414
f 3469//3469 3066//3066 4009//4009
f 2396//2396 2397//2397 2378//2378
f 2440//2440 4189//4189 2421//2421
f 2405//2405 2406//2406 3685//3685
f 2402//2402 2403//2403 2383//2383
f 2425//2425 2426//2426 2402//2402
f 3455//3455 2399//2399 2398//2398
f 4113//4113 2664//2664 3817//3817
f 3602//3602 3542//3542 3359//3359
f 3841//3841 4013//4013 3359//3359
f 3986//3986 3445//3445 3417//3417
f 4136//4136 2704//2704 2705//2705
f 2510//2510 2490//2490 2489//2489
f 3603//3603 2991//2991 3945//3945
f 2818//2818 2819//2819 2795//2795
f 3976//3976 2161//2161 2160//2160
f 3843//3843 3604//3604 3976//3976
f 3218//3218 4142//4142 3240//3240
f 2181//2181 2202//2202 2203//2203
f 2932//2932 2954//2954 2933//2933
f 2931//2931 4210//4210 2952//2952
f 3253//3253 3254//3254 3231//3231
f 2184//2184 2183//2183 2205//2205
f 3606//3606 2862//2862 4106//4106
f 2913//2913 2891//2891 2912//2912
f 3924//3924 2188//2188 2164//2164
f 3938//3938 2209//2209 3608//3608
f 4166//4166 3963//3963 2911//2911
f 2186//2186 2187//2187 4141//4141
f 2226//2226 2208//2208 2207//2207
f 2556//2556 3877//3877 2576//2576
f 3610//3610 2178//2178 2156//2156
f 3789//3789 2198//2198 3622//3622
f 3234//3234 3233//3233 3611//3611
f 3277//3277 4103//4103 3276//3276
f 3198//3198 3222//3222 3223//3223
f 2167//2167 2168//2168 2151//2151
f 2564//2564 3816//3816 2581//2581
f 2830//2830 2852//2852 2853//2853
f 3232//3232 3613//3613 4123//4123
f 2922//2922 2923//2923 2900//2900
f 3614//3614 2177//2177 3910//3910
f 2197//2197 3614//3614 3830//3830
f 2560//2560 2559//2559 4168//4168
f 3235//3235 3236//3236 3214//3214
f 2174//2174 2194//2194 2175//2175
f 2847//2847 4073//4073 3911//3911
f 3195//3195 3196//3196 3704//3704
f 3196//3196 3220//3220 3519//3519
f 2193//2193 2173//2173 2172//2172
f 2207//2207 4114//4114 2226//2226
f 2948//2948 4137//4137 2924//2924
f 2190//2190 2212//2212 3869//3869
f 2212//2212 3930//3930 2228//2228
f 2934//2934 2935//2935 3802//3802
f 3617//3617 2215//2215 2214//2214
f 3617//3617 4150//4150 3940//3940
f 3642//3642 4108//4108 3249//3249
f 2570//2570 3698//3698 2552//2552
f 2929//2929 4145//4145 3726//3726
f 2838//2838 2837//2837 3718//3718
f 4056//4056 3619//3619 2572//2572
f 3621//3621 2835//2835 3499//3499
f 3622//3622 3914//3914 3530//3530
f 2637//2637 3984//3984 2614//2614
f 2918//2918 2919//2919 2895//2895
f 2943//2943 2918//2918 2965//2965
f 3897//3897 4208//4208 3208//3208
f 3801//3801 2894//2894 2871//2871
f 3844//3844 2139//2139 2138//2138
f 3623//3623 2137//2137 2136//2136
f 2151//2151 2135//2135 2134//2134
f 2857//2857 2856//2856 2872//2872
f 2850//2850 2869//2869 2851//2851
f 4080//4080 2132//2132 2131//2131
f 3916//3916 2141//2141 2140//2140
f 3199//3199 3173//3173 4010//4010
f 3845//3845 3205//3205 3206//3206
f 3626//3626 3746//3746 3540//3540
f 3627//3627 2898//2898 4219//4219
f 2152//2152 2143//2143 2142//2142
f 2153//2153 2152//2152 2174//2174
f 2848//2848 2868//2868 2849//2849
f 2148//2148 2121//2121 2120//2120
f 4195//4195 2865//2865 2843//2843
f 4195//4195 4032//4032 2885//2885
f 3504//3504 3729//3729 2880//2880
f 2147//2147 2119//2119 2118//2118
f 3628//3628 4185//4185 3775//3775
f 2878//2878 2861//2861 3795//3795
f 2127//2127 2126//2126 3629//3629
f 3630//3630 2130//2130 2129//2129
f 2889//2889 3465//3465 3728//3728
f 2886//2886 2908//2908 2909//2909
f 2125//2125 2124//2124 4179//4179
f 4100//4100 3691//3691 3876//3876
f 4130//4130 2839//2839 3725//3725
f 3632//3632 2881//2881 2862//2862
f 3226//3226 3246//3246 3227//3227
f 3690//3690 4015//4015 2566//2566
f 2605//2605 3970//3970 2606//2606
f 2158//2158 2159//2159 2149//2149
f 3634//3634 2567//2567 3808//3808
f 2584//2584 2585//2585 3634//3634
f 3635//3635 2582//2582 4060//4060
f 3498//3498 2627//2627 3635//3635
f 2589//2589 2590//2590 3636//3636
f 3957//3957 4118//4118 3200//3200
f 2261//2261 2262//2262 4184//4184
f 4151//4151 2259//2259 3525//3525
f 4086//4086 2258//2258 2281//2281
f 2772//2772 4144//4144 2795//2795
f 2968//2968 3638//3638 3707//3707
f 2280//2280 3521//3521 2297//2297
f 3639//3639 2989//2989 3460//3460
f 2268//2268 3968//3968 2244//2244
f 3906//3906 3641//3641 2285//2285
f 2284//2284 3741//3741 3544//3544
f 3642//3642 3268//3268 3292//3292
f 3642//3642 3292//3292 3315//3315
f 2263//2263 4048//4048 2240//2240
f 2256//2256 2278//2278 2279//2279
f 3644//3644 2975//2975 4090//4090
f 3019//3019 3644//3644 4164//4164
f 2983//2983 2960//2960 2959//2959
f 2271//2271 2270//2270 3735//3735
f 2982//2982 2937//2937 3645//3645
f 2560//2560 2543//2543 3809//3809
f 2958//2958 3646//3646 2981//2981
f 3646//3646 2980//2980 3855//3855
f 2645//2645 3647//3647 2621//2621
f 2247//2247 2248//2248 2227//2227
f 3743//3743 2276//2276 2253//2253
f 2964//2964 3648//3648 4222//4222
f 2251//2251 4037//4037 3649//3649
f 3958//3958 2961//2961 3650//3650
f 3650//3650 2984//2984 2985//2985
f 3652//3652 3299//3299 3322//3322
f 4006//4006 2788//2788 2764//2764
f 4054//4054 3667//3667 3913//3913
f 3272//3272 3296//3296 3297//3297
f 3887//3887 2786//2786 2785//2785
f 3278//3278 3781//3781 3277//3277
f 4226//4226 3209//3209 3231//3231
f 3949//3949 3699//3699 2551//2551
f 3654//3654 3253//3253 3230//3230
f 3654//3654 3271//3271 3854//3854
f 4031//4031 2216//2216 3617//3617
f 2946//2946 2969//2969 3878//3878
f 3853//3853 2241//2241 4048//4048
f 2231//2231 2230//2230 3850//3850
f 3700//3700 2545//2545 3510//3510
f 3954//3954 2229//2229 2213//2213
f 2185//2185 2163//2163 3516//3516
f 3538//3538 2252//2252 2274//2274
f 2155//2155 3832//3832 3910//3910
f 2426//2426 4111//4111 2403//2403
f 2953//2953 2976//2976 3702//3702
f 2502//2502 2483//2483 3967//3967
f 3232//3232 3211//3211 3210//3210
f 3734//3734 4052//4052 3789//3789
f 3602//3602 3339//3339 3338//3338
f 2980//2980 4187//4187 3001//3001
f 3341//3341 4121//4121 3342//3342
f 4182//4182 2886//2886 3631//3631
f 3978//3978 2416//2416 3658//3658
f 3658//3658 2417//2417 3857//3857
f 2881//2881 2882//2882 2863//2863
f 2188//2188 2189//2189 2165//2165
f 3289//3289 4097//4097 3265//3265
f 2684//2684 4162//4162 2683//2683
f 3306//3306 3282//3282 3305//3305
f 2498//2498 2480//2480 2479//2479
f 3962//3962 3528//3528 3659//3659
f 2218//2218 2217//2217 2231//2231
f 2629//2629 2607//2607 2606//2606
f 3838//3838 3127//3127 3126//3126
f 3006//3006 3958//3958 2985//2985
f 3203//3203 3202//3202 3228//3228
f 2497//2497 3965//3965 3755//3755
f 3121//3121 4030//4030 3100//3100
f 3368//3368 3346//3346 3345//3345
f 3097//3097 3098//3098 3987//3987
f 4021//4021 3896//3896 2261//2261
f 4059//4059 2961//2961 2940//2940
f 3930//3930 2212//2212 2211//2211
f 2738//2738 2692//2692 2715//2715
f 3549//3549 2596//2596 2617//2617
f 2619//2619 2598//2598 2618//2618
f 3063//3063 3064//3064 3551//3551
f 3173//3173 3957//3957 3174//3174
f 2819//2819 2818//2818 2842//2842
f 2627//2627 3778//3778 2626//2626
f 2783//2783 3964//3964 2806//2806
f 3251//3251 3270//3270 3271//3271
f 3788//3788 2793//2793 4096//4096
f 2631//2631 2610//2610 2609//2609
f 3827//3827 4103//4103 3611//3611
f 4122//4122 3680//3680 3903//3903
f 3356//3356 3378//3378 3379//3379
f 2673//2673 3583//3583 2693//2693
f 2681//2681 4172//4172 3818//3818
f 2698//2698 2678//2678 3785//3785
f 3663//3663 3673//3673 4173//4173
f 3061//3061 4154//4154 3555//3555
f 4215//4215 3596//3596 2670//2670
f 4215//4215 3487//3487 4131//4131
f 2668//2668 2669//2669 4128//4128
f 2637//2637 2660//2660 4027//4027
f 2633//2633 2634//2634 3496//3496
f 2634//2634 4217//4217 2655//2655
f 2626//2626 3778//3778 2625//2625
f 2621//2621 3821//3821 3665//3665
f 2643//2643 2644//2644 3665//3665
f 2664//2664 2641//2641 3934//3934
f 3666//3666 2687//2687 3490//3490
f 4065//4065 2687//2687 2665//2665
f 3597//3597 4025//4025 2649//2649
f 3662//3662 4025//4025 3937//3937
f 2705//2705 3819//3819 2706//2706
f 2766//2766 4054//4054 2767//2767
f 2765//2765 4003//4003 2766//2766
f 3667//3667 2788//2788 4177//4177
f 3668//3668 3393//3393 3418//3418
f 2736//2736 2763//2763 4006//4006
f 3396//3396 3397//3397 3374//3374
f 3669//3669 2784//2784 3887//3887
f 3424//3424 4091//4091 3423//3423
f 3670//3670 2760//2760 2759//2759
f 2806//2806 4081//4081 2783//2783
f 3886//3886 3425//3425 3426//3426
f 3403//3403 3427//3427 3428//3428
f 3405//3405 3430//3430 3431//3431
f 3407//3407 3432//3432 3433//3433
f 3389//3389 3416//3416 3390//3390
f 2749//2749 2750//2750 2723//2723
f 3672//3672 3788//3788 2791//2791
f 3606//3606 2815//2815 2839//2839
f 2779//2779 2755//2755 2753//2753
f 2826//2826 2800//2800 2825//2825
f 4049//4049 4132//4132 2778//2778
f 3787//3787 2777//2777 2798//2798
f 3409//3409 3434//3434 3435//3435
f 2740//2740 4127//4127 2717//2717
f 2714//2714 2736//2736 2737//2737
f 2711//2711 2731//2731 2732//2732
f 2709//2709 2710//2710 3817//3817
f 3674//3674 2729//2729 2757//2757
f 2707//2707 2708//2708 2685//2685
f 3411//3411 3436//3436 3437//3437
f 3413//3413 3387//3387 3412//3412
f 3412//3412 3438//3438 3439//3439
f 3414//3414 4133//4133 3675//3675
f 3675//3675 3440//3440 3441//3441
f 3415//3415 3442//3442 3443//3443
f 3445//3445 3446//3446 3417//3417
f 2430//2430 4047//4047 2409//2409
f 2449//2449 3459//3459 3601//3601
f 2423//2423 3455//3455 2442//2442
f 2431//2431 4099//4099 3678//3678
f 2440//2440 2422//2422 4189//4189
f 3599//3599 2439//2439 2420//2420
f 3461//3461 2418//2418 2437//2437
f 4199//4199 2414//2414 2391//2391
f 3464//3464 3760//3760 3679//3679
f 3584//3584 3466//3466 2445//2445
f 3589//3589 3966//3966 3507//3507
f 3975//3975 2465//2465 3585//3585
f 2435//2435 3994//3994 2436//2436
f 3463//3463 2483//2483 3760//3760
f 4176//4176 3779//3779 3682//3682
f 2342//2342 2368//2368 2343//2343
f 2390//2390 3683//3683 3868//3868
f 2354//2354 4223//4223 2378//2378
f 4143//4143 4194//4194 2374//2374
f 2369//2369 2345//2345 2344//2344
f 2365//2365 2340//2340 4160//4160
f 4095//4095 2341//2341 2366//2366
f 2384//2384 4035//4035 2361//2361
f 3482//3482 2408//2408 2409//2409
f 3685//3685 3558//3558 2405//2405
f 3685//3685 2406//2406 3811//3811
f 3686//3686 2359//2359 2381//2381
f 2425//2425 2401//2401 4002//4002
f 2493//2493 4147//4147 2494//2494
f 2592//2592 2571//2571 4197//4197
f 3773//3773 3892//3892 3689//3689
f 2589//2589 3636//3636 2569//2569
f 2545//2545 3953//3953 2565//2565
f 3692//3692 2548//2548 2547//2547
f 2563//2563 2544//2544 2562//2562
f 4168//4168 2559//2559 2578//2578
f 2602//2602 3890//3890 2622//2622
f 4100//4100 3693//3693 2586//2586
f 2587//2587 2611//2611 2588//2588
f 2500//2500 2501//2501 3500//3500
f 3591//3591 2519//2519 2498//2498
f 2515//2515 2496//2496 2495//2495
f 3806//3806 2574//2574 3695//3695
f 2507//2507 2486//2486 2506//2506
f 2531//2531 3506//3506 2509//2509
f 2532//2532 2511//2511 2531//2531
f 2537//2537 2554//2554 3807//3807
f 2553//2553 4115//4115 2535//2535
f 3904//3904 4124//4124 3907//3907
f 2533//2533 3699//3699 3904//3904
f 3570//3570 3700//3700 3993//3993
f 3701//3701 3169//3169 3168//3168
f 3193//3193 3194//3194 3701//3701
f 3702//3702 3856//3856 2977//2977
f 3162//3162 3163//3163 3142//3142
f 3657//3657 2994//2994 2972//2972
f 2993//2993 3577//3577 2994//2994
f 2991//2991 3878//3878 2969//2969
f 3703//3703 3166//3166 3839//3839
f 3703//3703 3192//3192 3576//3576
f 3201//3201 3925//3925 3226//3226
f 3205//3205 3845//3845 3179//3179
f 2999//2999 2978//2978 3457//3457
f 3705//3705 3013//3013 3935//3935
f 2966//2966 4222//4222 2988//2988
f 3706//3706 4069//4069 3010//3010
f 2987//2987 3008//3008 3648//3648
f 3716//3716 3553//3553 3156//3156
f 3180//3180 3136//3136 3135//3135
f 3212//3212 3233//3233 3842//3842
f 3879//3879 3204//3204 3898//3898
f 2939//2939 3650//3650 2961//2961
f 4203//4203 4050//4050 3963//3963
f 3867//3867 2936//2936 4166//4166
f 3209//3209 3208//3208 3231//3231
f 2957//2957 2910//2910 2935//2935
f 2955//2955 2934//2934 2933//2933
f 3768//3768 4181//4181 3214//3214
f 3216//3216 3217//3217 3192//3192
f 3216//3216 4191//4191 3217//3217
f 4090//4090 4145//4145 2929//2929
f 2941//2941 2962//2962 2963//2963
f 2946//2946 4026//4026 3707//3707
f 2967//2967 3639//3639 2945//2945
f 3088//3088 3708//3708 4009//4009
f 3065//3065 3045//3045 3044//3044
f 3062//3062 3040//3040 3039//3039
f 3710//3710 3469//3469 3763//3763
f 3012//3012 3037//3037 3013//3013
f 3117//3117 3092//3092 3995//3995
f 3118//3118 3093//3093 3117//3117
f 3073//3073 3956//3956 3054//3054
f 3711//3711 3119//3119 3931//3931
f 3712//3712 3097//3097 4112//4112
f 3473//3473 3928//3928 3712//3712
f 3029//3029 3030//3030 3004//3004
f 3077//3077 3078//3078 3851//3851
f 3078//3078 3102//3102 3103//3103
f 3056//3056 3057//3057 3034//3034
f 4062//4062 3055//3055 3034//3034
f 3713//3713 4082//4082 3069//3069
f 3713//3713 3467//3467 3115//3115
f 3028//3028 3027//3027 3049//3049
f 3148//3148 3123//3123 3122//3122
f 3124//3124 3125//3125 3103//3103
f 3715//3715 3139//3139 3138//3138
f 3160//3160 3185//3185 3140//3140
f 3024//3024 3990//3990 3023//3023
f 3086//3086 3111//3111 3112//3112
f 3717//3717 2996//2996 3017//3017
f 3717//3717 3040//3040 3551//3551
f 3221//3221 3222//3222 3198//3198
f 2837//2837 2838//2838 2814//2814
f 3318//3318 3317//3317 3847//3847
f 3719//3719 3296//3296 3837//3837
f 3566//3566 3720//3720 3321//3321
f 3720//3720 3344//3344 3893//3893
f 3721//3721 3314//3314 3950//3950
f 3347//3347 3324//3324 3776//3776
f 3349//3349 3371//3371 3372//3372
f 3979//3979 3305//3305 3901//3901
f 3908//3908 2845//2845 2823//2823
f 2947//2947 2901//2901 2923//2923
f 3276//3276 3300//3300 3277//3277
f 2855//2855 2856//2856 3501//3501
f 2851//2851 2828//2828 3505//3505
f 2869//2869 2850//2850 4171//4171
f 2849//2849 4105//4105 2848//2848
f 2846//2846 2824//2824 4200//4200
f 3333//3333 3334//3334 3312//3312
f 3329//3329 3351//3351 3590//3590
f 3548//3548 3332//3332 3310//3310
f 3381//3381 4138//4138 3358//3358
f 2845//2845 3908//3908 4159//4159
f 3365//3365 3364//3364 3723//3723
f 4133//4133 3366//3366 3523//3523
f 2802//2802 3505//3505 2828//2828
f 3725//3725 3511//3511 4068//4068
f 2804//2804 2805//2805 2782//2782
f 3319//3319 3320//3320 3295//3295
f 2895//2895 4028//4028 2917//2917
f 3227//3227 3247//3247 3248//3248
f 3266//3266 3267//3267 3247//3247
f 3620//3620 3792//3792 4109//4109
f 3727//3727 3248//3248 3267//3267
f 3654//3654 3513//3513 3253//3253
f 3728//3728 2890//2890 2889//2889
f 3465//3465 3867//3867 3728//3728
f 2887//2887 2888//2888 2867//2867
f 3224//3224 3225//3225 3199//3199
f 3921//3921 4165//4165 3865//3865
f 3260//3260 3284//3284 3261//3261
f 3309//3309 4201//4201 3285//3285
f 3548//3548 3309//3309 3331//3331
f 3286//3286 4017//4017 3310//3310
f 3312//3312 3313//3313 3287//3287
f 3316//3316 3315//3315 3338//3338
f 2904//2904 2883//2883 3920//3920
f 3729//3729 3504//3504 2879//2879
f 2923//2923 3729//3729 2900//2900
f 3270//3270 3293//3293 3294//3294
f 2873//2873 2874//2874 2857//2857
f 2895//2895 2896//2896 2873//2873
f 3299//3299 3274//3274 3298//3298
f 2288//2288 4140//4140 2308//2308
f 3730//3730 2128//2128 2127//2127
f 3516//3516 3730//3730 3629//3629
f 2303//2303 2304//2304 2285//2285
f 2310//2310 2330//2330 3731//3731
f 2280//2280 2257//2257 3521//3521
f 3732//3732 3609//3609 2208//2208
f 3732//3732 3608//3608 3924//3924
f 2291//2291 3969//3969 3798//3798
f 3860//3860 3733//3733 2291//2291
f 2257//2257 3734//3734 3530//3530
f 2258//2258 2236//2236 3734//3734
f 3735//3735 2289//2289 2308//2308
f 3737//3737 4021//4021 4151//4151
f 2306//2306 2287//2287 2286//2286
f 2329//2329 2305//2305 2344//2344
f 4011//4011 3538//3538 3803//3803
f 3738//3738 3520//3520 2157//2157
f 3799//3799 2282//2282 2281//2281
f 3740//3740 3889//3889 2294//2294
f 2265//2265 2264//2264 3741//3741
f 3643//3643 3741//3741 2264//2264
f 3626//3626 2178//2178 3524//3524
f 2249//2249 3798//3798 4067//4067
f 2222//2222 2202//2202 2201//2201
f 2246//2246 3836//3836 3514//3514
f 2167//2167 3537//3537 3829//3829
f 2232//2232 3743//3743 2253//2253
f 2275//2275 3743//3743 3850//3850
f 3744//3744 2131//2131 2130//2130
f 3624//3624 2142//2142 2141//2141
f 3745//3745 4198//4198 2162//2162
f 3745//3745 2184//2184 4198//4198
f 2240//2240 4184//4184 2263//2263
f 3540//3540 2117//2117 4228//4228
f 2224//2224 3604//3604 3747//3747
f 2238//2238 2237//2237 4014//4014
f 4014//4014 3525//3525 2259//2259
f 3539//3539 2116//2116 2115//2115
f 3520//3520 3780//3780 2158//2158
f 2297//2297 2319//2319 3748//3748
f 4102//4102 4175//4175 2169//2169
f 4036//4036 2302//2302 2283//2283
f 3749//3749 2124//2124 2123//2123
f 3749//3749 4211//4211 2160//2160
f 3750//3750 2204//2204 2203//2203
f 2160//2160 4211//4211 2159//2159
f 3633//3633 3843//3843 3751//3751
f 2210//2210 3607//3607 2189//2189
f 3573//3573 2332//2332 2311//2311
f 3752//3752 4194//4194 2351//2351
f 3968//3968 2245//2245 2244//2244
f 3753//3753 3665//3665 2620//2620
f 3964//3964 2783//2783 2805//2805
f 3501//3501 2831//2831 2854//2854
f 3098//3098 3754//3754 3987//3987
f 3987//3987 3598//3598 3484//3484
f 3965//3965 2497//2497 2477//2477
f 2519//2519 2518//2518 2537//2537
f 2593//2593 3942//3942 3756//3756
f 3007//3007 3006//3006 3757//3757
f 3960//3960 4178//4178 2491//2491
f 2819//2819 2820//2820 2796//2796
f 3183//3183 4152//4152 3758//3758
f 3184//3184 3211//3211 3862//3862
f 3759//3759 2540//2540 2557//2557
f 2815//2815 3511//3511 3725//3725
f 3679//3679 2502//2502 2484//2484
f 3959//3959 3080//3080 3105//3105
f 3257//3257 3883//3883 3761//3761
f 3761//3761 3258//3258 3257//3257
f 2316//2316 3762//3762 2335//2335
f 3228//3228 3249//3249 3898//3898
f 4158//4158 3469//3469 4009//4009
f 3135//3135 3136//3136 3763//3763
f 2862//2862 2881//2881 2863//2863
f 3575//3575 2863//2863 2882//2882
f 4111//4111 2428//2428 2427//2427
f 3360//3360 4205//4205 3765//3765
f 3766//3766 2573//2573 3619//3619
f 2575//2575 2596//2596 2597//2597
f 2574//2574 2575//2575 2555//2555
f 2177//2177 4167//4167 3767//3767
f 2198//2198 3610//3610 3767//3767
f 4181//4181 3188//3188 3213//3213
f 3769//3769 3356//3356 3355//3355
f 3177//3177 3203//3203 3859//3859
f 2605//2605 2606//2606 2583//2583
f 3977//3977 2498//2498 3874//3874
f 3092//3092 3070//3070 3091//3091
f 3363//3363 3880//3880 3386//3386
f 3335//3335 3313//3313 3941//3941
f 3270//3270 3250//3250 3269//3269
f 3245//3245 3264//3264 3770//3770
f 3770//3770 3865//3865 4165//4165
f 3936//3936 3971//3971 4162//4162
f 2416//2416 3978//3978 2393//2393
f 3630//3630 4084//4084 3744//3744
f 2164//2164 2188//2188 2165//2165
f 2818//2818 2794//2794 4071//4071
f 3456//3456 2401//2401 3565//3565
f 2425//2425 2446//2446 2426//2426
f 3000//3000 4187//4187 2979//2979
f 3617//3617 2216//2216 2215//2215
f 3736//3736 3515//3515 2216//2216
f 3121//3121 3961//3961 3122//3122
f 2748//2748 2747//2747 2773//2773
f 4173//4173 2700//2700 3663//3663
f 3915//3915 2914//2914 2892//2892
f 3772//3772 2915//2915 2914//2914
f 3482//3482 2409//2409 2410//2410
f 3773//3773 3488//3488 3892//3892
f 2876//2876 3948//3948 3627//3627
f 3373//3373 3396//3396 3374//3374
f 3775//3775 2883//2883 3637//3637
f 3628//3628 2905//2905 2884//2884
f 2679//2679 2656//2656 3497//3497
f 2334//2334 2354//2354 3762//3762
f 3592//3592 3593//3593 3777//3777
f 2631//2631 2609//2609 2630//2630
f 3779//3779 2409//2409 4047//4047
f 3939//3939 2246//2246 2271//2271
f 3780//3780 3520//3520 3738//3738
f 3520//3520 2158//2158 2148//2148
f 2606//2606 2584//2584 2583//2583
f 2311//2311 3536//3536 2292//2292
f 2600//2600 2577//2577 3569//3569
f 2771//2771 3492//3492 2745//2745
f 3747//3747 2241//2241 2224//2224
f 2546//2546 2566//2566 2547//2547
f 2521//2521 3980//3980 2499//2499
f 2500//2500 3980//3980 2522//2522
f 3781//3781 3278//3278 3256//3256
f 3781//3781 3256//3256 3235//3235
f 3081//3081 3782//3782 3080//3080
f 3107//3107 3109//3109 3108//3108
f 3417//3417 3391//3391 3986//3986
f 2360//2360 4213//4213 2359//2359
f 2906//2906 2907//2907 4032//4032
f 2803//2803 2828//2828 3784//3784
f 2828//2828 2803//2803 2781//2781
f 3785//3785 2676//2676 2697//2697
f 3304//3304 3786//3786 3259//3259
f 3748//3748 2338//2338 3933//3933
f 4134//4134 3561//3561 4202//4202
f 3788//3788 3672//3672 2792//2792
f 2793//2793 3788//3788 2792//2792
f 3703//3703 4120//4120 3167//3167
f 2755//2755 3651//3651 2780//2780
f 2640//2640 2617//2617 2595//2595
f 3789//3789 3622//3622 3530//3530
f 2340//2340 3477//3477 4160//4160
f 3924//3924 2187//2187 3732//3732
f 4107//4107 2750//2750 2751//2751
f 2329//2329 2344//2344 2345//2345
f 3151//3151 4225//4225 4010//4010
f 3094//3094 3071//3071 3882//3882
f 3373//3373 3395//3395 3396//3396
f 2907//2907 4182//4182 2885//2885
f 2160//2160 2159//2159 3751//3751
f 3316//3316 3339//3339 3340//3340
f 2294//2294 3538//3538 4011//4011
f 4209//4209 2511//2511 2532//2532
f 3460//3460 3013//3013 2990//2990
f 2286//2286 3640//3640 2268//2268
f 2266//2266 2267//2267 2243//2243
f 3565//3565 2401//2401 2381//2381
f 3863//3863 4033//4033 2392//2392
f 3735//3735 2290//2290 2271//2271
f 3273//3273 3274//3274 3255//3255
f 4171//4171 4094//4094 2912//2912
f 2923//2923 2922//2922 3791//3791
f 2269//2269 2270//2270 3514//3514
f 2269//2269 2288//2288 2289//2289
f 3913//3913 2814//2814 2789//2789
f 3792//3792 2898//2898 2920//2920
f 3792//3792 2944//2944 2945//2945
f 3793//3793 4129//4129 2917//2917
f 3969//3969 2292//2292 4067//4067
f 3794//3794 3573//3573 2311//2311
f 3578//3578 2793//2793 4071//4071
f 2817//2817 4071//4071 2816//2816
f 3795//3795 2861//2861 4139//4139
f 3963//3963 2912//2912 4094//4094
f 4169//4169 2938//2938 4163//4163
f 2930//2930 4210//4210 2906//2906
f 2812//2812 2787//2787 2811//2811
f 3796//3796 2852//2852 2829//2829
f 3796//3796 2869//2869 4093//4093
f 4129//4129 2964//2964 2965//2965
f 3797//3797 2774//2774 2773//2773
f 3797//3797 2796//2796 3888//3888
f 4034//4034 2797//2797 3908//3908
f 2928//2928 2950//2950 2951//2951
f 2778//2778 2799//2799 2800//2800
f 4203//4203 3645//3645 2937//2937
f 2936//2936 2957//2957 3646//3646
f 4081//4081 2808//2808 2784//2784
f 2784//2784 2760//2760 3670//3670
f 2857//2857 2858//2858 2833//2833
f 2932//2932 2933//2933 2908//2908
f 2955//2955 2954//2954 2977//2977
f 2280//2280 2258//2258 2257//2257
f 3799//3799 2298//2298 4075//4075
f 4186//4186 3861//3861 2844//2844
f 3631//3631 4186//4186 2844//2844
f 2816//2816 2792//2792 3800//3800
f 4106//4106 2840//2840 3800//3800
f 2299//2299 2322//2322 2300//2300
f 3643//3643 4220//4220 3544//3544
f 2890//2890 3911//3911 2889//2889
f 2871//2871 3922//3922 3801//3801
f 2801//2801 2826//2826 2827//2827
f 3802//3802 2909//2909 2934//2934
f 2910//2910 4063//4063 2935//2935
f 3803//3803 2273//2273 2293//2293
f 3803//3803 2293//2293 4125//4125
f 4159//4159 2866//2866 2844//2844
f 4159//4159 2865//2865 2866//2866
f 3671//3671 2781//2781 3804//3804
f 2536//2536 3697//3697 2554//2554
f 2394//2394 3687//3687 3857//3857
f 2523//2523 2539//2539 2524//2524
f 3580//3580 4161//4161 2539//2539
f 2538//2538 2521//2521 3579//3579
f 3806//3806 3696//3696 2573//2573
f 3807//3807 2554//2554 2572//2572
f 3808//3808 2548//2548 3692//3692
f 3808//3808 2567//2567 4016//4016
f 2534//2534 2513//2513 4124//4124
f 2569//2569 4124//4124 3773//3773
f 2550//2550 4209//4209 2532//2532
f 2549//2549 2532//2532 2531//2531
f 2542//2542 4061//4061 2541//2541
f 2398//2398 2378//2378 2397//2397
f 3890//3890 4168//4168 2578//2578
f 2602//2602 2579//2579 3890//3890
f 3454//3454 2396//2396 2376//2376
f 3810//3810 2571//2571 2553//2553
f 4197//4197 3810//3810 2591//2591
f 3811//3811 2406//2406 3459//3459
f 3812//3812 3974//3974 2408//2408
f 4066//4066 3512//3512 3993//3993
f 2582//2582 2583//2583 3690//3690
f 2582//2582 2604//2604 2605//2605
f 3813//3813 2458//2458 2457//2457
f 2442//2442 3455//3455 2422//2422
f 2467//2467 4126//4126 2468//2468
f 3594//3594 3966//3966 3584//3584
f 2464//2464 2503//2503 3975//3975
f 2446//2446 3587//3587 2447//2447
f 2480//2480 2481//2481 3814//3814
f 2461//2461 3814//3814 2460//2460
f 2421//2421 2439//2439 2440//2440
f 2456//2456 3872//3872 3815//3815
f 2429//2429 2452//2452 3974//3974
f 2453//2453 4157//4157 2472//2472
f 3988//3988 2462//2462 2463//2463
f 2412//2412 2390//2390 2389//2389
f 4099//4099 2431//2431 2412//2412
f 2494//2494 2495//2495 2474//2474
f 2515//2515 2514//2514 3508//3508
f 2416//2416 2415//2415 4042//4042
f 2564//2564 4088//4088 3816//3816
f 3816//3816 3778//3778 3498//3498
f 3468//3468 2337//2337 3684//3684
f 3684//3684 2357//2357 2358//2358
f 3666//3666 2688//2688 2668//2668
f 2686//2686 2709//2709 3817//3817
f 2731//2731 4065//4065 2710//2710
f 2703//2703 2704//2704 2682//2682
f 3943//3943 3991//3991 2680//2680
f 4035//4035 3918//3918 2339//2339
f 3483//3483 4038//4038 2362//2362
f 2696//2696 2675//2675 3489//3489
f 2671//2671 4131//4131 2691//2691
f 2705//2705 2725//2725 3819//3819
f 3819//3819 2726//2726 2706//2706
f 2704//2704 3820//3820 2725//2725
f 3820//3820 2752//2752 2753//2753
f 2737//2737 2764//2764 2765//2765
f 2733//2733 2734//2734 3490//3490
f 2733//2733 3669//3669 2761//2761
f 2759//2759 2731//2731 2730//2730
f 3572//3572 2330//2330 2309//2309
f 4127//4127 2740//2740 2741//2741
f 3494//3494 2693//2693 3583//3583
f 3821//3821 2620//2620 3665//3665
f 2612//2612 2613//2613 2591//2591
f 3620//3620 4109//4109 4026//4026
f 2621//2621 2644//2644 2645//2645
f 2667//2667 2666//2666 3666//3666
f 3160//3160 3139//3139 3715//3715
f 3739//3739 2203//2203 2202//2202
f 3348//3348 3325//3325 3562//3562
f 2205//2205 2242//2242 2225//2225
f 3418//3418 3447//3447 3448//3448
f 3419//3419 3450//3450 4216//4216
f 4007//4007 2162//2162 4198//4198
f 3420//3420 3421//3421 3397//3397
f 3451//3451 3452//3452 3420//3420
f 3154//3154 3559//3559 3155//3155
f 3414//3414 3441//3441 3442//3442
f 3439//3439 3440//3440 3413//3413
f 3233//3233 4123//4123 3827//3827
f 3827//3827 3613//3613 3275//3275
f 3828//3828 3437//3437 3438//3438
f 3409//3409 3435//3435 3410//3410
f 3410//3410 3435//3435 3436//3436
f 3537//3537 4214//4214 3829//3829
f 3829//3829 2165//2165 2166//2166
f 3209//3209 4226//4226 3210//3210
f 4226//4226 3255//3255 3232//3232
f 3407//3407 3408//3408 3765//3765
f 3408//3408 3433//3433 3434//3434
f 3830//3830 2220//2220 2221//2221
f 3831//3831 3431//3431 3432//3432
f 3709//3709 3927//3927 3105//3105
f 2233//2233 2219//2219 2232//2232
f 3832//3832 2154//2154 3910//3910
f 3833//3833 3113//3113 4058//4058
f 4058//4058 3467//3467 3833//3833
f 3834//3834 3085//3085 3912//3912
f 3107//3107 3083//3083 4005//4005
f 3108//3108 3084//3084 3107//3107
f 2200//2200 4052//4052 3835//3835
f 3074//3074 3075//3075 3056//3056
f 3134//3134 3133//3133 3714//3714
f 2209//2209 3938//3938 3836//3836
f 3342//3342 3320//3320 3341//3341
f 3343//3343 3719//3719 3837//3837
f 3244//3244 3519//3519 4070//4070
f 3609//3609 2207//2207 2208//2208
f 3125//3125 3126//3126 3103//3103
f 4175//4175 4102//4102 2168//2168
f 3416//3416 3389//3389 3992//3992
f 3523//3523 3723//3723 3387//3387
f 4051//4051 3388//3388 3367//3367
f 2199//2199 2200//2200 2179//2179
f 3840//3840 3372//3372 3393//3393
f 4165//4165 4074//4074 3225//3225
f 3624//3624 2173//2173 2174//2174
f 3841//3841 3406//3406 4013//4013
f 3187//3187 3186//3186 3842//3842
f 3736//3736 2217//2217 3659//3659
f 3202//3202 3176//3176 3175//3175
f 2171//2171 3742//3742 2192//2192
f 3845//3845 3180//3180 3179//3179
f 3207//3207 3181//3181 3845//3845
f 3247//3247 3227//3227 3246//3246
f 3846//3846 3182//3182 3897//3897
f 3846//3846 3209//3209 3758//3758
f 2185//2185 4198//4198 2184//2184
f 3362//3362 3533//3533 3847//3847
f 2150//2150 2128//2128 3730//3730
f 4154//4154 3849//3849 3555//3555
f 3039//3039 3985//3985 3849//3849
f 2230//2230 2231//2231 2217//2217
f 3985//3985 4053//4053 3577//3577
f 3296//3296 3719//3719 3297//3297
f 2970//2970 2993//2993 2971//2971
f 2992//2992 3603//3603 3016//3016
f 2250//2250 2229//2229 2228//2228
f 3746//3746 2118//2118 2117//2117
f 2227//2227 2248//2248 3930//3930
f 3088//3088 4009//4009 3065//3065
f 4045//4045 2120//2120 2119//2119
f 2235//2235 2256//2256 3852//3852
f 3521//3521 3852//3852 2256//2256
f 4224//4224 3293//3293 3317//3317
f 4190//4190 4164//4164 3018//3018
f 3045//3045 3557//3557 3022//3022
f 4046//4046 3047//3047 3025//3025
f 3051//3051 3050//3050 3070//3070
f 3855//3855 2981//2981 3646//3646
f 3326//3326 3303//3303 3325//3325
f 2998//2998 3990//3990 3856//3856
f 4078//4078 2974//2974 2951//2951
f 3018//3018 2973//2973 2996//2996
f 3096//3096 3072//3072 3095//3095
f 3304//3304 3259//3259 3281//3281
f 3091//3091 3115//3115 3995//3995
f 2985//2985 3574//3574 3006//3006
f 4104//4104 3003//3003 2982//2982
f 2832//2832 2808//2808 2807//2807
f 2880//2880 2902//2902 2881//2881
f 2853//2853 2854//2854 2831//2831
f 2394//2394 3857//3857 2418//2418
f 3858//3858 2298//2298 3933//3933
f 3858//3858 2339//2339 3918//3918
f 3859//3859 3203//3203 3204//3204
f 3859//3859 3178//3178 3157//3157
f 2500//2500 2499//2499 3980//3980
f 3996//3996 3260//3260 3241//3241
f 2474//2474 3582//3582 2493//2493
f 2566//2566 2565//2565 3690//3690
f 2331//2331 2349//2349 2350//2350
f 2350//2350 3472//3472 2331//2331
f 3860//3860 2290//2290 2309//2309
f 3860//3860 2310//2310 3733//3733
f 3861//3861 2867//2867 2846//2846
f 3210//3210 3184//3184 3758//3758
f 3863//3863 2415//2415 2393//2393
f 2177//2177 2156//2156 2146//2146
f 2996//2996 2995//2995 3017//3017
f 3864//3864 3524//3524 2178//2178
f 3962//3962 3659//3659 2218//2218
f 3866//3866 3394//3394 3395//3395
f 3866//3866 3351//3351 3722//3722
f 3278//3278 3277//3277 3301//3301
f 3511//3511 2815//2815 2791//2791
f 2205//2205 2225//2225 3605//3605
f 3514//3514 3836//3836 2245//2245
f 2699//2699 3497//3497 2678//2678
f 2792//2792 2816//2816 2793//2793
f 2749//2749 2723//2723 3919//3919
f 2224//2224 2183//2183 3604//3604
f 3612//3612 2190//2190 3869//3869
f 3087//3087 3485//3485 3064//3064
f 4174//4174 3554//3554 3042//3042
f 3084//3084 3083//3083 3107//3107
f 3712//3712 4112//4112 3096//3096
f 3158//3158 3180//3180 3135//3135
f 2273//2273 3532//3532 2251//2251
f 3870//3870 2472//2472 3929//3929
f 3870//3870 3771//3771 2473//2473
f 3950//3950 3290//3290 3266//3266
f 3944//3944 3293//3293 3269//3269
f 2983//2983 4153//4153 3871//3871
f 3871//3871 3004//3004 3030//3030
f 3872//3872 2455//2455 3815//3815
f 3719//3719 3321//3321 3297//3297
f 3684//3684 4213//4213 2338//2338
f 4160//4160 3477//3477 2363//2363
f 2340//2340 2365//2365 2366//2366
f 2986//2986 2987//2987 2963//2963
f 3873//3873 3363//3363 3386//3386
f 3873//3873 3387//3387 3723//3723
f 3721//3721 4083//4083 3359//3359
f 2501//2501 2523//2523 4057//4057
f 2503//2503 4192//4192 2504//2504
f 2310//2310 3472//3472 3733//3733
f 3874//3874 3579//3579 2521//2521
f 3977//3977 2521//2521 2499//2499
f 3875//3875 2628//2628 2649//2649
f 3970//3970 2650//2650 2629//2629
f 2609//2609 2608//2608 2630//2630
f 3068//3068 3069//3069 3556//3556
f 3878//3878 2991//2991 2970//2970
f 3385//3385 3386//3386 3880//3880
f 2979//2979 2978//2978 3000//3000
f 2692//2692 2716//2716 3660//3660
f 3190//3190 3768//3768 3881//3881
f 3881//3881 3214//3214 4196//4196
f 3882//3882 3071//3071 3051//3051
f 2575//2575 4008//4008 2596//2596
f 4041//4041 2468//2468 3764//3764
f 2591//2591 2614//2614 4197//4197
f 3370//3370 3391//3391 3783//3783
f 3883//3883 3951//3951 3303//3303
f 2994//2994 4053//4053 2995//2995
f 2642//2642 4113//4113 3753//3753
f 3885//3885 2819//2819 2842//2842
f 4081//4081 2807//2807 2808//2808
f 3886//3886 3769//3769 3401//3401
f 2803//2803 2804//2804 2782//2782
f 3143//3143 3473//3473 3711//3711
f 3144//3144 3143//3143 3164//3164
f 2808//2808 2809//2809 3887//3887
f 3887//3887 2785//2785 3669//3669
f 2821//2821 2822//2822 3888//3888
f 2276//2276 2275//2275 3889//3889
f 2622//2622 2601//2601 3647//3647
f 3230//3230 3252//3252 3654//3654
f 2290//2290 3518//3518 2271//2271
f 2548//2548 2530//2530 2547//2547
f 2916//2916 2914//2914 2915//2915
f 3891//3891 2451//2451 2470//2470
f 4001//4001 3671//3671 2727//2727
f 3892//3892 2588//2588 3689//3689
f 3893//3893 3322//3322 3720//3720
f 3346//3346 3893//3893 3345//3345
f 2926//2926 4137//4137 2949//2949
f 2405//2405 2427//2427 2428//2428
f 3332//3332 3333//3333 3311//3311
f 3355//3355 3354//3354 3592//3592
f 3894//3894 2260//2260 2261//2261
f 2261//2261 4184//4184 3894//3894
f 3168//3168 3895//3895 3701//3701
f 3895//3895 3576//3576 3193//3193
f 3215//3215 3191//3191 3881//3881
f 4028//4028 2873//2873 2872//2872
f 3371//3371 3370//3370 3783//3783
f 3128//3128 3151//3151 3152//3152
f 4218//4218 4036//4036 3896//3896
f 3105//3105 3080//3080 3709//3709
f 2198//2198 2199//2199 3610//3610
f 2795//2795 2819//2819 2796//2796
f 2674//2674 4116//4116 2651//2651
f 3793//3793 2942//2942 4129//4129
f 2963//2963 2964//2964 2942//2942
f 3774//3774 4114//4114 3656//3656
f 2677//2677 2654//2654 2653//2653
f 2678//2678 4217//4217 2677//2677
f 3897//3897 3182//3182 3181//3181
f 4110//4110 2941//2941 3793//3793
f 2961//2961 2962//2962 2940//2940
f 2903//2903 3575//3575 2882//2882
f 3625//3625 2603//2603 2624//2624
f 3898//3898 3249//3249 4108//4108
f 4022//4022 2652//2652 3581//3581
f 2661//2661 2662//2662 2639//2639
f 2681//2681 2703//2703 2682//2682
f 3683//3683 4020//4020 2370//2370
f 2391//2391 4033//4033 2370//2370
f 2236//2236 4086//4086 4014//4014
f 2959//2959 2960//2960 2938//2938
f 3818//3818 2660//2660 2659//2659
f 3236//3236 3257//3257 3258//3258
f 3899//3899 4134//4134 4202//4202
f 3899//3899 2326//2326 2325//2325
f 3294//3294 3854//3854 3271//3271
f 3341//3341 4224//4224 3318//3318
f 2352//2352 3474//3474 2333//2333
f 2353//2353 2334//2334 3900//3900
f 3367//3367 3368//3368 3345//3345
f 3368//3368 3992//3992 3389//3389
f 3280//3280 3901//3901 3304//3304
f 2976//2976 3021//3021 2998//2998
f 3902//3902 2418//2418 2438//2438
f 3903//3903 2487//2487 4122//4122
f 3904//3904 3773//3773 4124//4124
f 3276//3276 4103//4103 3275//3275
f 3905//3905 2524//2524 2539//2539
f 4119//4119 2540//2540 3905//3905
f 3254//3254 3272//3272 3273//3273
f 3906//3906 2285//2285 2304//2304
f 3906//3906 2305//2305 2306//2306
f 2284//2284 3544//3544 2303//2303
f 3301//3301 3277//3277 3300//3300
f 3037//3037 3012//3012 3480//3480
f 3618//3618 3286//3286 3531//3531
f 3907//3907 4124//4124 2513//2513
f 2517//2517 2518//2518 3755//3755
f 3805//3805 3509//3509 4115//4115
f 3400//3400 3777//3777 3377//3377
f 3467//3467 4058//4058 3114//3114
f 3575//3575 2883//2883 2864//2864
f 2797//2797 4034//4034 2775//2775
f 2867//2867 4186//4186 2887//2887
f 4073//4073 2888//2888 2889//2889
f 3116//3116 3117//3117 3995//3995
f 3140//3140 3909//3909 3116//3116
f 3910//3910 2154//2154 2176//2176
f 2720//2720 2697//2697 2719//2719
f 2744//2744 2745//2745 2720//2720
f 2746//2746 2773//2773 2747//2747
f 3118//3118 3142//3142 3119//3119
f 2849//2849 2850//2850 3505//3505
f 4094//4094 2868//2868 2890//2890
f 2825//2825 4105//4105 2826//2826
f 2889//2889 3911//3911 4073//4073
f 3912//3912 3085//3085 3063//3063
f 2769//2769 2791//2791 3788//3788
f 2789//2789 4054//4054 3913//3913
f 2813//2813 3913//3913 3667//3667
f 3621//3621 2836//2836 4177//4177
f 3055//3055 3056//3056 3034//3034
f 3622//3622 4167//4167 2197//2197
f 3914//3914 3852//3852 3530//3530
f 3973//3973 2877//2877 4219//4219
f 3171//3171 3704//3704 3197//3197
f 3915//3915 3772//3772 2914//2914
f 2171//2171 3545//3545 3844//3844
f 2169//2169 3623//3623 4102//4102
f 2170//2170 2169//2169 2191//2191
f 2414//2414 4199//4199 2433//2433
f 3006//3006 3007//3007 2986//2986
f 4208//4208 3252//3252 3230//3230
f 3229//3229 3251//3251 3917//3917
f 3362//3362 3385//3385 3880//3880
f 3384//3384 3362//3362 3383//3383
f 2454//2454 3677//3677 3582//3582
f 3780//3780 3546//3546 2181//2181
f 3918//3918 4075//4075 3858//3858
f 2320//2320 3918//3918 4180//4180
f 3518//3518 2290//2290 2291//2291
f 2578//2578 2601//2601 3890//3890
f 2723//2723 2700//2700 3919//3919
f 3919//3919 4173//4173 2748//2748
f 2638//2638 4027//4027 2639//2639
f 3920//3920 2927//2927 2928//2928
f 3830//3830 3614//3614 2196//2196
f 4068//4068 2790//2790 2768//2768
f 2768//2768 2789//2789 4068//4068
f 2832//2832 2833//2833 2809//2809
f 3605//3605 3522//3522 2206//2206
f 3480//3480 3036//3036 3058//3058
f 2306//2306 2286//2286 3906//3906
f 2870//2870 2853//2853 2852//2852
f 4115//4115 3616//3616 3697//3697
f 3138//3138 3137//3137 3159//3159
f 3608//3608 3732//3732 3938//3938
f 3924//3924 2164//2164 4084//4084
f 2856//2856 2832//2832 3501//3501
f 2644//2644 2643//2643 2666//2666
f 3559//3559 3200//3200 3925//3925
f 3925//3925 3201//3201 3175//3175
f 2353//2353 2352//2352 2377//2377
f 3926//3926 3731//3731 2372//2372
f 3790//3790 3838//3838 4225//4225
f 3927//3927 3128//3128 3106//3106
f 2315//2315 2334//2334 2316//2316
f 3928//3928 3473//3473 3143//3143
f 2364//2364 3685//3685 3811//3811
f 2824//2824 2799//2799 3787//3787
f 3929//3929 2472//2472 3960//3960
f 3929//3929 2492//2492 3870//3870
f 4017//4017 3615//3615 4201//4201
f 3020//3020 3044//3044 3021//3021
f 2200//2200 2180//2180 2179//2179
f 2225//2225 2242//2242 2243//2243
f 2865//2865 4159//4159 2821//2821
f 2512//2512 3771//3771 2492//2492
f 3930//3930 2211//2211 2227//2227
f 2696//2696 2676//2676 4022//4022
f 3212//3212 3186//3186 3862//3862
f 3120//3120 4004//4004 3754//3754
f 2264//2264 2265//2265 3853//3853
f 2313//2313 2314//2314 4125//4125
f 2777//2777 2799//2799 2778//2778
f 3116//3116 3114//3114 3140//3140
f 3867//3867 2910//2910 2936//2936
f 3601//3601 2448//2448 2449//2449
f 2451//2451 3891//3891 2471//2471
f 3187//3187 3213//3213 3188//3188
f 3234//3234 3999//3999 3213//3213
f 2852//2852 2830//2830 2829//2829
f 2845//2845 4200//4200 2823//2823
f 3147//3147 3895//3895 3168//3168
f 2192//2192 3742//3742 2170//2170
f 2914//2914 2916//2916 2893//2893
f 3534//3534 3750//3750 3739//3739
f 2657//2657 2658//2658 2636//2636
f 3491//3491 3569//3569 2577//2577
f 2804//2804 2803//2803 3784//3784
f 3488//3488 2568//2568 3892//3892
f 3526//3526 3332//3332 3548//3548
f 2478//2478 2477//2477 2497//2497
f 3931//3931 3143//3143 3711//3711
f 3932//3932 2614//2614 2613//2613
f 3932//3932 2636//2636 2658//2658
f 3468//3468 2318//2318 2337//2337
f 3933//3933 2298//2298 2297//2297
f 3933//3933 2338//2338 3470//3470
f 3178//3178 3204//3204 3205//3205
f 2664//2664 2686//2686 3817//3817
f 3934//3934 2641//2641 3884//3884
f 3935//3935 3014//3014 3705//3705
f 3037//3037 3059//3059 3935//3935
f 2257//2257 3530//3530 3852//3852
f 3936//3936 2662//2662 3971//3971
f 3823//3823 2640//2640 2616//2616
f 2971//2971 3657//3657 2948//2948
f 2307//2307 2287//2287 2306//2306
f 2771//2771 4144//4144 2746//2746
f 2161//2161 4179//4179 3749//3749
f 2182//2182 3745//3745 2161//2161
f 2241//2241 2223//2223 2240//2240
f 2626//2626 3597//3597 2627//2627
f 3937//3937 2648//2648 2671//2671
f 2245//2245 3938//3938 2208//2208
f 2759//2759 2732//2732 2731//2731
f 2325//2325 2302//2302 2324//2324
f 2247//2247 2271//2271 3518//3518
f 3939//3939 2227//2227 4018//4018
f 3632//3632 2880//2880 2881//2881
f 3193//3193 3218//3218 3240//3240
f 2898//2898 3620//3620 4219//4219
f 2210//2210 2189//2189 2188//2188
f 3775//3775 3503//3503 2864//2864
f 2251//2251 3532//3532 3940//3940
f 2841//2841 2840//2840 3503//3503
f 3151//3151 3128//3128 3790//3790
f 2585//2585 2584//2584 2607//2607
f 3941//3941 3313//3313 3312//3312
f 3334//3334 3333//3333 3355//3355
f 3868//3868 2343//2343 3822//3822
f 3370//3370 3371//3371 3348//3348
f 3594//3594 3584//3584 3676//3676
f 2555//2555 3877//3877 2556//2556
f 2575//2575 2597//2597 2598//2598
f 3931//3931 3163//3163 3164//3164
f 3768//3768 3190//3190 3189//3189
f 3957//3957 3173//3173 3199//3199
f 3012//3012 3013//3013 3460//3460
f 4121//4121 3341//3341 3533//3533
f 2593//2593 2638//2638 2615//2615
f 3942//3942 2594//2594 4056//4056
f 2723//2723 3943//3943 2700//2700
f 2701//2701 3991//3991 3943//3943
f 2600//2600 2601//2601 2578//2578
f 4076//4076 3710//3710 3763//3763
f 3710//3710 3137//3137 3113//3113
f 3944//3944 3315//3315 3316//3316
f 3014//3014 3603//3603 3945//3945
f 3945//3945 3638//3638 3705//3705
f 2866//2866 3631//3631 2844//2844
f 2798//2798 4132//4132 2776//2776
f 2820//2820 2821//2821 3888//3888
f 2995//2995 4212//4212 2972//2972
f 3946//3946 2630//2630 2608//2608
f 3947//3947 3008//3008 3007//3007
f 3947//3947 3033//3033 4062//4062
f 2359//2359 2382//2382 2360//2360
f 3766//3766 2616//2616 2595//2595
f 3948//3948 2859//2859 2875//2875
f 3948//3948 2860//2860 3499//3499
f 2532//2532 2549//2549 4016//4016
f 3949//3949 2551//2551 2550//2550
f 2568//2568 3488//3488 3949//3949
f 3950//3950 3314//3314 3290//3290
f 2283//2283 2263//2263 2262//2262
f 2263//2263 3643//3643 2264//2264
f 3279//3279 3302//3302 3951//3951
f 3951//3951 3883//3883 3257//3257
f 2960//2960 4087//4087 3650//3650
f 3003//3003 3002//3002 3028//3028
f 3380//3380 3404//3404 3381//3381
f 3257//3257 3236//3236 3256//3256
f 3606//3606 3672//3672 2815//2815
f 3646//3646 2958//2958 2936//2936
f 2255//2255 2235//2235 2234//2234
f 3493//3493 2581//2581 3953//3953
f 3493//3493 2545//2545 3700//3700
f 3557//3557 3046//3046 3022//3022
f 3046//3046 3067//3067 3556//3556
f 2212//2212 2190//2190 2211//2211
f 3954//3954 2228//2228 2229//2229
f 3791//3791 3878//3878 3989//3989
f 3738//3738 2180//2180 2201//2201
f 3142//3142 3118//3118 3141//3141
f 3955//3955 3074//3074 3055//3055
f 3033//3033 3484//3484 3955//3955
f 3542//3542 3602//3602 3338//3338
f 3956//3956 3032//3032 3998//3998
f 2354//2354 2355//2355 3762//3762
f 3697//3697 2536//2536 3805//3805
f 3158//3158 3714//3714 3157//3157
f 3174//3174 3200//3200 3559//3559
f 3958//3958 3006//3006 2986//2986
f 3959//3959 3081//3081 3080//3080
f 3959//3959 3106//3106 4005//4005
f 4107//4107 2701//2701 2723//2723
f 4108//4108 3642//3642 3269//3269
f 3206//3206 3917//3917 3207//3207
f 3213//3213 3187//3187 3842//3842
f 4178//4178 3891//3891 2490//2490
f 3929//3929 2491//2491 2492//2492
f 3531//3531 3865//3865 3264//3264
f 2168//2168 2167//2167 4039//4039
f 3205//3205 3229//3229 3206//3206
f 2711//2711 2687//2687 4065//4065
f 3782//3782 3081//3081 3060//3060
f 3660//3660 2693//2693 2672//2672
f 3961//3961 3121//3121 4004//4004
f 4141//4141 2187//2187 4084//4084
f 3962//3962 2194//2194 3528//3528
f 3962//3962 2219//2219 2195//2195
f 2969//2969 3707//3707 3638//3638
f 3512//3512 2506//2506 2527//2527
f 2721//2721 2697//2697 2720//2720
f 3963//3963 4094//4094 2911//2911
f 4203//4203 3963//3963 4166//4166
f 3964//3964 2830//2830 2831//2831
f 3689//3689 2569//2569 3773//3773
f 2283//2283 3643//3643 2263//2263
f 3627//3627 2897//2897 2898//2898
f 3884//3884 2684//2684 3934//3934
f 2558//2558 2559//2559 2541//2541
f 2388//2388 3561//3561 2410//2410
f 2389//2389 2390//2390 3868//3868
f 3369//3369 3346//3346 3368//3368
f 2757//2757 2730//2730 3674//3674
f 2932//2932 2906//2906 4210//4210
f 3303//3303 3326//3326 3280//3280
f 4060//4060 3498//3498 3635//3635
f 3965//3965 2477//2477 3502//3502
f 3965//3965 2517//2517 3755//3755
f 2683//2683 2685//2685 2684//2684
f 3130//3130 3106//3106 3129//3129
f 3062//3062 3849//3849 3084//3084
f 3765//3765 3361//3361 3360//3360
f 3288//3288 4043//4043 3265//3265
f 3184//3184 3183//3183 3758//3758
f 3217//3217 4191//4191 3239//3239
f 2470//2470 2490//2490 3891//3891
f 2470//2470 2469//2469 2489//2489
f 3478//3478 2324//2324 2341//2341
f 3894//3894 2239//2239 2260//2260
f 3966//3966 3589//3589 3680//3680
f 3967//3967 3681//3681 4057//4057
f 3175//3175 3176//3176 3553//3553
f 3968//3968 2268//2268 3640//3640
f 3968//3968 3514//3514 2245//2245
f 3983//3983 2215//2215 2192//2192
f 3635//3635 2604//2604 2582//2582
f 2604//2604 2627//2627 3597//3597
f 3970//3970 2629//2629 2606//2606
f 2628//2628 2605//2605 2604//2604
f 3016//3016 3038//3038 3555//3555
f 2997//2997 3020//3020 2976//2976
f 2778//2778 2779//2779 2752//2752
f 3936//3936 4162//4162 2663//2663
f 2662//2662 4136//4136 3971//3971
f 2551//2551 4077//4077 4209//4209
f 2611//2611 2587//2587 3693//3693
f 4155//4155 2588//2588 3496//3496
f 3973//3973 2899//2899 2877//2877
f 2386//2386 2387//2387 2366//2366
f 3482//3482 2367//2367 2387//2387
f 4147//4147 2514//2514 2494//2494
f 3974//3974 2407//2407 2429//2429
f 2503//2503 2464//2464 3679//3679
f 2485//2485 3975//3975 2504//2504
f 3976//3976 2182//2182 2161//2161
f 3843//3843 3747//3747 3604//3604
f 3384//3384 3410//3410 3385//3385
f 2894//2894 2855//2855 2871//2871
f 2166//2166 2165//2165 2189//2189
f 2392//2392 4079//4079 2415//2415
f 2314//2314 2313//2313 3474//3474
f 2456//2456 2478//2478 2457//2457
f 3364//3364 4055//4055 3363//3363
f 2619//2619 2620//2620 2599//2599
f 2481//2481 2499//2499 2500//2500
f 3395//3395 3373//3373 3866//3866
f 3768//3768 3214//3214 3881//3881
f 2879//2879 3718//3718 2861//2861
f 3127//3127 3790//3790 3927//3927
f 3202//3202 3527//3527 3228//3228
f 2305//2305 2329//2329 2306//2306
f 3219//3219 3240//3240 3242//3242
f 4100//4100 3688//3688 3691//3691
f 2372//2372 4098//4098 3978//3978
f 3508//3508 2535//2535 2516//2516
f 3086//3086 3110//3110 3111//3111
f 3682//3682 2454//2454 4099//4099
f 3327//3327 3350//3350 3979//3979
f 3979//3979 3722//3722 3305//3305
f 3045//3045 3021//3021 3044//3044
f 3524//3524 3746//3746 3626//3626
f 3981//3981 2716//2716 2740//2740
f 3981//3981 2740//2740 2717//2717
f 3982//3982 2525//2525 4149//4149
f 2524//2524 2540//2540 3982//3982
f 3983//3983 2191//2191 2213//2213
f 3984//3984 2637//2637 2638//2638
f 2592//2592 4197//4197 3984//3984
f 3985//3985 3555//3555 3849//3849
f 3985//3985 3039//3039 4053//4053
f 3986//3986 3444//3444 3445//3445
f 2487//2487 2508//2508 2488//2488
f 2710//2710 2709//2709 3674//3674
f 3607//3607 2190//2190 4039//4039
f 2245//2245 3836//3836 3938//3938
f 3307//3307 3283//3283 3306//3306
f 3987//3987 3754//3754 3099//3099
f 3988//3988 2438//2438 3461//3461
f 3988//3988 2463//2463 3599//3599
f 3802//3802 2886//2886 2909//2909
f 2327//2327 2342//2342 2328//2328
f 3989//3989 2947//2947 3791//3791
f 3989//3989 2970//2970 2971//2971
f 3990//3990 2999//2999 3856//3856
f 3990//3990 3022//3022 3023//3023
f 3910//3910 2177//2177 2155//2155
f 3669//3669 2733//2733 2760//2760
f 3026//3026 3048//3048 3027//3027
f 3991//3991 2701//2701 3818//3818
f 3991//3991 2659//2659 2658//2658
f 2931//2931 2953//2953 3702//3702
f 2837//2837 2814//2814 3913//3913
f 2250//2250 4067//4067 2272//2272
f 3990//3990 3024//3024 2999//2999
f 3687//3687 2394//2394 2374//2374
f 2975//2975 4145//4145 4090//4090
f 3992//3992 3367//3367 3388//3388
f 3416//3416 3992//3992 3415//3415
f 3716//3716 3156//3156 3479//3479
f 3157//3157 3178//3178 3179//3179
f 3455//3455 2398//2398 2397//2397
f 3652//3652 3893//3893 3323//3323
f 3594//3594 3676//3676 2466//2466
f 3090//3090 3833//3833 3068//3068
f 3993//3993 3512//3512 3570//3570
f 2625//2625 3596//3596 2648//2648
f 3994//3994 2459//2459 3814//3814
f 3814//3814 2461//2461 3994//3994
f 3115//3115 3091//3091 4082//4082
f 3995//3995 3115//3115 3116//3116
f 3996//3996 3283//3283 3260//3260
f 3786//3786 3239//3239 3259//3259
f 2663//2663 2640//2640 3936//3936
f 4042//4042 2458//2458 2435//2435
f 3997//3997 2434//2434 2457//2457
f 3998//3998 3574//3574 3956//3956
f 2973//2973 4078//4078 4212//4212
f 2995//2995 2996//2996 4212//4212
f 2846//2846 2847//2847 2824//2824
f 4211//4211 2123//2123 2122//2122
f 3576//3576 3218//3218 3193//3193
f 3999//3999 3234//3234 3611//3611
f 3999//3999 3235//3235 4181//4181
f 3005//3005 4148//4148 4000//4000
f 4000//4000 3053//3053 3031//3031
f 4196//4196 3214//3214 3236//3236
f 3215//3215 3881//3881 4196//4196
f 4001//4001 2727//2727 2726//2726
f 4001//4001 2754//2754 2755//2755
f 3774//3774 3641//3641 2268//2268
f 4002//4002 3456//3456 4193//4193
f 2446//2446 4002//4002 2445//2445
f 3145//3145 3595//3595 3826//3826
f 3896//3896 2300//2300 2301//2301
f 3155//3155 3559//3559 3925//3925
f 3758//3758 3209//3209 3210//3210
f 2939//2939 2960//2960 3650//3650
f 4157//4157 2471//2471 2472//2472
f 3363//3363 4121//4121 3880//3880
f 3927//3927 3709//3709 3127//3127
f 2765//2765 2766//2766 2738//2738
f 2764//2764 4003//4003 2765//2765
f 3099//3099 3121//3121 3100//3100
f 4004//4004 3120//3120 3146//3146
f 3302//3302 3279//3279 3301//3301
f 3613//3613 3274//3274 3275//3275
f 3724//3724 3379//3379 3357//3357
f 2186//2186 4141//4141 2163//2163
f 4005//4005 3106//3106 3130//3130
f 4005//4005 3083//3083 3082//3082
f 3789//3789 2199//2199 2198//2198
f 2849//2849 2827//2827 4105//4105
f 2801//2801 2802//2802 2780//2780
f 3289//3289 4043//4043 3336//3336
f 3696//3696 2520//2520 3807//3807
f 2563//2563 2564//2564 3493//3493
f 4006//4006 2763//2763 2787//2787
f 2223//2223 3534//3534 2240//2240
f 4153//4153 2983//2983 2937//2937
f 3566//3566 3343//3343 3365//3365
f 2330//2330 3860//3860 2309//2309
f 4007//4007 3543//3543 2162//2162
f 3713//3713 3833//3833 3467//3467
f 2781//2781 2802//2802 2828//2828
f 3545//3545 2171//2171 2172//2172
f 4008//4008 3766//3766 2595//2595
f 4008//4008 2574//2574 2573//2573
f 3593//3593 3354//3354 3526//3526
f 3088//3088 3065//3065 3554//3554
f 4205//4205 3360//3360 3339//3339
f 2614//2614 2591//2591 2613//2613
f 2455//2455 3678//3678 2475//2475
f 2455//2455 2432//2432 2431//2431
f 2511//2511 4178//4178 2490//2490
f 3251//3251 3229//3229 3250//3250
f 3464//3464 3679//3679 2464//2464
f 4010//4010 3172//3172 3529//3529
f 3199//3199 4010//4010 3529//3529
f 2408//2408 3482//3482 2387//2387
f 2829//2829 2804//2804 3784//3784
f 3346//3346 3776//3776 3323//3323
f 2568//2568 2587//2587 3892//3892
f 2293//2293 2273//2273 3649//3649
f 4011//4011 3803//3803 4125//4125
f 4011//4011 2314//2314 2315//2315
f 3544//3544 3741//3741 3643//3643
f 2607//2607 3946//3946 2608//2608
f 2335//2335 3740//3740 2316//2316
f 4012//4012 3357//3357 3358//3358
f 4012//4012 3336//3336 3335//3335
f 2533//2533 2492//2492 3972//3972
f 4013//4013 3602//3602 3359//3359
f 4015//4015 3692//3692 2566//2566
f 4015//4015 2583//2583 2584//2584
f 2566//2566 2546//2546 2565//2565
f 2320//2320 4156//4156 2282//2282
f 3799//3799 4075//4075 2282//2282
f 4016//4016 2549//2549 3808//3808
f 4017//4017 3286//3286 3618//3618
f 4018//4018 2211//2211 3607//3607
f 4018//4018 3517//3517 3939//3939
f 4019//4019 2695//2695 2694//2694
f 2610//2610 2632//2632 2633//2633
f 3090//3090 3067//3067 3089//3089
f 2891//2891 2913//2913 3915//3915
f 4020//4020 2390//2390 2413//2413
f 3223//3223 3222//3222 3245//3245
f 2699//2699 2678//2678 2698//2698
f 3408//3408 3383//3383 3765//3765
f 4021//4021 2260//2260 4151//4151
f 2338//2338 3748//3748 3468//3468
f 4022//4022 3581//3581 2675//2675
f 2644//2644 2667//2667 2645//2645
f 4023//4023 3315//3315 3292//3292
f 4023//4023 3291//3291 3314//3314
f 4024//4024 2371//2371 3481//3481
f 4188//4188 3476//3476 2345//2345
f 2482//2482 3500//3500 2501//2501
f 2743//2743 3489//3489 2718//2718
f 3601//3601 2405//2405 2428//2428
f 4025//4025 3597//3597 3937//3937
f 2672//2672 4025//4025 3662//3662
f 4109//4109 3707//3707 4026//4026
f 4166//4166 2936//2936 2958//2958
f 3812//3812 2386//2386 2407//2407
f 2565//2565 2529//2529 2545//2545
f 2660//2660 2637//2637 2659//2659
f 4027//4027 2661//2661 2639//2639
f 2181//2181 4135//4135 3780//3780
f 2203//2203 3633//3633 2181//2181
f 2894//2894 4227//4227 4028//4028
f 4028//4028 2895//2895 2873//2873
f 4029//4029 2376//2376 2375//2375
f 4030//4030 3123//3123 3101//3101
f 2957//2957 2980//2980 3646//3646
f 2957//2957 2956//2956 2979//2979
f 2231//2231 2232//2232 2218//2218
f 3271//3271 3270//3270 3294//3294
f 2629//2629 2650//2650 2651//2651
f 4031//4031 3736//3736 2216//2216
f 4031//4031 3617//3617 3655//3655
f 4032//4032 4195//4195 2884//2884
f 2548//2548 2509//2509 2530//2530
f 2480//2480 2498//2498 3977//3977
f 4033//4033 4188//4188 2370//2370
f 2391//2391 2392//2392 4033//4033
f 2908//2908 4182//4182 2907//2907
f 3757//3757 3033//3033 3947//3947
f 3588//3588 3131//3131 3109//3109
f 2618//2618 2641//2641 2642//2642
f 4034//4034 2776//2776 2775//2775
f 4034//4034 3908//3908 2823//2823
f 4035//4035 2384//2384 2362//2362
f 2173//2173 3624//3624 3916//3916
f 4036//4036 2261//2261 3896//3896
f 4218//4218 2302//2302 4036//4036
f 2243//2243 2267//2267 3656//3656
f 3771//3771 2512//2512 4147//4147
f 3595//3595 3712//3712 3928//3928
f 4037//4037 2250//2250 2272//2272
f 2251//2251 4150//4150 4037//4037
f 3485//3485 3041//3041 3551//3551
f 2155//2155 3539//3539 3832//3832
f 2322//2322 2363//2363 3477//3477
f 3666//3666 3490//3490 2688//2688
f 4039//4039 2190//2190 3612//3612
f 4039//4039 2167//2167 2166//2166
f 4040//4040 3390//3390 3391//3391
f 4040//4040 3370//3370 3347//3347
f 2358//2358 2359//2359 4213//4213
f 3340//3340 3360//3360 3361//3361
f 3638//3638 2968//2968 2990//2990
f 4041//4041 2447//2447 3587//3587
f 4041//4041 2467//2467 2468//2468
f 2831//2831 2806//2806 3964//3964
f 2417//2417 2435//2435 2436//2436
f 3673//3673 2699//2699 2698//2698
f 4043//4043 3289//3289 3265//3265
f 4043//4043 3288//3288 3313//3313
f 3909//3909 3161//3161 3141//3141
f 4044//4044 3380//3380 3379//3379
f 3750//3750 3534//3534 2223//2223
f 3872//3872 2433//2433 2432//2432
f 2392//2392 2391//2391 2414//2414
f 3095//3095 3071//3071 3094//3094
f 3095//3095 3072//3072 3567//3567
f 2674//2674 2650//2650 3583//3583
f 3756//3756 2554//2554 3697//3697
f 3515//3515 3736//3736 2193//2193
f 3636//3636 2570//2570 2552//2552
f 4045//4045 2147//2147 2157//2157
f 3020//3020 3021//3021 2976//2976
f 3046//3046 3556//3556 4046//4046
f 4046//4046 3024//3024 3023//3023
f 4047//4047 2430//2430 4157//4157
f 4047//4047 3677//3677 3779//3779
f 3173//3173 3151//3151 4010//4010
f 4048//4048 2241//2241 2240//2240
f 2263//2263 2264//2264 4048//4048
f 3044//3044 3554//3554 3065//3065
f 4049//4049 2752//2752 3820//3820
f 4049//4049 2751//2751 4132//4132
f 2194//2194 2174//2174 3528//3528
f 4050//4050 2938//2938 4169//4169
f 3932//3932 2637//2637 2614//2614
f 3344//3344 4170//4170 4051//4051
f 3366//3366 4133//4133 4051//4051
f 4052//4052 2200//2200 2199//2199
f 4052//4052 2236//2236 2237//2237
f 3708//3708 3088//3088 3471//3471
f 2460//2460 2462//2462 2461//2461
f 4053//4053 3017//3017 2995//2995
f 3017//3017 3039//3039 3040//3040
f 3104//3104 3078//3078 3103//3103
f 3709//3709 3079//3079 3104//3104
f 2523//2523 2522//2522 2539//2539
f 3805//3805 2517//2517 3509//3509
f 2877//2877 2878//2878 3795//3795
f 2373//2373 2349//2349 3926//3926
f 3321//3321 3719//3719 3566//3566
f 2950//2950 2926//2926 2949//2949
f 4054//4054 4003//4003 3667//3667
f 3699//3699 2533//2533 3972//3972
f 2964//2964 2963//2963 2987//2987
f 2311//2311 2292//2292 3794//3794
f 3912//3912 3063//3063 3062//3062
f 4055//4055 3342//3342 4121//4121
f 4055//4055 3343//3343 3837//3837
f 3191//3191 3215//3215 3839//3839
f 4056//4056 3766//3766 3619//3619
f 4056//4056 2572//2572 3942//3942
f 3698//3698 2535//2535 3508//3508
f 3661//3661 2523//2523 2524//2524
f 4057//4057 3661//3661 3967//3967
f 4058//4058 3138//3138 3139//3139
f 3113//3113 3833//3833 3090//3090
f 3772//3772 4163//4163 4059//4059
f 4059//4059 2940//2940 2915//2915
f 2593//2593 2592//2592 3984//3984
f 3164//3164 3165//3165 3144//3144
f 3453//3453 2716//2716 2739//2739
f 4060//4060 2582//2582 3690//3690
f 2520//2520 2519//2519 2537//2537
f 4061//4061 3809//3809 3563//3563
f 3393//3393 3392//3392 3418//3418
f 4062//4062 3034//3034 3009//3009
f 4062//4062 3955//3955 3055//3055
f 2871//2871 2855//2855 2854//2854
f 3027//3027 3028//3028 3002//3002
f 2788//2788 4006//4006 2812//2812
f 2333//2333 2313//2313 2332//2332
f 4063//4063 3802//3802 2935//2935
f 2346//2346 3572//3572 4140//4140
f 4064//4064 3291//3291 3292//3292
f 3727//3727 3267//3267 4064//4064
f 2621//2621 3665//3665 2644//2644
f 2445//2445 3466//3466 2446//2446
f 4065//4065 3817//3817 2710//2710
f 4065//4065 2731//2731 2711//2711
f 2160//2160 2161//2161 3749//3749
f 2211//2211 4018//4018 2227//2227
f 3510//3510 4066//4066 3993//3993
f 4067//4067 2250//2250 2249//2249
f 4067//4067 3798//3798 3969//3969
f 2986//2986 2963//2963 2962//2962
f 2802//2802 2801//2801 2827//2827
f 2801//2801 2780//2780 3651//3651
f 2532//2532 4016//4016 2550//2550
f 2800//2800 2799//2799 2825//2825
f 4068//4068 2789//2789 2814//2814
f 3653//3653 2759//2759 2758//2758
f 4069//4069 3009//3009 3034//3034
f 4069//4069 3034//3034 3035//3035
f 4070//4070 3243//3243 3262//3262
f 2803//2803 3804//3804 2781//2781
f 2756//2756 2782//2782 4101//4101
f 3579//3579 3806//3806 2538//2538
f 4071//4071 2793//2793 2816//2816
f 4072//4072 3623//3623 2169//2169
f 4072//4072 3742//3742 3547//3547
f 4152//4152 3159//3159 3182//3182
f 3183//3183 3715//3715 4152//4152
f 4073//4073 2846//2846 2867//2867
f 3824//3824 2631//2631 2630//2630
f 2298//2298 3858//3858 4075//4075
f 4076//4076 3136//3136 3923//3923
f 2491//2491 3972//3972 2492//2492
f 4178//4178 4209//4209 4077//4077
f 4078//4078 2949//2949 4212//4212
f 4078//4078 2973//2973 2974//2974
f 2599//2599 2598//2598 2619//2619
f 2599//2599 2576//2576 3877//3877
f 2401//2401 3686//3686 2381//2381
f 4079//4079 2414//2414 2434//2434
f 4079//4079 4042//4042 2415//2415
f 4080//4080 2164//2164 2165//2165
f 4081//4081 2806//2806 2807//2807
f 2783//2783 3670//3670 3653//3653
f 3069//3069 3048//3048 3047//3047
f 4082//4082 3713//3713 3115//3115
f 2769//2769 3571//3571 2791//2791
f 2905//2905 3628//3628 3637//3637
f 3629//3629 3543//3543 4007//4007
f 3840//3840 3327//3327 3349//3349
f 4083//4083 3337//3337 3358//3358
f 4083//4083 3841//3841 3359//3359
f 4084//4084 2164//2164 3744//3744
f 2493//2493 3582//3582 2473//2473
f 2563//2563 3700//3700 3570//3570
f 2725//2725 3820//3820 2753//2753
f 2746//2746 2772//2772 2773//2773
f 4085//4085 2502//2502 4149//4149
f 2484//2484 4192//4192 2503//2503
f 2281//2281 4089//4089 4086//4086
f 4086//4086 2236//2236 2258//2258
f 4087//4087 4148//4148 2984//2984
f 4087//4087 2983//2983 3871//3871
f 2564//2564 2580//2580 4088//4088
f 4088//4088 2603//2603 3625//3625
f 4089//4089 3737//3737 3525//3525
f 4089//4089 3525//3525 4086//4086
f 3577//3577 2992//2992 3016//3016
f 3851//3851 3564//3564 3480//3480
f 2495//2495 2475//2475 2474//2474
f 2495//2495 2496//2496 2476//2476
f 2929//2929 2951//2951 4090//4090
f 3844//3844 3547//3547 3742//3742
f 2578//2578 2558//2558 2577//2577
f 3834//3834 3132//3132 3110//3110
f 3385//3385 3411//3411 3386//3386
f 4091//4091 3400//3400 3423//3423
f 4092//4092 3052//3052 3567//3567
f 4092//4092 4000//4000 3030//3030
f 3823//3823 2616//2616 2594//2594
f 3197//3197 3198//3198 3172//3172
f 4093//4093 2869//2869 2891//2891
f 4093//4093 2892//2892 2870//2870
f 2911//2911 4094//4094 2890//2890
f 2449//2449 2450//2450 2429//2429
f 2450//2450 2469//2469 2470//2470
f 3633//3633 2204//2204 3843//3843
f 3711//3711 3094//3094 3119//3119
f 4095//4095 2366//2366 2367//2367
f 4095//4095 3478//3478 2341//2341
f 4096//4096 2744//2744 2743//2743
f 4096//4096 2769//2769 3788//3788
f 3120//3120 3167//3167 3146//3146
f 3739//3739 2222//2222 2239//2239
f 2442//2442 2422//2422 2441//2441
f 3921//3921 4097//4097 4074//4074
f 4097//4097 3266//3266 3247//3247
f 2149//2149 2148//2148 2158//2158
f 3070//3070 3092//3092 3882//3882
f 3486//3486 4082//4082 3091//3091
f 3885//3885 2820//2820 2819//2819
f 2649//2649 2628//2628 2604//2604
f 4098//4098 2393//2393 3978//3978
f 4098//4098 2372//2372 2348//2348
f 3174//3174 3957//3957 3200//3200
f 2157//2157 3524//3524 3864//3864
f 3986//3986 3391//3391 3390//3390
f 3607//3607 2210//2210 4018//4018
f 2592//2592 3616//3616 2571//2571
f 2281//2281 2280//2280 3799//3799
f 3678//3678 2454//2454 2474//2474
f 3105//3105 3927//3927 3106//3106
f 4100//4100 2609//2609 3693//3693
f 4101//4101 3653//3653 2758//2758
f 4101//4101 2782//2782 2805//2805
f 3639//3639 2968//2968 2945//2945
f 4102//4102 2151//2151 2168//2168
f 3810//3810 2570//2570 2590//2590
f 2952//2952 2953//2953 2931//2931
f 3223//3223 3224//3224 3529//3529
f 3640//3640 2287//2287 2288//2288
f 2617//2617 3884//3884 3549//3549
f 3781//3781 4103//4103 3277//3277
f 4103//4103 3827//3827 3275//3275
f 4182//4182 2908//2908 2886//2886
f 4104//4104 2982//2982 2981//2981
f 4104//4104 3855//3855 3002//3002
f 2827//2827 2849//2849 3505//3505
f 3380//3380 3403//3403 3404//3404
f 4106//4106 3800//3800 3606//3606
f 4106//4106 2862//2862 2863//2863
f 3279//3279 3256//3256 3278//3278
f 4107//4107 2723//2723 2750//2750
f 4107//4107 2751//2751 2724//2724
f 3657//3657 2993//2993 2994//2994
f 2478//2478 3591//3591 3813//3813
f 4108//4108 3250//3250 3879//3879
f 2186//2186 2185//2185 2206//2206
f 4109//4109 2945//2945 2968//2968
f 4110//4110 2916//2916 2915//2915
f 4110//4110 2940//2940 2941//2941
f 4111//4111 2427//2427 2403//2403
f 4111//4111 2426//2426 2447//2447
f 4112//4112 3097//3097 3073//3073
f 4112//4112 3072//3072 3096//3096
f 4113//4113 2642//2642 2664//2664
f 4113//4113 2665//2665 2643//2643
f 4114//4114 3522//3522 3656//3656
f 4114//4114 3774//3774 2244//2244
f 4115//4115 3509//3509 2535//2535
f 4115//4115 3697//3697 3805//3805
f 3171//3171 3150//3150 3704//3704
f 4116//4116 2674//2674 2694//2694
f 4116//4116 2675//2675 3581//3581
f 2789//2789 2768//2768 2767//2767
f 4117//4117 3166//3166 3145//3145
f 4117//4117 3190//3190 3191//3191
f 3950//3950 3337//3337 3721//3721
f 2729//2729 2756//2756 2757//2757
f 4118//4118 3226//3226 3200//3200
f 4118//4118 3225//3225 4074//4074
f 3290//3290 3291//3291 4064//4064
f 3761//3761 3281//3281 3238//3238
f 4119//4119 2557//2557 2540//2540
f 4119//4119 2576//2576 3491//3491
f 4120//4120 3576//3576 3895//3895
f 4120//4120 3147//3147 3146//3146
f 4121//4121 3533//3533 3880//3880
f 4121//4121 3363//3363 4055//4055
f 4122//4122 2467//2467 4041//4041
f 4122//4122 3587//3587 3680//3680
f 2258//2258 2280//2280 2281//2281
f 3613//3613 3827//3827 4123//4123
f 4123//4123 3233//3233 3212//3212
f 4124//4124 2569//2569 2552//2552
f 2903//2903 2926//2926 2927//2927
f 2903//2903 2902//2902 2925//2925
f 4125//4125 2293//2293 2312//2312
f 4126//4126 2488//2488 3506//3506
f 4126//4126 2489//2489 2468//2468
f 2931//2931 2977//2977 2954//2954
f 3361//3361 3362//3362 3847//3847
f 4127//4127 2741//2741 3571//3571
f 4127//4127 2742//2742 4019//4019
f 3079//3079 3709//3709 3080//3080
f 3677//3677 2454//2454 3682//3682
f 3263//3263 3244//3244 4070//4070
f 4128//4128 3664//3664 2645//2645
f 4129//4129 2942//2942 2964//2964
f 2861//2861 2878//2878 2879//2879
f 2387//2387 2386//2386 3812//3812
f 4130//4130 3725//3725 2838//2838
f 4130//4130 3504//3504 3632//3632
f 3831//3831 3407//3407 3382//3382
f 2671//2671 4215//4215 4131//4131
f 4131//4131 2714//2714 2715//2715
f 4132//4132 2777//2777 2778//2778
f 4133//4133 3523//3523 3675//3675
f 4133//4133 3414//3414 3388//3388
f 4134//4134 2367//2367 3561//3561
f 4134//4134 3478//3478 4095//4095
f 4135//4135 2158//2158 3780//3780
f 4135//4135 2181//2181 3633//3633
f 3205//3205 3179//3179 3178//3178
f 4136//4136 2662//2662 2661//2661
f 4136//4136 2705//2705 3971//3971
f 2916//2916 3801//3801 2893//2893
f 4137//4137 2948//2948 3657//3657
f 4137//4137 2926//2926 2925//2925
f 4138//4138 3404//3404 3586//3586
f 3586//3586 3406//3406 4138//4138
f 2574//2574 3806//3806 2573//2573
f 2555//2555 3695//3695 2574//2574
f 2583//2583 2582//2582 2605//2605
f 4139//4139 2861//2861 2837//2837
f 2991//2991 2992//2992 2970//2970
f 3032//3032 3484//3484 3033//3033
f 3128//3128 3129//3129 3106//3106
f 4140//4140 3572//3572 2308//2308
f 4140//4140 2288//2288 2307//2307
f 2201//2201 2180//2180 2200//2200
f 4141//4141 2150//2150 2163//2163
f 2232//2232 2231//2231 3743//3743
f 3093//3093 3092//3092 3117//3117
f 4142//4142 3996//3996 3241//3241
f 4142//4142 3218//3218 3217//3217
f 2374//2374 2394//2394 4143//4143
f 4143//4143 3902//3902 2395//2395
f 4144//4144 2772//2772 2746//2746
f 4144//4144 2794//2794 2795//2795
f 4145//4145 2930//2930 3726//3726
f 4146//4146 2375//2375 2351//2351
f 4146//4146 4143//4143 2395//2395
f 4147//4147 2493//2493 3771//3771
f 4147//4147 2513//2513 2514//2514
f 3614//3614 2197//2197 4167//4167
f 4148//4148 3030//3030 4000//4000
f 4148//4148 3005//3005 2984//2984
f 3955//3955 3598//3598 3074//3074
f 4149//4149 2502//2502 3967//3967
f 4150//4150 2251//2251 3940//3940
f 4150//4150 2229//2229 4037//4037
f 2797//2797 3888//3888 2822//2822
f 3846//3846 3758//3758 4152//4152
f 3745//3745 2182//2182 2183//2183
f 3263//3263 3264//3264 3245//3245
f 4153//4153 2982//2982 3003//3003
f 4153//4153 3004//3004 3871//3871
f 4154//4154 3084//3084 3849//3849
f 4154//4154 3061//3061 3082//3082
f 4155//4155 2634//2634 2655//2655
f 4156//4156 2320//2320 2321//2321
f 3131//3131 3155//3155 3553//3553
f 2910//2910 3465//3465 4063//4063
f 4063//4063 2888//2888 2887//2887
f 3310//3310 3311//3311 3286//3286
f 4157//4157 2453//2453 4047//4047
f 4157//4157 2452//2452 2471//2471
f 4158//4158 3134//3134 3135//3135
f 4158//4158 3763//3763 3469//3469
f 4159//4159 2844//2844 2845//2845
f 4159//4159 2822//2822 2821//2821
f 3366//3366 3723//3723 3523//3523
f 3893//3893 3346//3346 3323//3323
f 4160//4160 2364//2364 2385//2385
f 4161//4161 2555//2555 2556//2556
f 4161//4161 2556//2556 3905//3905
f 2463//2463 2462//2462 2482//2482
f 2572//2572 2554//2554 3756//3756
f 3226//3226 3227//3227 3201//3201
f 2508//2508 2530//2530 2509//2509
f 4162//4162 3971//3971 2683//2683
f 4163//4163 2939//2939 4059//4059
f 4163//4163 3772//3772 2913//2913
f 2339//2339 2360//2360 2361//2361
f 2817//2817 2818//2818 4071//4071
f 2841//2841 2842//2842 2817//2817
f 2457//2457 2458//2458 3997//3997
f 3512//3512 3507//3507 2507//2507
f 4164//4164 2974//2974 2973//2973
f 2973//2973 3018//3018 4164//4164
f 3314//3314 3542//3542 4023//4023
f 2622//2622 3890//3890 2601//2601
f 3773//3773 3904//3904 3488//3488
f 4165//4165 3224//3224 3770//3770
f 4165//4165 3921//3921 4074//4074
f 3867//3867 2911//2911 3728//3728
f 3622//3622 2197//2197 3914//3914
f 4167//4167 3622//3622 2198//2198
f 2559//2559 2560//2560 2542//2542
f 4169//4169 2912//2912 3963//3963
f 4170//4170 3366//3366 4051//4051
f 4170//4170 3344//3344 3720//3720
f 4171//4171 2850//2850 2868//2868
f 2868//2868 4094//4094 4171//4171
f 4172//4172 2660//2660 3818//3818
f 4172//4172 2681//2681 2682//2682
f 3137//3137 3138//3138 3113//3113
f 3923//3923 3159//3159 3137//3137
f 3176//3176 3156//3156 3553//3553
f 3111//3111 3133//3133 3112//3112
f 4173//4173 2747//2747 2748//2748
f 4173//4173 3919//3919 2700//2700
f 4174//4174 3087//3087 3471//3471
f 2178//2178 3626//3626 2156//2156
f 2448//2448 3601//3601 2428//2428
f 4175//4175 2168//2168 3612//3612
f 4175//4175 3869//3869 2191//2191
f 2522//2522 2523//2523 2501//2501
f 3869//3869 2212//2212 3954//3954
f 2246//2246 3517//3517 3836//3836
f 4176//4176 2411//2411 2410//2410
f 4176//4176 3682//3682 3458//3458
f 4177//4177 2812//2812 3621//3621
f 4177//4177 2836//2836 2813//2813
f 4178//4178 3960//3960 3891//3891
f 4178//4178 4077//4077 2491//2491
f 4179//4179 2162//2162 3543//3543
f 4180//4180 4038//4038 2321//2321
f 4180//4180 2321//2321 2320//2320
f 2459//2459 2479//2479 2480//2480
f 4181//4181 3235//3235 3214//3214
f 4181//4181 3768//3768 3188//3188
f 2885//2885 2866//2866 2865//2865
f 2341//2341 2340//2340 2366//2366
f 2324//2324 2323//2323 2341//2341
f 3953//3953 2581//2581 4060//4060
f 3689//3689 2588//2588 3495//3495
f 2884//2884 2905//2905 4032//4032
f 2204//2204 2223//2223 3747//3747
f 2345//2345 2369//2369 2370//2370
f 2612//2612 2589//2589 3495//3495
f 2591//2591 2590//2590 2612//2612
f 3378//3378 3402//3402 4044//4044
f 2461//2461 2437//2437 3994//3994
f 3357//3357 3381//3381 3358//3358
f 3379//3379 3380//3380 3357//3357
f 3189//3189 3163//3163 3188//3188
f 4183//4183 2693//2693 3981//3981
f 4183//4183 2717//2717 4019//4019
f 2419//2419 2420//2420 4029//4029
f 4184//4184 3534//3534 3894//3894
f 4184//4184 2262//2262 2263//2263
f 3536//3536 3649//3649 2272//2272
f 4185//4185 2842//2842 2841//2841
f 4185//4185 3628//3628 2884//2884
f 3798//3798 2249//2249 2248//2248
f 3887//3887 2809//2809 2810//2810
f 2521//2521 2538//2538 3980//3980
f 4106//4106 2864//2864 3503//3503
f 3651//3651 2800//2800 2826//2826
f 3233//3233 3234//3234 3842//3842
f 4186//4186 2867//2867 3861//3861
f 4186//4186 2886//2886 2887//2887
f 2739//2739 2738//2738 2766//2766
f 4030//4030 3121//3121 3122//3122
f 4187//4187 2980//2980 2979//2979
f 4187//4187 3000//3000 3025//3025
f 2334//2334 2315//2315 3900//3900
f 4188//4188 2345//2345 2370//2370
f 4188//4188 4033//4033 2371//2371
f 2961//2961 3958//3958 2962//2962
f 4189//4189 2396//2396 3454//3454
f 4189//4189 2422//2422 2397//2397
f 4190//4190 3042//3042 3043//3043
f 4190//4190 3018//3018 3041//3041
f 2610//2610 2631//2631 2632//2632
f 4191//4191 3216//3216 3237//3237
f 3794//3794 3472//3472 3573//3573
f 4192//4192 3563//3563 2504//2504
f 3980//3980 2538//2538 3580//3580
f 2742//2742 2718//2718 4019//4019
f 4193//4193 3456//3456 2424//2424
f 4193//4193 2444//2444 3676//3676
f 4194//4194 2350//2350 2374//2374
f 4194//4194 4143//4143 4146//4146
f 4195//4195 2843//2843 3885//3885
f 3885//3885 2884//2884 4195//4195
f 4196//4196 3258//3258 3237//3237
f 3853//3853 2224//2224 2241//2241
f 3374//3374 3375//3375 3590//3590
f 3397//3397 3398//3398 3374//3374
f 4197//4197 2614//2614 3984//3984
f 4198//4198 3516//3516 4007//4007
f 4198//4198 2185//2185 3516//3516
f 4199//4199 2432//2432 2433//2433
f 4199//4199 2391//2391 4020//4020
f 3626//3626 3540//3540 2146//2146
f 3212//3212 3862//3862 3211//3211
f 3510//3510 2528//2528 4066//4066
f 2174//2174 2173//2173 3528//3528
f 3645//3645 2981//2981 2982//2982
f 2812//2812 2811//2811 3621//3621
f 4200//4200 2824//2824 3787//3787
f 4201//4201 3615//3615 3285//3285
f 4202//4202 2388//2388 2368//2368
f 2163//2163 2150//2150 3730//3730
f 3916//3916 2140//2140 3545//3545
f 3008//3008 3706//3706 3648//3648
f 2389//2389 2411//2411 3458//3458
f 3822//3822 2411//2411 2389//2389
f 4204//4204 3943//3943 2680//2680
f 4205//4205 3602//3602 4013//4013
f 4206//4206 3324//3324 3302//3302
f 3334//3334 3941//3941 3312//3312
f 4208//4208 3230//3230 3208//3208
f 4208//4208 3897//3897 3207//3207
f 4209//4209 4178//4178 2511//2511
f 4209//4209 2550//2550 2551//2551
f 4210//4210 2931//2931 2954//2954
f 4210//4210 2930//2930 2952//2952
f 4105//4105 3911//3911 2848//2848
f 3863//3863 3481//3481 2371//2371
f 4211//4211 2149//2149 2159//2159
f 2972//2972 2949//2949 4137//4137
f 4213//4213 2360//2360 3470//3470
f 4213//4213 3684//3684 2358//2358
f 2853//2853 2870//2870 3922//3922
f 3850//3850 3538//3538 2275//2275
f 3325//3325 3371//3371 3349//3349
f 2836//2836 3621//3621 3499//3499
f 4214//4214 4080//4080 3829//3829
f 4214//4214 3537//3537 2133//2133
f 3679//3679 2483//2483 2502//2502
f 4215//4215 2690//2690 3487//3487
f 4215//4215 2671//2671 3596//3596
f 2328//2328 2344//2344 2305//2305
f 2285//2285 2266//2266 2284//2284
f 2635//2635 2657//2657 2636//2636
f 2358//2358 3565//3565 2381//2381
f 4003//4003 2788//2788 3667//3667
f 4217//4217 2654//2654 2677//2677
f 4217//4217 3497//3497 2655//2655
f 4218//4218 2323//2323 2324//2324
f 4218//4218 3896//3896 2301//2301
f 2666//2666 2667//2667 2644//2644
f 2687//2687 3666//3666 2666//2666
f 2276//2276 2254//2254 2253//2253
f 3889//3889 2277//2277 2276//2276
f 4219//4219 2877//2877 2876//2876
f 2215//2215 3983//3983 2214//2214
f 3952//3952 2729//2729 2728//2728
f 2145//2145 4228//4228 2116//2116
f 4220//4220 3643//3643 2283//2283
f 4220//4220 2325//2325 2326//2326
f 4221//4221 3487//3487 2690//2690
f 3241//3241 3242//3242 3240//3240
f 4002//4002 2446//2446 2425//2425
f 4222//4222 3706//3706 2988//2988
f 4222//4222 2965//2965 2964//2964
f 2550//2550 3691//3691 3688//3688
f 3419//3419 3449//3449 3450//3450
f 2739//2739 2692//2692 2738//2738
f 4223//4223 2354//2354 2334//2334
f 4223//4223 2377//2377 2396//2396
f 4224//4224 3317//3317 3318//3318
f 4224//4224 3319//3319 3294//3294
f 4225//4225 3172//3172 4010//4010
f 3838//3838 3790//3790 3127//3127
f 3211//3211 3232//3232 4123//4123
f 2953//2953 2997//2997 2976//2976
f 3397//3397 4216//4216 3420//3420
f 2155//2155 2145//2145 3539//3539
f 4226//4226 3231//3231 3254//3254
f 4226//4226 3232//3232 3210//3210
f 4227//4227 2917//2917 4028//4028
f 4227//4227 2894//2894 3462//3462
f 2163//2163 2185//2185 2186//2186
f 3160//3160 3862//3862 3185//3185
f 3396//3396 3419//3419 4216//4216
